auth-duplicate-login-gate / enforce-single-session	UNKNOWN STEP	﻿2026-08-14T17:23:47.4368866Z Current runner version: '2.336.0'
auth-duplicate-login-gate / enforce-single-session	UNKNOWN STEP	2026-08-14T17:23:47.4392576Z ##[group]Runner Image Provisioner
auth-duplicate-login-gate / enforce-single-session	UNKNOWN STEP	2026-08-14T17:23:47.4393478Z Hosted Compute Agent
auth-duplicate-login-gate / enforce-single-session	UNKNOWN STEP	2026-08-14T17:23:47.4394150Z Version: 20260729.566
auth-duplicate-login-gate / enforce-single-session	UNKNOWN STEP	2026-08-14T17:23:47.4394728Z Commit: cf7153fe6e25b664e8693c24944bf2b00355d109
auth-duplicate-login-gate / enforce-single-session	UNKNOWN STEP	2026-08-14T17:23:47.4395448Z Build Date: 2026-07-29T19:17:02Z
auth-duplicate-login-gate / enforce-single-session	UNKNOWN STEP	2026-08-14T17:23:47.4396089Z Worker ID: {bd90379a-e0ac-4189-aa1f-ef2e1f01604a}
auth-duplicate-login-gate / enforce-single-session	UNKNOWN STEP	2026-08-14T17:23:47.4396782Z Azure Region: westus3
auth-duplicate-login-gate / enforce-single-session	UNKNOWN STEP	2026-08-14T17:23:47.4397329Z ##[endgroup]
auth-duplicate-login-gate / enforce-single-session	UNKNOWN STEP	2026-08-14T17:23:47.4399015Z ##[group]Operating System
auth-duplicate-login-gate / enforce-single-session	UNKNOWN STEP	2026-08-14T17:23:47.4399668Z Ubuntu
auth-duplicate-login-gate / enforce-single-session	UNKNOWN STEP	2026-08-14T17:23:47.4400158Z 24.04.4
auth-duplicate-login-gate / enforce-single-session	UNKNOWN STEP	2026-08-14T17:23:47.4400675Z LTS
auth-duplicate-login-gate / enforce-single-session	UNKNOWN STEP	2026-08-14T17:23:47.4401166Z ##[endgroup]
auth-duplicate-login-gate / enforce-single-session	UNKNOWN STEP	2026-08-14T17:23:47.4401682Z ##[group]Runner Image
auth-duplicate-login-gate / enforce-single-session	UNKNOWN STEP	2026-08-14T17:23:47.4402309Z Image: ubuntu-24.04
auth-duplicate-login-gate / enforce-single-session	UNKNOWN STEP	2026-08-14T17:23:47.4402855Z Version: 20260810.271.1
auth-duplicate-login-gate / enforce-single-session	UNKNOWN STEP	2026-08-14T17:23:47.4404030Z Included Software: https://github.com/actions/runner-images/blob/ubuntu24/20260810.271/images/ubuntu/Ubuntu2404-Readme.md
auth-duplicate-login-gate / enforce-single-session	UNKNOWN STEP	2026-08-14T17:23:47.4405418Z Image Release: https://github.com/actions/runner-images/releases/tag/ubuntu24%2F20260810.271
auth-duplicate-login-gate / enforce-single-session	UNKNOWN STEP	2026-08-14T17:23:47.4406327Z ##[endgroup]
auth-duplicate-login-gate / enforce-single-session	UNKNOWN STEP	2026-08-14T17:23:47.4407442Z ##[group]GITHUB_TOKEN Permissions
auth-duplicate-login-gate / enforce-single-session	UNKNOWN STEP	2026-08-14T17:23:47.4409459Z Contents: read
auth-duplicate-login-gate / enforce-single-session	UNKNOWN STEP	2026-08-14T17:23:47.4410012Z Metadata: read
auth-duplicate-login-gate / enforce-single-session	UNKNOWN STEP	2026-08-14T17:23:47.4410577Z Packages: read
auth-duplicate-login-gate / enforce-single-session	UNKNOWN STEP	2026-08-14T17:23:47.4411156Z ##[endgroup]
auth-duplicate-login-gate / enforce-single-session	UNKNOWN STEP	2026-08-14T17:23:47.4413670Z Secret source: Actions
auth-duplicate-login-gate / enforce-single-session	UNKNOWN STEP	2026-08-14T17:23:47.4414715Z Prepare workflow directory
auth-duplicate-login-gate / enforce-single-session	UNKNOWN STEP	2026-08-14T17:23:47.4949689Z Prepare all required actions
auth-duplicate-login-gate / enforce-single-session	UNKNOWN STEP	2026-08-14T17:23:47.4998729Z Getting action download info
auth-duplicate-login-gate / enforce-single-session	UNKNOWN STEP	2026-08-14T17:23:47.7967486Z Download action repository 'actions/checkout@v4' (SHA:11d5960a326750d5838078e36cf38b85af677262)
auth-duplicate-login-gate / enforce-single-session	UNKNOWN STEP	2026-08-14T17:23:47.9384627Z Download action repository 'actions/setup-python@v5' (SHA:a26af69be951a213d495a4c3e4e4022e16d87065)
auth-duplicate-login-gate / enforce-single-session	UNKNOWN STEP	2026-08-14T17:23:48.0813688Z Complete job name: auth-duplicate-login-gate / enforce-single-session
auth-duplicate-login-gate / enforce-single-session	UNKNOWN STEP	2026-08-14T17:23:48.1567848Z Node 20 is being deprecated. This workflow is running with Node 24 by default. If you need to temporarily use Node 20, you can set the ACTIONS_ALLOW_USE_UNSECURE_NODE_VERSION=true environment variable. For more information see: https://github.blog/changelog/2025-09-19-deprecation-of-node-20-on-github-actions-runners/
auth-duplicate-login-gate / enforce-single-session	UNKNOWN STEP	2026-08-14T17:23:48.1576536Z ##[group]Run actions/checkout@v4
auth-duplicate-login-gate / enforce-single-session	UNKNOWN STEP	2026-08-14T17:23:48.1577209Z with:
auth-duplicate-login-gate / enforce-single-session	UNKNOWN STEP	2026-08-14T17:23:48.1577803Z   repository: parkcheolhong/Sorisae-AI
auth-duplicate-login-gate / enforce-single-session	UNKNOWN STEP	2026-08-14T17:23:48.1581386Z   token: ***
auth-duplicate-login-gate / enforce-single-session	UNKNOWN STEP	2026-08-14T17:23:48.1581790Z   ssh-strict: true
auth-duplicate-login-gate / enforce-single-session	UNKNOWN STEP	2026-08-14T17:23:48.1582202Z   ssh-user: git
auth-duplicate-login-gate / enforce-single-session	UNKNOWN STEP	2026-08-14T17:23:48.1582626Z   persist-credentials: true
auth-duplicate-login-gate / enforce-single-session	UNKNOWN STEP	2026-08-14T17:23:48.1583084Z   clean: true
auth-duplicate-login-gate / enforce-single-session	UNKNOWN STEP	2026-08-14T17:23:48.1583499Z   sparse-checkout-cone-mode: true
auth-duplicate-login-gate / enforce-single-session	UNKNOWN STEP	2026-08-14T17:23:48.1583981Z   fetch-depth: 1
auth-duplicate-login-gate / enforce-single-session	UNKNOWN STEP	2026-08-14T17:23:48.1584393Z   fetch-tags: false
auth-duplicate-login-gate / enforce-single-session	UNKNOWN STEP	2026-08-14T17:23:48.1584808Z   show-progress: true
auth-duplicate-login-gate / enforce-single-session	UNKNOWN STEP	2026-08-14T17:23:48.1585218Z   lfs: false
auth-duplicate-login-gate / enforce-single-session	UNKNOWN STEP	2026-08-14T17:23:48.1585653Z   submodules: false
auth-duplicate-login-gate / enforce-single-session	UNKNOWN STEP	2026-08-14T17:23:48.1586071Z   set-safe-directory: true
auth-duplicate-login-gate / enforce-single-session	UNKNOWN STEP	2026-08-14T17:23:48.1586557Z   allow-unsafe-pr-checkout: false
auth-duplicate-login-gate / enforce-single-session	UNKNOWN STEP	2026-08-14T17:23:48.1587261Z env:
auth-duplicate-login-gate / enforce-single-session	UNKNOWN STEP	2026-08-14T17:23:48.1587826Z   AUTH_E2E_EMAIL: ***
auth-duplicate-login-gate / enforce-single-session	UNKNOWN STEP	2026-08-14T17:23:48.1588434Z   AUTH_E2E_PASSWORD: ***
auth-duplicate-login-gate / enforce-single-session	UNKNOWN STEP	2026-08-14T17:23:48.1588932Z   E2E_BASE_URL: http://127.0.0.1:8000
auth-duplicate-login-gate / enforce-single-session	UNKNOWN STEP	2026-08-14T17:23:48.1589412Z ##[endgroup]
auth-duplicate-login-gate / enforce-single-session	UNKNOWN STEP	2026-08-14T17:23:48.2579393Z Syncing repository: parkcheolhong/Sorisae-AI
auth-duplicate-login-gate / enforce-single-session	UNKNOWN STEP	2026-08-14T17:23:48.2582452Z ##[group]Getting Git version info
auth-duplicate-login-gate / enforce-single-session	UNKNOWN STEP	2026-08-14T17:23:48.2583698Z Working directory is '/home/runner/work/Sorisae-AI/Sorisae-AI'
auth-duplicate-login-gate / enforce-single-session	UNKNOWN STEP	2026-08-14T17:23:48.2585632Z [command]/usr/bin/git version
auth-duplicate-login-gate / enforce-single-session	UNKNOWN STEP	2026-08-14T17:23:48.2617323Z git version 2.54.0
auth-duplicate-login-gate / enforce-single-session	UNKNOWN STEP	2026-08-14T17:23:48.2638398Z ##[endgroup]
auth-duplicate-login-gate / enforce-single-session	UNKNOWN STEP	2026-08-14T17:23:48.2653741Z Temporarily overriding HOME='/home/runner/work/_temp/45877542-e716-47e9-84fb-7ca1acaf9c9f' before making global git config changes
auth-duplicate-login-gate / enforce-single-session	UNKNOWN STEP	2026-08-14T17:23:48.2656016Z Adding repository directory to the temporary git global config as a safe directory
auth-duplicate-login-gate / enforce-single-session	UNKNOWN STEP	2026-08-14T17:23:48.2660536Z [command]/usr/bin/git config --global --add safe.directory /home/runner/work/Sorisae-AI/Sorisae-AI
auth-duplicate-login-gate / enforce-single-session	UNKNOWN STEP	2026-08-14T17:23:48.2720601Z Deleting the contents of '/home/runner/work/Sorisae-AI/Sorisae-AI'
auth-duplicate-login-gate / enforce-single-session	UNKNOWN STEP	2026-08-14T17:23:48.2726162Z ##[group]Initializing the repository
auth-duplicate-login-gate / enforce-single-session	UNKNOWN STEP	2026-08-14T17:23:48.2736622Z [command]/usr/bin/git init /home/runner/work/Sorisae-AI/Sorisae-AI
auth-duplicate-login-gate / enforce-single-session	UNKNOWN STEP	2026-08-14T17:23:48.2831673Z hint: Using 'master' as the name for the initial branch. This default branch name
auth-duplicate-login-gate / enforce-single-session	UNKNOWN STEP	2026-08-14T17:23:48.2833272Z hint: will change to "main" in Git 3.0. To configure the initial branch name
auth-duplicate-login-gate / enforce-single-session	UNKNOWN STEP	2026-08-14T17:23:48.2834598Z hint: to use in all of your new repositories, which will suppress this warning,
auth-duplicate-login-gate / enforce-single-session	UNKNOWN STEP	2026-08-14T17:23:48.2835477Z hint: call:
auth-duplicate-login-gate / enforce-single-session	UNKNOWN STEP	2026-08-14T17:23:48.2836110Z hint:
auth-duplicate-login-gate / enforce-single-session	UNKNOWN STEP	2026-08-14T17:23:48.2836625Z hint: 	git config --global init.defaultBranch <name>
auth-duplicate-login-gate / enforce-single-session	UNKNOWN STEP	2026-08-14T17:23:48.2837655Z hint:
auth-duplicate-login-gate / enforce-single-session	UNKNOWN STEP	2026-08-14T17:23:48.2838459Z hint: Names commonly chosen instead of 'master' are 'main', 'trunk' and
auth-duplicate-login-gate / enforce-single-session	UNKNOWN STEP	2026-08-14T17:23:48.2839378Z hint: 'development'. The just-created branch can be renamed via this command:
auth-duplicate-login-gate / enforce-single-session	UNKNOWN STEP	2026-08-14T17:23:48.2840056Z hint:
auth-duplicate-login-gate / enforce-single-session	UNKNOWN STEP	2026-08-14T17:23:48.2840438Z hint: 	git branch -m <name>
auth-duplicate-login-gate / enforce-single-session	UNKNOWN STEP	2026-08-14T17:23:48.2840883Z hint:
auth-duplicate-login-gate / enforce-single-session	UNKNOWN STEP	2026-08-14T17:23:48.2841460Z hint: Disable this message with "git config set advice.defaultBranchName false"
auth-duplicate-login-gate / enforce-single-session	UNKNOWN STEP	2026-08-14T17:23:48.2842973Z Initialized empty Git repository in /home/runner/work/Sorisae-AI/Sorisae-AI/.git/
auth-duplicate-login-gate / enforce-single-session	UNKNOWN STEP	2026-08-14T17:23:48.2846557Z [command]/usr/bin/git remote add origin https://github.com/parkcheolhong/Sorisae-AI
auth-duplicate-login-gate / enforce-single-session	UNKNOWN STEP	2026-08-14T17:23:48.2889255Z ##[endgroup]
auth-duplicate-login-gate / enforce-single-session	UNKNOWN STEP	2026-08-14T17:23:48.2890445Z ##[group]Disabling automatic garbage collection
auth-duplicate-login-gate / enforce-single-session	UNKNOWN STEP	2026-08-14T17:23:48.2894733Z [command]/usr/bin/git config --local gc.auto 0
auth-duplicate-login-gate / enforce-single-session	UNKNOWN STEP	2026-08-14T17:23:48.2925630Z ##[endgroup]
auth-duplicate-login-gate / enforce-single-session	UNKNOWN STEP	2026-08-14T17:23:48.2926773Z ##[group]Setting up auth
auth-duplicate-login-gate / enforce-single-session	UNKNOWN STEP	2026-08-14T17:23:48.2935870Z [command]/usr/bin/git config --local --name-only --get-regexp core\.sshCommand
auth-duplicate-login-gate / enforce-single-session	UNKNOWN STEP	2026-08-14T17:23:48.2973433Z [command]/usr/bin/git submodule foreach --recursive sh -c "git config --local --name-only --get-regexp 'core\.sshCommand' && git config --local --unset-all 'core.sshCommand' || :"
auth-duplicate-login-gate / enforce-single-session	UNKNOWN STEP	2026-08-14T17:23:48.3306002Z [command]/usr/bin/git config --local --name-only --get-regexp http\.https\:\/\/github\.com\/\.extraheader
auth-duplicate-login-gate / enforce-single-session	UNKNOWN STEP	2026-08-14T17:23:48.3341572Z [command]/usr/bin/git submodule foreach --recursive sh -c "git config --local --name-only --get-regexp 'http\.https\:\/\/github\.com\/\.extraheader' && git config --local --unset-all 'http.https://github.com/.extraheader' || :"
auth-duplicate-login-gate / enforce-single-session	UNKNOWN STEP	2026-08-14T17:23:48.3552819Z [command]/usr/bin/git config --local --name-only --get-regexp ^includeIf\.gitdir:
auth-duplicate-login-gate / enforce-single-session	UNKNOWN STEP	2026-08-14T17:23:48.3582665Z [command]/usr/bin/git submodule foreach --recursive git config --local --show-origin --name-only --get-regexp remote.origin.url
auth-duplicate-login-gate / enforce-single-session	UNKNOWN STEP	2026-08-14T17:23:48.3759935Z [command]/usr/bin/git config --local http.https://github.com/.extraheader AUTHORIZATION: basic ***
auth-duplicate-login-gate / enforce-single-session	UNKNOWN STEP	2026-08-14T17:23:48.3791460Z ##[endgroup]
auth-duplicate-login-gate / enforce-single-session	UNKNOWN STEP	2026-08-14T17:23:48.3792314Z ##[group]Fetching the repository
auth-duplicate-login-gate / enforce-single-session	UNKNOWN STEP	2026-08-14T17:23:48.3801198Z [command]/usr/bin/git -c protocol.version=2 fetch --no-tags --prune --no-recurse-submodules --depth=1 origin +9e6e45c0ef68a3c08afcf2cab6d0a4da6ca4bc49:refs/remotes/pull/111/merge
auth-duplicate-login-gate / enforce-single-session	UNKNOWN STEP	2026-08-14T17:26:01.0130937Z From https://github.com/parkcheolhong/Sorisae-AI
auth-duplicate-login-gate / enforce-single-session	UNKNOWN STEP	2026-08-14T17:26:01.0132504Z  * [new ref]         9e6e45c0ef68a3c08afcf2cab6d0a4da6ca4bc49 -> pull/111/merge
auth-duplicate-login-gate / enforce-single-session	UNKNOWN STEP	2026-08-14T17:26:01.0156694Z ##[endgroup]
auth-duplicate-login-gate / enforce-single-session	UNKNOWN STEP	2026-08-14T17:26:01.0158197Z ##[group]Determining the checkout info
auth-duplicate-login-gate / enforce-single-session	UNKNOWN STEP	2026-08-14T17:26:01.0159365Z ##[endgroup]
auth-duplicate-login-gate / enforce-single-session	UNKNOWN STEP	2026-08-14T17:26:01.0164185Z [command]/usr/bin/git sparse-checkout disable
auth-duplicate-login-gate / enforce-single-session	UNKNOWN STEP	2026-08-14T17:26:01.0211451Z [command]/usr/bin/git config --local --unset-all extensions.worktreeConfig
auth-duplicate-login-gate / enforce-single-session	UNKNOWN STEP	2026-08-14T17:26:01.0235057Z ##[group]Checking out the ref
auth-duplicate-login-gate / enforce-single-session	UNKNOWN STEP	2026-08-14T17:26:01.0238179Z [command]/usr/bin/git checkout --progress --force refs/remotes/pull/111/merge
auth-duplicate-login-gate / enforce-single-session	UNKNOWN STEP	2026-08-14T17:26:02.0486952Z Updating files:  91% (4568/4982)
auth-duplicate-login-gate / enforce-single-session	UNKNOWN STEP	2026-08-14T17:26:02.0587480Z Updating files:  92% (4584/4982)
auth-duplicate-login-gate / enforce-single-session	UNKNOWN STEP	2026-08-14T17:26:02.0609740Z Updating files:  93% (4634/4982)
auth-duplicate-login-gate / enforce-single-session	UNKNOWN STEP	2026-08-14T17:26:02.0636347Z Updating files:  94% (4684/4982)
auth-duplicate-login-gate / enforce-single-session	UNKNOWN STEP	2026-08-14T17:26:03.3596241Z Updating files:  95% (4733/4982)
auth-duplicate-login-gate / enforce-single-session	UNKNOWN STEP	2026-08-14T17:26:04.0558163Z Updating files:  95% (4774/4982)
auth-duplicate-login-gate / enforce-single-session	UNKNOWN STEP	2026-08-14T17:26:05.2943585Z Updating files:  95% (4775/4982)
auth-duplicate-login-gate / enforce-single-session	UNKNOWN STEP	2026-08-14T17:26:06.5659147Z Updating files:  95% (4777/4982)
auth-duplicate-login-gate / enforce-single-session	UNKNOWN STEP	2026-08-14T17:26:07.1116481Z Updating files:  95% (4779/4982)
auth-duplicate-login-gate / enforce-single-session	UNKNOWN STEP	2026-08-14T17:26:08.5698200Z Updating files:  95% (4780/4982)
auth-duplicate-login-gate / enforce-single-session	UNKNOWN STEP	2026-08-14T17:26:09.1842248Z Updating files:  95% (4782/4982)
auth-duplicate-login-gate / enforce-single-session	UNKNOWN STEP	2026-08-14T17:26:10.4428865Z Updating files:  96% (4783/4982)
auth-duplicate-login-gate / enforce-single-session	UNKNOWN STEP	2026-08-14T17:26:11.6155310Z Updating files:  96% (4785/4982)
auth-duplicate-login-gate / enforce-single-session	UNKNOWN STEP	2026-08-14T17:26:12.2047134Z Updating files:  96% (4787/4982)
auth-duplicate-login-gate / enforce-single-session	UNKNOWN STEP	2026-08-14T17:26:13.3470006Z Updating files:  96% (4788/4982)
auth-duplicate-login-gate / enforce-single-session	UNKNOWN STEP	2026-08-14T17:26:14.0580268Z Updating files:  96% (4790/4982)
auth-duplicate-login-gate / enforce-single-session	UNKNOWN STEP	2026-08-14T17:26:15.3299544Z Updating files:  96% (4791/4982)
auth-duplicate-login-gate / enforce-single-session	UNKNOWN STEP	2026-08-14T17:26:16.5328907Z Updating files:  96% (4793/4982)
auth-duplicate-login-gate / enforce-single-session	UNKNOWN STEP	2026-08-14T17:26:17.1537962Z Updating files:  96% (4795/4982)
auth-duplicate-login-gate / enforce-single-session	UNKNOWN STEP	2026-08-14T17:26:18.3860031Z Updating files:  96% (4796/4982)
auth-duplicate-login-gate / enforce-single-session	UNKNOWN STEP	2026-08-14T17:26:19.5423323Z Updating files:  96% (4798/4982)
auth-duplicate-login-gate / enforce-single-session	UNKNOWN STEP	2026-08-14T17:26:20.2030893Z Updating files:  96% (4800/4982)
auth-duplicate-login-gate / enforce-single-session	UNKNOWN STEP	2026-08-14T17:26:21.3622122Z Updating files:  96% (4801/4982)
auth-duplicate-login-gate / enforce-single-session	UNKNOWN STEP	2026-08-14T17:26:22.5722040Z Updating files:  96% (4803/4982)
auth-duplicate-login-gate / enforce-single-session	UNKNOWN STEP	2026-08-14T17:26:23.1556246Z Updating files:  96% (4805/4982)
auth-duplicate-login-gate / enforce-single-session	UNKNOWN STEP	2026-08-14T17:26:24.3544255Z Updating files:  96% (4806/4982)
auth-duplicate-login-gate / enforce-single-session	UNKNOWN STEP	2026-08-14T17:26:25.5248642Z Updating files:  96% (4808/4982)
auth-duplicate-login-gate / enforce-single-session	UNKNOWN STEP	2026-08-14T17:26:26.0790614Z Updating files:  96% (4811/4982)
auth-duplicate-login-gate / enforce-single-session	UNKNOWN STEP	2026-08-14T17:26:27.2134825Z Updating files:  96% (4812/4982)
auth-duplicate-login-gate / enforce-single-session	UNKNOWN STEP	2026-08-14T17:26:28.3188519Z Updating files:  96% (4814/4982)
auth-duplicate-login-gate / enforce-single-session	UNKNOWN STEP	2026-08-14T17:26:29.4545562Z Updating files:  96% (4816/4982)
auth-duplicate-login-gate / enforce-single-session	UNKNOWN STEP	2026-08-14T17:26:30.5841366Z Updating files:  96% (4818/4982)
auth-duplicate-login-gate / enforce-single-session	UNKNOWN STEP	2026-08-14T17:26:31.2573934Z Updating files:  96% (4821/4982)
auth-duplicate-login-gate / enforce-single-session	UNKNOWN STEP	2026-08-14T17:26:32.5715114Z Updating files:  96% (4822/4982)
auth-duplicate-login-gate / enforce-single-session	UNKNOWN STEP	2026-08-14T17:26:33.1383080Z Updating files:  96% (4824/4982)
auth-duplicate-login-gate / enforce-single-session	UNKNOWN STEP	2026-08-14T17:26:34.3674755Z Updating files:  96% (4825/4982)
auth-duplicate-login-gate / enforce-single-session	UNKNOWN STEP	2026-08-14T17:26:35.5699046Z Updating files:  96% (4827/4982)
auth-duplicate-login-gate / enforce-single-session	UNKNOWN STEP	2026-08-14T17:26:36.1865567Z Updating files:  96% (4829/4982)
auth-duplicate-login-gate / enforce-single-session	UNKNOWN STEP	2026-08-14T17:26:37.4434096Z Updating files:  96% (4830/4982)
auth-duplicate-login-gate / enforce-single-session	UNKNOWN STEP	2026-08-14T17:26:38.0974117Z Updating files:  96% (4832/4982)
auth-duplicate-login-gate / enforce-single-session	UNKNOWN STEP	2026-08-14T17:26:39.2080747Z Updating files:  97% (4833/4982)
auth-duplicate-login-gate / enforce-single-session	UNKNOWN STEP	2026-08-14T17:26:40.3687311Z Updating files:  97% (4835/4982)
auth-duplicate-login-gate / enforce-single-session	UNKNOWN STEP	2026-08-14T17:26:41.5202440Z Updating files:  97% (4837/4982)
auth-duplicate-login-gate / enforce-single-session	UNKNOWN STEP	2026-08-14T17:26:42.1255006Z Updating files:  97% (4839/4982)
auth-duplicate-login-gate / enforce-single-session	UNKNOWN STEP	2026-08-14T17:26:43.3664951Z Updating files:  97% (4840/4982)
auth-duplicate-login-gate / enforce-single-session	UNKNOWN STEP	2026-08-14T17:26:44.5965501Z Updating files:  97% (4842/4982)
auth-duplicate-login-gate / enforce-single-session	UNKNOWN STEP	2026-08-14T17:26:45.1263487Z Updating files:  97% (4844/4982)
auth-duplicate-login-gate / enforce-single-session	UNKNOWN STEP	2026-08-14T17:26:46.2229610Z Updating files:  97% (4845/4982)
auth-duplicate-login-gate / enforce-single-session	UNKNOWN STEP	2026-08-14T17:26:47.3245464Z Updating files:  97% (4847/4982)
auth-duplicate-login-gate / enforce-single-session	UNKNOWN STEP	2026-08-14T17:26:48.4188757Z Updating files:  97% (4849/4982)
auth-duplicate-login-gate / enforce-single-session	UNKNOWN STEP	2026-08-14T17:26:49.0841789Z Updating files:  97% (4851/4982)
auth-duplicate-login-gate / enforce-single-session	UNKNOWN STEP	2026-08-14T17:26:50.2442084Z Updating files:  97% (4852/4982)
auth-duplicate-login-gate / enforce-single-session	UNKNOWN STEP	2026-08-14T17:26:51.2386718Z Updating files:  97% (4854/4982)
auth-duplicate-login-gate / enforce-single-session	UNKNOWN STEP	2026-08-14T17:26:52.2489413Z Updating files:  97% (4856/4982)
auth-duplicate-login-gate / enforce-single-session	UNKNOWN STEP	2026-08-14T17:26:53.4134112Z Updating files:  97% (4858/4982)
auth-duplicate-login-gate / enforce-single-session	UNKNOWN STEP	2026-08-14T17:26:54.4938637Z Updating files:  97% (4860/4982)
auth-duplicate-login-gate / enforce-single-session	UNKNOWN STEP	2026-08-14T17:26:55.4296258Z Updating files:  97% (4862/4982)
auth-duplicate-login-gate / enforce-single-session	UNKNOWN STEP	2026-08-14T17:26:56.5157353Z Updating files:  97% (4864/4982)
auth-duplicate-login-gate / enforce-single-session	UNKNOWN STEP	2026-08-14T17:26:57.0600736Z Updating files:  97% (4866/4982)
auth-duplicate-login-gate / enforce-single-session	UNKNOWN STEP	2026-08-14T17:26:58.0856635Z Updating files:  97% (4867/4982)
auth-duplicate-login-gate / enforce-single-session	UNKNOWN STEP	2026-08-14T17:26:59.1157310Z Updating files:  97% (4869/4982)
auth-duplicate-login-gate / enforce-single-session	UNKNOWN STEP	2026-08-14T17:27:00.4571634Z Updating files:  97% (4871/4982)
auth-duplicate-login-gate / enforce-single-session	UNKNOWN STEP	2026-08-14T17:27:01.3521188Z Updating files:  97% (4874/4982)
auth-duplicate-login-gate / enforce-single-session	UNKNOWN STEP	2026-08-14T17:27:02.3724735Z Updating files:  97% (4876/4982)
auth-duplicate-login-gate / enforce-single-session	UNKNOWN STEP	2026-08-14T17:27:03.3366579Z Updating files:  97% (4878/4982)
auth-duplicate-login-gate / enforce-single-session	UNKNOWN STEP	2026-08-14T17:27:04.2338934Z Updating files:  97% (4880/4982)
auth-duplicate-login-gate / enforce-single-session	UNKNOWN STEP	2026-08-14T17:27:04.6820121Z Updating files:  97% (4882/4982)
auth-duplicate-login-gate / enforce-single-session	UNKNOWN STEP	2026-08-14T17:27:05.1296068Z Updating files:  98% (4883/4982)
auth-duplicate-login-gate / enforce-single-session	UNKNOWN STEP	2026-08-14T17:27:06.0354949Z Updating files:  98% (4884/4982)
auth-duplicate-login-gate / enforce-single-session	UNKNOWN STEP	2026-08-14T17:27:07.5572120Z Updating files:  98% (4886/4982)
auth-duplicate-login-gate / enforce-single-session	UNKNOWN STEP	2026-08-14T17:27:08.4668979Z Updating files:  98% (4889/4982)
auth-duplicate-login-gate / enforce-single-session	UNKNOWN STEP	2026-08-14T17:27:09.3688570Z Updating files:  98% (4891/4982)
auth-duplicate-login-gate / enforce-single-session	UNKNOWN STEP	2026-08-14T17:27:10.3018693Z Updating files:  98% (4893/4982)
auth-duplicate-login-gate / enforce-single-session	UNKNOWN STEP	2026-08-14T17:27:11.3154445Z Updating files:  98% (4895/4982)
auth-duplicate-login-gate / enforce-single-session	UNKNOWN STEP	2026-08-14T17:27:12.3949599Z Updating files:  98% (4897/4982)
auth-duplicate-login-gate / enforce-single-session	UNKNOWN STEP	2026-08-14T17:27:13.3049334Z Updating files:  98% (4900/4982)
auth-duplicate-login-gate / enforce-single-session	UNKNOWN STEP	2026-08-14T17:27:14.2073888Z Updating files:  98% (4902/4982)
auth-duplicate-login-gate / enforce-single-session	UNKNOWN STEP	2026-08-14T17:27:15.3607326Z Updating files:  98% (4904/4982)
auth-duplicate-login-gate / enforce-single-session	UNKNOWN STEP	2026-08-14T17:27:16.1941387Z Updating files:  98% (4906/4982)
auth-duplicate-login-gate / enforce-single-session	UNKNOWN STEP	2026-08-14T17:27:17.4884294Z Updating files:  98% (4908/4982)
auth-duplicate-login-gate / enforce-single-session	UNKNOWN STEP	2026-08-14T17:27:18.1961514Z Updating files:  98% (4912/4982)
auth-duplicate-login-gate / enforce-single-session	UNKNOWN STEP	2026-08-14T17:27:19.4090454Z Updating files:  98% (4915/4982)
auth-duplicate-login-gate / enforce-single-session	UNKNOWN STEP	2026-08-14T17:27:20.2956198Z Updating files:  98% (4918/4982)
auth-duplicate-login-gate / enforce-single-session	UNKNOWN STEP	2026-08-14T17:27:21.1981725Z Updating files:  98% (4920/4982)
auth-duplicate-login-gate / enforce-single-session	UNKNOWN STEP	2026-08-14T17:27:22.4607281Z Updating files:  98% (4922/4982)
auth-duplicate-login-gate / enforce-single-session	UNKNOWN STEP	2026-08-14T17:27:23.0658252Z Updating files:  98% (4925/4982)
auth-duplicate-login-gate / enforce-single-session	UNKNOWN STEP	2026-08-14T17:27:24.4351888Z Updating files:  98% (4926/4982)
auth-duplicate-login-gate / enforce-single-session	UNKNOWN STEP	2026-08-14T17:27:25.3660395Z Updating files:  98% (4929/4982)
auth-duplicate-login-gate / enforce-single-session	UNKNOWN STEP	2026-08-14T17:27:26.3075162Z Updating files:  98% (4931/4982)
auth-duplicate-login-gate / enforce-single-session	UNKNOWN STEP	2026-08-14T17:27:27.4517384Z Updating files:  99% (4933/4982)
auth-duplicate-login-gate / enforce-single-session	UNKNOWN STEP	2026-08-14T17:27:28.6517361Z Updating files:  99% (4937/4982)
auth-duplicate-login-gate / enforce-single-session	UNKNOWN STEP	2026-08-14T17:27:29.5476874Z Updating files:  99% (4938/4982)
auth-duplicate-login-gate / enforce-single-session	UNKNOWN STEP	2026-08-14T17:27:30.4248544Z Updating files:  99% (4939/4982)
auth-duplicate-login-gate / enforce-single-session	UNKNOWN STEP	2026-08-14T17:27:31.1223603Z Updating files:  99% (4940/4982)
auth-duplicate-login-gate / enforce-single-session	UNKNOWN STEP	2026-08-14T17:27:32.4357282Z Updating files:  99% (4941/4982)
auth-duplicate-login-gate / enforce-single-session	UNKNOWN STEP	2026-08-14T17:27:33.2563697Z Updating files:  99% (4943/4982)
auth-duplicate-login-gate / enforce-single-session	UNKNOWN STEP	2026-08-14T17:27:34.4364011Z Updating files:  99% (4944/4982)
auth-duplicate-login-gate / enforce-single-session	UNKNOWN STEP	2026-08-14T17:27:34.6583348Z Updating files:  99% (4946/4982)
auth-duplicate-login-gate / enforce-single-session	UNKNOWN STEP	2026-08-14T17:27:34.6584260Z Updating files: 100% (4982/4982)
auth-duplicate-login-gate / enforce-single-session	UNKNOWN STEP	2026-08-14T17:27:34.6584682Z Updating files: 100% (4982/4982), done.
auth-duplicate-login-gate / enforce-single-session	UNKNOWN STEP	2026-08-14T17:27:34.6642458Z Note: switching to 'refs/remotes/pull/111/merge'.
auth-duplicate-login-gate / enforce-single-session	UNKNOWN STEP	2026-08-14T17:27:34.6643130Z 
auth-duplicate-login-gate / enforce-single-session	UNKNOWN STEP	2026-08-14T17:27:34.6643584Z You are in 'detached HEAD' state. You can look around, make experimental
auth-duplicate-login-gate / enforce-single-session	UNKNOWN STEP	2026-08-14T17:27:34.6644580Z changes and commit them, and you can discard any commits you make in this
auth-duplicate-login-gate / enforce-single-session	UNKNOWN STEP	2026-08-14T17:27:34.6645554Z state without impacting any branches by switching back to a branch.
auth-duplicate-login-gate / enforce-single-session	UNKNOWN STEP	2026-08-14T17:27:34.6646202Z 
auth-duplicate-login-gate / enforce-single-session	UNKNOWN STEP	2026-08-14T17:27:34.6646646Z If you want to create a new branch to retain commits you create, you may
auth-duplicate-login-gate / enforce-single-session	UNKNOWN STEP	2026-08-14T17:27:34.6647753Z do so (now or later) by using -c with the switch command. Example:
auth-duplicate-login-gate / enforce-single-session	UNKNOWN STEP	2026-08-14T17:27:34.6648336Z 
auth-duplicate-login-gate / enforce-single-session	UNKNOWN STEP	2026-08-14T17:27:34.6648656Z   git switch -c <new-branch-name>
auth-duplicate-login-gate / enforce-single-session	UNKNOWN STEP	2026-08-14T17:27:34.6649178Z 
auth-duplicate-login-gate / enforce-single-session	UNKNOWN STEP	2026-08-14T17:27:34.6649556Z Or undo this operation with:
auth-duplicate-login-gate / enforce-single-session	UNKNOWN STEP	2026-08-14T17:27:34.6649950Z 
auth-duplicate-login-gate / enforce-single-session	UNKNOWN STEP	2026-08-14T17:27:34.6650139Z   git switch -
auth-duplicate-login-gate / enforce-single-session	UNKNOWN STEP	2026-08-14T17:27:34.6650434Z 
auth-duplicate-login-gate / enforce-single-session	UNKNOWN STEP	2026-08-14T17:27:34.6650872Z Turn off this advice by setting config variable advice.detachedHead to false
auth-duplicate-login-gate / enforce-single-session	UNKNOWN STEP	2026-08-14T17:27:34.6651491Z 
auth-duplicate-login-gate / enforce-single-session	UNKNOWN STEP	2026-08-14T17:27:34.6652232Z HEAD is now at 9e6e45c Merge ffaca45e202db5dc3e681ed44f812d1144c8e52a into 4f056561fe93931eab416daaa2fb8d17c873abed
auth-duplicate-login-gate / enforce-single-session	UNKNOWN STEP	2026-08-14T17:27:34.6869464Z ##[endgroup]
auth-duplicate-login-gate / enforce-single-session	UNKNOWN STEP	2026-08-14T17:27:34.6953783Z [command]/usr/bin/git log -1 --format=%H
auth-duplicate-login-gate / enforce-single-session	UNKNOWN STEP	2026-08-14T17:27:34.6973344Z 9e6e45c0ef68a3c08afcf2cab6d0a4da6ca4bc49
auth-duplicate-login-gate / enforce-single-session	UNKNOWN STEP	2026-08-14T17:27:34.7242602Z ##[group]Run set -euo pipefail
auth-duplicate-login-gate / enforce-single-session	UNKNOWN STEP	2026-08-14T17:27:34.7243028Z [36;1mset -euo pipefail[0m
auth-duplicate-login-gate / enforce-single-session	UNKNOWN STEP	2026-08-14T17:27:34.7243447Z [36;1mif [ -z "${AUTH_E2E_EMAIL:-}" ] || [ -z "${AUTH_E2E_PASSWORD:-}" ]; then[0m
auth-duplicate-login-gate / enforce-single-session	UNKNOWN STEP	2026-08-14T17:27:34.7244035Z [36;1m  echo "AUTH_E2E_EMAIL / AUTH_E2E_PASSWORD GitHub secrets are required." >&2[0m
auth-duplicate-login-gate / enforce-single-session	UNKNOWN STEP	2026-08-14T17:27:34.7244519Z [36;1m  exit 1[0m
auth-duplicate-login-gate / enforce-single-session	UNKNOWN STEP	2026-08-14T17:27:34.7244751Z [36;1mfi[0m
auth-duplicate-login-gate / enforce-single-session	UNKNOWN STEP	2026-08-14T17:27:34.7293507Z shell: /usr/bin/bash --noprofile --norc -e -o pipefail {0}
auth-duplicate-login-gate / enforce-single-session	UNKNOWN STEP	2026-08-14T17:27:34.7293854Z env:
auth-duplicate-login-gate / enforce-single-session	UNKNOWN STEP	2026-08-14T17:27:34.7294618Z   AUTH_E2E_EMAIL: ***
auth-duplicate-login-gate / enforce-single-session	UNKNOWN STEP	2026-08-14T17:27:34.7294942Z   AUTH_E2E_PASSWORD: ***
auth-duplicate-login-gate / enforce-single-session	UNKNOWN STEP	2026-08-14T17:27:34.7295228Z   E2E_BASE_URL: http://127.0.0.1:8000
auth-duplicate-login-gate / enforce-single-session	UNKNOWN STEP	2026-08-14T17:27:34.7295494Z ##[endgroup]
auth-duplicate-login-gate / enforce-single-session	UNKNOWN STEP	2026-08-14T17:27:34.7458237Z Node 20 is being deprecated. This workflow is running with Node 24 by default. If you need to temporarily use Node 20, you can set the ACTIONS_ALLOW_USE_UNSECURE_NODE_VERSION=true environment variable. For more information see: https://github.blog/changelog/2025-09-19-deprecation-of-node-20-on-github-actions-runners/
auth-duplicate-login-gate / enforce-single-session	UNKNOWN STEP	2026-08-14T17:27:34.7459940Z ##[group]Run actions/setup-python@v5
auth-duplicate-login-gate / enforce-single-session	UNKNOWN STEP	2026-08-14T17:27:34.7460209Z with:
auth-duplicate-login-gate / enforce-single-session	UNKNOWN STEP	2026-08-14T17:27:34.7460420Z   python-version: 3.13
auth-duplicate-login-gate / enforce-single-session	UNKNOWN STEP	2026-08-14T17:27:34.7460662Z   check-latest: false
auth-duplicate-login-gate / enforce-single-session	UNKNOWN STEP	2026-08-14T17:27:34.7463166Z   token: ***
auth-duplicate-login-gate / enforce-single-session	UNKNOWN STEP	2026-08-14T17:27:34.7463384Z   update-environment: true
auth-duplicate-login-gate / enforce-single-session	UNKNOWN STEP	2026-08-14T17:27:34.7463630Z   allow-prereleases: false
auth-duplicate-login-gate / enforce-single-session	UNKNOWN STEP	2026-08-14T17:27:34.7463871Z   freethreaded: false
auth-duplicate-login-gate / enforce-single-session	UNKNOWN STEP	2026-08-14T17:27:34.7464077Z env:
auth-duplicate-login-gate / enforce-single-session	UNKNOWN STEP	2026-08-14T17:27:34.7464307Z   AUTH_E2E_EMAIL: ***
auth-duplicate-login-gate / enforce-single-session	UNKNOWN STEP	2026-08-14T17:27:34.7464593Z   AUTH_E2E_PASSWORD: ***
auth-duplicate-login-gate / enforce-single-session	UNKNOWN STEP	2026-08-14T17:27:34.7464840Z   E2E_BASE_URL: http://127.0.0.1:8000
auth-duplicate-login-gate / enforce-single-session	UNKNOWN STEP	2026-08-14T17:27:34.7465105Z ##[endgroup]
auth-duplicate-login-gate / enforce-single-session	UNKNOWN STEP	2026-08-14T17:27:34.8984421Z ##[group]Installed versions
auth-duplicate-login-gate / enforce-single-session	UNKNOWN STEP	2026-08-14T17:27:34.9065074Z (node:2354) [DEP0040] DeprecationWarning: The `punycode` module is deprecated. Please use a userland alternative instead.
auth-duplicate-login-gate / enforce-single-session	UNKNOWN STEP	2026-08-14T17:27:34.9065846Z (Use `node --trace-deprecation ...` to show where the warning was created)
auth-duplicate-login-gate / enforce-single-session	UNKNOWN STEP	2026-08-14T17:27:34.9066757Z Successfully set up CPython (3.13.15)
auth-duplicate-login-gate / enforce-single-session	UNKNOWN STEP	2026-08-14T17:27:34.9067729Z ##[endgroup]
auth-duplicate-login-gate / enforce-single-session	UNKNOWN STEP	2026-08-14T17:27:34.9182624Z ##[group]Run set -euo pipefail
auth-duplicate-login-gate / enforce-single-session	UNKNOWN STEP	2026-08-14T17:27:34.9183122Z [36;1mset -euo pipefail[0m
auth-duplicate-login-gate / enforce-single-session	UNKNOWN STEP	2026-08-14T17:27:34.9183603Z [36;1mdocker compose up -d --build backend[0m
auth-duplicate-login-gate / enforce-single-session	UNKNOWN STEP	2026-08-14T17:27:34.9309897Z shell: /usr/bin/bash --noprofile --norc -e -o pipefail {0}
auth-duplicate-login-gate / enforce-single-session	UNKNOWN STEP	2026-08-14T17:27:34.9310547Z env:
auth-duplicate-login-gate / enforce-single-session	UNKNOWN STEP	2026-08-14T17:27:34.9311098Z   AUTH_E2E_EMAIL: ***
auth-duplicate-login-gate / enforce-single-session	UNKNOWN STEP	2026-08-14T17:27:34.9311644Z   AUTH_E2E_PASSWORD: ***
auth-duplicate-login-gate / enforce-single-session	UNKNOWN STEP	2026-08-14T17:27:34.9312133Z   E2E_BASE_URL: http://127.0.0.1:8000
auth-duplicate-login-gate / enforce-single-session	UNKNOWN STEP	2026-08-14T17:27:34.9312761Z   pythonLocation: /opt/hostedtoolcache/Python/3.13.15/x64
auth-duplicate-login-gate / enforce-single-session	UNKNOWN STEP	2026-08-14T17:27:34.9313595Z   PKG_CONFIG_PATH: /opt/hostedtoolcache/Python/3.13.15/x64/lib/pkgconfig
auth-duplicate-login-gate / enforce-single-session	UNKNOWN STEP	2026-08-14T17:27:34.9314434Z   Python_ROOT_DIR: /opt/hostedtoolcache/Python/3.13.15/x64
auth-duplicate-login-gate / enforce-single-session	UNKNOWN STEP	2026-08-14T17:27:34.9315157Z   Python2_ROOT_DIR: /opt/hostedtoolcache/Python/3.13.15/x64
auth-duplicate-login-gate / enforce-single-session	UNKNOWN STEP	2026-08-14T17:27:34.9315890Z   Python3_ROOT_DIR: /opt/hostedtoolcache/Python/3.13.15/x64
auth-duplicate-login-gate / enforce-single-session	UNKNOWN STEP	2026-08-14T17:27:34.9316714Z   LD_LIBRARY_PATH: /opt/hostedtoolcache/Python/3.13.15/x64/lib
auth-duplicate-login-gate / enforce-single-session	UNKNOWN STEP	2026-08-14T17:27:34.9317341Z ##[endgroup]
auth-duplicate-login-gate / enforce-single-session	UNKNOWN STEP	2026-08-14T17:27:37.5900310Z  minio Pulling 
auth-duplicate-login-gate / enforce-single-session	UNKNOWN STEP	2026-08-14T17:27:37.5900783Z  qdrant Pulling 
auth-duplicate-login-gate / enforce-single-session	UNKNOWN STEP	2026-08-14T17:27:37.5901195Z  postgres Pulling 
auth-duplicate-login-gate / enforce-single-session	UNKNOWN STEP	2026-08-14T17:27:37.5901526Z  redis Pulling 
auth-duplicate-login-gate / enforce-single-session	UNKNOWN STEP	2026-08-14T17:27:38.6374156Z  f85b91ff2bfd Pulling fs layer 
auth-duplicate-login-gate / enforce-single-session	UNKNOWN STEP	2026-08-14T17:27:38.6374794Z  e3a2c2426f91 Pulling fs layer 
auth-duplicate-login-gate / enforce-single-session	UNKNOWN STEP	2026-08-14T17:27:38.6375268Z  2c2d0fc1bc01 Pulling fs layer 
auth-duplicate-login-gate / enforce-single-session	UNKNOWN STEP	2026-08-14T17:27:38.6375579Z  dceacb66a9de Pulling fs layer 
auth-duplicate-login-gate / enforce-single-session	UNKNOWN STEP	2026-08-14T17:27:38.6375877Z  72729072f786 Pulling fs layer 
auth-duplicate-login-gate / enforce-single-session	UNKNOWN STEP	2026-08-14T17:27:38.6376173Z  ad57128305dd Pulling fs layer 
auth-duplicate-login-gate / enforce-single-session	UNKNOWN STEP	2026-08-14T17:27:38.6376529Z  f634493814a0 Pulling fs layer 
auth-duplicate-login-gate / enforce-single-session	UNKNOWN STEP	2026-08-14T17:27:38.6376815Z  bca14f032577 Pulling fs layer 
auth-duplicate-login-gate / enforce-single-session	UNKNOWN STEP	2026-08-14T17:27:38.6377235Z  2390426de7ed Pulling fs layer 
auth-duplicate-login-gate / enforce-single-session	UNKNOWN STEP	2026-08-14T17:27:38.6377770Z  d8d02ca4ca98 Pulling fs layer 
auth-duplicate-login-gate / enforce-single-session	UNKNOWN STEP	2026-08-14T17:27:38.6378151Z  2390426de7ed Waiting 
auth-duplicate-login-gate / enforce-single-session	UNKNOWN STEP	2026-08-14T17:27:38.6378421Z  f634493814a0 Waiting 
auth-duplicate-login-gate / enforce-single-session	UNKNOWN STEP	2026-08-14T17:27:38.6378679Z  bca14f032577 Waiting 
auth-duplicate-login-gate / enforce-single-session	UNKNOWN STEP	2026-08-14T17:27:38.6378955Z  dceacb66a9de Waiting 
auth-duplicate-login-gate / enforce-single-session	UNKNOWN STEP	2026-08-14T17:27:38.6379219Z  d8d02ca4ca98 Waiting 
auth-duplicate-login-gate / enforce-single-session	UNKNOWN STEP	2026-08-14T17:27:38.6379487Z  72729072f786 Waiting 
auth-duplicate-login-gate / enforce-single-session	UNKNOWN STEP	2026-08-14T17:27:38.6379747Z  ad57128305dd Waiting 
auth-duplicate-login-gate / enforce-single-session	UNKNOWN STEP	2026-08-14T17:27:38.6380024Z  55afa1ecc21d Already exists 
auth-duplicate-login-gate / enforce-single-session	UNKNOWN STEP	2026-08-14T17:27:38.6435515Z  0e4bc2bd6656 Pulling fs layer 
auth-duplicate-login-gate / enforce-single-session	UNKNOWN STEP	2026-08-14T17:27:38.6435864Z  4f4fb700ef54 Pulling fs layer 
auth-duplicate-login-gate / enforce-single-session	UNKNOWN STEP	2026-08-14T17:27:38.6436406Z  eaae8a97b41c Pulling fs layer 
auth-duplicate-login-gate / enforce-single-session	UNKNOWN STEP	2026-08-14T17:27:38.6436812Z  eaae8a97b41c Waiting 
auth-duplicate-login-gate / enforce-single-session	UNKNOWN STEP	2026-08-14T17:27:38.6437154Z  0e4bc2bd6656 Waiting 
auth-duplicate-login-gate / enforce-single-session	UNKNOWN STEP	2026-08-14T17:27:38.6437624Z  8a47a25d3c73 Pulling fs layer 
auth-duplicate-login-gate / enforce-single-session	UNKNOWN STEP	2026-08-14T17:27:38.6438280Z  4f4fb700ef54 Waiting 
auth-duplicate-login-gate / enforce-single-session	UNKNOWN STEP	2026-08-14T17:27:38.6438645Z  069540592fc8 Pulling fs layer 
auth-duplicate-login-gate / enforce-single-session	UNKNOWN STEP	2026-08-14T17:27:38.6439023Z  c07b43438672 Pulling fs layer 
auth-duplicate-login-gate / enforce-single-session	UNKNOWN STEP	2026-08-14T17:27:38.6439405Z  0e640495e52a Pulling fs layer 
auth-duplicate-login-gate / enforce-single-session	UNKNOWN STEP	2026-08-14T17:27:38.6439810Z  04ac276eab40 Pulling fs layer 
auth-duplicate-login-gate / enforce-single-session	UNKNOWN STEP	2026-08-14T17:27:38.6440177Z  069540592fc8 Waiting 
auth-duplicate-login-gate / enforce-single-session	UNKNOWN STEP	2026-08-14T17:27:38.6440491Z  8a47a25d3c73 Waiting 
auth-duplicate-login-gate / enforce-single-session	UNKNOWN STEP	2026-08-14T17:27:38.6440807Z  c07b43438672 Waiting 
auth-duplicate-login-gate / enforce-single-session	UNKNOWN STEP	2026-08-14T17:27:38.6441105Z  0e640495e52a Waiting 
auth-duplicate-login-gate / enforce-single-session	UNKNOWN STEP	2026-08-14T17:27:38.6441312Z  04ac276eab40 Waiting 
auth-duplicate-login-gate / enforce-single-session	UNKNOWN STEP	2026-08-14T17:27:38.6448222Z  2521846a4c4b Pulling fs layer 
auth-duplicate-login-gate / enforce-single-session	UNKNOWN STEP	2026-08-14T17:27:38.6449131Z  516ac23b2d22 Pulling fs layer 
auth-duplicate-login-gate / enforce-single-session	UNKNOWN STEP	2026-08-14T17:27:38.6451956Z  d30adf595bd0 Pulling fs layer 
auth-duplicate-login-gate / enforce-single-session	UNKNOWN STEP	2026-08-14T17:27:38.6453036Z  2521846a4c4b Waiting 
auth-duplicate-login-gate / enforce-single-session	UNKNOWN STEP	2026-08-14T17:27:38.6453470Z  516ac23b2d22 Waiting 
auth-duplicate-login-gate / enforce-single-session	UNKNOWN STEP	2026-08-14T17:27:38.6453834Z  a5b616744b9f Pulling fs layer 
auth-duplicate-login-gate / enforce-single-session	UNKNOWN STEP	2026-08-14T17:27:38.6454311Z  ecbc0f97fe87 Pulling fs layer 
auth-duplicate-login-gate / enforce-single-session	UNKNOWN STEP	2026-08-14T17:27:38.6454712Z  26065aa66f8d Pulling fs layer 
auth-duplicate-login-gate / enforce-single-session	UNKNOWN STEP	2026-08-14T17:27:38.6455139Z  d30adf595bd0 Waiting 
auth-duplicate-login-gate / enforce-single-session	UNKNOWN STEP	2026-08-14T17:27:38.6455435Z  4989bdaa0ad3 Pulling fs layer 
auth-duplicate-login-gate / enforce-single-session	UNKNOWN STEP	2026-08-14T17:27:38.6455805Z  a5b616744b9f Waiting 
auth-duplicate-login-gate / enforce-single-session	UNKNOWN STEP	2026-08-14T17:27:38.6456030Z  0141deae452e Pulling fs layer 
auth-duplicate-login-gate / enforce-single-session	UNKNOWN STEP	2026-08-14T17:27:38.6456267Z  e7426913c582 Pulling fs layer 
auth-duplicate-login-gate / enforce-single-session	UNKNOWN STEP	2026-08-14T17:27:38.6456515Z  236e3b4c2204 Pulling fs layer 
auth-duplicate-login-gate / enforce-single-session	UNKNOWN STEP	2026-08-14T17:27:38.6456751Z  ecbc0f97fe87 Waiting 
auth-duplicate-login-gate / enforce-single-session	UNKNOWN STEP	2026-08-14T17:27:38.6457171Z  26065aa66f8d Waiting 
auth-duplicate-login-gate / enforce-single-session	UNKNOWN STEP	2026-08-14T17:27:38.6457648Z  e7426913c582 Waiting 
auth-duplicate-login-gate / enforce-single-session	UNKNOWN STEP	2026-08-14T17:27:38.6457925Z  4989bdaa0ad3 Waiting 
auth-duplicate-login-gate / enforce-single-session	UNKNOWN STEP	2026-08-14T17:27:38.6458144Z  236e3b4c2204 Waiting 
auth-duplicate-login-gate / enforce-single-session	UNKNOWN STEP	2026-08-14T17:27:38.6458453Z  0141deae452e Waiting 
auth-duplicate-login-gate / enforce-single-session	UNKNOWN STEP	2026-08-14T17:27:38.6469948Z  897d797d2723 Pulling fs layer 
auth-duplicate-login-gate / enforce-single-session	UNKNOWN STEP	2026-08-14T17:27:38.6470653Z  f5a655897537 Pulling fs layer 
auth-duplicate-login-gate / enforce-single-session	UNKNOWN STEP	2026-08-14T17:27:38.6471159Z  63e63047b377 Pulling fs layer 
auth-duplicate-login-gate / enforce-single-session	UNKNOWN STEP	2026-08-14T17:27:38.6471661Z  627d9d06d3d0 Pulling fs layer 
auth-duplicate-login-gate / enforce-single-session	UNKNOWN STEP	2026-08-14T17:27:38.6472184Z  93ebed1aef27 Pulling fs layer 
auth-duplicate-login-gate / enforce-single-session	UNKNOWN STEP	2026-08-14T17:27:38.6472667Z  4f4fb700ef54 Pulling fs layer 
auth-duplicate-login-gate / enforce-single-session	UNKNOWN STEP	2026-08-14T17:27:38.6473168Z  db197c512a33 Pulling fs layer 
auth-duplicate-login-gate / enforce-single-session	UNKNOWN STEP	2026-08-14T17:27:38.6473679Z  4f4fb700ef54 Waiting 
auth-duplicate-login-gate / enforce-single-session	UNKNOWN STEP	2026-08-14T17:27:38.6474126Z  897d797d2723 Waiting 
auth-duplicate-login-gate / enforce-single-session	UNKNOWN STEP	2026-08-14T17:27:38.6474593Z  627d9d06d3d0 Waiting 
auth-duplicate-login-gate / enforce-single-session	UNKNOWN STEP	2026-08-14T17:27:38.6474973Z  93ebed1aef27 Waiting 
auth-duplicate-login-gate / enforce-single-session	UNKNOWN STEP	2026-08-14T17:27:38.6475282Z  f5a655897537 Waiting 
auth-duplicate-login-gate / enforce-single-session	UNKNOWN STEP	2026-08-14T17:27:38.6475490Z  db197c512a33 Waiting 
auth-duplicate-login-gate / enforce-single-session	UNKNOWN STEP	2026-08-14T17:27:38.8289358Z  e3a2c2426f91 Downloading [==================================================>]     434B/434B
auth-duplicate-login-gate / enforce-single-session	UNKNOWN STEP	2026-08-14T17:27:38.8289886Z  e3a2c2426f91 Verifying Checksum 
auth-duplicate-login-gate / enforce-single-session	UNKNOWN STEP	2026-08-14T17:27:38.8290162Z  e3a2c2426f91 Download complete 
auth-duplicate-login-gate / enforce-single-session	UNKNOWN STEP	2026-08-14T17:27:38.8302095Z  2c2d0fc1bc01 Downloading [>                                                  ]  32.13kB/1.639MB
auth-duplicate-login-gate / enforce-single-session	UNKNOWN STEP	2026-08-14T17:27:38.8391680Z  f85b91ff2bfd Downloading [>                                                  ]  81.92kB/7.258MB
auth-duplicate-login-gate / enforce-single-session	UNKNOWN STEP	2026-08-14T17:27:38.8862917Z  2c2d0fc1bc01 Verifying Checksum 
auth-duplicate-login-gate / enforce-single-session	UNKNOWN STEP	2026-08-14T17:27:38.8863449Z  2c2d0fc1bc01 Download complete 
auth-duplicate-login-gate / enforce-single-session	UNKNOWN STEP	2026-08-14T17:27:38.9216504Z  f85b91ff2bfd Verifying Checksum 
auth-duplicate-login-gate / enforce-single-session	UNKNOWN STEP	2026-08-14T17:27:38.9217061Z  f85b91ff2bfd Download complete 
auth-duplicate-login-gate / enforce-single-session	UNKNOWN STEP	2026-08-14T17:27:38.9228106Z  f85b91ff2bfd Extracting [>                                                  ]   98.3kB/7.258MB
auth-duplicate-login-gate / enforce-single-session	UNKNOWN STEP	2026-08-14T17:27:39.0236797Z  f85b91ff2bfd Extracting [===========================>                       ]   4.03MB/7.258MB
auth-duplicate-login-gate / enforce-single-session	UNKNOWN STEP	2026-08-14T17:27:39.0319452Z  dceacb66a9de Downloading [=>                                                 ]    3.5kB/128.3kB
auth-duplicate-login-gate / enforce-single-session	UNKNOWN STEP	2026-08-14T17:27:39.0456103Z  dceacb66a9de Downloading [==================================================>]  128.3kB/128.3kB
auth-duplicate-login-gate / enforce-single-session	UNKNOWN STEP	2026-08-14T17:27:39.0458490Z  dceacb66a9de Verifying Checksum 
auth-duplicate-login-gate / enforce-single-session	UNKNOWN STEP	2026-08-14T17:27:39.0459060Z  dceacb66a9de Download complete 
auth-duplicate-login-gate / enforce-single-session	UNKNOWN STEP	2026-08-14T17:27:39.1174124Z  f85b91ff2bfd Extracting [==================================================>]  7.258MB/7.258MB
auth-duplicate-login-gate / enforce-single-session	UNKNOWN STEP	2026-08-14T17:27:39.1178157Z  f85b91ff2bfd Extracting [==================================================>]  7.258MB/7.258MB
auth-duplicate-login-gate / enforce-single-session	UNKNOWN STEP	2026-08-14T17:27:39.1267357Z  72729072f786 Downloading [>                                                  ]    409kB/40.89MB
auth-duplicate-login-gate / enforce-single-session	UNKNOWN STEP	2026-08-14T17:27:39.1270868Z  f85b91ff2bfd Pull complete 
auth-duplicate-login-gate / enforce-single-session	UNKNOWN STEP	2026-08-14T17:27:39.1274352Z  ad57128305dd Downloading [>                                                  ]  114.7kB/10.78MB
auth-duplicate-login-gate / enforce-single-session	UNKNOWN STEP	2026-08-14T17:27:39.1283654Z  e3a2c2426f91 Extracting [==================================================>]     434B/434B
auth-duplicate-login-gate / enforce-single-session	UNKNOWN STEP	2026-08-14T17:27:39.1286343Z  e3a2c2426f91 Extracting [==================================================>]     434B/434B
auth-duplicate-login-gate / enforce-single-session	UNKNOWN STEP	2026-08-14T17:27:39.2199834Z  ad57128305dd Verifying Checksum 
auth-duplicate-login-gate / enforce-single-session	UNKNOWN STEP	2026-08-14T17:27:39.2200527Z  ad57128305dd Download complete 
auth-duplicate-login-gate / enforce-single-session	UNKNOWN STEP	2026-08-14T17:27:39.2275769Z  72729072f786 Downloading [=============================>                     ]  23.76MB/40.89MB
auth-duplicate-login-gate / enforce-single-session	UNKNOWN STEP	2026-08-14T17:27:39.2550109Z  f634493814a0 Downloading [>                                                  ]  32.13kB/2.402MB
auth-duplicate-login-gate / enforce-single-session	UNKNOWN STEP	2026-08-14T17:27:39.2672416Z  72729072f786 Verifying Checksum 
auth-duplicate-login-gate / enforce-single-session	UNKNOWN STEP	2026-08-14T17:27:39.2672869Z  72729072f786 Download complete 
auth-duplicate-login-gate / enforce-single-session	UNKNOWN STEP	2026-08-14T17:27:39.3221701Z  f634493814a0 Verifying Checksum 
auth-duplicate-login-gate / enforce-single-session	UNKNOWN STEP	2026-08-14T17:27:39.3222205Z  f634493814a0 Download complete 
auth-duplicate-login-gate / enforce-single-session	UNKNOWN STEP	2026-08-14T17:27:39.4178262Z  bca14f032577 Downloading [====>                                              ]  16.38kB/173.4kB
auth-duplicate-login-gate / enforce-single-session	UNKNOWN STEP	2026-08-14T17:27:39.4353537Z  bca14f032577 Download complete 
auth-duplicate-login-gate / enforce-single-session	UNKNOWN STEP	2026-08-14T17:27:39.4723698Z  2390426de7ed Downloading [==============>                                    ]  3.501kB/11.87kB
auth-duplicate-login-gate / enforce-single-session	UNKNOWN STEP	2026-08-14T17:27:39.4724862Z  2390426de7ed Downloading [==================================================>]  11.87kB/11.87kB
auth-duplicate-login-gate / enforce-single-session	UNKNOWN STEP	2026-08-14T17:27:39.4725498Z  2390426de7ed Verifying Checksum 
auth-duplicate-login-gate / enforce-single-session	UNKNOWN STEP	2026-08-14T17:27:39.4725785Z  2390426de7ed Download complete 
auth-duplicate-login-gate / enforce-single-session	UNKNOWN STEP	2026-08-14T17:27:39.5185973Z  d8d02ca4ca98 Downloading [==================================================>]     495B/495B
auth-duplicate-login-gate / enforce-single-session	UNKNOWN STEP	2026-08-14T17:27:39.5186707Z  d8d02ca4ca98 Verifying Checksum 
auth-duplicate-login-gate / enforce-single-session	UNKNOWN STEP	2026-08-14T17:27:39.5187116Z  d8d02ca4ca98 Download complete 
auth-duplicate-login-gate / enforce-single-session	UNKNOWN STEP	2026-08-14T17:27:39.6576273Z  0e4bc2bd6656 Downloading [>                                                  ]  310.7kB/29.78MB
auth-duplicate-login-gate / enforce-single-session	UNKNOWN STEP	2026-08-14T17:27:39.6955347Z  4f4fb700ef54 Downloading [==================================================>]      32B/32B
auth-duplicate-login-gate / enforce-single-session	UNKNOWN STEP	2026-08-14T17:27:39.6956016Z  4f4fb700ef54 Verifying Checksum 
auth-duplicate-login-gate / enforce-single-session	UNKNOWN STEP	2026-08-14T17:27:39.6956445Z  4f4fb700ef54 Download complete 
auth-duplicate-login-gate / enforce-single-session	UNKNOWN STEP	2026-08-14T17:27:39.7138920Z  eaae8a97b41c Downloading [>                                                  ]  16.38kB/877.1kB
auth-duplicate-login-gate / enforce-single-session	UNKNOWN STEP	2026-08-14T17:27:39.7580898Z  0e4bc2bd6656 Downloading [=================================>                 ]  20.23MB/29.78MB
auth-duplicate-login-gate / enforce-single-session	UNKNOWN STEP	2026-08-14T17:27:39.7607990Z  eaae8a97b41c Downloading [==================================================>]  877.1kB/877.1kB
auth-duplicate-login-gate / enforce-single-session	UNKNOWN STEP	2026-08-14T17:27:39.7608889Z  eaae8a97b41c Verifying Checksum 
auth-duplicate-login-gate / enforce-single-session	UNKNOWN STEP	2026-08-14T17:27:39.7609237Z  eaae8a97b41c Download complete 
auth-duplicate-login-gate / enforce-single-session	UNKNOWN STEP	2026-08-14T17:27:39.7788935Z  0e4bc2bd6656 Verifying Checksum 
auth-duplicate-login-gate / enforce-single-session	UNKNOWN STEP	2026-08-14T17:27:39.7789407Z  0e4bc2bd6656 Download complete 
auth-duplicate-login-gate / enforce-single-session	UNKNOWN STEP	2026-08-14T17:27:39.9473465Z  8a47a25d3c73 Downloading [>                                                  ]  342.8kB/34.13MB
auth-duplicate-login-gate / enforce-single-session	UNKNOWN STEP	2026-08-14T17:27:39.9680547Z  069540592fc8 Downloading [==>                                                ]    3.5kB/73.06kB
auth-duplicate-login-gate / enforce-single-session	UNKNOWN STEP	2026-08-14T17:27:39.9780994Z  069540592fc8 Downloading [==================================================>]  73.06kB/73.06kB
auth-duplicate-login-gate / enforce-single-session	UNKNOWN STEP	2026-08-14T17:27:39.9781821Z  069540592fc8 Verifying Checksum 
auth-duplicate-login-gate / enforce-single-session	UNKNOWN STEP	2026-08-14T17:27:39.9782515Z  069540592fc8 Download complete 
auth-duplicate-login-gate / enforce-single-session	UNKNOWN STEP	2026-08-14T17:27:39.9915051Z  c07b43438672 Downloading [================================>                  ]  3.501kB/5.32kB
auth-duplicate-login-gate / enforce-single-session	UNKNOWN STEP	2026-08-14T17:27:39.9916552Z  c07b43438672 Downloading [==================================================>]   5.32kB/5.32kB
auth-duplicate-login-gate / enforce-single-session	UNKNOWN STEP	2026-08-14T17:27:39.9917183Z  c07b43438672 Download complete 
auth-duplicate-login-gate / enforce-single-session	UNKNOWN STEP	2026-08-14T17:27:40.0480840Z  8a47a25d3c73 Downloading [=================================>                 ]  23.14MB/34.13MB
auth-duplicate-login-gate / enforce-single-session	UNKNOWN STEP	2026-08-14T17:27:40.0711714Z  8a47a25d3c73 Verifying Checksum 
auth-duplicate-login-gate / enforce-single-session	UNKNOWN STEP	2026-08-14T17:27:40.0712207Z  8a47a25d3c73 Download complete 
auth-duplicate-login-gate / enforce-single-session	UNKNOWN STEP	2026-08-14T17:27:40.1734597Z  0e640495e52a Downloading [==================================================>]     909B/909B
auth-duplicate-login-gate / enforce-single-session	UNKNOWN STEP	2026-08-14T17:27:40.2454114Z  04ac276eab40 Downloading [>                                                  ]  84.33kB/6.876MB
auth-duplicate-login-gate / enforce-single-session	UNKNOWN STEP	2026-08-14T17:27:40.2469486Z  0e640495e52a Download complete 
auth-duplicate-login-gate / enforce-single-session	UNKNOWN STEP	2026-08-14T17:27:40.2846397Z  2521846a4c4b Downloading [==================================================>]     968B/968B
auth-duplicate-login-gate / enforce-single-session	UNKNOWN STEP	2026-08-14T17:27:40.2847078Z  2521846a4c4b Verifying Checksum 
auth-duplicate-login-gate / enforce-single-session	UNKNOWN STEP	2026-08-14T17:27:40.2852508Z  2521846a4c4b Download complete 
auth-duplicate-login-gate / enforce-single-session	UNKNOWN STEP	2026-08-14T17:27:40.2853281Z  2521846a4c4b Extracting [==================================================>]     968B/968B
auth-duplicate-login-gate / enforce-single-session	UNKNOWN STEP	2026-08-14T17:27:40.2856447Z  2521846a4c4b Extracting [==================================================>]     968B/968B
auth-duplicate-login-gate / enforce-single-session	UNKNOWN STEP	2026-08-14T17:27:40.3386489Z  04ac276eab40 Verifying Checksum 
auth-duplicate-login-gate / enforce-single-session	UNKNOWN STEP	2026-08-14T17:27:40.3386906Z  04ac276eab40 Download complete 
auth-duplicate-login-gate / enforce-single-session	UNKNOWN STEP	2026-08-14T17:27:40.4224808Z  0e4bc2bd6656 Extracting [>                                                  ]  327.7kB/29.78MB
auth-duplicate-login-gate / enforce-single-session	UNKNOWN STEP	2026-08-14T17:27:40.4421682Z  516ac23b2d22 Downloading [>                                                  ]  15.79kB/900.3kB
auth-duplicate-login-gate / enforce-single-session	UNKNOWN STEP	2026-08-14T17:27:40.4865602Z  d30adf595bd0 Downloading [==================================================>]     176B/176B
auth-duplicate-login-gate / enforce-single-session	UNKNOWN STEP	2026-08-14T17:27:40.5465839Z  516ac23b2d22 Downloading [=====>                                             ]  97.71kB/900.3kB
auth-duplicate-login-gate / enforce-single-session	UNKNOWN STEP	2026-08-14T17:27:40.5469455Z  d30adf595bd0 Verifying Checksum 
auth-duplicate-login-gate / enforce-single-session	UNKNOWN STEP	2026-08-14T17:27:40.5470296Z  d30adf595bd0 Download complete 
auth-duplicate-login-gate / enforce-single-session	UNKNOWN STEP	2026-08-14T17:27:40.5493083Z  0e4bc2bd6656 Extracting [==>                                                ]  1.311MB/29.78MB
auth-duplicate-login-gate / enforce-single-session	UNKNOWN STEP	2026-08-14T17:27:40.5809883Z  516ac23b2d22 Downloading [==================================================>]  900.3kB/900.3kB
auth-duplicate-login-gate / enforce-single-session	UNKNOWN STEP	2026-08-14T17:27:40.5813430Z  516ac23b2d22 Verifying Checksum 
auth-duplicate-login-gate / enforce-single-session	UNKNOWN STEP	2026-08-14T17:27:40.5813884Z  516ac23b2d22 Download complete 
auth-duplicate-login-gate / enforce-single-session	UNKNOWN STEP	2026-08-14T17:27:40.5998799Z  a5b616744b9f Downloading [==================================================>]     116B/116B
auth-duplicate-login-gate / enforce-single-session	UNKNOWN STEP	2026-08-14T17:27:40.5999522Z  a5b616744b9f Verifying Checksum 
auth-duplicate-login-gate / enforce-single-session	UNKNOWN STEP	2026-08-14T17:27:40.5999982Z  a5b616744b9f Download complete 
auth-duplicate-login-gate / enforce-single-session	UNKNOWN STEP	2026-08-14T17:27:40.6519871Z  0e4bc2bd6656 Extracting [==============>                                    ]   8.52MB/29.78MB
auth-duplicate-login-gate / enforce-single-session	UNKNOWN STEP	2026-08-14T17:27:40.7526528Z  0e4bc2bd6656 Extracting [=====================>                             ]  12.78MB/29.78MB
auth-duplicate-login-gate / enforce-single-session	UNKNOWN STEP	2026-08-14T17:27:40.7782134Z  26065aa66f8d Downloading [==================>                                ]  3.503kB/9.487kB
auth-duplicate-login-gate / enforce-single-session	UNKNOWN STEP	2026-08-14T17:27:40.7783171Z  26065aa66f8d Downloading [==================================================>]  9.487kB/9.487kB
auth-duplicate-login-gate / enforce-single-session	UNKNOWN STEP	2026-08-14T17:27:40.7786550Z  26065aa66f8d Verifying Checksum 
auth-duplicate-login-gate / enforce-single-session	UNKNOWN STEP	2026-08-14T17:27:40.7787238Z  26065aa66f8d Download complete 
auth-duplicate-login-gate / enforce-single-session	UNKNOWN STEP	2026-08-14T17:27:40.7841357Z  ecbc0f97fe87 Downloading [>                                                  ]  537.5kB/110.5MB
auth-duplicate-login-gate / enforce-single-session	UNKNOWN STEP	2026-08-14T17:27:40.7978262Z  4989bdaa0ad3 Downloading [==================================================>]     128B/128B
auth-duplicate-login-gate / enforce-single-session	UNKNOWN STEP	2026-08-14T17:27:40.7979135Z  4989bdaa0ad3 Verifying Checksum 
auth-duplicate-login-gate / enforce-single-session	UNKNOWN STEP	2026-08-14T17:27:40.7979599Z  4989bdaa0ad3 Download complete 
auth-duplicate-login-gate / enforce-single-session	UNKNOWN STEP	2026-08-14T17:27:40.8547424Z  0e4bc2bd6656 Extracting [===================================>               ]  20.97MB/29.78MB
auth-duplicate-login-gate / enforce-single-session	UNKNOWN STEP	2026-08-14T17:27:40.8850606Z  ecbc0f97fe87 Downloading [==========>                                        ]  23.37MB/110.5MB
auth-duplicate-login-gate / enforce-single-session	UNKNOWN STEP	2026-08-14T17:27:40.9579703Z  0e4bc2bd6656 Extracting [========================================>          ]  24.25MB/29.78MB
auth-duplicate-login-gate / enforce-single-session	UNKNOWN STEP	2026-08-14T17:27:40.9808889Z  0141deae452e Downloading [==================================================>]     168B/168B
auth-duplicate-login-gate / enforce-single-session	UNKNOWN STEP	2026-08-14T17:27:40.9820194Z  0141deae452e Verifying Checksum 
auth-duplicate-login-gate / enforce-single-session	UNKNOWN STEP	2026-08-14T17:27:40.9821043Z  0141deae452e Download complete 
auth-duplicate-login-gate / enforce-single-session	UNKNOWN STEP	2026-08-14T17:27:40.9852357Z  ecbc0f97fe87 Downloading [=============================>                     ]  64.73MB/110.5MB
auth-duplicate-login-gate / enforce-single-session	UNKNOWN STEP	2026-08-14T17:27:40.9919966Z  e7426913c582 Downloading [============================>                      ]  3.503kB/6.109kB
auth-duplicate-login-gate / enforce-single-session	UNKNOWN STEP	2026-08-14T17:27:40.9921181Z  e7426913c582 Downloading [==================================================>]  6.109kB/6.109kB
auth-duplicate-login-gate / enforce-single-session	UNKNOWN STEP	2026-08-14T17:27:40.9926859Z  e7426913c582 Verifying Checksum 
auth-duplicate-login-gate / enforce-single-session	UNKNOWN STEP	2026-08-14T17:27:40.9927701Z  e7426913c582 Download complete 
auth-duplicate-login-gate / enforce-single-session	UNKNOWN STEP	2026-08-14T17:27:41.0854308Z  ecbc0f97fe87 Downloading [===============================================>   ]  104.5MB/110.5MB
auth-duplicate-login-gate / enforce-single-session	UNKNOWN STEP	2026-08-14T17:27:41.1000421Z  ecbc0f97fe87 Verifying Checksum 
auth-duplicate-login-gate / enforce-single-session	UNKNOWN STEP	2026-08-14T17:27:41.1131136Z  ecbc0f97fe87 Download complete 
auth-duplicate-login-gate / enforce-single-session	UNKNOWN STEP	2026-08-14T17:27:41.1131906Z  0e4bc2bd6656 Extracting [============================================>      ]  26.21MB/29.78MB
auth-duplicate-login-gate / enforce-single-session	UNKNOWN STEP	2026-08-14T17:27:41.1853571Z  897d797d2723 Downloading [>                                                  ]  48.49kB/3.647MB
auth-duplicate-login-gate / enforce-single-session	UNKNOWN STEP	2026-08-14T17:27:41.1945319Z  236e3b4c2204 Downloading [==================================================>]     186B/186B
auth-duplicate-login-gate / enforce-single-session	UNKNOWN STEP	2026-08-14T17:27:41.1946021Z  236e3b4c2204 Verifying Checksum 
auth-duplicate-login-gate / enforce-single-session	UNKNOWN STEP	2026-08-14T17:27:41.1946470Z  236e3b4c2204 Download complete 
auth-duplicate-login-gate / enforce-single-session	UNKNOWN STEP	2026-08-14T17:27:41.2360443Z  0e4bc2bd6656 Extracting [================================================>  ]  28.84MB/29.78MB
auth-duplicate-login-gate / enforce-single-session	UNKNOWN STEP	2026-08-14T17:27:41.2535303Z  897d797d2723 Download complete 
auth-duplicate-login-gate / enforce-single-session	UNKNOWN STEP	2026-08-14T17:27:41.2543557Z  897d797d2723 Extracting [>                                                  ]  65.54kB/3.647MB
auth-duplicate-login-gate / enforce-single-session	UNKNOWN STEP	2026-08-14T17:27:41.3008570Z  f5a655897537 Download complete 
auth-duplicate-login-gate / enforce-single-session	UNKNOWN STEP	2026-08-14T17:27:41.4155924Z  63e63047b377 Downloading [>                                                  ]  3.499kB/194.3kB
auth-duplicate-login-gate / enforce-single-session	UNKNOWN STEP	2026-08-14T17:27:41.5058833Z  93ebed1aef27 Downloading [==================================================>]      99B/99B
auth-duplicate-login-gate / enforce-single-session	UNKNOWN STEP	2026-08-14T17:27:41.5410966Z  63e63047b377 Downloading [====>                                              ]  15.79kB/194.3kB
auth-duplicate-login-gate / enforce-single-session	UNKNOWN STEP	2026-08-14T17:27:41.5413993Z  93ebed1aef27 Verifying Checksum 
auth-duplicate-login-gate / enforce-single-session	UNKNOWN STEP	2026-08-14T17:27:41.5414482Z  93ebed1aef27 Download complete 
auth-duplicate-login-gate / enforce-single-session	UNKNOWN STEP	2026-08-14T17:27:41.5445544Z  897d797d2723 Extracting [===>                                               ]  262.1kB/3.647MB
auth-duplicate-login-gate / enforce-single-session	UNKNOWN STEP	2026-08-14T17:27:41.5505482Z  627d9d06d3d0 Downloading [>                                                  ]  130.5kB/12.41MB
auth-duplicate-login-gate / enforce-single-session	UNKNOWN STEP	2026-08-14T17:27:41.5550226Z  e3a2c2426f91 Pull complete 
auth-duplicate-login-gate / enforce-single-session	UNKNOWN STEP	2026-08-14T17:27:41.5571415Z  63e63047b377 Downloading [==================================================>]  194.3kB/194.3kB
auth-duplicate-login-gate / enforce-single-session	UNKNOWN STEP	2026-08-14T17:27:41.5573997Z  63e63047b377 Verifying Checksum 
auth-duplicate-login-gate / enforce-single-session	UNKNOWN STEP	2026-08-14T17:27:41.5574998Z  63e63047b377 Download complete 
auth-duplicate-login-gate / enforce-single-session	UNKNOWN STEP	2026-08-14T17:27:41.5582475Z  2c2d0fc1bc01 Extracting [>                                                  ]  32.77kB/1.639MB
auth-duplicate-login-gate / enforce-single-session	UNKNOWN STEP	2026-08-14T17:27:41.5599161Z  0e4bc2bd6656 Extracting [================================================>  ]  29.16MB/29.78MB
auth-duplicate-login-gate / enforce-single-session	UNKNOWN STEP	2026-08-14T17:27:41.6508640Z  627d9d06d3d0 Downloading [==============================>                    ]  7.471MB/12.41MB
auth-duplicate-login-gate / enforce-single-session	UNKNOWN STEP	2026-08-14T17:27:41.6584544Z  897d797d2723 Extracting [=============>                                     ]    983kB/3.647MB
auth-duplicate-login-gate / enforce-single-session	UNKNOWN STEP	2026-08-14T17:27:41.6664318Z  2c2d0fc1bc01 Extracting [================================================>  ]  1.606MB/1.639MB
auth-duplicate-login-gate / enforce-single-session	UNKNOWN STEP	2026-08-14T17:27:41.7466715Z  4f4fb700ef54 Downloading [==================================================>]      32B/32B
auth-duplicate-login-gate / enforce-single-session	UNKNOWN STEP	2026-08-14T17:27:41.7478426Z  4f4fb700ef54 Verifying Checksum 
auth-duplicate-login-gate / enforce-single-session	UNKNOWN STEP	2026-08-14T17:27:41.7478904Z  4f4fb700ef54 Download complete 
auth-duplicate-login-gate / enforce-single-session	UNKNOWN STEP	2026-08-14T17:27:41.7556407Z  db197c512a33 Downloading [==================================================>]     605B/605B
auth-duplicate-login-gate / enforce-single-session	UNKNOWN STEP	2026-08-14T17:27:41.7556855Z  db197c512a33 Download complete 
auth-duplicate-login-gate / enforce-single-session	UNKNOWN STEP	2026-08-14T17:27:41.8931465Z  627d9d06d3d0 Downloading [===========================================>       ]  10.75MB/12.41MB
auth-duplicate-login-gate / enforce-single-session	UNKNOWN STEP	2026-08-14T17:27:41.8952269Z  627d9d06d3d0 Verifying Checksum 
auth-duplicate-login-gate / enforce-single-session	UNKNOWN STEP	2026-08-14T17:27:41.8952969Z  627d9d06d3d0 Download complete 
auth-duplicate-login-gate / enforce-single-session	UNKNOWN STEP	2026-08-14T17:27:41.8988788Z  897d797d2723 Extracting [=================>                                 ]  1.311MB/3.647MB
auth-duplicate-login-gate / enforce-single-session	UNKNOWN STEP	2026-08-14T17:27:41.8989715Z  2c2d0fc1bc01 Extracting [=================================================> ]  1.638MB/1.639MB
auth-duplicate-login-gate / enforce-single-session	UNKNOWN STEP	2026-08-14T17:27:42.0067388Z  2c2d0fc1bc01 Extracting [==================================================>]  1.639MB/1.639MB
auth-duplicate-login-gate / enforce-single-session	UNKNOWN STEP	2026-08-14T17:27:42.0503949Z  897d797d2723 Extracting [==================>                                ]  1.376MB/3.647MB
auth-duplicate-login-gate / enforce-single-session	UNKNOWN STEP	2026-08-14T17:27:42.0929186Z  897d797d2723 Extracting [==================================================>]  3.647MB/3.647MB
auth-duplicate-login-gate / enforce-single-session	UNKNOWN STEP	2026-08-14T17:27:42.0931052Z  897d797d2723 Extracting [==================================================>]  3.647MB/3.647MB
auth-duplicate-login-gate / enforce-single-session	UNKNOWN STEP	2026-08-14T17:27:42.1045632Z  2521846a4c4b Pull complete 
auth-duplicate-login-gate / enforce-single-session	UNKNOWN STEP	2026-08-14T17:27:42.1050747Z  0e4bc2bd6656 Extracting [==================================================>]  29.78MB/29.78MB
auth-duplicate-login-gate / enforce-single-session	UNKNOWN STEP	2026-08-14T17:27:42.1085978Z  2c2d0fc1bc01 Pull complete 
auth-duplicate-login-gate / enforce-single-session	UNKNOWN STEP	2026-08-14T17:27:42.1097887Z  516ac23b2d22 Extracting [=>                                                 ]  32.77kB/900.3kB
auth-duplicate-login-gate / enforce-single-session	UNKNOWN STEP	2026-08-14T17:27:42.1121696Z  dceacb66a9de Extracting [============>                                      ]  32.77kB/128.3kB
auth-duplicate-login-gate / enforce-single-session	UNKNOWN STEP	2026-08-14T17:27:42.1170682Z  897d797d2723 Pull complete 
auth-duplicate-login-gate / enforce-single-session	UNKNOWN STEP	2026-08-14T17:27:42.1172595Z  dceacb66a9de Extracting [==================================================>]  128.3kB/128.3kB
auth-duplicate-login-gate / enforce-single-session	UNKNOWN STEP	2026-08-14T17:27:42.1232586Z  f5a655897537 Extracting [==================================================>]     949B/949B
auth-duplicate-login-gate / enforce-single-session	UNKNOWN STEP	2026-08-14T17:27:42.1233633Z  f5a655897537 Extracting [==================================================>]     949B/949B
auth-duplicate-login-gate / enforce-single-session	UNKNOWN STEP	2026-08-14T17:27:42.1301612Z  dceacb66a9de Pull complete 
auth-duplicate-login-gate / enforce-single-session	UNKNOWN STEP	2026-08-14T17:27:42.1454784Z  0e4bc2bd6656 Pull complete 
auth-duplicate-login-gate / enforce-single-session	UNKNOWN STEP	2026-08-14T17:27:42.1469240Z  4f4fb700ef54 Extracting [==================================================>]      32B/32B
auth-duplicate-login-gate / enforce-single-session	UNKNOWN STEP	2026-08-14T17:27:42.1472161Z  4f4fb700ef54 Extracting [==================================================>]      32B/32B
auth-duplicate-login-gate / enforce-single-session	UNKNOWN STEP	2026-08-14T17:27:42.1486430Z  f5a655897537 Pull complete 
auth-duplicate-login-gate / enforce-single-session	UNKNOWN STEP	2026-08-14T17:27:42.1506123Z  63e63047b377 Extracting [========>                                          ]  32.77kB/194.3kB
auth-duplicate-login-gate / enforce-single-session	UNKNOWN STEP	2026-08-14T17:27:42.1509649Z  72729072f786 Extracting [>                                                  ]    426kB/40.89MB
auth-duplicate-login-gate / enforce-single-session	UNKNOWN STEP	2026-08-14T17:27:42.1533092Z  63e63047b377 Extracting [==================================================>]  194.3kB/194.3kB
auth-duplicate-login-gate / enforce-single-session	UNKNOWN STEP	2026-08-14T17:27:42.1568558Z  4f4fb700ef54 Pull complete 
auth-duplicate-login-gate / enforce-single-session	UNKNOWN STEP	2026-08-14T17:27:42.1588979Z  eaae8a97b41c Extracting [=>                                                 ]  32.77kB/877.1kB
auth-duplicate-login-gate / enforce-single-session	UNKNOWN STEP	2026-08-14T17:27:42.1637256Z  63e63047b377 Extracting [==================================================>]  194.3kB/194.3kB
auth-duplicate-login-gate / enforce-single-session	UNKNOWN STEP	2026-08-14T17:27:42.1807858Z  516ac23b2d22 Extracting [==================================================>]  900.3kB/900.3kB
auth-duplicate-login-gate / enforce-single-session	UNKNOWN STEP	2026-08-14T17:27:42.1810036Z  516ac23b2d22 Extracting [==================================================>]  900.3kB/900.3kB
auth-duplicate-login-gate / enforce-single-session	UNKNOWN STEP	2026-08-14T17:27:42.1950786Z  516ac23b2d22 Pull complete 
auth-duplicate-login-gate / enforce-single-session	UNKNOWN STEP	2026-08-14T17:27:42.1993801Z  d30adf595bd0 Extracting [==================================================>]     176B/176B
auth-duplicate-login-gate / enforce-single-session	UNKNOWN STEP	2026-08-14T17:27:42.1994674Z  d30adf595bd0 Extracting [==================================================>]     176B/176B
auth-duplicate-login-gate / enforce-single-session	UNKNOWN STEP	2026-08-14T17:27:42.2101620Z  d30adf595bd0 Pull complete 
auth-duplicate-login-gate / enforce-single-session	UNKNOWN STEP	2026-08-14T17:27:42.2111802Z  a5b616744b9f Extracting [==================================================>]     116B/116B
auth-duplicate-login-gate / enforce-single-session	UNKNOWN STEP	2026-08-14T17:27:42.2120573Z  a5b616744b9f Extracting [==================================================>]     116B/116B
auth-duplicate-login-gate / enforce-single-session	UNKNOWN STEP	2026-08-14T17:27:42.2202241Z  a5b616744b9f Pull complete 
auth-duplicate-login-gate / enforce-single-session	UNKNOWN STEP	2026-08-14T17:27:42.2310494Z  ecbc0f97fe87 Extracting [>                                                  ]  557.1kB/110.5MB
auth-duplicate-login-gate / enforce-single-session	UNKNOWN STEP	2026-08-14T17:27:42.2444963Z  eaae8a97b41c Extracting [==================================================>]  877.1kB/877.1kB
auth-duplicate-login-gate / enforce-single-session	UNKNOWN STEP	2026-08-14T17:27:42.2510211Z  72729072f786 Extracting [=======>                                           ]  5.964MB/40.89MB
auth-duplicate-login-gate / enforce-single-session	UNKNOWN STEP	2026-08-14T17:27:42.2550065Z  eaae8a97b41c Extracting [==================================================>]  877.1kB/877.1kB
auth-duplicate-login-gate / enforce-single-session	UNKNOWN STEP	2026-08-14T17:27:42.3415421Z  eaae8a97b41c Pull complete 
auth-duplicate-login-gate / enforce-single-session	UNKNOWN STEP	2026-08-14T17:27:42.3417871Z  63e63047b377 Pull complete 
auth-duplicate-login-gate / enforce-single-session	UNKNOWN STEP	2026-08-14T17:27:42.3428028Z  ecbc0f97fe87 Extracting [=>                                                 ]  2.228MB/110.5MB
auth-duplicate-login-gate / enforce-single-session	UNKNOWN STEP	2026-08-14T17:27:42.3454601Z  627d9d06d3d0 Extracting [>                                                  ]  131.1kB/12.41MB
auth-duplicate-login-gate / enforce-single-session	UNKNOWN STEP	2026-08-14T17:27:42.3584197Z  72729072f786 Extracting [=============>                                     ]  10.65MB/40.89MB
auth-duplicate-login-gate / enforce-single-session	UNKNOWN STEP	2026-08-14T17:27:42.4052178Z  8a47a25d3c73 Extracting [>                                                  ]  360.4kB/34.13MB
auth-duplicate-login-gate / enforce-single-session	UNKNOWN STEP	2026-08-14T17:27:42.4485436Z  627d9d06d3d0 Extracting [==========>                                        ]   2.49MB/12.41MB
auth-duplicate-login-gate / enforce-single-session	UNKNOWN STEP	2026-08-14T17:27:42.4491062Z  ecbc0f97fe87 Extracting [===>                                               ]  6.685MB/110.5MB
auth-duplicate-login-gate / enforce-single-session	UNKNOWN STEP	2026-08-14T17:27:42.4649930Z  72729072f786 Extracting [=================>                                 ]  14.48MB/40.89MB
auth-duplicate-login-gate / enforce-single-session	UNKNOWN STEP	2026-08-14T17:27:42.5168932Z  8a47a25d3c73 Extracting [==========>                                        ]  7.209MB/34.13MB
auth-duplicate-login-gate / enforce-single-session	UNKNOWN STEP	2026-08-14T17:27:42.5504031Z  627d9d06d3d0 Extracting [========================>                          ]  6.029MB/12.41MB
auth-duplicate-login-gate / enforce-single-session	UNKNOWN STEP	2026-08-14T17:27:42.5585686Z  ecbc0f97fe87 Extracting [=====>                                             ]   11.7MB/110.5MB
auth-duplicate-login-gate / enforce-single-session	UNKNOWN STEP	2026-08-14T17:27:42.5681349Z  72729072f786 Extracting [=====================>                             ]  17.47MB/40.89MB
auth-duplicate-login-gate / enforce-single-session	UNKNOWN STEP	2026-08-14T17:27:42.6178625Z  8a47a25d3c73 Extracting [================>                                  ]  11.53MB/34.13MB
auth-duplicate-login-gate / enforce-single-session	UNKNOWN STEP	2026-08-14T17:27:42.6554840Z  627d9d06d3d0 Extracting [=========================================>         ]  10.22MB/12.41MB
auth-duplicate-login-gate / enforce-single-session	UNKNOWN STEP	2026-08-14T17:27:42.6673751Z  ecbc0f97fe87 Extracting [=======>                                           ]  16.71MB/110.5MB
auth-duplicate-login-gate / enforce-single-session	UNKNOWN STEP	2026-08-14T17:27:42.6753461Z  72729072f786 Extracting [===========================>                       ]  22.58MB/40.89MB
auth-duplicate-login-gate / enforce-single-session	UNKNOWN STEP	2026-08-14T17:27:42.7091182Z  627d9d06d3d0 Extracting [==================================================>]  12.41MB/12.41MB
auth-duplicate-login-gate / enforce-single-session	UNKNOWN STEP	2026-08-14T17:27:42.7270321Z  8a47a25d3c73 Extracting [=======================>                           ]  16.22MB/34.13MB
auth-duplicate-login-gate / enforce-single-session	UNKNOWN STEP	2026-08-14T17:27:42.7524399Z  627d9d06d3d0 Pull complete 
auth-duplicate-login-gate / enforce-single-session	UNKNOWN STEP	2026-08-14T17:27:42.7583221Z  93ebed1aef27 Extracting [==================================================>]      99B/99B
auth-duplicate-login-gate / enforce-single-session	UNKNOWN STEP	2026-08-14T17:27:42.7591553Z  93ebed1aef27 Extracting [==================================================>]      99B/99B
auth-duplicate-login-gate / enforce-single-session	UNKNOWN STEP	2026-08-14T17:27:42.7907175Z  72729072f786 Extracting [================================>                  ]  26.84MB/40.89MB
auth-duplicate-login-gate / enforce-single-session	UNKNOWN STEP	2026-08-14T17:27:42.7914328Z  ecbc0f97fe87 Extracting [=========>                                         ]  20.61MB/110.5MB
auth-duplicate-login-gate / enforce-single-session	UNKNOWN STEP	2026-08-14T17:27:42.7925333Z  93ebed1aef27 Pull complete 
auth-duplicate-login-gate / enforce-single-session	UNKNOWN STEP	2026-08-14T17:27:42.7935598Z  4f4fb700ef54 Extracting [==================================================>]      32B/32B
auth-duplicate-login-gate / enforce-single-session	UNKNOWN STEP	2026-08-14T17:27:42.7946722Z  4f4fb700ef54 Extracting [==================================================>]      32B/32B
auth-duplicate-login-gate / enforce-single-session	UNKNOWN STEP	2026-08-14T17:27:42.8052199Z  4f4fb700ef54 Pull complete 
auth-duplicate-login-gate / enforce-single-session	UNKNOWN STEP	2026-08-14T17:27:42.8095978Z  db197c512a33 Extracting [==================================================>]     605B/605B
auth-duplicate-login-gate / enforce-single-session	UNKNOWN STEP	2026-08-14T17:27:42.8097739Z  db197c512a33 Extracting [==================================================>]     605B/605B
auth-duplicate-login-gate / enforce-single-session	UNKNOWN STEP	2026-08-14T17:27:42.8246937Z  db197c512a33 Pull complete 
auth-duplicate-login-gate / enforce-single-session	UNKNOWN STEP	2026-08-14T17:27:42.8322463Z  8a47a25d3c73 Extracting [============================>                      ]  19.46MB/34.13MB
auth-duplicate-login-gate / enforce-single-session	UNKNOWN STEP	2026-08-14T17:27:42.8360896Z  redis Pulled 
auth-duplicate-login-gate / enforce-single-session	UNKNOWN STEP	2026-08-14T17:27:42.8939914Z  ecbc0f97fe87 Extracting [===========>                                       ]  25.62MB/110.5MB
auth-duplicate-login-gate / enforce-single-session	UNKNOWN STEP	2026-08-14T17:27:42.8978875Z  72729072f786 Extracting [======================================>            ]  31.52MB/40.89MB
auth-duplicate-login-gate / enforce-single-session	UNKNOWN STEP	2026-08-14T17:27:42.9421812Z  8a47a25d3c73 Extracting [===================================>               ]  24.51MB/34.13MB
auth-duplicate-login-gate / enforce-single-session	UNKNOWN STEP	2026-08-14T17:27:42.9988614Z  ecbc0f97fe87 Extracting [==============>                                    ]  32.31MB/110.5MB
auth-duplicate-login-gate / enforce-single-session	UNKNOWN STEP	2026-08-14T17:27:43.0027907Z  72729072f786 Extracting [===========================================>       ]  35.36MB/40.89MB
auth-duplicate-login-gate / enforce-single-session	UNKNOWN STEP	2026-08-14T17:27:43.0428585Z  8a47a25d3c73 Extracting [===========================================>       ]  29.92MB/34.13MB
auth-duplicate-login-gate / enforce-single-session	UNKNOWN STEP	2026-08-14T17:27:43.1052941Z  ecbc0f97fe87 Extracting [=================>                                 ]  38.99MB/110.5MB
auth-duplicate-login-gate / enforce-single-session	UNKNOWN STEP	2026-08-14T17:27:43.1062599Z  72729072f786 Extracting [==================================================>]  40.89MB/40.89MB
auth-duplicate-login-gate / enforce-single-session	UNKNOWN STEP	2026-08-14T17:27:43.1447088Z  8a47a25d3c73 Extracting [=================================================> ]  33.52MB/34.13MB
auth-duplicate-login-gate / enforce-single-session	UNKNOWN STEP	2026-08-14T17:27:43.1488032Z  72729072f786 Pull complete 
auth-duplicate-login-gate / enforce-single-session	UNKNOWN STEP	2026-08-14T17:27:43.1509806Z  ad57128305dd Extracting [>                                                  ]  131.1kB/10.78MB
auth-duplicate-login-gate / enforce-single-session	UNKNOWN STEP	2026-08-14T17:27:43.1616249Z  8a47a25d3c73 Extracting [==================================================>]  34.13MB/34.13MB
auth-duplicate-login-gate / enforce-single-session	UNKNOWN STEP	2026-08-14T17:27:43.1755185Z  8a47a25d3c73 Pull complete 
auth-duplicate-login-gate / enforce-single-session	UNKNOWN STEP	2026-08-14T17:27:43.1785261Z  069540592fc8 Extracting [======================>                            ]  32.77kB/73.06kB
auth-duplicate-login-gate / enforce-single-session	UNKNOWN STEP	2026-08-14T17:27:43.1790899Z  069540592fc8 Extracting [==================================================>]  73.06kB/73.06kB
auth-duplicate-login-gate / enforce-single-session	UNKNOWN STEP	2026-08-14T17:27:43.1800540Z  069540592fc8 Extracting [==================================================>]  73.06kB/73.06kB
auth-duplicate-login-gate / enforce-single-session	UNKNOWN STEP	2026-08-14T17:27:43.2062836Z  ecbc0f97fe87 Extracting [====================>                              ]  44.56MB/110.5MB
auth-duplicate-login-gate / enforce-single-session	UNKNOWN STEP	2026-08-14T17:27:43.2063763Z  069540592fc8 Pull complete 
auth-duplicate-login-gate / enforce-single-session	UNKNOWN STEP	2026-08-14T17:27:43.2075629Z  c07b43438672 Extracting [==================================================>]   5.32kB/5.32kB
auth-duplicate-login-gate / enforce-single-session	UNKNOWN STEP	2026-08-14T17:27:43.2081347Z  c07b43438672 Extracting [==================================================>]   5.32kB/5.32kB
auth-duplicate-login-gate / enforce-single-session	UNKNOWN STEP	2026-08-14T17:27:43.2194887Z  c07b43438672 Pull complete 
auth-duplicate-login-gate / enforce-single-session	UNKNOWN STEP	2026-08-14T17:27:43.2208632Z  0e640495e52a Extracting [==================================================>]     909B/909B
auth-duplicate-login-gate / enforce-single-session	UNKNOWN STEP	2026-08-14T17:27:43.2212873Z  0e640495e52a Extracting [==================================================>]     909B/909B
auth-duplicate-login-gate / enforce-single-session	UNKNOWN STEP	2026-08-14T17:27:43.2341115Z  0e640495e52a Pull complete 
auth-duplicate-login-gate / enforce-single-session	UNKNOWN STEP	2026-08-14T17:27:43.2364888Z  04ac276eab40 Extracting [>                                                  ]   98.3kB/6.876MB
auth-duplicate-login-gate / enforce-single-session	UNKNOWN STEP	2026-08-14T17:27:43.2537717Z  ad57128305dd Extracting [======================>                            ]   4.85MB/10.78MB
auth-duplicate-login-gate / enforce-single-session	UNKNOWN STEP	2026-08-14T17:27:43.3117845Z  ecbc0f97fe87 Extracting [=======================>                           ]  51.25MB/110.5MB
auth-duplicate-login-gate / enforce-single-session	UNKNOWN STEP	2026-08-14T17:27:43.3401933Z  04ac276eab40 Extracting [=====================================>             ]   5.21MB/6.876MB
auth-duplicate-login-gate / enforce-single-session	UNKNOWN STEP	2026-08-14T17:27:43.3561303Z  ad57128305dd Extracting [=========================================>         ]  8.913MB/10.78MB
auth-duplicate-login-gate / enforce-single-session	UNKNOWN STEP	2026-08-14T17:27:43.3848496Z  04ac276eab40 Extracting [==================================================>]  6.876MB/6.876MB
auth-duplicate-login-gate / enforce-single-session	UNKNOWN STEP	2026-08-14T17:27:43.3872397Z  04ac276eab40 Extracting [==================================================>]  6.876MB/6.876MB
auth-duplicate-login-gate / enforce-single-session	UNKNOWN STEP	2026-08-14T17:27:43.3911467Z  ad57128305dd Extracting [==================================================>]  10.78MB/10.78MB
auth-duplicate-login-gate / enforce-single-session	UNKNOWN STEP	2026-08-14T17:27:43.4228283Z  ad57128305dd Pull complete 
auth-duplicate-login-gate / enforce-single-session	UNKNOWN STEP	2026-08-14T17:27:43.4230820Z  04ac276eab40 Pull complete 
auth-duplicate-login-gate / enforce-single-session	UNKNOWN STEP	2026-08-14T17:27:43.4237140Z  f634493814a0 Extracting [>                                                  ]  32.77kB/2.402MB
auth-duplicate-login-gate / enforce-single-session	UNKNOWN STEP	2026-08-14T17:27:43.4323136Z  ecbc0f97fe87 Extracting [=========================>                         ]  55.71MB/110.5MB
auth-duplicate-login-gate / enforce-single-session	UNKNOWN STEP	2026-08-14T17:27:43.4387665Z  qdrant Pulled 
auth-duplicate-login-gate / enforce-single-session	UNKNOWN STEP	2026-08-14T17:27:43.4562652Z  f634493814a0 Extracting [==================================================>]  2.402MB/2.402MB
auth-duplicate-login-gate / enforce-single-session	UNKNOWN STEP	2026-08-14T17:27:43.4670354Z  f634493814a0 Pull complete 
auth-duplicate-login-gate / enforce-single-session	UNKNOWN STEP	2026-08-14T17:27:43.4682176Z  bca14f032577 Extracting [=========>                                         ]  32.77kB/173.4kB
auth-duplicate-login-gate / enforce-single-session	UNKNOWN STEP	2026-08-14T17:27:43.4739501Z  bca14f032577 Extracting [==================================================>]  173.4kB/173.4kB
auth-duplicate-login-gate / enforce-single-session	UNKNOWN STEP	2026-08-14T17:27:43.4753658Z  bca14f032577 Extracting [==================================================>]  173.4kB/173.4kB
auth-duplicate-login-gate / enforce-single-session	UNKNOWN STEP	2026-08-14T17:27:43.4859681Z  bca14f032577 Pull complete 
auth-duplicate-login-gate / enforce-single-session	UNKNOWN STEP	2026-08-14T17:27:43.4871566Z  2390426de7ed Extracting [==================================================>]  11.87kB/11.87kB
auth-duplicate-login-gate / enforce-single-session	UNKNOWN STEP	2026-08-14T17:27:43.4874621Z  2390426de7ed Extracting [==================================================>]  11.87kB/11.87kB
auth-duplicate-login-gate / enforce-single-session	UNKNOWN STEP	2026-08-14T17:27:43.4947424Z  2390426de7ed Pull complete 
auth-duplicate-login-gate / enforce-single-session	UNKNOWN STEP	2026-08-14T17:27:43.4952612Z  d8d02ca4ca98 Extracting [==================================================>]     495B/495B
auth-duplicate-login-gate / enforce-single-session	UNKNOWN STEP	2026-08-14T17:27:43.4960957Z  d8d02ca4ca98 Extracting [==================================================>]     495B/495B
auth-duplicate-login-gate / enforce-single-session	UNKNOWN STEP	2026-08-14T17:27:43.5045056Z  d8d02ca4ca98 Pull complete 
auth-duplicate-login-gate / enforce-single-session	UNKNOWN STEP	2026-08-14T17:27:43.5102536Z  minio Pulled 
auth-duplicate-login-gate / enforce-single-session	UNKNOWN STEP	2026-08-14T17:27:43.5333627Z  ecbc0f97fe87 Extracting [===========================>                       ]  60.16MB/110.5MB
auth-duplicate-login-gate / enforce-single-session	UNKNOWN STEP	2026-08-14T17:27:43.6347005Z  ecbc0f97fe87 Extracting [===============================>                   ]  68.52MB/110.5MB
auth-duplicate-login-gate / enforce-single-session	UNKNOWN STEP	2026-08-14T17:27:43.7352684Z  ecbc0f97fe87 Extracting [===================================>               ]  77.43MB/110.5MB
auth-duplicate-login-gate / enforce-single-session	UNKNOWN STEP	2026-08-14T17:27:43.8865869Z  ecbc0f97fe87 Extracting [====================================>              ]  81.33MB/110.5MB
auth-duplicate-login-gate / enforce-single-session	UNKNOWN STEP	2026-08-14T17:27:44.0019693Z  ecbc0f97fe87 Extracting [======================================>            ]  84.12MB/110.5MB
auth-duplicate-login-gate / enforce-single-session	UNKNOWN STEP	2026-08-14T17:27:44.1065383Z  ecbc0f97fe87 Extracting [========================================>          ]  89.13MB/110.5MB
auth-duplicate-login-gate / enforce-single-session	UNKNOWN STEP	2026-08-14T17:27:44.2146789Z  ecbc0f97fe87 Extracting [===========================================>       ]  95.26MB/110.5MB
auth-duplicate-login-gate / enforce-single-session	UNKNOWN STEP	2026-08-14T17:27:44.3165967Z  ecbc0f97fe87 Extracting [=============================================>     ]  99.71MB/110.5MB
auth-duplicate-login-gate / enforce-single-session	UNKNOWN STEP	2026-08-14T17:27:44.4188661Z  ecbc0f97fe87 Extracting [=================================================> ]  109.7MB/110.5MB
auth-duplicate-login-gate / enforce-single-session	UNKNOWN STEP	2026-08-14T17:27:44.4436953Z  ecbc0f97fe87 Extracting [==================================================>]  110.5MB/110.5MB
auth-duplicate-login-gate / enforce-single-session	UNKNOWN STEP	2026-08-14T17:27:44.5958956Z  ecbc0f97fe87 Pull complete 
auth-duplicate-login-gate / enforce-single-session	UNKNOWN STEP	2026-08-14T17:27:44.5967653Z  26065aa66f8d Extracting [==================================================>]  9.487kB/9.487kB
auth-duplicate-login-gate / enforce-single-session	UNKNOWN STEP	2026-08-14T17:27:44.5969776Z  26065aa66f8d Extracting [==================================================>]  9.487kB/9.487kB
auth-duplicate-login-gate / enforce-single-session	UNKNOWN STEP	2026-08-14T17:27:44.6048168Z  26065aa66f8d Pull complete 
auth-duplicate-login-gate / enforce-single-session	UNKNOWN STEP	2026-08-14T17:27:44.6065918Z  4989bdaa0ad3 Extracting [==================================================>]     128B/128B
auth-duplicate-login-gate / enforce-single-session	UNKNOWN STEP	2026-08-14T17:27:44.6069115Z  4989bdaa0ad3 Extracting [==================================================>]     128B/128B
auth-duplicate-login-gate / enforce-single-session	UNKNOWN STEP	2026-08-14T17:27:44.6193068Z  4989bdaa0ad3 Pull complete 
auth-duplicate-login-gate / enforce-single-session	UNKNOWN STEP	2026-08-14T17:27:44.6202546Z  0141deae452e Extracting [==================================================>]     168B/168B
auth-duplicate-login-gate / enforce-single-session	UNKNOWN STEP	2026-08-14T17:27:44.6205507Z  0141deae452e Extracting [==================================================>]     168B/168B
auth-duplicate-login-gate / enforce-single-session	UNKNOWN STEP	2026-08-14T17:27:44.6285699Z  0141deae452e Pull complete 
auth-duplicate-login-gate / enforce-single-session	UNKNOWN STEP	2026-08-14T17:27:44.6294190Z  e7426913c582 Extracting [==================================================>]  6.109kB/6.109kB
auth-duplicate-login-gate / enforce-single-session	UNKNOWN STEP	2026-08-14T17:27:44.6296559Z  e7426913c582 Extracting [==================================================>]  6.109kB/6.109kB
auth-duplicate-login-gate / enforce-single-session	UNKNOWN STEP	2026-08-14T17:27:44.6357451Z  e7426913c582 Pull complete 
auth-duplicate-login-gate / enforce-single-session	UNKNOWN STEP	2026-08-14T17:27:44.6368478Z  236e3b4c2204 Extracting [==================================================>]     186B/186B
auth-duplicate-login-gate / enforce-single-session	UNKNOWN STEP	2026-08-14T17:27:44.6378276Z  236e3b4c2204 Extracting [==================================================>]     186B/186B
auth-duplicate-login-gate / enforce-single-session	UNKNOWN STEP	2026-08-14T17:27:44.6429061Z  236e3b4c2204 Pull complete 
auth-duplicate-login-gate / enforce-single-session	UNKNOWN STEP	2026-08-14T17:27:44.6475533Z  postgres Pulled 
auth-duplicate-login-gate / enforce-single-session	UNKNOWN STEP	2026-08-14T17:27:47.1625375Z #1 [internal] load local bake definitions
auth-duplicate-login-gate / enforce-single-session	UNKNOWN STEP	2026-08-14T17:27:47.3172663Z #1 reading from stdin 1.06kB done
auth-duplicate-login-gate / enforce-single-session	UNKNOWN STEP	2026-08-14T17:27:47.3173211Z #1 DONE 0.0s
auth-duplicate-login-gate / enforce-single-session	UNKNOWN STEP	2026-08-14T17:27:47.5359521Z 
auth-duplicate-login-gate / enforce-single-session	UNKNOWN STEP	2026-08-14T17:27:47.5360385Z #2 [interpreter-service internal] load build definition from Dockerfile.backend
auth-duplicate-login-gate / enforce-single-session	UNKNOWN STEP	2026-08-14T17:27:47.5360963Z #2 transferring dockerfile: 1.10kB 0.0s done
auth-duplicate-login-gate / enforce-single-session	UNKNOWN STEP	2026-08-14T17:27:47.5361327Z #2 DONE 0.0s
auth-duplicate-login-gate / enforce-single-session	UNKNOWN STEP	2026-08-14T17:27:47.5361471Z 
auth-duplicate-login-gate / enforce-single-session	UNKNOWN STEP	2026-08-14T17:27:47.5361774Z #3 [interpreter-service internal] load metadata for docker.io/library/python:3.13-slim
auth-duplicate-login-gate / enforce-single-session	UNKNOWN STEP	2026-08-14T17:27:47.7115961Z #3 ...
auth-duplicate-login-gate / enforce-single-session	UNKNOWN STEP	2026-08-14T17:27:47.7116258Z 
auth-duplicate-login-gate / enforce-single-session	UNKNOWN STEP	2026-08-14T17:27:47.7116585Z #4 [auth] library/python:pull token for registry-1.docker.io
auth-duplicate-login-gate / enforce-single-session	UNKNOWN STEP	2026-08-14T17:27:47.7117141Z #4 DONE 0.0s
auth-duplicate-login-gate / enforce-single-session	UNKNOWN STEP	2026-08-14T17:27:47.8619979Z 
auth-duplicate-login-gate / enforce-single-session	UNKNOWN STEP	2026-08-14T17:27:47.8620824Z #3 [interpreter-service internal] load metadata for docker.io/library/python:3.13-slim
auth-duplicate-login-gate / enforce-single-session	UNKNOWN STEP	2026-08-14T17:27:48.3667344Z #3 DONE 0.8s
auth-duplicate-login-gate / enforce-single-session	UNKNOWN STEP	2026-08-14T17:27:48.3669020Z 
auth-duplicate-login-gate / enforce-single-session	UNKNOWN STEP	2026-08-14T17:27:48.3674519Z #5 [interpreter-service internal] load .dockerignore
auth-duplicate-login-gate / enforce-single-session	UNKNOWN STEP	2026-08-14T17:27:48.3676715Z #5 transferring context: 1.23kB done
auth-duplicate-login-gate / enforce-single-session	UNKNOWN STEP	2026-08-14T17:27:48.3677328Z #5 DONE 0.0s
auth-duplicate-login-gate / enforce-single-session	UNKNOWN STEP	2026-08-14T17:27:48.3677813Z 
auth-duplicate-login-gate / enforce-single-session	UNKNOWN STEP	2026-08-14T17:27:48.3678753Z #6 [music-service 1/6] FROM docker.io/library/python:3.13-slim@sha256:ffb752e139c0a19692a43af8d8523b274222dd68eebad5d583b45c2201c6e30a
auth-duplicate-login-gate / enforce-single-session	UNKNOWN STEP	2026-08-14T17:27:48.3685084Z #6 resolve docker.io/library/python:3.13-slim@sha256:ffb752e139c0a19692a43af8d8523b274222dd68eebad5d583b45c2201c6e30a done
auth-duplicate-login-gate / enforce-single-session	UNKNOWN STEP	2026-08-14T17:27:48.4689697Z #6 sha256:f5ea60e5d57e62f66284f9d9d3d6531b3e213ae0317ac34ac1bc89d0aea60e50 0B / 1.29MB 0.2s
auth-duplicate-login-gate / enforce-single-session	UNKNOWN STEP	2026-08-14T17:27:48.4691058Z #6 sha256:c915bfca5450ca312ac59414e14f2889a3461e4fb3a5267b4b7eab95a83fbdc0 0B / 11.91MB 0.2s
auth-duplicate-login-gate / enforce-single-session	UNKNOWN STEP	2026-08-14T17:27:48.4692275Z #6 sha256:ffb752e139c0a19692a43af8d8523b274222dd68eebad5d583b45c2201c6e30a 10.37kB / 10.37kB done
auth-duplicate-login-gate / enforce-single-session	UNKNOWN STEP	2026-08-14T17:27:48.4693440Z #6 sha256:8fef26df932191825664e4957ff488c96dfe64918327634a357a55facbc994d3 1.75kB / 1.75kB done
auth-duplicate-login-gate / enforce-single-session	UNKNOWN STEP	2026-08-14T17:27:48.4694580Z #6 sha256:9351a9a0a697a69e156f8bd067dd5ef3f9fa9b110abbdbbda1f343c622c7adc0 5.51kB / 5.51kB done
auth-duplicate-login-gate / enforce-single-session	UNKNOWN STEP	2026-08-14T17:27:48.4695751Z #6 sha256:26c307b5e35a59ce911f5fde5b9458120ec8734e831ea2da5649a9ad14abfd3d 16.78MB / 29.78MB 0.2s
auth-duplicate-login-gate / enforce-single-session	UNKNOWN STEP	2026-08-14T17:27:48.5703242Z #6 sha256:f5ea60e5d57e62f66284f9d9d3d6531b3e213ae0317ac34ac1bc89d0aea60e50 1.29MB / 1.29MB 0.3s done
auth-duplicate-login-gate / enforce-single-session	UNKNOWN STEP	2026-08-14T17:27:48.5713931Z #6 sha256:c915bfca5450ca312ac59414e14f2889a3461e4fb3a5267b4b7eab95a83fbdc0 11.91MB / 11.91MB 0.3s done
auth-duplicate-login-gate / enforce-single-session	UNKNOWN STEP	2026-08-14T17:27:48.5715523Z #6 sha256:26c307b5e35a59ce911f5fde5b9458120ec8734e831ea2da5649a9ad14abfd3d 29.78MB / 29.78MB 0.2s done
auth-duplicate-login-gate / enforce-single-session	UNKNOWN STEP	2026-08-14T17:27:48.5716958Z #6 extracting sha256:26c307b5e35a59ce911f5fde5b9458120ec8734e831ea2da5649a9ad14abfd3d
auth-duplicate-login-gate / enforce-single-session	UNKNOWN STEP	2026-08-14T17:27:48.5718615Z #6 sha256:31a024bb115af91f13f0a42f2e1bf3766c5aad8a2e9984729f9e0b1c38c1378f 0B / 249B 0.3s
auth-duplicate-login-gate / enforce-single-session	UNKNOWN STEP	2026-08-14T17:27:48.7713950Z #6 sha256:31a024bb115af91f13f0a42f2e1bf3766c5aad8a2e9984729f9e0b1c38c1378f 249B / 249B 0.3s done
auth-duplicate-login-gate / enforce-single-session	UNKNOWN STEP	2026-08-14T17:27:49.9618306Z #6 ...
auth-duplicate-login-gate / enforce-single-session	UNKNOWN STEP	2026-08-14T17:27:49.9618602Z 
auth-duplicate-login-gate / enforce-single-session	UNKNOWN STEP	2026-08-14T17:27:49.9619070Z #7 [backend internal] load build context
auth-duplicate-login-gate / enforce-single-session	UNKNOWN STEP	2026-08-14T17:27:49.9619600Z #7 transferring context: 236.17MB 1.7s done
auth-duplicate-login-gate / enforce-single-session	UNKNOWN STEP	2026-08-14T17:27:49.9620198Z #7 DONE 1.7s
auth-duplicate-login-gate / enforce-single-session	UNKNOWN STEP	2026-08-14T17:27:49.9620336Z 
auth-duplicate-login-gate / enforce-single-session	UNKNOWN STEP	2026-08-14T17:27:49.9620916Z #6 [music-service 1/6] FROM docker.io/library/python:3.13-slim@sha256:ffb752e139c0a19692a43af8d8523b274222dd68eebad5d583b45c2201c6e30a
auth-duplicate-login-gate / enforce-single-session	UNKNOWN STEP	2026-08-14T17:27:50.1192770Z #6 extracting sha256:26c307b5e35a59ce911f5fde5b9458120ec8734e831ea2da5649a9ad14abfd3d 1.5s done
auth-duplicate-login-gate / enforce-single-session	UNKNOWN STEP	2026-08-14T17:27:50.1193738Z #6 extracting sha256:f5ea60e5d57e62f66284f9d9d3d6531b3e213ae0317ac34ac1bc89d0aea60e50 0.1s done
auth-duplicate-login-gate / enforce-single-session	UNKNOWN STEP	2026-08-14T17:27:50.2695926Z #6 extracting sha256:f5ea60e5d57e62f66284f9d9d3d6531b3e213ae0317ac34ac1bc89d0aea60e50 0.1s done
auth-duplicate-login-gate / enforce-single-session	UNKNOWN STEP	2026-08-14T17:27:50.6624669Z #6 extracting sha256:c915bfca5450ca312ac59414e14f2889a3461e4fb3a5267b4b7eab95a83fbdc0
auth-duplicate-login-gate / enforce-single-session	UNKNOWN STEP	2026-08-14T17:27:51.3094086Z #6 extracting sha256:c915bfca5450ca312ac59414e14f2889a3461e4fb3a5267b4b7eab95a83fbdc0 0.4s done
auth-duplicate-login-gate / enforce-single-session	UNKNOWN STEP	2026-08-14T17:27:51.3095393Z #6 extracting sha256:31a024bb115af91f13f0a42f2e1bf3766c5aad8a2e9984729f9e0b1c38c1378f done
auth-duplicate-login-gate / enforce-single-session	UNKNOWN STEP	2026-08-14T17:27:51.3096219Z #6 DONE 2.9s
auth-duplicate-login-gate / enforce-single-session	UNKNOWN STEP	2026-08-14T17:27:51.3096425Z 
auth-duplicate-login-gate / enforce-single-session	UNKNOWN STEP	2026-08-14T17:27:51.3096670Z #8 [interpreter-service 2/6] WORKDIR /app
auth-duplicate-login-gate / enforce-single-session	UNKNOWN STEP	2026-08-14T17:27:51.3097165Z #8 DONE 0.0s
auth-duplicate-login-gate / enforce-single-session	UNKNOWN STEP	2026-08-14T17:27:51.3097368Z 
auth-duplicate-login-gate / enforce-single-session	UNKNOWN STEP	2026-08-14T17:27:51.3098745Z #9 [interpreter-service 3/6] RUN apt-get update &&     apt-get install -y --no-install-recommends         ffmpeg         build-essential         espeak-ng         alsa-utils         portaudio19-dev         gcc &&     rm -rf /var/lib/apt/lists/*
auth-duplicate-login-gate / enforce-single-session	UNKNOWN STEP	2026-08-14T17:27:51.3129308Z #9 0.155 Hit:1 http://deb.debian.org/debian trixie InRelease
auth-duplicate-login-gate / enforce-single-session	UNKNOWN STEP	2026-08-14T17:27:51.4425192Z #9 0.157 Get:2 http://deb.debian.org/debian trixie-updates InRelease [47.3 kB]
auth-duplicate-login-gate / enforce-single-session	UNKNOWN STEP	2026-08-14T17:27:51.4426159Z #9 0.172 Get:3 http://deb.debian.org/debian-security trixie-security InRelease [43.4 kB]
auth-duplicate-login-gate / enforce-single-session	UNKNOWN STEP	2026-08-14T17:27:51.4427151Z #9 0.183 Get:4 http://deb.debian.org/debian trixie/main amd64 Packages [9673 kB]
auth-duplicate-login-gate / enforce-single-session	UNKNOWN STEP	2026-08-14T17:27:51.6048636Z #9 0.285 Get:5 http://deb.debian.org/debian trixie-updates/main amd64 Packages [4412 B]
auth-duplicate-login-gate / enforce-single-session	UNKNOWN STEP	2026-08-14T17:27:51.6049405Z #9 0.297 Get:6 http://deb.debian.org/debian-security trixie-security/main amd64 Packages [242 kB]
auth-duplicate-login-gate / enforce-single-session	UNKNOWN STEP	2026-08-14T17:27:52.2695358Z #9 0.962 Fetched 10.0 MB in 1s (12.0 MB/s)
auth-duplicate-login-gate / enforce-single-session	UNKNOWN STEP	2026-08-14T17:27:52.7843445Z #9 0.962 Reading package lists...
auth-duplicate-login-gate / enforce-single-session	UNKNOWN STEP	2026-08-14T17:27:53.2381785Z #9 1.476 Reading package lists...
auth-duplicate-login-gate / enforce-single-session	UNKNOWN STEP	2026-08-14T17:27:53.3773817Z #9 1.976 Building dependency tree...
auth-duplicate-login-gate / enforce-single-session	UNKNOWN STEP	2026-08-14T17:27:53.3774568Z #9 2.081 Reading state information...
auth-duplicate-login-gate / enforce-single-session	UNKNOWN STEP	2026-08-14T17:27:53.5303974Z #9 2.220 The following additional packages will be installed:
auth-duplicate-login-gate / enforce-single-session	UNKNOWN STEP	2026-08-14T17:27:53.5305447Z #9 2.220   binutils binutils-common binutils-x86-64-linux-gnu bzip2 cpp cpp-14
auth-duplicate-login-gate / enforce-single-session	UNKNOWN STEP	2026-08-14T17:27:53.5306695Z #9 2.220   cpp-14-x86-64-linux-gnu cpp-x86-64-linux-gnu dpkg-dev espeak-ng-data
auth-duplicate-login-gate / enforce-single-session	UNKNOWN STEP	2026-08-14T17:27:53.5308082Z #9 2.220   fontconfig fontconfig-config fonts-dejavu-core fonts-dejavu-mono g++ g++-14
auth-duplicate-login-gate / enforce-single-session	UNKNOWN STEP	2026-08-14T17:27:53.5309298Z #9 2.220   g++-14-x86-64-linux-gnu g++-x86-64-linux-gnu gcc-14 gcc-14-x86-64-linux-gnu
auth-duplicate-login-gate / enforce-single-session	UNKNOWN STEP	2026-08-14T17:27:53.5310447Z #9 2.220   gcc-x86-64-linux-gnu kmod libaom3 libasan8 libasound2-data libasound2-dev
auth-duplicate-login-gate / enforce-single-session	UNKNOWN STEP	2026-08-14T17:27:53.5312064Z #9 2.220   libasound2t64 libass9 libasyncns0 libatomic1 libatopology2t64 libavc1394-0
auth-duplicate-login-gate / enforce-single-session	UNKNOWN STEP	2026-08-14T17:27:53.5313261Z #9 2.220   libavcodec61 libavdevice61 libavfilter10 libavformat61 libavutil59
auth-duplicate-login-gate / enforce-single-session	UNKNOWN STEP	2026-08-14T17:27:53.5314422Z #9 2.220   libbinutils libblas3 libbluray2 libbrotli1 libbs2b0 libc-dev-bin libc6-dev
auth-duplicate-login-gate / enforce-single-session	UNKNOWN STEP	2026-08-14T17:27:53.5315554Z #9 2.220   libcaca0 libcairo-gobject2 libcairo2 libcc1-0 libcdio-cdda2t64
auth-duplicate-login-gate / enforce-single-session	UNKNOWN STEP	2026-08-14T17:27:53.5316692Z #9 2.220   libcdio-paranoia2t64 libcdio19t64 libchromaprint1 libcjson1 libcodec2-1.2
auth-duplicate-login-gate / enforce-single-session	UNKNOWN STEP	2026-08-14T17:27:53.5317959Z #9 2.220   libcom-err2 libcrypt-dev libctf-nobfd0 libctf0 libdatrie1 libdav1d7
auth-duplicate-login-gate / enforce-single-session	UNKNOWN STEP	2026-08-14T17:27:53.5318961Z #9 2.220   libdbus-1-3 libdc1394-25 libdecor-0-0 libdeflate0 libdpkg-perl
auth-duplicate-login-gate / enforce-single-session	UNKNOWN STEP	2026-08-14T17:27:53.5320057Z #9 2.220   libdrm-amdgpu1 libdrm-common libdrm-intel1 libdrm2 libdvdnav4 libdvdread8t64
auth-duplicate-login-gate / enforce-single-session	UNKNOWN STEP	2026-08-14T17:27:53.5321200Z #9 2.220   libedit2 libelf1t64 libespeak-ng1 libexpat1 libfftw3-double3
auth-duplicate-login-gate / enforce-single-session	UNKNOWN STEP	2026-08-14T17:27:53.5322341Z #9 2.220   libfftw3-single3 libflac14 libflite1 libfontconfig1 libfreetype6 libfribidi0
auth-duplicate-login-gate / enforce-single-session	UNKNOWN STEP	2026-08-14T17:27:53.5323482Z #9 2.220   libgbm1 libgcc-14-dev libgdbm-compat4t64 libgdk-pixbuf-2.0-0
auth-duplicate-login-gate / enforce-single-session	UNKNOWN STEP	2026-08-14T17:27:53.5324583Z #9 2.220   libgdk-pixbuf2.0-common libgfortran5 libgl1 libgl1-mesa-dri libglib2.0-0t64
auth-duplicate-login-gate / enforce-single-session	UNKNOWN STEP	2026-08-14T17:27:53.5325790Z #9 2.220   libglvnd0 libglx-mesa0 libglx0 libgme0 libgnutls30t64 libgomp1 libgprofng0
auth-duplicate-login-gate / enforce-single-session	UNKNOWN STEP	2026-08-14T17:27:53.5326991Z #9 2.220   libgraphite2-3 libgsm1 libgssapi-krb5-2 libharfbuzz0b libhwasan0 libhwy1t64
auth-duplicate-login-gate / enforce-single-session	UNKNOWN STEP	2026-08-14T17:27:53.5328342Z #9 2.220   libidn2-0 libiec61883-0 libisl23 libitm1 libjack-jackd2-0 libjack-jackd2-dev
auth-duplicate-login-gate / enforce-single-session	UNKNOWN STEP	2026-08-14T17:27:53.5329555Z #9 2.220   libjansson4 libjbig0 libjpeg62-turbo libjxl0.11 libk5crypto3 libkeyutils1
auth-duplicate-login-gate / enforce-single-session	UNKNOWN STEP	2026-08-14T17:27:53.5330691Z #9 2.220   libkmod2 libkrb5-3 libkrb5support0 liblapack3 liblcms2-2 liblerc4
auth-duplicate-login-gate / enforce-single-session	UNKNOWN STEP	2026-08-14T17:27:53.5331826Z #9 2.220   liblilv-0-0 libllvm19 liblsan0 libmbedcrypto16 libmp3lame0 libmpc3 libmpfr6
auth-duplicate-login-gate / enforce-single-session	UNKNOWN STEP	2026-08-14T17:27:53.5333005Z #9 2.221   libmpg123-0t64 libmysofa1 libnorm1t64 libnuma1 libogg0 libopenal-data
auth-duplicate-login-gate / enforce-single-session	UNKNOWN STEP	2026-08-14T17:27:53.5334175Z #9 2.221   libopenal1 libopenjp2-7 libopenmpt0t64 libopus0 libp11-kit0 libpango-1.0-0
auth-duplicate-login-gate / enforce-single-session	UNKNOWN STEP	2026-08-14T17:27:53.5335377Z #9 2.221   libpangocairo-1.0-0 libpangoft2-1.0-0 libpcaudio0 libpciaccess0 libperl5.40
auth-duplicate-login-gate / enforce-single-session	UNKNOWN STEP	2026-08-14T17:27:53.5336587Z #9 2.221   libpgm-5.3-0t64 libpixman-1-0 libplacebo349 libpng16-16t64 libpocketsphinx3
auth-duplicate-login-gate / enforce-single-session	UNKNOWN STEP	2026-08-14T17:27:53.5337896Z #9 2.221   libportaudio2 libportaudiocpp0 libpostproc58 libpulse0 libquadmath0
auth-duplicate-login-gate / enforce-single-session	UNKNOWN STEP	2026-08-14T17:27:53.5339061Z #9 2.221   librabbitmq4 librav1e0.7 libraw1394-11 librist4 librsvg2-2 librubberband2
auth-duplicate-login-gate / enforce-single-session	UNKNOWN STEP	2026-08-14T17:27:53.5340505Z #9 2.221   libsamplerate0 libsdl2-2.0-0 libsensors-config libsensors5 libserd-0-0
auth-duplicate-login-gate / enforce-single-session	UNKNOWN STEP	2026-08-14T17:27:53.5341631Z #9 2.221   libsframe1 libsharpyuv0 libshine3 libslang2 libsnappy1v5 libsndfile1
auth-duplicate-login-gate / enforce-single-session	UNKNOWN STEP	2026-08-14T17:27:53.5342786Z #9 2.221   libsodium23 libsonic0 libsord-0-0 libsoxr0 libspeex1 libsphinxbase3t64
auth-duplicate-login-gate / enforce-single-session	UNKNOWN STEP	2026-08-14T17:27:53.5343941Z #9 2.221   libsratom-0-0 libsrt1.5-gnutls libssh-4 libstdc++-14-dev libsvtav1enc2
auth-duplicate-login-gate / enforce-single-session	UNKNOWN STEP	2026-08-14T17:27:53.5345126Z #9 2.221   libswresample5 libswscale8 libtasn1-6 libthai-data libthai0 libtheoradec1
auth-duplicate-login-gate / enforce-single-session	UNKNOWN STEP	2026-08-14T17:27:53.5346285Z #9 2.221   libtheoraenc1 libtiff6 libtsan2 libtwolame0 libubsan1 libudfread0
auth-duplicate-login-gate / enforce-single-session	UNKNOWN STEP	2026-08-14T17:27:53.5347403Z #9 2.221   libunibreak6 libunistring5 libusb-1.0-0 libva-drm2 libva-x11-2 libva2
auth-duplicate-login-gate / enforce-single-session	UNKNOWN STEP	2026-08-14T17:27:53.5348694Z #9 2.221   libvdpau1 libvidstab1.1 libvorbis0a libvorbisenc2 libvorbisfile3 libvpl2
auth-duplicate-login-gate / enforce-single-session	UNKNOWN STEP	2026-08-14T17:27:53.5349869Z #9 2.221   libvpx9 libvulkan1 libwayland-client0 libwayland-cursor0 libwayland-egl1
auth-duplicate-login-gate / enforce-single-session	UNKNOWN STEP	2026-08-14T17:27:53.5351047Z #9 2.221   libwayland-server0 libwebp7 libwebpmux3 libx11-6 libx11-data libx11-xcb1
auth-duplicate-login-gate / enforce-single-session	UNKNOWN STEP	2026-08-14T17:27:53.5352240Z #9 2.221   libx264-164 libx265-215 libxau6 libxcb-dri3-0 libxcb-glx0 libxcb-present0
auth-duplicate-login-gate / enforce-single-session	UNKNOWN STEP	2026-08-14T17:27:53.5353362Z #9 2.221   libxcb-randr0 libxcb-render0 libxcb-shape0 libxcb-shm0 libxcb-sync1
auth-duplicate-login-gate / enforce-single-session	UNKNOWN STEP	2026-08-14T17:27:53.5354486Z #9 2.221   libxcb-xfixes0 libxcb1 libxcursor1 libxdmcp6 libxext6 libxfixes3 libxi6
auth-duplicate-login-gate / enforce-single-session	UNKNOWN STEP	2026-08-14T17:27:53.5355820Z #9 2.221   libxkbcommon0 libxml2 libxrandr2 libxrender1 libxshmfence1 libxss1 libxv1
auth-duplicate-login-gate / enforce-single-session	UNKNOWN STEP	2026-08-14T17:27:53.5357025Z #9 2.221   libxvidcore4 libxxf86vm1 libz3-4 libzimg2 libzix-0-0 libzmq5 libzvbi-common
auth-duplicate-login-gate / enforce-single-session	UNKNOWN STEP	2026-08-14T17:27:53.5358343Z #9 2.221   libzvbi0t64 linux-libc-dev make mesa-libgallium ocl-icd-libopencl1 patch
auth-duplicate-login-gate / enforce-single-session	UNKNOWN STEP	2026-08-14T17:27:53.5359531Z #9 2.221   perl perl-modules-5.40 rpcsvc-proto shared-mime-info x11-common xkb-data
auth-duplicate-login-gate / enforce-single-session	UNKNOWN STEP	2026-08-14T17:27:53.5360446Z #9 2.222   xz-utils
auth-duplicate-login-gate / enforce-single-session	UNKNOWN STEP	2026-08-14T17:27:53.5361274Z #9 2.223 Suggested packages:
auth-duplicate-login-gate / enforce-single-session	UNKNOWN STEP	2026-08-14T17:27:53.5362142Z #9 2.223   dialog binutils-doc gprofng-gui binutils-gold bzip2-doc cpp-doc
auth-duplicate-login-gate / enforce-single-session	UNKNOWN STEP	2026-08-14T17:27:53.5363249Z #9 2.223   gcc-14-locales cpp-14-doc debian-keyring debian-tag2upload-keyring
auth-duplicate-login-gate / enforce-single-session	UNKNOWN STEP	2026-08-14T17:27:53.5364255Z #9 2.223   ffmpeg-doc g++-multilib g++-14-multilib gcc-14-doc gcc-multilib manpages-dev
auth-duplicate-login-gate / enforce-single-session	UNKNOWN STEP	2026-08-14T17:27:53.5364862Z #9 2.223   autoconf automake libtool flex bison gdb gcc-doc gcc-14-multilib
auth-duplicate-login-gate / enforce-single-session	UNKNOWN STEP	2026-08-14T17:27:53.5365466Z #9 2.223   gdb-x86-64-linux-gnu libasound2-doc libasound2-plugins libcuda1 libnvcuvid1
auth-duplicate-login-gate / enforce-single-session	UNKNOWN STEP	2026-08-14T17:27:53.5366115Z #9 2.223   libnvidia-encode1 libbluray-bdj libc-devtools glibc-doc sq | sqop | rsop
auth-duplicate-login-gate / enforce-single-session	UNKNOWN STEP	2026-08-14T17:27:53.5366762Z #9 2.223   | gosop | pgpainless-cli | gpg-sq | gnupg sensible-utils git bzr libdvdcss2
auth-duplicate-login-gate / enforce-single-session	UNKNOWN STEP	2026-08-14T17:27:53.5367383Z #9 2.223   libfftw3-bin libfftw3-dev low-memory-monitor gnutls-bin krb5-doc krb5-user
auth-duplicate-login-gate / enforce-single-session	UNKNOWN STEP	2026-08-14T17:27:53.5368247Z #9 2.223   jackd2 liblcms2-utils libsndio7.0 opus-tools pciutils pulseaudio
auth-duplicate-login-gate / enforce-single-session	UNKNOWN STEP	2026-08-14T17:27:53.5368809Z #9 2.223   libraw1394-doc librsvg2-bin xdg-utils lm-sensors serdi sordi speex
auth-duplicate-login-gate / enforce-single-session	UNKNOWN STEP	2026-08-14T17:27:53.5369370Z #9 2.223   libstdc++-14-doc make-doc opencl-icd ed diffutils-doc perl-doc
auth-duplicate-login-gate / enforce-single-session	UNKNOWN STEP	2026-08-14T17:27:53.5369905Z #9 2.223   libterm-readline-gnu-perl | libterm-readline-perl-perl
auth-duplicate-login-gate / enforce-single-session	UNKNOWN STEP	2026-08-14T17:27:53.5370397Z #9 2.223   libtap-harness-archive-perl portaudio19-doc
auth-duplicate-login-gate / enforce-single-session	UNKNOWN STEP	2026-08-14T17:27:53.5370778Z #9 2.223 Recommended packages:
auth-duplicate-login-gate / enforce-single-session	UNKNOWN STEP	2026-08-14T17:27:53.5371219Z #9 2.223   fakeroot sq | sqop | rsop | gosop | pgpainless-cli | gpg-sq | gnupg
auth-duplicate-login-gate / enforce-single-session	UNKNOWN STEP	2026-08-14T17:27:53.5371832Z #9 2.223   libalgorithm-merge-perl alsa-ucm-conf alsa-topology-conf libaacs0 manpages
auth-duplicate-login-gate / enforce-single-session	UNKNOWN STEP	2026-08-14T17:27:53.5372461Z #9 2.223   manpages-dev dbus default-libdecor-0-plugin-1 | libdecor-0-plugin-1
auth-duplicate-login-gate / enforce-single-session	UNKNOWN STEP	2026-08-14T17:27:53.5373062Z #9 2.223   libfile-fcntllock-perl liblocale-gettext-perl libgdk-pixbuf2.0-bin
auth-duplicate-login-gate / enforce-single-session	UNKNOWN STEP	2026-08-14T17:27:53.5373639Z #9 2.223   libglib2.0-data xdg-user-dirs krb5-locales pocketsphinx-en-us
auth-duplicate-login-gate / enforce-single-session	UNKNOWN STEP	2026-08-14T17:27:53.5374234Z #9 2.223   librsvg2-common va-driver-all | va-driver vdpau-driver-all | vdpau-driver
auth-duplicate-login-gate / enforce-single-session	UNKNOWN STEP	2026-08-14T17:27:53.5374975Z #9 2.223   mesa-vulkan-drivers | vulkan-icd
auth-duplicate-login-gate / enforce-single-session	UNKNOWN STEP	2026-08-14T17:27:54.4872768Z #9 3.330 The following NEW packages will be installed:
auth-duplicate-login-gate / enforce-single-session	UNKNOWN STEP	2026-08-14T17:27:54.4873702Z #9 3.330   alsa-utils binutils binutils-common binutils-x86-64-linux-gnu
auth-duplicate-login-gate / enforce-single-session	UNKNOWN STEP	2026-08-14T17:27:54.4874811Z #9 3.330   build-essential bzip2 cpp cpp-14 cpp-14-x86-64-linux-gnu
auth-duplicate-login-gate / enforce-single-session	UNKNOWN STEP	2026-08-14T17:27:54.6124970Z #9 3.330   cpp-x86-64-linux-gnu dpkg-dev espeak-ng espeak-ng-data ffmpeg fontconfig
auth-duplicate-login-gate / enforce-single-session	UNKNOWN STEP	2026-08-14T17:27:54.6125884Z #9 3.330   fontconfig-config fonts-dejavu-core fonts-dejavu-mono g++ g++-14
auth-duplicate-login-gate / enforce-single-session	UNKNOWN STEP	2026-08-14T17:27:54.6126613Z #9 3.330   g++-14-x86-64-linux-gnu g++-x86-64-linux-gnu gcc gcc-14
auth-duplicate-login-gate / enforce-single-session	UNKNOWN STEP	2026-08-14T17:27:54.6127295Z #9 3.330   gcc-14-x86-64-linux-gnu gcc-x86-64-linux-gnu kmod libaom3 libasan8
auth-duplicate-login-gate / enforce-single-session	UNKNOWN STEP	2026-08-14T17:27:54.6128288Z #9 3.330   libasound2-data libasound2-dev libasound2t64 libass9 libasyncns0 libatomic1
auth-duplicate-login-gate / enforce-single-session	UNKNOWN STEP	2026-08-14T17:27:54.6129183Z #9 3.330   libatopology2t64 libavc1394-0 libavcodec61 libavdevice61 libavfilter10
auth-duplicate-login-gate / enforce-single-session	UNKNOWN STEP	2026-08-14T17:27:54.6130035Z #9 3.330   libavformat61 libavutil59 libbinutils libblas3 libbluray2 libbrotli1
auth-duplicate-login-gate / enforce-single-session	UNKNOWN STEP	2026-08-14T17:27:54.6130783Z #9 3.330   libbs2b0 libc-dev-bin libc6-dev libcaca0 libcairo-gobject2 libcairo2
auth-duplicate-login-gate / enforce-single-session	UNKNOWN STEP	2026-08-14T17:27:54.6131635Z #9 3.330   libcc1-0 libcdio-cdda2t64 libcdio-paranoia2t64 libcdio19t64 libchromaprint1
auth-duplicate-login-gate / enforce-single-session	UNKNOWN STEP	2026-08-14T17:27:54.6132821Z #9 3.330   libcjson1 libcodec2-1.2 libcom-err2 libcrypt-dev libctf-nobfd0 libctf0
auth-duplicate-login-gate / enforce-single-session	UNKNOWN STEP	2026-08-14T17:27:54.6133700Z #9 3.330   libdatrie1 libdav1d7 libdbus-1-3 libdc1394-25 libdecor-0-0 libdeflate0
auth-duplicate-login-gate / enforce-single-session	UNKNOWN STEP	2026-08-14T17:27:54.6134453Z #9 3.330   libdpkg-perl libdrm-amdgpu1 libdrm-common libdrm-intel1 libdrm2 libdvdnav4
auth-duplicate-login-gate / enforce-single-session	UNKNOWN STEP	2026-08-14T17:27:54.6135292Z #9 3.330   libdvdread8t64 libedit2 libelf1t64 libespeak-ng1 libexpat1 libfftw3-double3
auth-duplicate-login-gate / enforce-single-session	UNKNOWN STEP	2026-08-14T17:27:54.6136149Z #9 3.330   libfftw3-single3 libflac14 libflite1 libfontconfig1 libfreetype6 libfribidi0
auth-duplicate-login-gate / enforce-single-session	UNKNOWN STEP	2026-08-14T17:27:54.6136921Z #9 3.330   libgbm1 libgcc-14-dev libgdbm-compat4t64 libgdk-pixbuf-2.0-0
auth-duplicate-login-gate / enforce-single-session	UNKNOWN STEP	2026-08-14T17:27:54.6137832Z #9 3.330   libgdk-pixbuf2.0-common libgfortran5 libgl1 libgl1-mesa-dri libglib2.0-0t64
auth-duplicate-login-gate / enforce-single-session	UNKNOWN STEP	2026-08-14T17:27:54.6138692Z #9 3.330   libglvnd0 libglx-mesa0 libglx0 libgme0 libgnutls30t64 libgomp1 libgprofng0
auth-duplicate-login-gate / enforce-single-session	UNKNOWN STEP	2026-08-14T17:27:54.6139641Z #9 3.330   libgraphite2-3 libgsm1 libgssapi-krb5-2 libharfbuzz0b libhwasan0 libhwy1t64
auth-duplicate-login-gate / enforce-single-session	UNKNOWN STEP	2026-08-14T17:27:54.6140680Z #9 3.330   libidn2-0 libiec61883-0 libisl23 libitm1 libjack-jackd2-0 libjack-jackd2-dev
auth-duplicate-login-gate / enforce-single-session	UNKNOWN STEP	2026-08-14T17:27:54.6141609Z #9 3.330   libjansson4 libjbig0 libjpeg62-turbo libjxl0.11 libk5crypto3 libkeyutils1
auth-duplicate-login-gate / enforce-single-session	UNKNOWN STEP	2026-08-14T17:27:54.6142489Z #9 3.330   libkmod2 libkrb5-3 libkrb5support0 liblapack3 liblcms2-2 liblerc4
auth-duplicate-login-gate / enforce-single-session	UNKNOWN STEP	2026-08-14T17:27:54.6143379Z #9 3.330   liblilv-0-0 libllvm19 liblsan0 libmbedcrypto16 libmp3lame0 libmpc3 libmpfr6
auth-duplicate-login-gate / enforce-single-session	UNKNOWN STEP	2026-08-14T17:27:54.6144162Z #9 3.330   libmpg123-0t64 libmysofa1 libnorm1t64 libnuma1 libogg0 libopenal-data
auth-duplicate-login-gate / enforce-single-session	UNKNOWN STEP	2026-08-14T17:27:54.6144706Z #9 3.330   libopenal1 libopenjp2-7 libopenmpt0t64 libopus0 libp11-kit0 libpango-1.0-0
auth-duplicate-login-gate / enforce-single-session	UNKNOWN STEP	2026-08-14T17:27:54.6145312Z #9 3.330   libpangocairo-1.0-0 libpangoft2-1.0-0 libpcaudio0 libpciaccess0 libperl5.40
auth-duplicate-login-gate / enforce-single-session	UNKNOWN STEP	2026-08-14T17:27:54.6146214Z #9 3.330   libpgm-5.3-0t64 libpixman-1-0 libplacebo349 libpng16-16t64 libpocketsphinx3
auth-duplicate-login-gate / enforce-single-session	UNKNOWN STEP	2026-08-14T17:27:54.6147100Z #9 3.330   libportaudio2 libportaudiocpp0 libpostproc58 libpulse0 libquadmath0
auth-duplicate-login-gate / enforce-single-session	UNKNOWN STEP	2026-08-14T17:27:54.6148811Z #9 3.331   librabbitmq4 librav1e0.7 libraw1394-11 librist4 librsvg2-2 librubberband2
auth-duplicate-login-gate / enforce-single-session	UNKNOWN STEP	2026-08-14T17:27:54.6149571Z #9 3.331   libsamplerate0 libsdl2-2.0-0 libsensors-config libsensors5 libserd-0-0
auth-duplicate-login-gate / enforce-single-session	UNKNOWN STEP	2026-08-14T17:27:54.6150074Z #9 3.331   libsframe1 libsharpyuv0 libshine3 libslang2 libsnappy1v5 libsndfile1
auth-duplicate-login-gate / enforce-single-session	UNKNOWN STEP	2026-08-14T17:27:54.6150561Z #9 3.331   libsodium23 libsonic0 libsord-0-0 libsoxr0 libspeex1 libsphinxbase3t64
auth-duplicate-login-gate / enforce-single-session	UNKNOWN STEP	2026-08-14T17:27:54.6151059Z #9 3.331   libsratom-0-0 libsrt1.5-gnutls libssh-4 libstdc++-14-dev libsvtav1enc2
auth-duplicate-login-gate / enforce-single-session	UNKNOWN STEP	2026-08-14T17:27:54.6151562Z #9 3.331   libswresample5 libswscale8 libtasn1-6 libthai-data libthai0 libtheoradec1
auth-duplicate-login-gate / enforce-single-session	UNKNOWN STEP	2026-08-14T17:27:54.6152052Z #9 3.331   libtheoraenc1 libtiff6 libtsan2 libtwolame0 libubsan1 libudfread0
auth-duplicate-login-gate / enforce-single-session	UNKNOWN STEP	2026-08-14T17:27:54.6152732Z #9 3.331   libunibreak6 libunistring5 libusb-1.0-0 libva-drm2 libva-x11-2 libva2
auth-duplicate-login-gate / enforce-single-session	UNKNOWN STEP	2026-08-14T17:27:54.6153227Z #9 3.331   libvdpau1 libvidstab1.1 libvorbis0a libvorbisenc2 libvorbisfile3 libvpl2
auth-duplicate-login-gate / enforce-single-session	UNKNOWN STEP	2026-08-14T17:27:54.6153743Z #9 3.331   libvpx9 libvulkan1 libwayland-client0 libwayland-cursor0 libwayland-egl1
auth-duplicate-login-gate / enforce-single-session	UNKNOWN STEP	2026-08-14T17:27:54.6154266Z #9 3.331   libwayland-server0 libwebp7 libwebpmux3 libx11-6 libx11-data libx11-xcb1
auth-duplicate-login-gate / enforce-single-session	UNKNOWN STEP	2026-08-14T17:27:54.6154773Z #9 3.331   libx264-164 libx265-215 libxau6 libxcb-dri3-0 libxcb-glx0 libxcb-present0
auth-duplicate-login-gate / enforce-single-session	UNKNOWN STEP	2026-08-14T17:27:54.6155255Z #9 3.331   libxcb-randr0 libxcb-render0 libxcb-shape0 libxcb-shm0 libxcb-sync1
auth-duplicate-login-gate / enforce-single-session	UNKNOWN STEP	2026-08-14T17:27:54.6155736Z #9 3.331   libxcb-xfixes0 libxcb1 libxcursor1 libxdmcp6 libxext6 libxfixes3 libxi6
auth-duplicate-login-gate / enforce-single-session	UNKNOWN STEP	2026-08-14T17:27:54.6156233Z #9 3.331   libxkbcommon0 libxml2 libxrandr2 libxrender1 libxshmfence1 libxss1 libxv1
auth-duplicate-login-gate / enforce-single-session	UNKNOWN STEP	2026-08-14T17:27:54.6156749Z #9 3.331   libxvidcore4 libxxf86vm1 libz3-4 libzimg2 libzix-0-0 libzmq5 libzvbi-common
auth-duplicate-login-gate / enforce-single-session	UNKNOWN STEP	2026-08-14T17:27:54.6157268Z #9 3.331   libzvbi0t64 linux-libc-dev make mesa-libgallium ocl-icd-libopencl1 patch
auth-duplicate-login-gate / enforce-single-session	UNKNOWN STEP	2026-08-14T17:27:54.6158032Z #9 3.331   perl perl-modules-5.40 portaudio19-dev rpcsvc-proto shared-mime-info
auth-duplicate-login-gate / enforce-single-session	UNKNOWN STEP	2026-08-14T17:27:54.6158449Z #9 3.331   x11-common xkb-data xz-utils
auth-duplicate-login-gate / enforce-single-session	UNKNOWN STEP	2026-08-14T17:27:54.6160389Z #9 3.372 0 upgraded, 270 newly installed, 0 to remove and 9 not upgraded.
auth-duplicate-login-gate / enforce-single-session	UNKNOWN STEP	2026-08-14T17:27:54.6160843Z #9 3.372 Need to get 229 MB of archives.
auth-duplicate-login-gate / enforce-single-session	UNKNOWN STEP	2026-08-14T17:27:54.6161214Z #9 3.372 After this operation, 839 MB of additional disk space will be used.
auth-duplicate-login-gate / enforce-single-session	UNKNOWN STEP	2026-08-14T17:27:54.6162107Z #9 3.372 Get:1 http://deb.debian.org/debian-security trixie-security/main amd64 libexpat1 amd64 2.8.2-1~deb13u1 [122 kB]
auth-duplicate-login-gate / enforce-single-session	UNKNOWN STEP	2026-08-14T17:27:54.6162881Z #9 3.393 Get:2 http://deb.debian.org/debian trixie/main amd64 libkmod2 amd64 34.2-2 [63.2 kB]
auth-duplicate-login-gate / enforce-single-session	UNKNOWN STEP	2026-08-14T17:27:54.6163593Z #9 3.395 Get:3 http://deb.debian.org/debian trixie/main amd64 kmod amd64 34.2-2 [95.7 kB]
auth-duplicate-login-gate / enforce-single-session	UNKNOWN STEP	2026-08-14T17:27:54.6164160Z #9 3.403 Get:4 http://deb.debian.org/debian trixie/main amd64 bzip2 amd64 1.0.8-6 [40.5 kB]
auth-duplicate-login-gate / enforce-single-session	UNKNOWN STEP	2026-08-14T17:27:54.6164776Z #9 3.403 Get:5 http://deb.debian.org/debian trixie/main amd64 perl-modules-5.40 all 5.40.1-6 [3019 kB]
auth-duplicate-login-gate / enforce-single-session	UNKNOWN STEP	2026-08-14T17:27:54.6165490Z #9 3.455 Get:6 http://deb.debian.org/debian trixie/main amd64 libgdbm-compat4t64 amd64 1.24-2 [50.3 kB]
auth-duplicate-login-gate / enforce-single-session	UNKNOWN STEP	2026-08-14T17:27:54.7130212Z #9 3.458 Get:7 http://deb.debian.org/debian trixie/main amd64 libperl5.40 amd64 5.40.1-6 [4341 kB]
auth-duplicate-login-gate / enforce-single-session	UNKNOWN STEP	2026-08-14T17:27:54.7131378Z #9 3.487 Get:8 http://deb.debian.org/debian trixie/main amd64 perl amd64 5.40.1-6 [267 kB]
auth-duplicate-login-gate / enforce-single-session	UNKNOWN STEP	2026-08-14T17:27:54.7132824Z #9 3.488 Get:9 http://deb.debian.org/debian trixie/main amd64 xz-utils amd64 5.8.1-1+deb13u1 [659 kB]
auth-duplicate-login-gate / enforce-single-session	UNKNOWN STEP	2026-08-14T17:27:54.7133876Z #9 3.490 Get:10 http://deb.debian.org/debian trixie/main amd64 libasound2-data all 1.2.14-1 [21.1 kB]
auth-duplicate-login-gate / enforce-single-session	UNKNOWN STEP	2026-08-14T17:27:54.7134997Z #9 3.500 Get:11 http://deb.debian.org/debian trixie/main amd64 libasound2t64 amd64 1.2.14-1 [381 kB]
auth-duplicate-login-gate / enforce-single-session	UNKNOWN STEP	2026-08-14T17:27:54.7135656Z #9 3.502 Get:12 http://deb.debian.org/debian trixie/main amd64 libatopology2t64 amd64 1.2.14-1 [51.3 kB]
auth-duplicate-login-gate / enforce-single-session	UNKNOWN STEP	2026-08-14T17:27:54.7136230Z #9 3.503 Get:13 http://deb.debian.org/debian trixie/main amd64 libgomp1 amd64 14.2.0-19 [137 kB]
auth-duplicate-login-gate / enforce-single-session	UNKNOWN STEP	2026-08-14T17:27:54.7136819Z #9 3.511 Get:14 http://deb.debian.org/debian trixie/main amd64 libfftw3-single3 amd64 3.3.10-2+b1 [809 kB]
auth-duplicate-login-gate / enforce-single-session	UNKNOWN STEP	2026-08-14T17:27:54.7137436Z #9 3.522 Get:15 http://deb.debian.org/debian trixie/main amd64 libsamplerate0 amd64 0.2.2-4+b2 [950 kB]
auth-duplicate-login-gate / enforce-single-session	UNKNOWN STEP	2026-08-14T17:27:54.7138709Z #9 3.532 Get:16 http://deb.debian.org/debian trixie/main amd64 alsa-utils amd64 1.2.14-1 [1141 kB]
auth-duplicate-login-gate / enforce-single-session	UNKNOWN STEP	2026-08-14T17:27:54.7139633Z #9 3.535 Get:17 http://deb.debian.org/debian trixie/main amd64 libsframe1 amd64 2.44-3 [78.4 kB]
auth-duplicate-login-gate / enforce-single-session	UNKNOWN STEP	2026-08-14T17:27:54.7140468Z #9 3.543 Get:18 http://deb.debian.org/debian trixie/main amd64 binutils-common amd64 2.44-3 [2509 kB]
auth-duplicate-login-gate / enforce-single-session	UNKNOWN STEP	2026-08-14T17:27:54.7141418Z #9 3.550 Get:19 http://deb.debian.org/debian trixie/main amd64 libbinutils amd64 2.44-3 [534 kB]
auth-duplicate-login-gate / enforce-single-session	UNKNOWN STEP	2026-08-14T17:27:54.7142385Z #9 3.552 Get:20 http://deb.debian.org/debian trixie/main amd64 libgprofng0 amd64 2.44-3 [808 kB]
auth-duplicate-login-gate / enforce-single-session	UNKNOWN STEP	2026-08-14T17:27:54.7143063Z #9 3.555 Get:21 http://deb.debian.org/debian trixie/main amd64 libctf-nobfd0 amd64 2.44-3 [156 kB]
auth-duplicate-login-gate / enforce-single-session	UNKNOWN STEP	2026-08-14T17:27:54.8130290Z #9 3.556 Get:22 http://deb.debian.org/debian trixie/main amd64 libctf0 amd64 2.44-3 [88.6 kB]
auth-duplicate-login-gate / enforce-single-session	UNKNOWN STEP	2026-08-14T17:27:54.8131279Z #9 3.556 Get:23 http://deb.debian.org/debian trixie/main amd64 libjansson4 amd64 2.14-2+b3 [39.8 kB]
auth-duplicate-login-gate / enforce-single-session	UNKNOWN STEP	2026-08-14T17:27:54.8132122Z #9 3.557 Get:24 http://deb.debian.org/debian trixie/main amd64 binutils-x86-64-linux-gnu amd64 2.44-3 [1014 kB]
auth-duplicate-login-gate / enforce-single-session	UNKNOWN STEP	2026-08-14T17:27:54.8132935Z #9 3.560 Get:25 http://deb.debian.org/debian trixie/main amd64 binutils amd64 2.44-3 [265 kB]
auth-duplicate-login-gate / enforce-single-session	UNKNOWN STEP	2026-08-14T17:27:54.8133738Z #9 3.561 Get:26 http://deb.debian.org/debian trixie/main amd64 libc-dev-bin amd64 2.41-12+deb13u3 [59.8 kB]
auth-duplicate-login-gate / enforce-single-session	UNKNOWN STEP	2026-08-14T17:27:54.8134685Z #9 3.565 Get:27 http://deb.debian.org/debian-security trixie-security/main amd64 linux-libc-dev all 6.12.101-1 [2901 kB]
auth-duplicate-login-gate / enforce-single-session	UNKNOWN STEP	2026-08-14T17:27:54.8135895Z #9 3.574 Get:28 http://deb.debian.org/debian trixie/main amd64 libcrypt-dev amd64 1:4.4.38-1 [119 kB]
auth-duplicate-login-gate / enforce-single-session	UNKNOWN STEP	2026-08-14T17:27:54.8136946Z #9 3.574 Get:29 http://deb.debian.org/debian trixie/main amd64 rpcsvc-proto amd64 1.4.3-1 [63.3 kB]
auth-duplicate-login-gate / enforce-single-session	UNKNOWN STEP	2026-08-14T17:27:54.8138056Z #9 3.574 Get:30 http://deb.debian.org/debian trixie/main amd64 libc6-dev amd64 2.41-12+deb13u3 [1992 kB]
auth-duplicate-login-gate / enforce-single-session	UNKNOWN STEP	2026-08-14T17:27:54.8138635Z #9 3.579 Get:31 http://deb.debian.org/debian trixie/main amd64 libisl23 amd64 0.27-1 [659 kB]
auth-duplicate-login-gate / enforce-single-session	UNKNOWN STEP	2026-08-14T17:27:54.8139172Z #9 3.582 Get:32 http://deb.debian.org/debian trixie/main amd64 libmpfr6 amd64 4.2.2-1 [729 kB]
auth-duplicate-login-gate / enforce-single-session	UNKNOWN STEP	2026-08-14T17:27:54.8139733Z #9 3.584 Get:33 http://deb.debian.org/debian trixie/main amd64 libmpc3 amd64 1.3.1-1+b3 [52.2 kB]
auth-duplicate-login-gate / enforce-single-session	UNKNOWN STEP	2026-08-14T17:27:54.8140349Z #9 3.585 Get:34 http://deb.debian.org/debian trixie/main amd64 cpp-14-x86-64-linux-gnu amd64 14.2.0-19 [11.0 MB]
auth-duplicate-login-gate / enforce-single-session	UNKNOWN STEP	2026-08-14T17:27:54.8140937Z #9 3.617 Get:35 http://deb.debian.org/debian trixie/main amd64 cpp-14 amd64 14.2.0-19 [1280 B]
auth-duplicate-login-gate / enforce-single-session	UNKNOWN STEP	2026-08-14T17:27:54.8141528Z #9 3.617 Get:36 http://deb.debian.org/debian trixie/main amd64 cpp-x86-64-linux-gnu amd64 4:14.2.0-1 [4840 B]
auth-duplicate-login-gate / enforce-single-session	UNKNOWN STEP	2026-08-14T17:27:54.8142104Z #9 3.617 Get:37 http://deb.debian.org/debian trixie/main amd64 cpp amd64 4:14.2.0-1 [1568 B]
auth-duplicate-login-gate / enforce-single-session	UNKNOWN STEP	2026-08-14T17:27:54.8142651Z #9 3.617 Get:38 http://deb.debian.org/debian trixie/main amd64 libcc1-0 amd64 14.2.0-19 [42.8 kB]
auth-duplicate-login-gate / enforce-single-session	UNKNOWN STEP	2026-08-14T17:27:54.8143191Z #9 3.618 Get:39 http://deb.debian.org/debian trixie/main amd64 libitm1 amd64 14.2.0-19 [26.0 kB]
auth-duplicate-login-gate / enforce-single-session	UNKNOWN STEP	2026-08-14T17:27:54.8143738Z #9 3.618 Get:40 http://deb.debian.org/debian trixie/main amd64 libatomic1 amd64 14.2.0-19 [9308 B]
auth-duplicate-login-gate / enforce-single-session	UNKNOWN STEP	2026-08-14T17:27:54.8144287Z #9 3.618 Get:41 http://deb.debian.org/debian trixie/main amd64 libasan8 amd64 14.2.0-19 [2725 kB]
auth-duplicate-login-gate / enforce-single-session	UNKNOWN STEP	2026-08-14T17:27:54.8144834Z #9 3.627 Get:42 http://deb.debian.org/debian trixie/main amd64 liblsan0 amd64 14.2.0-19 [1204 kB]
auth-duplicate-login-gate / enforce-single-session	UNKNOWN STEP	2026-08-14T17:27:54.8145391Z #9 3.631 Get:43 http://deb.debian.org/debian trixie/main amd64 libtsan2 amd64 14.2.0-19 [2460 kB]
auth-duplicate-login-gate / enforce-single-session	UNKNOWN STEP	2026-08-14T17:27:54.8145938Z #9 3.638 Get:44 http://deb.debian.org/debian trixie/main amd64 libubsan1 amd64 14.2.0-19 [1074 kB]
auth-duplicate-login-gate / enforce-single-session	UNKNOWN STEP	2026-08-14T17:27:54.8146494Z #9 3.642 Get:45 http://deb.debian.org/debian trixie/main amd64 libhwasan0 amd64 14.2.0-19 [1488 kB]
auth-duplicate-login-gate / enforce-single-session	UNKNOWN STEP	2026-08-14T17:27:54.8147070Z #9 3.646 Get:46 http://deb.debian.org/debian trixie/main amd64 libquadmath0 amd64 14.2.0-19 [145 kB]
auth-duplicate-login-gate / enforce-single-session	UNKNOWN STEP	2026-08-14T17:27:54.8147754Z #9 3.647 Get:47 http://deb.debian.org/debian trixie/main amd64 libgcc-14-dev amd64 14.2.0-19 [2672 kB]
auth-duplicate-login-gate / enforce-single-session	UNKNOWN STEP	2026-08-14T17:27:54.8148439Z #9 3.656 Get:48 http://deb.debian.org/debian trixie/main amd64 gcc-14-x86-64-linux-gnu amd64 14.2.0-19 [21.4 MB]
auth-duplicate-login-gate / enforce-single-session	UNKNOWN STEP	2026-08-14T17:27:54.9247253Z #9 3.720 Get:49 http://deb.debian.org/debian trixie/main amd64 gcc-14 amd64 14.2.0-19 [540 kB]
auth-duplicate-login-gate / enforce-single-session	UNKNOWN STEP	2026-08-14T17:27:54.9248652Z #9 3.723 Get:50 http://deb.debian.org/debian trixie/main amd64 gcc-x86-64-linux-gnu amd64 4:14.2.0-1 [1436 B]
auth-duplicate-login-gate / enforce-single-session	UNKNOWN STEP	2026-08-14T17:27:54.9249651Z #9 3.723 Get:51 http://deb.debian.org/debian trixie/main amd64 gcc amd64 4:14.2.0-1 [5136 B]
auth-duplicate-login-gate / enforce-single-session	UNKNOWN STEP	2026-08-14T17:27:54.9251050Z #9 3.723 Get:52 http://deb.debian.org/debian trixie/main amd64 libstdc++-14-dev amd64 14.2.0-19 [2376 kB]
auth-duplicate-login-gate / enforce-single-session	UNKNOWN STEP	2026-08-14T17:27:54.9252255Z #9 3.731 Get:53 http://deb.debian.org/debian trixie/main amd64 g++-14-x86-64-linux-gnu amd64 14.2.0-19 [12.1 MB]
auth-duplicate-login-gate / enforce-single-session	UNKNOWN STEP	2026-08-14T17:27:54.9253435Z #9 3.767 Get:54 http://deb.debian.org/debian trixie/main amd64 g++-14 amd64 14.2.0-19 [22.5 kB]
auth-duplicate-login-gate / enforce-single-session	UNKNOWN STEP	2026-08-14T17:27:55.0914458Z #9 3.767 Get:55 http://deb.debian.org/debian trixie/main amd64 g++-x86-64-linux-gnu amd64 4:14.2.0-1 [1200 B]
auth-duplicate-login-gate / enforce-single-session	UNKNOWN STEP	2026-08-14T17:27:55.0915262Z #9 3.767 Get:56 http://deb.debian.org/debian trixie/main amd64 g++ amd64 4:14.2.0-1 [1344 B]
auth-duplicate-login-gate / enforce-single-session	UNKNOWN STEP	2026-08-14T17:27:55.0915900Z #9 3.767 Get:57 http://deb.debian.org/debian trixie/main amd64 make amd64 4.4.1-2 [463 kB]
auth-duplicate-login-gate / enforce-single-session	UNKNOWN STEP	2026-08-14T17:27:55.0916556Z #9 3.771 Get:58 http://deb.debian.org/debian trixie/main amd64 libdpkg-perl all 1.22.22 [651 kB]
auth-duplicate-login-gate / enforce-single-session	UNKNOWN STEP	2026-08-14T17:27:55.0917205Z #9 3.783 Get:59 http://deb.debian.org/debian trixie/main amd64 patch amd64 2.8-2 [134 kB]
auth-duplicate-login-gate / enforce-single-session	UNKNOWN STEP	2026-08-14T17:27:55.0918028Z #9 3.784 Get:60 http://deb.debian.org/debian trixie/main amd64 dpkg-dev all 1.22.22 [1337 kB]
auth-duplicate-login-gate / enforce-single-session	UNKNOWN STEP	2026-08-14T17:27:55.3744288Z #9 4.111 Get:61 http://deb.debian.org/debian trixie/main amd64 build-essential amd64 12.12 [4624 B]
auth-duplicate-login-gate / enforce-single-session	UNKNOWN STEP	2026-08-14T17:27:55.3745702Z #9 4.112 Get:62 http://deb.debian.org/debian trixie/main amd64 libasyncns0 amd64 0.8-6+b5 [12.0 kB]
auth-duplicate-login-gate / enforce-single-session	UNKNOWN STEP	2026-08-14T17:27:55.3746402Z #9 4.112 Get:63 http://deb.debian.org/debian trixie/main amd64 libdbus-1-3 amd64 1.16.2-2 [178 kB]
auth-duplicate-login-gate / enforce-single-session	UNKNOWN STEP	2026-08-14T17:27:55.3747253Z #9 4.112 Get:64 http://deb.debian.org/debian trixie/main amd64 libogg0 amd64 1.3.5-3+b2 [23.8 kB]
auth-duplicate-login-gate / enforce-single-session	UNKNOWN STEP	2026-08-14T17:27:55.3748486Z #9 4.113 Get:65 http://deb.debian.org/debian trixie/main amd64 libflac14 amd64 1.5.0+ds-2 [210 kB]
auth-duplicate-login-gate / enforce-single-session	UNKNOWN STEP	2026-08-14T17:27:55.3749566Z #9 4.127 Get:66 http://deb.debian.org/debian trixie/main amd64 libmp3lame0 amd64 3.100-6+b3 [363 kB]
auth-duplicate-login-gate / enforce-single-session	UNKNOWN STEP	2026-08-14T17:27:55.3750663Z #9 4.137 Get:67 http://deb.debian.org/debian trixie/main amd64 libmpg123-0t64 amd64 1.32.10-1+deb13u1 [149 kB]
auth-duplicate-login-gate / enforce-single-session	UNKNOWN STEP	2026-08-14T17:27:55.3751802Z #9 4.146 Get:68 http://deb.debian.org/debian trixie/main amd64 libopus0 amd64 1.5.2-2 [2852 kB]
auth-duplicate-login-gate / enforce-single-session	UNKNOWN STEP	2026-08-14T17:27:55.3752848Z #9 4.159 Get:69 http://deb.debian.org/debian trixie/main amd64 libvorbis0a amd64 1.3.7-3 [90.0 kB]
auth-duplicate-login-gate / enforce-single-session	UNKNOWN STEP	2026-08-14T17:27:55.3753923Z #9 4.159 Get:70 http://deb.debian.org/debian trixie/main amd64 libvorbisenc2 amd64 1.3.7-3 [75.4 kB]
auth-duplicate-login-gate / enforce-single-session	UNKNOWN STEP	2026-08-14T17:27:55.3755137Z #9 4.166 Get:71 http://deb.debian.org/debian trixie/main amd64 libsndfile1 amd64 1.2.2-2+deb13u1 [199 kB]
auth-duplicate-login-gate / enforce-single-session	UNKNOWN STEP	2026-08-14T17:27:55.3756203Z #9 4.167 Get:72 http://deb.debian.org/debian trixie/main amd64 libxau6 amd64 1:1.0.11-1 [20.4 kB]
auth-duplicate-login-gate / enforce-single-session	UNKNOWN STEP	2026-08-14T17:27:55.3757059Z #9 4.168 Get:73 http://deb.debian.org/debian trixie/main amd64 libxdmcp6 amd64 1:1.1.5-1 [27.8 kB]
auth-duplicate-login-gate / enforce-single-session	UNKNOWN STEP	2026-08-14T17:27:55.3757860Z #9 4.168 Get:74 http://deb.debian.org/debian trixie/main amd64 libxcb1 amd64 1.17.0-2+b1 [144 kB]
auth-duplicate-login-gate / enforce-single-session	UNKNOWN STEP	2026-08-14T17:27:55.3758424Z #9 4.178 Get:75 http://deb.debian.org/debian trixie/main amd64 libx11-data all 2:1.8.12-1 [343 kB]
auth-duplicate-login-gate / enforce-single-session	UNKNOWN STEP	2026-08-14T17:27:55.3759000Z #9 4.179 Get:76 http://deb.debian.org/debian trixie/main amd64 libx11-6 amd64 2:1.8.12-1 [815 kB]
auth-duplicate-login-gate / enforce-single-session	UNKNOWN STEP	2026-08-14T17:27:55.3759780Z #9 4.182 Get:77 http://deb.debian.org/debian trixie/main amd64 libx11-xcb1 amd64 2:1.8.12-1 [247 kB]
auth-duplicate-login-gate / enforce-single-session	UNKNOWN STEP	2026-08-14T17:27:55.3760422Z #9 4.183 Get:78 http://deb.debian.org/debian trixie/main amd64 libpulse0 amd64 17.0+dfsg1-2+b1 [276 kB]
auth-duplicate-login-gate / enforce-single-session	UNKNOWN STEP	2026-08-14T17:27:55.3760995Z #9 4.184 Get:79 http://deb.debian.org/debian trixie/main amd64 libpcaudio0 amd64 1.3-1 [8880 B]
auth-duplicate-login-gate / enforce-single-session	UNKNOWN STEP	2026-08-14T17:27:55.3761547Z #9 4.184 Get:80 http://deb.debian.org/debian trixie/main amd64 libsonic0 amd64 0.2.0-13+b1 [10.3 kB]
auth-duplicate-login-gate / enforce-single-session	UNKNOWN STEP	2026-08-14T17:27:55.3762149Z #9 4.189 Get:81 http://deb.debian.org/debian trixie/main amd64 espeak-ng-data amd64 1.52.0+dfsg-5 [8654 kB]
auth-duplicate-login-gate / enforce-single-session	UNKNOWN STEP	2026-08-14T17:27:55.6063951Z #9 4.217 Get:82 http://deb.debian.org/debian trixie/main amd64 libespeak-ng1 amd64 1.52.0+dfsg-5 [202 kB]
auth-duplicate-login-gate / enforce-single-session	UNKNOWN STEP	2026-08-14T17:27:55.6064968Z #9 4.228 Get:83 http://deb.debian.org/debian trixie/main amd64 espeak-ng amd64 1.52.0+dfsg-5 [2383 kB]
auth-duplicate-login-gate / enforce-single-session	UNKNOWN STEP	2026-08-14T17:27:55.6066181Z #9 4.242 Get:84 http://deb.debian.org/debian-security trixie-security/main amd64 libaom3 amd64 3.12.1-1+deb13u1 [1872 kB]
auth-duplicate-login-gate / enforce-single-session	UNKNOWN STEP	2026-08-14T17:27:55.6067000Z #9 4.246 Get:85 http://deb.debian.org/debian trixie/main amd64 libdrm-common all 2.4.124-2 [8288 B]
auth-duplicate-login-gate / enforce-single-session	UNKNOWN STEP	2026-08-14T17:27:55.6067937Z #9 4.246 Get:86 http://deb.debian.org/debian trixie/main amd64 libdrm2 amd64 2.4.124-2 [39.0 kB]
auth-duplicate-login-gate / enforce-single-session	UNKNOWN STEP	2026-08-14T17:27:55.6068653Z #9 4.247 Get:87 http://deb.debian.org/debian trixie/main amd64 libva2 amd64 2.22.0-3 [79.4 kB]
auth-duplicate-login-gate / enforce-single-session	UNKNOWN STEP	2026-08-14T17:27:55.6069313Z #9 4.247 Get:88 http://deb.debian.org/debian trixie/main amd64 libva-drm2 amd64 2.22.0-3 [18.3 kB]
auth-duplicate-login-gate / enforce-single-session	UNKNOWN STEP	2026-08-14T17:27:55.6070009Z #9 4.247 Get:89 http://deb.debian.org/debian trixie/main amd64 libxcb-dri3-0 amd64 1.17.0-2+b1 [107 kB]
auth-duplicate-login-gate / enforce-single-session	UNKNOWN STEP	2026-08-14T17:27:55.6070717Z #9 4.248 Get:90 http://deb.debian.org/debian trixie/main amd64 libxext6 amd64 2:1.3.4-1+b3 [50.4 kB]
auth-duplicate-login-gate / enforce-single-session	UNKNOWN STEP	2026-08-14T17:27:55.6071416Z #9 4.248 Get:91 http://deb.debian.org/debian trixie/main amd64 libxfixes3 amd64 1:6.0.0-2+b4 [20.2 kB]
auth-duplicate-login-gate / enforce-single-session	UNKNOWN STEP	2026-08-14T17:27:55.6072102Z #9 4.248 Get:92 http://deb.debian.org/debian trixie/main amd64 libva-x11-2 amd64 2.22.0-3 [23.1 kB]
auth-duplicate-login-gate / enforce-single-session	UNKNOWN STEP	2026-08-14T17:27:55.6072773Z #9 4.248 Get:93 http://deb.debian.org/debian trixie/main amd64 libvdpau1 amd64 1.5-3+b1 [27.2 kB]
auth-duplicate-login-gate / enforce-single-session	UNKNOWN STEP	2026-08-14T17:27:55.6073566Z #9 4.255 Get:94 http://deb.debian.org/debian trixie/main amd64 libvpl2 amd64 1:2.14.0-1+b1 [129 kB]
auth-duplicate-login-gate / enforce-single-session	UNKNOWN STEP	2026-08-14T17:27:55.6074271Z #9 4.256 Get:95 http://deb.debian.org/debian trixie/main amd64 ocl-icd-libopencl1 amd64 2.3.3-1 [42.9 kB]
auth-duplicate-login-gate / enforce-single-session	UNKNOWN STEP	2026-08-14T17:27:55.6075005Z #9 4.257 Get:96 http://deb.debian.org/debian trixie/main amd64 libavutil59 amd64 7:7.1.5-0+deb13u1 [425 kB]
auth-duplicate-login-gate / enforce-single-session	UNKNOWN STEP	2026-08-14T17:27:55.6075707Z #9 4.266 Get:97 http://deb.debian.org/debian trixie/main amd64 libbrotli1 amd64 1.1.0-2+b7 [307 kB]
auth-duplicate-login-gate / enforce-single-session	UNKNOWN STEP	2026-08-14T17:27:55.6076429Z #9 4.275 Get:98 http://deb.debian.org/debian trixie/main amd64 libpng16-16t64 amd64 1.6.48-1+deb13u5 [283 kB]
auth-duplicate-login-gate / enforce-single-session	UNKNOWN STEP	2026-08-14T17:27:55.6077230Z #9 4.276 Get:99 http://deb.debian.org/debian trixie/main amd64 libfreetype6 amd64 2.13.3+dfsg-1+deb13u1 [452 kB]
auth-duplicate-login-gate / enforce-single-session	UNKNOWN STEP	2026-08-14T17:27:55.6078067Z #9 4.277 Get:100 http://deb.debian.org/debian trixie/main amd64 fonts-dejavu-mono all 2.37-8 [489 kB]
auth-duplicate-login-gate / enforce-single-session	UNKNOWN STEP	2026-08-14T17:27:55.6078783Z #9 4.279 Get:101 http://deb.debian.org/debian trixie/main amd64 fonts-dejavu-core all 2.37-8 [840 kB]
auth-duplicate-login-gate / enforce-single-session	UNKNOWN STEP	2026-08-14T17:27:55.6079506Z #9 4.281 Get:102 http://deb.debian.org/debian trixie/main amd64 fontconfig-config amd64 2.15.0-2.3 [318 kB]
auth-duplicate-login-gate / enforce-single-session	UNKNOWN STEP	2026-08-14T17:27:55.6080244Z #9 4.287 Get:103 http://deb.debian.org/debian trixie/main amd64 libfontconfig1 amd64 2.15.0-2.3 [392 kB]
auth-duplicate-login-gate / enforce-single-session	UNKNOWN STEP	2026-08-14T17:27:55.6080948Z #9 4.288 Get:104 http://deb.debian.org/debian trixie/main amd64 libpixman-1-0 amd64 0.44.0-3 [248 kB]
auth-duplicate-login-gate / enforce-single-session	UNKNOWN STEP	2026-08-14T17:27:55.6081659Z #9 4.289 Get:105 http://deb.debian.org/debian trixie/main amd64 libxcb-render0 amd64 1.17.0-2+b1 [115 kB]
auth-duplicate-login-gate / enforce-single-session	UNKNOWN STEP	2026-08-14T17:27:55.6082373Z #9 4.298 Get:106 http://deb.debian.org/debian trixie/main amd64 libxcb-shm0 amd64 1.17.0-2+b1 [105 kB]
auth-duplicate-login-gate / enforce-single-session	UNKNOWN STEP	2026-08-14T17:27:55.6083079Z #9 4.298 Get:107 http://deb.debian.org/debian trixie/main amd64 libxrender1 amd64 1:0.9.12-1 [27.9 kB]
auth-duplicate-login-gate / enforce-single-session	UNKNOWN STEP	2026-08-14T17:27:55.6083769Z #9 4.298 Get:108 http://deb.debian.org/debian trixie/main amd64 libcairo2 amd64 1.18.4-1+b1 [538 kB]
auth-duplicate-login-gate / enforce-single-session	UNKNOWN STEP	2026-08-14T17:27:55.7468803Z #9 4.589 Get:109 http://deb.debian.org/debian trixie/main amd64 libcodec2-1.2 amd64 1.2.0-3 [8170 kB]
auth-duplicate-login-gate / enforce-single-session	UNKNOWN STEP	2026-08-14T17:27:55.8481720Z #9 4.645 Get:110 http://deb.debian.org/debian trixie/main amd64 libdav1d7 amd64 1.5.1-1 [559 kB]
auth-duplicate-login-gate / enforce-single-session	UNKNOWN STEP	2026-08-14T17:27:55.8483001Z #9 4.647 Get:111 http://deb.debian.org/debian trixie/main amd64 libglib2.0-0t64 amd64 2.84.4-3~deb13u3 [1519 kB]
auth-duplicate-login-gate / enforce-single-session	UNKNOWN STEP	2026-08-14T17:27:55.8486394Z #9 4.651 Get:112 http://deb.debian.org/debian trixie/main amd64 libgsm1 amd64 1.0.22-1+b2 [29.3 kB]
auth-duplicate-login-gate / enforce-single-session	UNKNOWN STEP	2026-08-14T17:27:55.8487944Z #9 4.652 Get:113 http://deb.debian.org/debian trixie/main amd64 libhwy1t64 amd64 1.2.0-2+b2 [676 kB]
auth-duplicate-login-gate / enforce-single-session	UNKNOWN STEP	2026-08-14T17:27:55.8489628Z #9 4.654 Get:114 http://deb.debian.org/debian trixie/main amd64 liblcms2-2 amd64 2.16-2+deb13u2 [160 kB]
auth-duplicate-login-gate / enforce-single-session	UNKNOWN STEP	2026-08-14T17:27:55.8490986Z #9 4.657 Get:115 http://deb.debian.org/debian trixie/main amd64 libjxl0.11 amd64 0.11.2-0.1~deb13u2 [1133 kB]
auth-duplicate-login-gate / enforce-single-session	UNKNOWN STEP	2026-08-14T17:27:55.8492459Z #9 4.661 Get:116 http://deb.debian.org/debian trixie/main amd64 libopenjp2-7 amd64 2.5.3-2.1~deb13u2 [205 kB]
auth-duplicate-login-gate / enforce-single-session	UNKNOWN STEP	2026-08-14T17:27:55.8493789Z #9 4.662 Get:117 http://deb.debian.org/debian trixie/main amd64 librav1e0.7 amd64 0.7.1-9+b2 [946 kB]
auth-duplicate-login-gate / enforce-single-session	UNKNOWN STEP	2026-08-14T17:27:55.8495123Z #9 4.664 Get:118 http://deb.debian.org/debian trixie/main amd64 libcairo-gobject2 amd64 1.18.4-1+b1 [130 kB]
auth-duplicate-login-gate / enforce-single-session	UNKNOWN STEP	2026-08-14T17:27:55.8496629Z #9 4.665 Get:119 http://deb.debian.org/debian trixie/main amd64 libgdk-pixbuf2.0-common all 2.42.12+dfsg-4+deb13u1 [312 kB]
auth-duplicate-login-gate / enforce-single-session	UNKNOWN STEP	2026-08-14T17:27:55.8498250Z #9 4.670 Get:120 http://deb.debian.org/debian trixie/main amd64 libxml2 amd64 2.12.7+dfsg+really2.9.14-2.1+deb13u3 [700 kB]
auth-duplicate-login-gate / enforce-single-session	UNKNOWN STEP	2026-08-14T17:27:55.8499664Z #9 4.680 Get:121 http://deb.debian.org/debian trixie/main amd64 shared-mime-info amd64 2.4-5+b2 [760 kB]
auth-duplicate-login-gate / enforce-single-session	UNKNOWN STEP	2026-08-14T17:27:55.8501031Z #9 4.682 Get:122 http://deb.debian.org/debian trixie/main amd64 libjpeg62-turbo amd64 1:2.1.5-4 [168 kB]
auth-duplicate-login-gate / enforce-single-session	UNKNOWN STEP	2026-08-14T17:27:55.8502261Z #9 4.683 Get:123 http://deb.debian.org/debian trixie/main amd64 libdeflate0 amd64 1.23-2 [47.3 kB]
auth-duplicate-login-gate / enforce-single-session	UNKNOWN STEP	2026-08-14T17:27:55.8503627Z #9 4.683 Get:124 http://deb.debian.org/debian trixie/main amd64 libjbig0 amd64 2.1-6.1+b2 [32.1 kB]
auth-duplicate-login-gate / enforce-single-session	UNKNOWN STEP	2026-08-14T17:27:55.9611671Z #9 4.690 Get:125 http://deb.debian.org/debian trixie/main amd64 liblerc4 amd64 4.0.0+ds-5 [183 kB]
auth-duplicate-login-gate / enforce-single-session	UNKNOWN STEP	2026-08-14T17:27:55.9621568Z #9 4.691 Get:126 http://deb.debian.org/debian trixie/main amd64 libsharpyuv0 amd64 1.5.0-0.1 [116 kB]
auth-duplicate-login-gate / enforce-single-session	UNKNOWN STEP	2026-08-14T17:27:55.9622739Z #9 4.693 Get:127 http://deb.debian.org/debian trixie/main amd64 libwebp7 amd64 1.5.0-0.1 [318 kB]
auth-duplicate-login-gate / enforce-single-session	UNKNOWN STEP	2026-08-14T17:27:55.9623808Z #9 4.693 Get:128 http://deb.debian.org/debian-security trixie-security/main amd64 libtiff6 amd64 4.7.0-3+deb13u3 [345 kB]
auth-duplicate-login-gate / enforce-single-session	UNKNOWN STEP	2026-08-14T17:27:55.9625114Z #9 4.700 Get:129 http://deb.debian.org/debian trixie/main amd64 libgdk-pixbuf-2.0-0 amd64 2.42.12+dfsg-4+deb13u1 [141 kB]
auth-duplicate-login-gate / enforce-single-session	UNKNOWN STEP	2026-08-14T17:27:55.9626151Z #9 4.710 Get:130 http://deb.debian.org/debian trixie/main amd64 fontconfig amd64 2.15.0-2.3 [463 kB]
auth-duplicate-login-gate / enforce-single-session	UNKNOWN STEP	2026-08-14T17:27:55.9626955Z #9 4.711 Get:131 http://deb.debian.org/debian trixie/main amd64 libfribidi0 amd64 1.0.16-1 [26.5 kB]
auth-duplicate-login-gate / enforce-single-session	UNKNOWN STEP	2026-08-14T17:27:55.9627812Z #9 4.712 Get:132 http://deb.debian.org/debian trixie/main amd64 libgraphite2-3 amd64 1.3.14-2+deb13u1 [75.2 kB]
auth-duplicate-login-gate / enforce-single-session	UNKNOWN STEP	2026-08-14T17:27:55.9628542Z #9 4.712 Get:133 http://deb.debian.org/debian trixie/main amd64 libharfbuzz0b amd64 10.2.0-1+deb13u1 [479 kB]
auth-duplicate-login-gate / enforce-single-session	UNKNOWN STEP	2026-08-14T17:27:55.9629526Z #9 4.714 Get:134 http://deb.debian.org/debian trixie/main amd64 libthai-data all 0.1.29-2 [168 kB]
auth-duplicate-login-gate / enforce-single-session	UNKNOWN STEP	2026-08-14T17:27:55.9630506Z #9 4.714 Get:135 http://deb.debian.org/debian trixie/main amd64 libdatrie1 amd64 0.2.13-3+b1 [38.1 kB]
auth-duplicate-login-gate / enforce-single-session	UNKNOWN STEP	2026-08-14T17:27:55.9631476Z #9 4.715 Get:136 http://deb.debian.org/debian trixie/main amd64 libthai0 amd64 0.1.29-2+b1 [49.4 kB]
auth-duplicate-login-gate / enforce-single-session	UNKNOWN STEP	2026-08-14T17:27:55.9632437Z #9 4.720 Get:137 http://deb.debian.org/debian trixie/main amd64 libpango-1.0-0 amd64 1.56.3-1 [226 kB]
auth-duplicate-login-gate / enforce-single-session	UNKNOWN STEP	2026-08-14T17:27:55.9633444Z #9 4.721 Get:138 http://deb.debian.org/debian trixie/main amd64 libpangoft2-1.0-0 amd64 1.56.3-1 [55.6 kB]
auth-duplicate-login-gate / enforce-single-session	UNKNOWN STEP	2026-08-14T17:27:55.9634532Z #9 4.722 Get:139 http://deb.debian.org/debian trixie/main amd64 libpangocairo-1.0-0 amd64 1.56.3-1 [35.7 kB]
auth-duplicate-login-gate / enforce-single-session	UNKNOWN STEP	2026-08-14T17:27:55.9635580Z #9 4.730 Get:140 http://deb.debian.org/debian trixie/main amd64 librsvg2-2 amd64 2.60.0+dfsg-1 [1789 kB]
auth-duplicate-login-gate / enforce-single-session	UNKNOWN STEP	2026-08-14T17:27:55.9636554Z #9 4.743 Get:141 http://deb.debian.org/debian trixie/main amd64 libshine3 amd64 3.1.1-2+b2 [23.1 kB]
auth-duplicate-login-gate / enforce-single-session	UNKNOWN STEP	2026-08-14T17:27:55.9637648Z #9 4.743 Get:142 http://deb.debian.org/debian trixie/main amd64 libsnappy1v5 amd64 1.2.2-1 [29.3 kB]
auth-duplicate-login-gate / enforce-single-session	UNKNOWN STEP	2026-08-14T17:27:55.9638666Z #9 4.744 Get:143 http://deb.debian.org/debian trixie/main amd64 libspeex1 amd64 1.2.1-3 [56.8 kB]
auth-duplicate-login-gate / enforce-single-session	UNKNOWN STEP	2026-08-14T17:27:55.9639612Z #9 4.749 Get:144 http://deb.debian.org/debian trixie/main amd64 libsvtav1enc2 amd64 2.3.0+dfsg-1 [2489 kB]
auth-duplicate-login-gate / enforce-single-session	UNKNOWN STEP	2026-08-14T17:27:55.9640640Z #9 4.756 Get:145 http://deb.debian.org/debian trixie/main amd64 libsoxr0 amd64 0.1.3-4+b2 [81.0 kB]
auth-duplicate-login-gate / enforce-single-session	UNKNOWN STEP	2026-08-14T17:27:55.9641345Z #9 4.756 Get:146 http://deb.debian.org/debian trixie/main amd64 libswresample5 amd64 7:7.1.5-0+deb13u1 [109 kB]
auth-duplicate-login-gate / enforce-single-session	UNKNOWN STEP	2026-08-14T17:27:55.9642119Z #9 4.757 Get:147 http://deb.debian.org/debian trixie/main amd64 libtheoradec1 amd64 1.2.0~alpha1+dfsg-6 [58.4 kB]
auth-duplicate-login-gate / enforce-single-session	UNKNOWN STEP	2026-08-14T17:27:55.9642861Z #9 4.757 Get:148 http://deb.debian.org/debian trixie/main amd64 libtheoraenc1 amd64 1.2.0~alpha1+dfsg-6 [108 kB]
auth-duplicate-login-gate / enforce-single-session	UNKNOWN STEP	2026-08-14T17:27:55.9643546Z #9 4.758 Get:149 http://deb.debian.org/debian trixie/main amd64 libtwolame0 amd64 0.4.0-2+b2 [51.3 kB]
auth-duplicate-login-gate / enforce-single-session	UNKNOWN STEP	2026-08-14T17:27:55.9644168Z #9 4.762 Get:150 http://deb.debian.org/debian trixie/main amd64 libvpx9 amd64 1.15.0-2.1+deb13u1 [1115 kB]
auth-duplicate-login-gate / enforce-single-session	UNKNOWN STEP	2026-08-14T17:27:55.9644833Z #9 4.765 Get:151 http://deb.debian.org/debian trixie/main amd64 libwebpmux3 amd64 1.5.0-0.1 [126 kB]
auth-duplicate-login-gate / enforce-single-session	UNKNOWN STEP	2026-08-14T17:27:55.9645554Z #9 4.765 Get:152 http://deb.debian.org/debian trixie/main amd64 libx264-164 amd64 2:0.164.3108+git31e19f9-2+b1 [558 kB]
auth-duplicate-login-gate / enforce-single-session	UNKNOWN STEP	2026-08-14T17:27:55.9646262Z #9 4.767 Get:153 http://deb.debian.org/debian trixie/main amd64 libnuma1 amd64 2.0.19-1 [22.2 kB]
auth-duplicate-login-gate / enforce-single-session	UNKNOWN STEP	2026-08-14T17:27:55.9646957Z #9 4.774 Get:154 http://deb.debian.org/debian trixie/main amd64 libx265-215 amd64 4.1-2 [1237 kB]
auth-duplicate-login-gate / enforce-single-session	UNKNOWN STEP	2026-08-14T17:27:55.9647918Z #9 4.785 Get:155 http://deb.debian.org/debian trixie/main amd64 libxvidcore4 amd64 2:1.3.7-1+b2 [252 kB]
auth-duplicate-login-gate / enforce-single-session	UNKNOWN STEP	2026-08-14T17:27:55.9648594Z #9 4.786 Get:156 http://deb.debian.org/debian trixie/main amd64 libzvbi-common all 0.2.44-1 [71.4 kB]
auth-duplicate-login-gate / enforce-single-session	UNKNOWN STEP	2026-08-14T17:27:55.9649238Z #9 4.786 Get:157 http://deb.debian.org/debian trixie/main amd64 libzvbi0t64 amd64 0.2.44-1 [278 kB]
auth-duplicate-login-gate / enforce-single-session	UNKNOWN STEP	2026-08-14T17:27:55.9649966Z #9 4.787 Get:158 http://deb.debian.org/debian trixie/main amd64 libavcodec61 amd64 7:7.1.5-0+deb13u1 [5821 kB]
auth-duplicate-login-gate / enforce-single-session	UNKNOWN STEP	2026-08-14T17:27:55.9650578Z #9 4.804 Get:159 http://deb.debian.org/debian trixie/main amd64 libraw1394-11 amd64 2.1.2-2+b2 [38.8 kB]
auth-duplicate-login-gate / enforce-single-session	UNKNOWN STEP	2026-08-14T17:27:56.0612288Z #9 4.804 Get:160 http://deb.debian.org/debian trixie/main amd64 libavc1394-0 amd64 0.5.4-5+b2 [18.2 kB]
auth-duplicate-login-gate / enforce-single-session	UNKNOWN STEP	2026-08-14T17:27:56.0614177Z #9 4.804 Get:161 http://deb.debian.org/debian trixie/main amd64 libunibreak6 amd64 6.1-3 [21.9 kB]
auth-duplicate-login-gate / enforce-single-session	UNKNOWN STEP	2026-08-14T17:27:56.0615329Z #9 4.805 Get:162 http://deb.debian.org/debian trixie/main amd64 libass9 amd64 1:0.17.3-1+deb13u1 [114 kB]
auth-duplicate-login-gate / enforce-single-session	UNKNOWN STEP	2026-08-14T17:27:56.0616431Z #9 4.805 Get:163 http://deb.debian.org/debian trixie/main amd64 libudfread0 amd64 1.1.2-1+b2 [17.7 kB]
auth-duplicate-login-gate / enforce-single-session	UNKNOWN STEP	2026-08-14T17:27:56.0617231Z #9 4.805 Get:164 http://deb.debian.org/debian trixie/main amd64 libbluray2 amd64 1:1.3.4-1+b2 [138 kB]
auth-duplicate-login-gate / enforce-single-session	UNKNOWN STEP	2026-08-14T17:27:56.0618179Z #9 4.806 Get:165 http://deb.debian.org/debian trixie/main amd64 libchromaprint1 amd64 1.5.1-7 [42.9 kB]
auth-duplicate-login-gate / enforce-single-session	UNKNOWN STEP	2026-08-14T17:27:56.0618789Z #9 4.806 Get:166 http://deb.debian.org/debian trixie/main amd64 libdvdread8t64 amd64 6.1.3-2 [86.2 kB]
auth-duplicate-login-gate / enforce-single-session	UNKNOWN STEP	2026-08-14T17:27:56.0619364Z #9 4.807 Get:167 http://deb.debian.org/debian trixie/main amd64 libdvdnav4 amd64 6.1.1-3+b1 [44.5 kB]
auth-duplicate-login-gate / enforce-single-session	UNKNOWN STEP	2026-08-14T17:27:56.0620354Z #9 4.813 Get:168 http://deb.debian.org/debian trixie/main amd64 libgme0 amd64 0.6.3-7+b2 [131 kB]
auth-duplicate-login-gate / enforce-single-session	UNKNOWN STEP	2026-08-14T17:27:56.0622778Z #9 4.814 Get:169 http://deb.debian.org/debian trixie/main amd64 libunistring5 amd64 1.3-2 [477 kB]
auth-duplicate-login-gate / enforce-single-session	UNKNOWN STEP	2026-08-14T17:27:56.0623828Z #9 4.821 Get:170 http://deb.debian.org/debian trixie/main amd64 libidn2-0 amd64 2.3.8-2 [109 kB]
auth-duplicate-login-gate / enforce-single-session	UNKNOWN STEP	2026-08-14T17:27:56.0624752Z #9 4.822 Get:171 http://deb.debian.org/debian trixie/main amd64 libp11-kit0 amd64 0.25.5-3 [425 kB]
auth-duplicate-login-gate / enforce-single-session	UNKNOWN STEP	2026-08-14T17:27:56.0625359Z #9 4.824 Get:172 http://deb.debian.org/debian trixie/main amd64 libtasn1-6 amd64 4.20.0-2+deb13u1 [50.1 kB]
auth-duplicate-login-gate / enforce-single-session	UNKNOWN STEP	2026-08-14T17:27:56.0626000Z #9 4.827 Get:173 http://deb.debian.org/debian trixie/main amd64 libgnutls30t64 amd64 3.8.9-3+deb13u4 [1469 kB]
auth-duplicate-login-gate / enforce-single-session	UNKNOWN STEP	2026-08-14T17:27:56.0626625Z #9 4.828 Get:174 http://deb.debian.org/debian trixie/main amd64 libvorbisfile3 amd64 1.3.7-3 [20.9 kB]
auth-duplicate-login-gate / enforce-single-session	UNKNOWN STEP	2026-08-14T17:27:56.0627474Z #9 4.829 Get:175 http://deb.debian.org/debian trixie/main amd64 libopenmpt0t64 amd64 0.7.13-1+b1 [855 kB]
auth-duplicate-login-gate / enforce-single-session	UNKNOWN STEP	2026-08-14T17:27:56.0628298Z #9 4.831 Get:176 http://deb.debian.org/debian trixie/main amd64 librabbitmq4 amd64 0.15.0-1+deb13u1 [42.1 kB]
auth-duplicate-login-gate / enforce-single-session	UNKNOWN STEP	2026-08-14T17:27:56.0628924Z #9 4.832 Get:177 http://deb.debian.org/debian trixie/main amd64 libcjson1 amd64 1.7.18-3.1+deb13u1 [29.8 kB]
auth-duplicate-login-gate / enforce-single-session	UNKNOWN STEP	2026-08-14T17:27:56.0629576Z #9 4.832 Get:178 http://deb.debian.org/debian trixie/main amd64 libmbedcrypto16 amd64 3.6.5-0.1~deb13u1 [361 kB]
auth-duplicate-login-gate / enforce-single-session	UNKNOWN STEP	2026-08-14T17:27:56.0630206Z #9 4.833 Get:179 http://deb.debian.org/debian trixie/main amd64 librist4 amd64 0.2.11+dfsg-1 [72.1 kB]
auth-duplicate-login-gate / enforce-single-session	UNKNOWN STEP	2026-08-14T17:27:56.0630816Z #9 4.838 Get:180 http://deb.debian.org/debian trixie/main amd64 libsrt1.5-gnutls amd64 1.5.4-1 [345 kB]
auth-duplicate-login-gate / enforce-single-session	UNKNOWN STEP	2026-08-14T17:27:56.0631452Z #9 4.840 Get:181 http://deb.debian.org/debian trixie/main amd64 libkrb5support0 amd64 1.21.3-5+deb13u1 [33.1 kB]
auth-duplicate-login-gate / enforce-single-session	UNKNOWN STEP	2026-08-14T17:27:56.0632088Z #9 4.840 Get:182 http://deb.debian.org/debian trixie/main amd64 libcom-err2 amd64 1.47.2-3+b11 [25.0 kB]
auth-duplicate-login-gate / enforce-single-session	UNKNOWN STEP	2026-08-14T17:27:56.0632707Z #9 4.840 Get:183 http://deb.debian.org/debian trixie/main amd64 libk5crypto3 amd64 1.21.3-5+deb13u1 [81.2 kB]
auth-duplicate-login-gate / enforce-single-session	UNKNOWN STEP	2026-08-14T17:27:56.0633318Z #9 4.841 Get:184 http://deb.debian.org/debian trixie/main amd64 libkeyutils1 amd64 1.6.3-6 [9456 B]
auth-duplicate-login-gate / enforce-single-session	UNKNOWN STEP	2026-08-14T17:27:56.0634018Z #9 4.846 Get:185 http://deb.debian.org/debian trixie/main amd64 libkrb5-3 amd64 1.21.3-5+deb13u1 [326 kB]
auth-duplicate-login-gate / enforce-single-session	UNKNOWN STEP	2026-08-14T17:27:56.0634659Z #9 4.848 Get:186 http://deb.debian.org/debian trixie/main amd64 libgssapi-krb5-2 amd64 1.21.3-5+deb13u1 [138 kB]
auth-duplicate-login-gate / enforce-single-session	UNKNOWN STEP	2026-08-14T17:27:56.0635366Z #9 4.848 Get:187 http://deb.debian.org/debian-security trixie-security/main amd64 libssh-4 amd64 0.11.5-0+deb13u1 [212 kB]
auth-duplicate-login-gate / enforce-single-session	UNKNOWN STEP	2026-08-14T17:27:56.0636063Z #9 4.849 Get:188 http://deb.debian.org/debian trixie/main amd64 libnorm1t64 amd64 1.5.9+dfsg-3.1+b2 [221 kB]
auth-duplicate-login-gate / enforce-single-session	UNKNOWN STEP	2026-08-14T17:27:56.0636726Z #9 4.850 Get:189 http://deb.debian.org/debian trixie/main amd64 libpgm-5.3-0t64 amd64 5.3.128~dfsg-2.1+b1 [162 kB]
auth-duplicate-login-gate / enforce-single-session	UNKNOWN STEP	2026-08-14T17:27:56.0637365Z #9 4.854 Get:190 http://deb.debian.org/debian trixie/main amd64 libsodium23 amd64 1.0.18-1+deb13u1 [165 kB]
auth-duplicate-login-gate / enforce-single-session	UNKNOWN STEP	2026-08-14T17:27:56.0638079Z #9 4.855 Get:191 http://deb.debian.org/debian trixie/main amd64 libzmq5 amd64 4.3.5-1+b3 [283 kB]
auth-duplicate-login-gate / enforce-single-session	UNKNOWN STEP	2026-08-14T17:27:56.0638695Z #9 4.857 Get:192 http://deb.debian.org/debian trixie/main amd64 libavformat61 amd64 7:7.1.5-0+deb13u1 [1203 kB]
auth-duplicate-login-gate / enforce-single-session	UNKNOWN STEP	2026-08-14T17:27:56.0639331Z #9 4.862 Get:193 http://deb.debian.org/debian trixie/main amd64 libbs2b0 amd64 3.1.0+dfsg-8+b1 [12.5 kB]
auth-duplicate-login-gate / enforce-single-session	UNKNOWN STEP	2026-08-14T17:27:56.0639937Z #9 4.862 Get:194 http://deb.debian.org/debian trixie/main amd64 libflite1 amd64 2.2-7 [12.8 MB]
auth-duplicate-login-gate / enforce-single-session	UNKNOWN STEP	2026-08-14T17:27:56.0640512Z #9 4.903 Get:195 http://deb.debian.org/debian trixie/main amd64 libserd-0-0 amd64 0.32.4-1 [47.0 kB]
auth-duplicate-login-gate / enforce-single-session	UNKNOWN STEP	2026-08-14T17:27:56.0641090Z #9 4.903 Get:196 http://deb.debian.org/debian trixie/main amd64 libzix-0-0 amd64 0.6.2-1 [23.1 kB]
auth-duplicate-login-gate / enforce-single-session	UNKNOWN STEP	2026-08-14T17:27:56.0641665Z #9 4.904 Get:197 http://deb.debian.org/debian trixie/main amd64 libsord-0-0 amd64 0.16.18-1 [18.0 kB]
auth-duplicate-login-gate / enforce-single-session	UNKNOWN STEP	2026-08-14T17:27:56.1651288Z #9 4.904 Get:198 http://deb.debian.org/debian trixie/main amd64 libsratom-0-0 amd64 0.6.18-1 [17.7 kB]
auth-duplicate-login-gate / enforce-single-session	UNKNOWN STEP	2026-08-14T17:27:56.1652477Z #9 4.904 Get:199 http://deb.debian.org/debian trixie/main amd64 liblilv-0-0 amd64 0.24.26-1 [43.5 kB]
auth-duplicate-login-gate / enforce-single-session	UNKNOWN STEP	2026-08-14T17:27:56.1653590Z #9 4.905 Get:200 http://deb.debian.org/debian trixie/main amd64 libmysofa1 amd64 1.3.3+dfsg-1 [1158 kB]
auth-duplicate-login-gate / enforce-single-session	UNKNOWN STEP	2026-08-14T17:27:56.1654821Z #9 4.908 Get:201 http://deb.debian.org/debian trixie/main amd64 libvulkan1 amd64 1.4.309.0-1 [130 kB]
auth-duplicate-login-gate / enforce-single-session	UNKNOWN STEP	2026-08-14T17:27:56.1655465Z #9 4.909 Get:202 http://deb.debian.org/debian trixie/main amd64 libplacebo349 amd64 7.349.0-3 [2542 kB]
auth-duplicate-login-gate / enforce-single-session	UNKNOWN STEP	2026-08-14T17:27:56.1656045Z #9 4.916 Get:203 http://deb.debian.org/debian trixie/main amd64 libblas3 amd64 3.12.1-6 [160 kB]
auth-duplicate-login-gate / enforce-single-session	UNKNOWN STEP	2026-08-14T17:27:56.1656602Z #9 4.917 Get:204 http://deb.debian.org/debian trixie/main amd64 libgfortran5 amd64 14.2.0-19 [836 kB]
auth-duplicate-login-gate / enforce-single-session	UNKNOWN STEP	2026-08-14T17:27:56.1657170Z #9 4.920 Get:205 http://deb.debian.org/debian trixie/main amd64 liblapack3 amd64 3.12.1-6 [2447 kB]
auth-duplicate-login-gate / enforce-single-session	UNKNOWN STEP	2026-08-14T17:27:56.1658360Z #9 4.928 Get:206 http://deb.debian.org/debian trixie/main amd64 libsphinxbase3t64 amd64 0.8+5prealpha+1-21+b1 [121 kB]
auth-duplicate-login-gate / enforce-single-session	UNKNOWN STEP	2026-08-14T17:27:56.1659065Z #9 4.929 Get:207 http://deb.debian.org/debian trixie/main amd64 libpocketsphinx3 amd64 0.8+5prealpha+1-15+b4 [126 kB]
auth-duplicate-login-gate / enforce-single-session	UNKNOWN STEP	2026-08-14T17:27:56.1659996Z #9 4.929 Get:208 http://deb.debian.org/debian trixie/main amd64 libpostproc58 amd64 7:7.1.5-0+deb13u1 [96.0 kB]
auth-duplicate-login-gate / enforce-single-session	UNKNOWN STEP	2026-08-14T17:27:56.1660873Z #9 4.930 Get:209 http://deb.debian.org/debian trixie/main amd64 libfftw3-double3 amd64 3.3.10-2+b1 [781 kB]
auth-duplicate-login-gate / enforce-single-session	UNKNOWN STEP	2026-08-14T17:27:56.1661745Z #9 4.932 Get:210 http://deb.debian.org/debian trixie/main amd64 librubberband2 amd64 3.3.0+dfsg-2+b3 [142 kB]
auth-duplicate-login-gate / enforce-single-session	UNKNOWN STEP	2026-08-14T17:27:56.1662626Z #9 4.933 Get:211 http://deb.debian.org/debian trixie/main amd64 libswscale8 amd64 7:7.1.5-0+deb13u1 [242 kB]
auth-duplicate-login-gate / enforce-single-session	UNKNOWN STEP	2026-08-14T17:27:56.1663302Z #9 4.934 Get:212 http://deb.debian.org/debian trixie/main amd64 libvidstab1.1 amd64 1.1.0-2+b2 [38.9 kB]
auth-duplicate-login-gate / enforce-single-session	UNKNOWN STEP	2026-08-14T17:27:56.1663905Z #9 4.938 Get:213 http://deb.debian.org/debian trixie/main amd64 libzimg2 amd64 3.0.5+ds1-1+b2 [244 kB]
auth-duplicate-login-gate / enforce-single-session	UNKNOWN STEP	2026-08-14T17:27:56.1664514Z #9 4.948 Get:214 http://deb.debian.org/debian trixie/main amd64 libavfilter10 amd64 7:7.1.5-0+deb13u1 [4121 kB]
auth-duplicate-login-gate / enforce-single-session	UNKNOWN STEP	2026-08-14T17:27:56.1665331Z #9 4.960 Get:215 http://deb.debian.org/debian trixie/main amd64 libslang2 amd64 2.3.3-5+b2 [549 kB]
auth-duplicate-login-gate / enforce-single-session	UNKNOWN STEP	2026-08-14T17:27:56.1665943Z #9 4.962 Get:216 http://deb.debian.org/debian trixie/main amd64 libcaca0 amd64 0.99.beta20-5+deb13u1 [202 kB]
auth-duplicate-login-gate / enforce-single-session	UNKNOWN STEP	2026-08-14T17:27:56.1666569Z #9 4.963 Get:217 http://deb.debian.org/debian trixie/main amd64 libcdio19t64 amd64 2.2.0-4.1~deb13u1 [61.6 kB]
auth-duplicate-login-gate / enforce-single-session	UNKNOWN STEP	2026-08-14T17:27:56.1667212Z #9 4.963 Get:218 http://deb.debian.org/debian trixie/main amd64 libcdio-cdda2t64 amd64 10.2+2.0.2-1+b1 [17.7 kB]
auth-duplicate-login-gate / enforce-single-session	UNKNOWN STEP	2026-08-14T17:27:56.1668001Z #9 4.963 Get:219 http://deb.debian.org/debian trixie/main amd64 libcdio-paranoia2t64 amd64 10.2+2.0.2-1+b1 [17.4 kB]
auth-duplicate-login-gate / enforce-single-session	UNKNOWN STEP	2026-08-14T17:27:56.1668641Z #9 4.963 Get:220 http://deb.debian.org/debian trixie/main amd64 libusb-1.0-0 amd64 2:1.0.28-1 [59.6 kB]
auth-duplicate-login-gate / enforce-single-session	UNKNOWN STEP	2026-08-14T17:27:56.1669258Z #9 4.967 Get:221 http://deb.debian.org/debian trixie/main amd64 libdc1394-25 amd64 2.2.6-5 [111 kB]
auth-duplicate-login-gate / enforce-single-session	UNKNOWN STEP	2026-08-14T17:27:56.1669821Z #9 4.968 Get:222 http://deb.debian.org/debian trixie/main amd64 libglvnd0 amd64 1.7.0-1+b2 [52.0 kB]
auth-duplicate-login-gate / enforce-single-session	UNKNOWN STEP	2026-08-14T17:27:56.1670397Z #9 4.977 Get:223 http://deb.debian.org/debian trixie/main amd64 libxcb-glx0 amd64 1.17.0-2+b1 [122 kB]
auth-duplicate-login-gate / enforce-single-session	UNKNOWN STEP	2026-08-14T17:27:56.1670994Z #9 4.978 Get:224 http://deb.debian.org/debian trixie/main amd64 libxcb-present0 amd64 1.17.0-2+b1 [106 kB]
auth-duplicate-login-gate / enforce-single-session	UNKNOWN STEP	2026-08-14T17:27:56.1671613Z #9 4.978 Get:225 http://deb.debian.org/debian trixie/main amd64 libxcb-xfixes0 amd64 1.17.0-2+b1 [109 kB]
auth-duplicate-login-gate / enforce-single-session	UNKNOWN STEP	2026-08-14T17:27:56.1672222Z #9 4.979 Get:226 http://deb.debian.org/debian trixie/main amd64 libxxf86vm1 amd64 1:1.1.4-1+b4 [19.3 kB]
auth-duplicate-login-gate / enforce-single-session	UNKNOWN STEP	2026-08-14T17:27:56.1672818Z #9 4.979 Get:227 http://deb.debian.org/debian trixie/main amd64 libdrm-amdgpu1 amd64 2.4.124-2 [22.6 kB]
auth-duplicate-login-gate / enforce-single-session	UNKNOWN STEP	2026-08-14T17:27:56.1673420Z #9 4.979 Get:228 http://deb.debian.org/debian trixie/main amd64 libpciaccess0 amd64 0.17-3+b3 [51.9 kB]
auth-duplicate-login-gate / enforce-single-session	UNKNOWN STEP	2026-08-14T17:27:56.1674006Z #9 4.981 Get:229 http://deb.debian.org/debian trixie/main amd64 libdrm-intel1 amd64 2.4.124-2 [64.1 kB]
auth-duplicate-login-gate / enforce-single-session	UNKNOWN STEP	2026-08-14T17:27:56.1674574Z #9 4.981 Get:230 http://deb.debian.org/debian trixie/main amd64 libelf1t64 amd64 0.192-4 [189 kB]
auth-duplicate-login-gate / enforce-single-session	UNKNOWN STEP	2026-08-14T17:27:56.1675149Z #9 4.981 Get:231 http://deb.debian.org/debian trixie/main amd64 libedit2 amd64 3.1-20250104-1 [93.8 kB]
auth-duplicate-login-gate / enforce-single-session	UNKNOWN STEP	2026-08-14T17:27:56.1675710Z #9 4.982 Get:232 http://deb.debian.org/debian trixie/main amd64 libz3-4 amd64 4.13.3-1 [8560 kB]
auth-duplicate-login-gate / enforce-single-session	UNKNOWN STEP	2026-08-14T17:27:56.1676268Z #9 5.008 Get:233 http://deb.debian.org/debian trixie/main amd64 libllvm19 amd64 1:19.1.7-3+b1 [26.0 MB]
auth-duplicate-login-gate / enforce-single-session	UNKNOWN STEP	2026-08-14T17:27:56.2706301Z #9 5.083 Get:234 http://deb.debian.org/debian trixie/main amd64 libsensors-config all 1:3.6.2-2 [16.2 kB]
auth-duplicate-login-gate / enforce-single-session	UNKNOWN STEP	2026-08-14T17:27:56.2707702Z #9 5.083 Get:235 http://deb.debian.org/debian trixie/main amd64 libsensors5 amd64 1:3.6.2-2 [37.5 kB]
auth-duplicate-login-gate / enforce-single-session	UNKNOWN STEP	2026-08-14T17:27:56.2709231Z #9 5.083 Get:236 http://deb.debian.org/debian trixie/main amd64 libxcb-randr0 amd64 1.17.0-2+b1 [117 kB]
auth-duplicate-login-gate / enforce-single-session	UNKNOWN STEP	2026-08-14T17:27:56.2710648Z #9 5.084 Get:237 http://deb.debian.org/debian trixie/main amd64 libxcb-sync1 amd64 1.17.0-2+b1 [109 kB]
auth-duplicate-login-gate / enforce-single-session	UNKNOWN STEP	2026-08-14T17:27:56.2711380Z #9 5.087 Get:238 http://deb.debian.org/debian trixie/main amd64 libxshmfence1 amd64 1.3.3-1 [10.9 kB]
auth-duplicate-login-gate / enforce-single-session	UNKNOWN STEP	2026-08-14T17:27:56.2712263Z #9 5.087 Get:239 http://deb.debian.org/debian trixie/main amd64 mesa-libgallium amd64 25.0.7-2+deb13u1 [9630 kB]
auth-duplicate-login-gate / enforce-single-session	UNKNOWN STEP	2026-08-14T17:27:56.4655351Z #9 5.113 Get:240 http://deb.debian.org/debian trixie/main amd64 libwayland-server0 amd64 1.23.1-3 [34.4 kB]
auth-duplicate-login-gate / enforce-single-session	UNKNOWN STEP	2026-08-14T17:27:56.4656866Z #9 5.113 Get:241 http://deb.debian.org/debian trixie/main amd64 libgbm1 amd64 25.0.7-2+deb13u1 [44.6 kB]
auth-duplicate-login-gate / enforce-single-session	UNKNOWN STEP	2026-08-14T17:27:56.4658146Z #9 5.115 Get:242 http://deb.debian.org/debian trixie/main amd64 libgl1-mesa-dri amd64 25.0.7-2+deb13u1 [46.2 kB]
auth-duplicate-login-gate / enforce-single-session	UNKNOWN STEP	2026-08-14T17:27:56.4659090Z #9 5.115 Get:243 http://deb.debian.org/debian trixie/main amd64 libglx-mesa0 amd64 25.0.7-2+deb13u1 [143 kB]
auth-duplicate-login-gate / enforce-single-session	UNKNOWN STEP	2026-08-14T17:27:56.4659998Z #9 5.115 Get:244 http://deb.debian.org/debian trixie/main amd64 libglx0 amd64 1.7.0-1+b2 [34.9 kB]
auth-duplicate-login-gate / enforce-single-session	UNKNOWN STEP	2026-08-14T17:27:56.4660755Z #9 5.116 Get:245 http://deb.debian.org/debian trixie/main amd64 libgl1 amd64 1.7.0-1+b2 [89.5 kB]
auth-duplicate-login-gate / enforce-single-session	UNKNOWN STEP	2026-08-14T17:27:56.4661821Z #9 5.116 Get:246 http://deb.debian.org/debian trixie/main amd64 libiec61883-0 amd64 1.2.0-7 [30.6 kB]
auth-duplicate-login-gate / enforce-single-session	UNKNOWN STEP	2026-08-14T17:27:56.4662685Z #9 5.116 Get:247 http://deb.debian.org/debian trixie/main amd64 libjack-jackd2-0 amd64 1.9.22~dfsg-4 [287 kB]
auth-duplicate-login-gate / enforce-single-session	UNKNOWN STEP	2026-08-14T17:27:56.4663550Z #9 5.117 Get:248 http://deb.debian.org/debian trixie/main amd64 libopenal-data all 1:1.24.2-1 [168 kB]
auth-duplicate-login-gate / enforce-single-session	UNKNOWN STEP	2026-08-14T17:27:56.4664349Z #9 5.122 Get:249 http://deb.debian.org/debian trixie/main amd64 libopenal1 amd64 1:1.24.2-1 [637 kB]
auth-duplicate-login-gate / enforce-single-session	UNKNOWN STEP	2026-08-14T17:27:56.4665064Z #9 5.131 Get:250 http://deb.debian.org/debian trixie/main amd64 libwayland-client0 amd64 1.23.1-3 [26.8 kB]
auth-duplicate-login-gate / enforce-single-session	UNKNOWN STEP	2026-08-14T17:27:56.4665781Z #9 5.131 Get:251 http://deb.debian.org/debian trixie/main amd64 libdecor-0-0 amd64 0.2.2-2 [15.5 kB]
auth-duplicate-login-gate / enforce-single-session	UNKNOWN STEP	2026-08-14T17:27:56.4666504Z #9 5.131 Get:252 http://deb.debian.org/debian trixie/main amd64 libwayland-cursor0 amd64 1.23.1-3 [11.9 kB]
auth-duplicate-login-gate / enforce-single-session	UNKNOWN STEP	2026-08-14T17:27:56.4667236Z #9 5.132 Get:253 http://deb.debian.org/debian trixie/main amd64 libwayland-egl1 amd64 1.23.1-3 [5860 B]
auth-duplicate-login-gate / enforce-single-session	UNKNOWN STEP	2026-08-14T17:27:56.4668115Z #9 5.132 Get:254 http://deb.debian.org/debian trixie/main amd64 libxcursor1 amd64 1:1.2.3-1 [39.7 kB]
auth-duplicate-login-gate / enforce-single-session	UNKNOWN STEP	2026-08-14T17:27:56.4668788Z #9 5.132 Get:255 http://deb.debian.org/debian trixie/main amd64 libxi6 amd64 2:1.8.2-1 [78.9 kB]
auth-duplicate-login-gate / enforce-single-session	UNKNOWN STEP	2026-08-14T17:27:56.4669442Z #9 5.141 Get:256 http://deb.debian.org/debian trixie/main amd64 xkb-data all 2.42-1 [790 kB]
auth-duplicate-login-gate / enforce-single-session	UNKNOWN STEP	2026-08-14T17:27:56.4670127Z #9 5.144 Get:257 http://deb.debian.org/debian trixie/main amd64 libxkbcommon0 amd64 1.7.0-2 [113 kB]
auth-duplicate-login-gate / enforce-single-session	UNKNOWN STEP	2026-08-14T17:27:56.4670830Z #9 5.145 Get:258 http://deb.debian.org/debian trixie/main amd64 libxrandr2 amd64 2:1.5.4-1+b3 [36.3 kB]
auth-duplicate-login-gate / enforce-single-session	UNKNOWN STEP	2026-08-14T17:27:56.4671560Z #9 5.145 Get:259 http://deb.debian.org/debian trixie/main amd64 x11-common all 1:7.7+24+deb13u1 [217 kB]
auth-duplicate-login-gate / enforce-single-session	UNKNOWN STEP	2026-08-14T17:27:56.4672271Z #9 5.148 Get:260 http://deb.debian.org/debian trixie/main amd64 libxss1 amd64 1:1.2.3-1+b3 [17.0 kB]
auth-duplicate-login-gate / enforce-single-session	UNKNOWN STEP	2026-08-14T17:27:56.4672998Z #9 5.148 Get:261 http://deb.debian.org/debian trixie/main amd64 libsdl2-2.0-0 amd64 2.32.4+dfsg-1 [669 kB]
auth-duplicate-login-gate / enforce-single-session	UNKNOWN STEP	2026-08-14T17:27:56.4673728Z #9 5.158 Get:262 http://deb.debian.org/debian trixie/main amd64 libxcb-shape0 amd64 1.17.0-2+b1 [106 kB]
auth-duplicate-login-gate / enforce-single-session	UNKNOWN STEP	2026-08-14T17:27:56.4674442Z #9 5.159 Get:263 http://deb.debian.org/debian trixie/main amd64 libxv1 amd64 2:1.0.11-1.1+b3 [23.4 kB]
auth-duplicate-login-gate / enforce-single-session	UNKNOWN STEP	2026-08-14T17:27:56.4675185Z #9 5.159 Get:264 http://deb.debian.org/debian trixie/main amd64 libavdevice61 amd64 7:7.1.5-0+deb13u1 [127 kB]
auth-duplicate-login-gate / enforce-single-session	UNKNOWN STEP	2026-08-14T17:27:56.4675927Z #9 5.168 Get:265 http://deb.debian.org/debian trixie/main amd64 ffmpeg amd64 7:7.1.5-0+deb13u1 [2002 kB]
auth-duplicate-login-gate / enforce-single-session	UNKNOWN STEP	2026-08-14T17:27:56.4676638Z #9 5.179 Get:266 http://deb.debian.org/debian trixie/main amd64 libasound2-dev amd64 1.2.14-1 [120 kB]
auth-duplicate-login-gate / enforce-single-session	UNKNOWN STEP	2026-08-14T17:27:56.4677648Z #9 5.180 Get:267 http://deb.debian.org/debian trixie/main amd64 libjack-jackd2-dev amd64 1.9.22~dfsg-4 [60.0 kB]
auth-duplicate-login-gate / enforce-single-session	UNKNOWN STEP	2026-08-14T17:27:56.4678439Z #9 5.181 Get:268 http://deb.debian.org/debian trixie/main amd64 libportaudio2 amd64 19.6.0-1.2+b3 [64.8 kB]
auth-duplicate-login-gate / enforce-single-session	UNKNOWN STEP	2026-08-14T17:27:56.4679203Z #9 5.182 Get:269 http://deb.debian.org/debian trixie/main amd64 libportaudiocpp0 amd64 19.6.0-1.2+b3 [17.6 kB]
auth-duplicate-login-gate / enforce-single-session	UNKNOWN STEP	2026-08-14T17:27:56.4679974Z #9 5.192 Get:270 http://deb.debian.org/debian trixie/main amd64 portaudio19-dev amd64 19.6.0-1.2+b3 [106 kB]
auth-duplicate-login-gate / enforce-single-session	UNKNOWN STEP	2026-08-14T17:27:56.4680597Z #9 5.308 debconf: unable to initialize frontend: Dialog
auth-duplicate-login-gate / enforce-single-session	UNKNOWN STEP	2026-08-14T17:27:56.4681099Z #9 5.308 debconf: (TERM is not set, so the dialog frontend is not usable.)
auth-duplicate-login-gate / enforce-single-session	UNKNOWN STEP	2026-08-14T17:27:56.4681842Z #9 5.308 debconf: falling back to frontend: Readline
auth-duplicate-login-gate / enforce-single-session	UNKNOWN STEP	2026-08-14T17:27:56.6191953Z #9 5.308 debconf: unable to initialize frontend: Readline
auth-duplicate-login-gate / enforce-single-session	UNKNOWN STEP	2026-08-14T17:27:56.6195449Z #9 5.308 debconf: (Can't locate Term/ReadLine.pm in @INC (you may need to install the Term::ReadLine module) (@INC entries checked: /etc/perl /usr/local/lib/x86_64-linux-gnu/perl/5.40.1 /usr/local/share/perl/5.40.1 /usr/lib/x86_64-linux-gnu/perl5/5.40 /usr/share/perl5 /usr/lib/x86_64-linux-gnu/perl-base /usr/lib/x86_64-linux-gnu/perl/5.40 /usr/share/perl/5.40 /usr/local/lib/site_perl) at /usr/share/perl5/Debconf/FrontEnd/Readline.pm line 8, <STDIN> line 270.)
auth-duplicate-login-gate / enforce-single-session	UNKNOWN STEP	2026-08-14T17:27:56.6197430Z #9 5.308 debconf: falling back to frontend: Teletype
auth-duplicate-login-gate / enforce-single-session	UNKNOWN STEP	2026-08-14T17:27:56.6198025Z #9 5.311 debconf: unable to initialize frontend: Teletype
auth-duplicate-login-gate / enforce-single-session	UNKNOWN STEP	2026-08-14T17:27:56.6198476Z #9 5.311 debconf: (This frontend requires a controlling tty.)
auth-duplicate-login-gate / enforce-single-session	UNKNOWN STEP	2026-08-14T17:27:56.6198926Z #9 5.311 debconf: falling back to frontend: Noninteractive
auth-duplicate-login-gate / enforce-single-session	UNKNOWN STEP	2026-08-14T17:28:00.8238819Z #9 9.666 Preconfiguring packages ...
auth-duplicate-login-gate / enforce-single-session	UNKNOWN STEP	2026-08-14T17:28:00.9315297Z #9 9.705 Fetched 229 MB in 2s (124 MB/s)
auth-duplicate-login-gate / enforce-single-session	UNKNOWN STEP	2026-08-14T17:28:00.9316102Z #9 9.718 Selecting previously unselected package libexpat1:amd64.
auth-duplicate-login-gate / enforce-single-session	UNKNOWN STEP	2026-08-14T17:28:00.9316839Z #9 9.718 (Reading database ... 
auth-duplicate-login-gate / enforce-single-session	UNKNOWN STEP	2026-08-14T17:28:00.9317417Z (Reading database ... 5%
auth-duplicate-login-gate / enforce-single-session	UNKNOWN STEP	2026-08-14T17:28:00.9317935Z (Reading database ... 10%
auth-duplicate-login-gate / enforce-single-session	UNKNOWN STEP	2026-08-14T17:28:00.9318327Z (Reading database ... 15%
auth-duplicate-login-gate / enforce-single-session	UNKNOWN STEP	2026-08-14T17:28:00.9318585Z (Reading database ... 20%
auth-duplicate-login-gate / enforce-single-session	UNKNOWN STEP	2026-08-14T17:28:00.9318816Z (Reading database ... 25%
auth-duplicate-login-gate / enforce-single-session	UNKNOWN STEP	2026-08-14T17:28:00.9319132Z (Reading database ... 30%
auth-duplicate-login-gate / enforce-single-session	UNKNOWN STEP	2026-08-14T17:28:00.9319474Z (Reading database ... 35%
auth-duplicate-login-gate / enforce-single-session	UNKNOWN STEP	2026-08-14T17:28:00.9319821Z (Reading database ... 40%
auth-duplicate-login-gate / enforce-single-session	UNKNOWN STEP	2026-08-14T17:28:00.9320169Z (Reading database ... 45%
auth-duplicate-login-gate / enforce-single-session	UNKNOWN STEP	2026-08-14T17:28:00.9320517Z (Reading database ... 50%
auth-duplicate-login-gate / enforce-single-session	UNKNOWN STEP	2026-08-14T17:28:00.9320863Z (Reading database ... 55%
auth-duplicate-login-gate / enforce-single-session	UNKNOWN STEP	2026-08-14T17:28:00.9321214Z (Reading database ... 60%
auth-duplicate-login-gate / enforce-single-session	UNKNOWN STEP	2026-08-14T17:28:00.9321598Z (Reading database ... 65%
auth-duplicate-login-gate / enforce-single-session	UNKNOWN STEP	2026-08-14T17:28:00.9321945Z (Reading database ... 70%
auth-duplicate-login-gate / enforce-single-session	UNKNOWN STEP	2026-08-14T17:28:00.9322307Z (Reading database ... 75%
auth-duplicate-login-gate / enforce-single-session	UNKNOWN STEP	2026-08-14T17:28:00.9322672Z (Reading database ... 80%
auth-duplicate-login-gate / enforce-single-session	UNKNOWN STEP	2026-08-14T17:28:00.9322994Z (Reading database ... 85%
auth-duplicate-login-gate / enforce-single-session	UNKNOWN STEP	2026-08-14T17:28:00.9323224Z (Reading database ... 90%
auth-duplicate-login-gate / enforce-single-session	UNKNOWN STEP	2026-08-14T17:28:00.9323467Z (Reading database ... 95%
auth-duplicate-login-gate / enforce-single-session	UNKNOWN STEP	2026-08-14T17:28:00.9323768Z (Reading database ... 100%
auth-duplicate-login-gate / enforce-single-session	UNKNOWN STEP	2026-08-14T17:28:00.9324108Z (Reading database ... 5645 files and directories currently installed.)
auth-duplicate-login-gate / enforce-single-session	UNKNOWN STEP	2026-08-14T17:28:00.9324573Z #9 9.723 Preparing to unpack .../000-libexpat1_2.8.2-1~deb13u1_amd64.deb ...
auth-duplicate-login-gate / enforce-single-session	UNKNOWN STEP	2026-08-14T17:28:00.9325001Z #9 9.725 Unpacking libexpat1:amd64 (2.8.2-1~deb13u1) ...
auth-duplicate-login-gate / enforce-single-session	UNKNOWN STEP	2026-08-14T17:28:00.9325375Z #9 9.740 Selecting previously unselected package libkmod2:amd64.
auth-duplicate-login-gate / enforce-single-session	UNKNOWN STEP	2026-08-14T17:28:00.9325778Z #9 9.741 Preparing to unpack .../001-libkmod2_34.2-2_amd64.deb ...
auth-duplicate-login-gate / enforce-single-session	UNKNOWN STEP	2026-08-14T17:28:00.9326127Z #9 9.742 Unpacking libkmod2:amd64 (34.2-2) ...
auth-duplicate-login-gate / enforce-single-session	UNKNOWN STEP	2026-08-14T17:28:00.9326471Z #9 9.755 Selecting previously unselected package kmod.
auth-duplicate-login-gate / enforce-single-session	UNKNOWN STEP	2026-08-14T17:28:00.9326834Z #9 9.755 Preparing to unpack .../002-kmod_34.2-2_amd64.deb ...
auth-duplicate-login-gate / enforce-single-session	UNKNOWN STEP	2026-08-14T17:28:00.9327152Z #9 9.760 Unpacking kmod (34.2-2) ...
auth-duplicate-login-gate / enforce-single-session	UNKNOWN STEP	2026-08-14T17:28:01.0979405Z #9 9.774 Selecting previously unselected package bzip2.
auth-duplicate-login-gate / enforce-single-session	UNKNOWN STEP	2026-08-14T17:28:01.0980511Z #9 9.775 Preparing to unpack .../003-bzip2_1.0.8-6_amd64.deb ...
auth-duplicate-login-gate / enforce-single-session	UNKNOWN STEP	2026-08-14T17:28:01.0981138Z #9 9.777 Unpacking bzip2 (1.0.8-6) ...
auth-duplicate-login-gate / enforce-single-session	UNKNOWN STEP	2026-08-14T17:28:01.0981766Z #9 9.789 Selecting previously unselected package perl-modules-5.40.
auth-duplicate-login-gate / enforce-single-session	UNKNOWN STEP	2026-08-14T17:28:01.0982593Z #9 9.790 Preparing to unpack .../004-perl-modules-5.40_5.40.1-6_all.deb ...
auth-duplicate-login-gate / enforce-single-session	UNKNOWN STEP	2026-08-14T17:28:01.0983323Z #9 9.790 Unpacking perl-modules-5.40 (5.40.1-6) ...
auth-duplicate-login-gate / enforce-single-session	UNKNOWN STEP	2026-08-14T17:28:01.2939664Z #9 9.970 Selecting previously unselected package libgdbm-compat4t64:amd64.
auth-duplicate-login-gate / enforce-single-session	UNKNOWN STEP	2026-08-14T17:28:01.2941304Z #9 9.971 Preparing to unpack .../005-libgdbm-compat4t64_1.24-2_amd64.deb ...
auth-duplicate-login-gate / enforce-single-session	UNKNOWN STEP	2026-08-14T17:28:01.2942085Z #9 9.972 Unpacking libgdbm-compat4t64:amd64 (1.24-2) ...
auth-duplicate-login-gate / enforce-single-session	UNKNOWN STEP	2026-08-14T17:28:01.2942830Z #9 9.984 Selecting previously unselected package libperl5.40:amd64.
auth-duplicate-login-gate / enforce-single-session	UNKNOWN STEP	2026-08-14T17:28:01.2943647Z #9 9.985 Preparing to unpack .../006-libperl5.40_5.40.1-6_amd64.deb ...
auth-duplicate-login-gate / enforce-single-session	UNKNOWN STEP	2026-08-14T17:28:01.2944454Z #9 9.986 Unpacking libperl5.40:amd64 (5.40.1-6) ...
auth-duplicate-login-gate / enforce-single-session	UNKNOWN STEP	2026-08-14T17:28:01.3535017Z #9 10.20 Selecting previously unselected package perl.
auth-duplicate-login-gate / enforce-single-session	UNKNOWN STEP	2026-08-14T17:28:01.4541585Z #9 10.20 Preparing to unpack .../007-perl_5.40.1-6_amd64.deb ...
auth-duplicate-login-gate / enforce-single-session	UNKNOWN STEP	2026-08-14T17:28:01.4542068Z #9 10.20 Unpacking perl (5.40.1-6) ...
auth-duplicate-login-gate / enforce-single-session	UNKNOWN STEP	2026-08-14T17:28:01.4542539Z #9 10.22 Selecting previously unselected package xz-utils.
auth-duplicate-login-gate / enforce-single-session	UNKNOWN STEP	2026-08-14T17:28:01.4543276Z #9 10.22 Preparing to unpack .../008-xz-utils_5.8.1-1+deb13u1_amd64.deb ...
auth-duplicate-login-gate / enforce-single-session	UNKNOWN STEP	2026-08-14T17:28:01.4543765Z #9 10.22 Unpacking xz-utils (5.8.1-1+deb13u1) ...
auth-duplicate-login-gate / enforce-single-session	UNKNOWN STEP	2026-08-14T17:28:01.4544138Z #9 10.25 Selecting previously unselected package libasound2-data.
auth-duplicate-login-gate / enforce-single-session	UNKNOWN STEP	2026-08-14T17:28:01.4544621Z #9 10.25 Preparing to unpack .../009-libasound2-data_1.2.14-1_all.deb ...
auth-duplicate-login-gate / enforce-single-session	UNKNOWN STEP	2026-08-14T17:28:01.4545217Z #9 10.25 Unpacking libasound2-data (1.2.14-1) ...
auth-duplicate-login-gate / enforce-single-session	UNKNOWN STEP	2026-08-14T17:28:01.4545786Z #9 10.27 Selecting previously unselected package libasound2t64:amd64.
auth-duplicate-login-gate / enforce-single-session	UNKNOWN STEP	2026-08-14T17:28:01.4546640Z #9 10.27 Preparing to unpack .../010-libasound2t64_1.2.14-1_amd64.deb ...
auth-duplicate-login-gate / enforce-single-session	UNKNOWN STEP	2026-08-14T17:28:01.4547263Z #9 10.27 Unpacking libasound2t64:amd64 (1.2.14-1) ...
auth-duplicate-login-gate / enforce-single-session	UNKNOWN STEP	2026-08-14T17:28:01.4548120Z #9 10.30 Selecting previously unselected package libatopology2t64:amd64.
auth-duplicate-login-gate / enforce-single-session	UNKNOWN STEP	2026-08-14T17:28:01.5827349Z #9 10.30 Preparing to unpack .../011-libatopology2t64_1.2.14-1_amd64.deb ...
auth-duplicate-login-gate / enforce-single-session	UNKNOWN STEP	2026-08-14T17:28:01.5828096Z #9 10.30 Unpacking libatopology2t64:amd64 (1.2.14-1) ...
auth-duplicate-login-gate / enforce-single-session	UNKNOWN STEP	2026-08-14T17:28:01.5828555Z #9 10.31 Selecting previously unselected package libgomp1:amd64.
auth-duplicate-login-gate / enforce-single-session	UNKNOWN STEP	2026-08-14T17:28:01.5828990Z #9 10.31 Preparing to unpack .../012-libgomp1_14.2.0-19_amd64.deb ...
auth-duplicate-login-gate / enforce-single-session	UNKNOWN STEP	2026-08-14T17:28:01.5829350Z #9 10.31 Unpacking libgomp1:amd64 (14.2.0-19) ...
auth-duplicate-login-gate / enforce-single-session	UNKNOWN STEP	2026-08-14T17:28:01.5829734Z #9 10.33 Selecting previously unselected package libfftw3-single3:amd64.
auth-duplicate-login-gate / enforce-single-session	UNKNOWN STEP	2026-08-14T17:28:01.5830184Z #9 10.33 Preparing to unpack .../013-libfftw3-single3_3.3.10-2+b1_amd64.deb ...
auth-duplicate-login-gate / enforce-single-session	UNKNOWN STEP	2026-08-14T17:28:01.5830594Z #9 10.33 Unpacking libfftw3-single3:amd64 (3.3.10-2+b1) ...
auth-duplicate-login-gate / enforce-single-session	UNKNOWN STEP	2026-08-14T17:28:01.5830993Z #9 10.37 Selecting previously unselected package libsamplerate0:amd64.
auth-duplicate-login-gate / enforce-single-session	UNKNOWN STEP	2026-08-14T17:28:01.5831443Z #9 10.37 Preparing to unpack .../014-libsamplerate0_0.2.2-4+b2_amd64.deb ...
auth-duplicate-login-gate / enforce-single-session	UNKNOWN STEP	2026-08-14T17:28:01.5831841Z #9 10.38 Unpacking libsamplerate0:amd64 (0.2.2-4+b2) ...
auth-duplicate-login-gate / enforce-single-session	UNKNOWN STEP	2026-08-14T17:28:01.7704268Z #9 10.43 Selecting previously unselected package alsa-utils.
auth-duplicate-login-gate / enforce-single-session	UNKNOWN STEP	2026-08-14T17:28:01.7705047Z #9 10.43 Preparing to unpack .../015-alsa-utils_1.2.14-1_amd64.deb ...
auth-duplicate-login-gate / enforce-single-session	UNKNOWN STEP	2026-08-14T17:28:01.7705625Z #9 10.43 Unpacking alsa-utils (1.2.14-1) ...
auth-duplicate-login-gate / enforce-single-session	UNKNOWN STEP	2026-08-14T17:28:01.7706146Z #9 10.49 Selecting previously unselected package libsframe1:amd64.
auth-duplicate-login-gate / enforce-single-session	UNKNOWN STEP	2026-08-14T17:28:01.7706757Z #9 10.49 Preparing to unpack .../016-libsframe1_2.44-3_amd64.deb ...
auth-duplicate-login-gate / enforce-single-session	UNKNOWN STEP	2026-08-14T17:28:01.7707305Z #9 10.49 Unpacking libsframe1:amd64 (2.44-3) ...
auth-duplicate-login-gate / enforce-single-session	UNKNOWN STEP	2026-08-14T17:28:01.7708016Z #9 10.50 Selecting previously unselected package binutils-common:amd64.
auth-duplicate-login-gate / enforce-single-session	UNKNOWN STEP	2026-08-14T17:28:01.7708674Z #9 10.50 Preparing to unpack .../017-binutils-common_2.44-3_amd64.deb ...
auth-duplicate-login-gate / enforce-single-session	UNKNOWN STEP	2026-08-14T17:28:01.7709259Z #9 10.50 Unpacking binutils-common:amd64 (2.44-3) ...
auth-duplicate-login-gate / enforce-single-session	UNKNOWN STEP	2026-08-14T17:28:01.7710115Z #9 10.61 Selecting previously unselected package libbinutils:amd64.
auth-duplicate-login-gate / enforce-single-session	UNKNOWN STEP	2026-08-14T17:28:01.8749401Z #9 10.61 Preparing to unpack .../018-libbinutils_2.44-3_amd64.deb ...
auth-duplicate-login-gate / enforce-single-session	UNKNOWN STEP	2026-08-14T17:28:01.8749952Z #9 10.62 Unpacking libbinutils:amd64 (2.44-3) ...
auth-duplicate-login-gate / enforce-single-session	UNKNOWN STEP	2026-08-14T17:28:01.8750338Z #9 10.65 Selecting previously unselected package libgprofng0:amd64.
auth-duplicate-login-gate / enforce-single-session	UNKNOWN STEP	2026-08-14T17:28:01.8750786Z #9 10.65 Preparing to unpack .../019-libgprofng0_2.44-3_amd64.deb ...
auth-duplicate-login-gate / enforce-single-session	UNKNOWN STEP	2026-08-14T17:28:01.8751147Z #9 10.65 Unpacking libgprofng0:amd64 (2.44-3) ...
auth-duplicate-login-gate / enforce-single-session	UNKNOWN STEP	2026-08-14T17:28:01.8751510Z #9 10.70 Selecting previously unselected package libctf-nobfd0:amd64.
auth-duplicate-login-gate / enforce-single-session	UNKNOWN STEP	2026-08-14T17:28:01.8751939Z #9 10.70 Preparing to unpack .../020-libctf-nobfd0_2.44-3_amd64.deb ...
auth-duplicate-login-gate / enforce-single-session	UNKNOWN STEP	2026-08-14T17:28:01.8752303Z #9 10.70 Unpacking libctf-nobfd0:amd64 (2.44-3) ...
auth-duplicate-login-gate / enforce-single-session	UNKNOWN STEP	2026-08-14T17:28:01.8752673Z #9 10.72 Selecting previously unselected package libctf0:amd64.
auth-duplicate-login-gate / enforce-single-session	UNKNOWN STEP	2026-08-14T17:28:01.9754728Z #9 10.72 Preparing to unpack .../021-libctf0_2.44-3_amd64.deb ...
auth-duplicate-login-gate / enforce-single-session	UNKNOWN STEP	2026-08-14T17:28:01.9755687Z #9 10.72 Unpacking libctf0:amd64 (2.44-3) ...
auth-duplicate-login-gate / enforce-single-session	UNKNOWN STEP	2026-08-14T17:28:01.9756492Z #9 10.73 Selecting previously unselected package libjansson4:amd64.
auth-duplicate-login-gate / enforce-single-session	UNKNOWN STEP	2026-08-14T17:28:01.9757440Z #9 10.73 Preparing to unpack .../022-libjansson4_2.14-2+b3_amd64.deb ...
auth-duplicate-login-gate / enforce-single-session	UNKNOWN STEP	2026-08-14T17:28:01.9758409Z #9 10.73 Unpacking libjansson4:amd64 (2.14-2+b3) ...
auth-duplicate-login-gate / enforce-single-session	UNKNOWN STEP	2026-08-14T17:28:01.9759525Z #9 10.74 Selecting previously unselected package binutils-x86-64-linux-gnu.
auth-duplicate-login-gate / enforce-single-session	UNKNOWN STEP	2026-08-14T17:28:01.9760538Z #9 10.75 Preparing to unpack .../023-binutils-x86-64-linux-gnu_2.44-3_amd64.deb ...
auth-duplicate-login-gate / enforce-single-session	UNKNOWN STEP	2026-08-14T17:28:01.9761401Z #9 10.75 Unpacking binutils-x86-64-linux-gnu (2.44-3) ...
auth-duplicate-login-gate / enforce-single-session	UNKNOWN STEP	2026-08-14T17:28:01.9762149Z #9 10.82 Selecting previously unselected package binutils.
auth-duplicate-login-gate / enforce-single-session	UNKNOWN STEP	2026-08-14T17:28:01.9762941Z #9 10.82 Preparing to unpack .../024-binutils_2.44-3_amd64.deb ...
auth-duplicate-login-gate / enforce-single-session	UNKNOWN STEP	2026-08-14T17:28:01.9763642Z #9 10.82 Unpacking binutils (2.44-3) ...
auth-duplicate-login-gate / enforce-single-session	UNKNOWN STEP	2026-08-14T17:28:02.1627338Z #9 10.84 Selecting previously unselected package libc-dev-bin.
auth-duplicate-login-gate / enforce-single-session	UNKNOWN STEP	2026-08-14T17:28:02.1628285Z #9 10.84 Preparing to unpack .../025-libc-dev-bin_2.41-12+deb13u3_amd64.deb ...
auth-duplicate-login-gate / enforce-single-session	UNKNOWN STEP	2026-08-14T17:28:02.1629096Z #9 10.84 Unpacking libc-dev-bin (2.41-12+deb13u3) ...
auth-duplicate-login-gate / enforce-single-session	UNKNOWN STEP	2026-08-14T17:28:02.1629747Z #9 10.85 Selecting previously unselected package linux-libc-dev.
auth-duplicate-login-gate / enforce-single-session	UNKNOWN STEP	2026-08-14T17:28:02.1630527Z #9 10.85 Preparing to unpack .../026-linux-libc-dev_6.12.101-1_all.deb ...
auth-duplicate-login-gate / enforce-single-session	UNKNOWN STEP	2026-08-14T17:28:02.1631282Z #9 10.86 Unpacking linux-libc-dev (6.12.101-1) ...
auth-duplicate-login-gate / enforce-single-session	UNKNOWN STEP	2026-08-14T17:28:02.3125922Z #9 11.02 Selecting previously unselected package libcrypt-dev:amd64.
auth-duplicate-login-gate / enforce-single-session	UNKNOWN STEP	2026-08-14T17:28:02.3126591Z #9 11.02 Preparing to unpack .../027-libcrypt-dev_1%3a4.4.38-1_amd64.deb ...
auth-duplicate-login-gate / enforce-single-session	UNKNOWN STEP	2026-08-14T17:28:02.3127012Z #9 11.02 Unpacking libcrypt-dev:amd64 (1:4.4.38-1) ...
auth-duplicate-login-gate / enforce-single-session	UNKNOWN STEP	2026-08-14T17:28:02.3127383Z #9 11.04 Selecting previously unselected package rpcsvc-proto.
auth-duplicate-login-gate / enforce-single-session	UNKNOWN STEP	2026-08-14T17:28:02.3128588Z #9 11.04 Preparing to unpack .../028-rpcsvc-proto_1.4.3-1_amd64.deb ...
auth-duplicate-login-gate / enforce-single-session	UNKNOWN STEP	2026-08-14T17:28:02.3128978Z #9 11.04 Unpacking rpcsvc-proto (1.4.3-1) ...
auth-duplicate-login-gate / enforce-single-session	UNKNOWN STEP	2026-08-14T17:28:02.3129364Z #9 11.05 Selecting previously unselected package libc6-dev:amd64.
auth-duplicate-login-gate / enforce-single-session	UNKNOWN STEP	2026-08-14T17:28:02.3129814Z #9 11.05 Preparing to unpack .../029-libc6-dev_2.41-12+deb13u3_amd64.deb ...
auth-duplicate-login-gate / enforce-single-session	UNKNOWN STEP	2026-08-14T17:28:02.3130212Z #9 11.05 Unpacking libc6-dev:amd64 (2.41-12+deb13u3) ...
auth-duplicate-login-gate / enforce-single-session	UNKNOWN STEP	2026-08-14T17:28:02.5483336Z #9 11.16 Selecting previously unselected package libisl23:amd64.
auth-duplicate-login-gate / enforce-single-session	UNKNOWN STEP	2026-08-14T17:28:02.5483944Z #9 11.16 Preparing to unpack .../030-libisl23_0.27-1_amd64.deb ...
auth-duplicate-login-gate / enforce-single-session	UNKNOWN STEP	2026-08-14T17:28:02.5484469Z #9 11.16 Unpacking libisl23:amd64 (0.27-1) ...
auth-duplicate-login-gate / enforce-single-session	UNKNOWN STEP	2026-08-14T17:28:02.5484910Z #9 11.20 Selecting previously unselected package libmpfr6:amd64.
auth-duplicate-login-gate / enforce-single-session	UNKNOWN STEP	2026-08-14T17:28:02.5485390Z #9 11.20 Preparing to unpack .../031-libmpfr6_4.2.2-1_amd64.deb ...
auth-duplicate-login-gate / enforce-single-session	UNKNOWN STEP	2026-08-14T17:28:02.5485833Z #9 11.20 Unpacking libmpfr6:amd64 (4.2.2-1) ...
auth-duplicate-login-gate / enforce-single-session	UNKNOWN STEP	2026-08-14T17:28:02.5486276Z #9 11.23 Selecting previously unselected package libmpc3:amd64.
auth-duplicate-login-gate / enforce-single-session	UNKNOWN STEP	2026-08-14T17:28:02.5486817Z #9 11.23 Preparing to unpack .../032-libmpc3_1.3.1-1+b3_amd64.deb ...
auth-duplicate-login-gate / enforce-single-session	UNKNOWN STEP	2026-08-14T17:28:02.5487810Z #9 11.23 Unpacking libmpc3:amd64 (1.3.1-1+b3) ...
auth-duplicate-login-gate / enforce-single-session	UNKNOWN STEP	2026-08-14T17:28:02.5489039Z #9 11.24 Selecting previously unselected package cpp-14-x86-64-linux-gnu.
auth-duplicate-login-gate / enforce-single-session	UNKNOWN STEP	2026-08-14T17:28:02.5489963Z #9 11.24 Preparing to unpack .../033-cpp-14-x86-64-linux-gnu_14.2.0-19_amd64.deb ...
auth-duplicate-login-gate / enforce-single-session	UNKNOWN STEP	2026-08-14T17:28:02.5490765Z #9 11.24 Unpacking cpp-14-x86-64-linux-gnu (14.2.0-19) ...
auth-duplicate-login-gate / enforce-single-session	UNKNOWN STEP	2026-08-14T17:28:02.9896698Z #9 11.63 Selecting previously unselected package cpp-14.
auth-duplicate-login-gate / enforce-single-session	UNKNOWN STEP	2026-08-14T17:28:02.9897188Z #9 11.63 Preparing to unpack .../034-cpp-14_14.2.0-19_amd64.deb ...
auth-duplicate-login-gate / enforce-single-session	UNKNOWN STEP	2026-08-14T17:28:02.9897719Z #9 11.63 Unpacking cpp-14 (14.2.0-19) ...
auth-duplicate-login-gate / enforce-single-session	UNKNOWN STEP	2026-08-14T17:28:02.9898119Z #9 11.64 Selecting previously unselected package cpp-x86-64-linux-gnu.
auth-duplicate-login-gate / enforce-single-session	UNKNOWN STEP	2026-08-14T17:28:02.9898595Z #9 11.64 Preparing to unpack .../035-cpp-x86-64-linux-gnu_4%3a14.2.0-1_amd64.deb ...
auth-duplicate-login-gate / enforce-single-session	UNKNOWN STEP	2026-08-14T17:28:02.9899024Z #9 11.64 Unpacking cpp-x86-64-linux-gnu (4:14.2.0-1) ...
auth-duplicate-login-gate / enforce-single-session	UNKNOWN STEP	2026-08-14T17:28:02.9899378Z #9 11.65 Selecting previously unselected package cpp.
auth-duplicate-login-gate / enforce-single-session	UNKNOWN STEP	2026-08-14T17:28:02.9899747Z #9 11.65 Preparing to unpack .../036-cpp_4%3a14.2.0-1_amd64.deb ...
auth-duplicate-login-gate / enforce-single-session	UNKNOWN STEP	2026-08-14T17:28:02.9900105Z #9 11.66 Unpacking cpp (4:14.2.0-1) ...
auth-duplicate-login-gate / enforce-single-session	UNKNOWN STEP	2026-08-14T17:28:02.9900460Z #9 11.66 Selecting previously unselected package libcc1-0:amd64.
auth-duplicate-login-gate / enforce-single-session	UNKNOWN STEP	2026-08-14T17:28:02.9900857Z #9 11.67 Preparing to unpack .../037-libcc1-0_14.2.0-19_amd64.deb ...
auth-duplicate-login-gate / enforce-single-session	UNKNOWN STEP	2026-08-14T17:28:02.9901212Z #9 11.67 Unpacking libcc1-0:amd64 (14.2.0-19) ...
auth-duplicate-login-gate / enforce-single-session	UNKNOWN STEP	2026-08-14T17:28:02.9901821Z #9 11.68 Selecting previously unselected package libitm1:amd64.
auth-duplicate-login-gate / enforce-single-session	UNKNOWN STEP	2026-08-14T17:28:02.9902219Z #9 11.68 Preparing to unpack .../038-libitm1_14.2.0-19_amd64.deb ...
auth-duplicate-login-gate / enforce-single-session	UNKNOWN STEP	2026-08-14T17:28:02.9902575Z #9 11.68 Unpacking libitm1:amd64 (14.2.0-19) ...
auth-duplicate-login-gate / enforce-single-session	UNKNOWN STEP	2026-08-14T17:28:02.9902934Z #9 11.69 Selecting previously unselected package libatomic1:amd64.
auth-duplicate-login-gate / enforce-single-session	UNKNOWN STEP	2026-08-14T17:28:02.9903343Z #9 11.69 Preparing to unpack .../039-libatomic1_14.2.0-19_amd64.deb ...
auth-duplicate-login-gate / enforce-single-session	UNKNOWN STEP	2026-08-14T17:28:02.9903719Z #9 11.69 Unpacking libatomic1:amd64 (14.2.0-19) ...
auth-duplicate-login-gate / enforce-single-session	UNKNOWN STEP	2026-08-14T17:28:02.9904168Z #9 11.70 Selecting previously unselected package libasan8:amd64.
auth-duplicate-login-gate / enforce-single-session	UNKNOWN STEP	2026-08-14T17:28:02.9904763Z #9 11.70 Preparing to unpack .../040-libasan8_14.2.0-19_amd64.deb ...
auth-duplicate-login-gate / enforce-single-session	UNKNOWN STEP	2026-08-14T17:28:02.9906193Z #9 11.70 Unpacking libasan8:amd64 (14.2.0-19) ...
auth-duplicate-login-gate / enforce-single-session	UNKNOWN STEP	2026-08-14T17:28:02.9906715Z #9 11.83 Selecting previously unselected package liblsan0:amd64.
auth-duplicate-login-gate / enforce-single-session	UNKNOWN STEP	2026-08-14T17:28:03.1736928Z #9 11.83 Preparing to unpack .../041-liblsan0_14.2.0-19_amd64.deb ...
auth-duplicate-login-gate / enforce-single-session	UNKNOWN STEP	2026-08-14T17:28:03.1737425Z #9 11.83 Unpacking liblsan0:amd64 (14.2.0-19) ...
auth-duplicate-login-gate / enforce-single-session	UNKNOWN STEP	2026-08-14T17:28:03.1738110Z #9 11.90 Selecting previously unselected package libtsan2:amd64.
auth-duplicate-login-gate / enforce-single-session	UNKNOWN STEP	2026-08-14T17:28:03.1738532Z #9 11.90 Preparing to unpack .../042-libtsan2_14.2.0-19_amd64.deb ...
auth-duplicate-login-gate / enforce-single-session	UNKNOWN STEP	2026-08-14T17:28:03.1738903Z #9 11.90 Unpacking libtsan2:amd64 (14.2.0-19) ...
auth-duplicate-login-gate / enforce-single-session	UNKNOWN STEP	2026-08-14T17:28:03.3087324Z #9 12.02 Selecting previously unselected package libubsan1:amd64.
auth-duplicate-login-gate / enforce-single-session	UNKNOWN STEP	2026-08-14T17:28:03.3088197Z #9 12.02 Preparing to unpack .../043-libubsan1_14.2.0-19_amd64.deb ...
auth-duplicate-login-gate / enforce-single-session	UNKNOWN STEP	2026-08-14T17:28:03.3088762Z #9 12.02 Unpacking libubsan1:amd64 (14.2.0-19) ...
auth-duplicate-login-gate / enforce-single-session	UNKNOWN STEP	2026-08-14T17:28:03.3089337Z #9 12.07 Selecting previously unselected package libhwasan0:amd64.
auth-duplicate-login-gate / enforce-single-session	UNKNOWN STEP	2026-08-14T17:28:03.3089954Z #9 12.08 Preparing to unpack .../044-libhwasan0_14.2.0-19_amd64.deb ...
auth-duplicate-login-gate / enforce-single-session	UNKNOWN STEP	2026-08-14T17:28:03.3090501Z #9 12.08 Unpacking libhwasan0:amd64 (14.2.0-19) ...
auth-duplicate-login-gate / enforce-single-session	UNKNOWN STEP	2026-08-14T17:28:03.4343730Z #9 12.15 Selecting previously unselected package libquadmath0:amd64.
auth-duplicate-login-gate / enforce-single-session	UNKNOWN STEP	2026-08-14T17:28:03.4344539Z #9 12.15 Preparing to unpack .../045-libquadmath0_14.2.0-19_amd64.deb ...
auth-duplicate-login-gate / enforce-single-session	UNKNOWN STEP	2026-08-14T17:28:03.4345136Z #9 12.15 Unpacking libquadmath0:amd64 (14.2.0-19) ...
auth-duplicate-login-gate / enforce-single-session	UNKNOWN STEP	2026-08-14T17:28:03.4345704Z #9 12.17 Selecting previously unselected package libgcc-14-dev:amd64.
auth-duplicate-login-gate / enforce-single-session	UNKNOWN STEP	2026-08-14T17:28:03.4346338Z #9 12.17 Preparing to unpack .../046-libgcc-14-dev_14.2.0-19_amd64.deb ...
auth-duplicate-login-gate / enforce-single-session	UNKNOWN STEP	2026-08-14T17:28:03.4346912Z #9 12.17 Unpacking libgcc-14-dev:amd64 (14.2.0-19) ...
auth-duplicate-login-gate / enforce-single-session	UNKNOWN STEP	2026-08-14T17:28:03.5879258Z #9 12.28 Selecting previously unselected package gcc-14-x86-64-linux-gnu.
auth-duplicate-login-gate / enforce-single-session	UNKNOWN STEP	2026-08-14T17:28:03.5880204Z #9 12.28 Preparing to unpack .../047-gcc-14-x86-64-linux-gnu_14.2.0-19_amd64.deb ...
auth-duplicate-login-gate / enforce-single-session	UNKNOWN STEP	2026-08-14T17:28:03.5881349Z #9 12.28 Unpacking gcc-14-x86-64-linux-gnu (14.2.0-19) ...
auth-duplicate-login-gate / enforce-single-session	UNKNOWN STEP	2026-08-14T17:28:03.9531521Z #9 12.80 Selecting previously unselected package gcc-14.
auth-duplicate-login-gate / enforce-single-session	UNKNOWN STEP	2026-08-14T17:28:04.1341351Z #9 12.80 Preparing to unpack .../048-gcc-14_14.2.0-19_amd64.deb ...
auth-duplicate-login-gate / enforce-single-session	UNKNOWN STEP	2026-08-14T17:28:04.1342232Z #9 12.80 Unpacking gcc-14 (14.2.0-19) ...
auth-duplicate-login-gate / enforce-single-session	UNKNOWN STEP	2026-08-14T17:28:04.1343062Z #9 12.81 Selecting previously unselected package gcc-x86-64-linux-gnu.
auth-duplicate-login-gate / enforce-single-session	UNKNOWN STEP	2026-08-14T17:28:04.1343946Z #9 12.82 Preparing to unpack .../049-gcc-x86-64-linux-gnu_4%3a14.2.0-1_amd64.deb ...
auth-duplicate-login-gate / enforce-single-session	UNKNOWN STEP	2026-08-14T17:28:04.1344755Z #9 12.82 Unpacking gcc-x86-64-linux-gnu (4:14.2.0-1) ...
auth-duplicate-login-gate / enforce-single-session	UNKNOWN STEP	2026-08-14T17:28:04.1345437Z #9 12.83 Selecting previously unselected package gcc.
auth-duplicate-login-gate / enforce-single-session	UNKNOWN STEP	2026-08-14T17:28:04.1346173Z #9 12.83 Preparing to unpack .../050-gcc_4%3a14.2.0-1_amd64.deb ...
auth-duplicate-login-gate / enforce-single-session	UNKNOWN STEP	2026-08-14T17:28:04.1346814Z #9 12.83 Unpacking gcc (4:14.2.0-1) ...
auth-duplicate-login-gate / enforce-single-session	UNKNOWN STEP	2026-08-14T17:28:04.1347476Z #9 12.84 Selecting previously unselected package libstdc++-14-dev:amd64.
auth-duplicate-login-gate / enforce-single-session	UNKNOWN STEP	2026-08-14T17:28:04.1348529Z #9 12.84 Preparing to unpack .../051-libstdc++-14-dev_14.2.0-19_amd64.deb ...
auth-duplicate-login-gate / enforce-single-session	UNKNOWN STEP	2026-08-14T17:28:04.1349287Z #9 12.84 Unpacking libstdc++-14-dev:amd64 (14.2.0-19) ...
auth-duplicate-login-gate / enforce-single-session	UNKNOWN STEP	2026-08-14T17:28:04.2874270Z #9 12.98 Selecting previously unselected package g++-14-x86-64-linux-gnu.
auth-duplicate-login-gate / enforce-single-session	UNKNOWN STEP	2026-08-14T17:28:04.2875262Z #9 12.98 Preparing to unpack .../052-g++-14-x86-64-linux-gnu_14.2.0-19_amd64.deb ...
auth-duplicate-login-gate / enforce-single-session	UNKNOWN STEP	2026-08-14T17:28:04.2876311Z #9 12.98 Unpacking g++-14-x86-64-linux-gnu (14.2.0-19) ...
auth-duplicate-login-gate / enforce-single-session	UNKNOWN STEP	2026-08-14T17:28:04.6461067Z #9 13.38 Selecting previously unselected package g++-14.
auth-duplicate-login-gate / enforce-single-session	UNKNOWN STEP	2026-08-14T17:28:04.6461520Z #9 13.38 Preparing to unpack .../053-g++-14_14.2.0-19_amd64.deb ...
auth-duplicate-login-gate / enforce-single-session	UNKNOWN STEP	2026-08-14T17:28:04.6461899Z #9 13.38 Unpacking g++-14 (14.2.0-19) ...
auth-duplicate-login-gate / enforce-single-session	UNKNOWN STEP	2026-08-14T17:28:04.6462283Z #9 13.39 Selecting previously unselected package g++-x86-64-linux-gnu.
auth-duplicate-login-gate / enforce-single-session	UNKNOWN STEP	2026-08-14T17:28:04.6462745Z #9 13.39 Preparing to unpack .../054-g++-x86-64-linux-gnu_4%3a14.2.0-1_amd64.deb ...
auth-duplicate-login-gate / enforce-single-session	UNKNOWN STEP	2026-08-14T17:28:04.6463165Z #9 13.39 Unpacking g++-x86-64-linux-gnu (4:14.2.0-1) ...
auth-duplicate-login-gate / enforce-single-session	UNKNOWN STEP	2026-08-14T17:28:04.6463542Z #9 13.40 Selecting previously unselected package g++.
auth-duplicate-login-gate / enforce-single-session	UNKNOWN STEP	2026-08-14T17:28:04.6463913Z #9 13.40 Preparing to unpack .../055-g++_4%3a14.2.0-1_amd64.deb ...
auth-duplicate-login-gate / enforce-single-session	UNKNOWN STEP	2026-08-14T17:28:04.6464248Z #9 13.40 Unpacking g++ (4:14.2.0-1) ...
auth-duplicate-login-gate / enforce-single-session	UNKNOWN STEP	2026-08-14T17:28:04.6464549Z #9 13.41 Selecting previously unselected package make.
auth-duplicate-login-gate / enforce-single-session	UNKNOWN STEP	2026-08-14T17:28:04.6464911Z #9 13.41 Preparing to unpack .../056-make_4.4.1-2_amd64.deb ...
auth-duplicate-login-gate / enforce-single-session	UNKNOWN STEP	2026-08-14T17:28:04.6465244Z #9 13.41 Unpacking make (4.4.1-2) ...
auth-duplicate-login-gate / enforce-single-session	UNKNOWN STEP	2026-08-14T17:28:04.6465562Z #9 13.44 Selecting previously unselected package libdpkg-perl.
auth-duplicate-login-gate / enforce-single-session	UNKNOWN STEP	2026-08-14T17:28:04.6465968Z #9 13.44 Preparing to unpack .../057-libdpkg-perl_1.22.22_all.deb ...
auth-duplicate-login-gate / enforce-single-session	UNKNOWN STEP	2026-08-14T17:28:04.6466331Z #9 13.44 Unpacking libdpkg-perl (1.22.22) ...
auth-duplicate-login-gate / enforce-single-session	UNKNOWN STEP	2026-08-14T17:28:04.6466656Z #9 13.47 Selecting previously unselected package patch.
auth-duplicate-login-gate / enforce-single-session	UNKNOWN STEP	2026-08-14T17:28:04.6467011Z #9 13.47 Preparing to unpack .../058-patch_2.8-2_amd64.deb ...
auth-duplicate-login-gate / enforce-single-session	UNKNOWN STEP	2026-08-14T17:28:04.6467333Z #9 13.47 Unpacking patch (2.8-2) ...
auth-duplicate-login-gate / enforce-single-session	UNKNOWN STEP	2026-08-14T17:28:04.6467911Z #9 13.49 Selecting previously unselected package dpkg-dev.
auth-duplicate-login-gate / enforce-single-session	UNKNOWN STEP	2026-08-14T17:28:04.7529365Z #9 13.49 Preparing to unpack .../059-dpkg-dev_1.22.22_all.deb ...
auth-duplicate-login-gate / enforce-single-session	UNKNOWN STEP	2026-08-14T17:28:04.7529972Z #9 13.49 Unpacking dpkg-dev (1.22.22) ...
auth-duplicate-login-gate / enforce-single-session	UNKNOWN STEP	2026-08-14T17:28:04.7530495Z #9 13.54 Selecting previously unselected package build-essential.
auth-duplicate-login-gate / enforce-single-session	UNKNOWN STEP	2026-08-14T17:28:04.7531153Z #9 13.54 Preparing to unpack .../060-build-essential_12.12_amd64.deb ...
auth-duplicate-login-gate / enforce-single-session	UNKNOWN STEP	2026-08-14T17:28:04.7531701Z #9 13.54 Unpacking build-essential (12.12) ...
auth-duplicate-login-gate / enforce-single-session	UNKNOWN STEP	2026-08-14T17:28:04.7532249Z #9 13.55 Selecting previously unselected package libasyncns0:amd64.
auth-duplicate-login-gate / enforce-single-session	UNKNOWN STEP	2026-08-14T17:28:04.7532879Z #9 13.55 Preparing to unpack .../061-libasyncns0_0.8-6+b5_amd64.deb ...
auth-duplicate-login-gate / enforce-single-session	UNKNOWN STEP	2026-08-14T17:28:04.7533422Z #9 13.55 Unpacking libasyncns0:amd64 (0.8-6+b5) ...
auth-duplicate-login-gate / enforce-single-session	UNKNOWN STEP	2026-08-14T17:28:04.7533960Z #9 13.56 Selecting previously unselected package libdbus-1-3:amd64.
auth-duplicate-login-gate / enforce-single-session	UNKNOWN STEP	2026-08-14T17:28:04.7534568Z #9 13.56 Preparing to unpack .../062-libdbus-1-3_1.16.2-2_amd64.deb ...
auth-duplicate-login-gate / enforce-single-session	UNKNOWN STEP	2026-08-14T17:28:04.7535380Z #9 13.56 Unpacking libdbus-1-3:amd64 (1.16.2-2) ...
auth-duplicate-login-gate / enforce-single-session	UNKNOWN STEP	2026-08-14T17:28:04.7535932Z #9 13.58 Selecting previously unselected package libogg0:amd64.
auth-duplicate-login-gate / enforce-single-session	UNKNOWN STEP	2026-08-14T17:28:04.7536618Z #9 13.58 Preparing to unpack .../063-libogg0_1.3.5-3+b2_amd64.deb ...
auth-duplicate-login-gate / enforce-single-session	UNKNOWN STEP	2026-08-14T17:28:04.7537215Z #9 13.58 Unpacking libogg0:amd64 (1.3.5-3+b2) ...
auth-duplicate-login-gate / enforce-single-session	UNKNOWN STEP	2026-08-14T17:28:04.9276338Z #9 13.60 Selecting previously unselected package libflac14:amd64.
auth-duplicate-login-gate / enforce-single-session	UNKNOWN STEP	2026-08-14T17:28:04.9276863Z #9 13.60 Preparing to unpack .../064-libflac14_1.5.0+ds-2_amd64.deb ...
auth-duplicate-login-gate / enforce-single-session	UNKNOWN STEP	2026-08-14T17:28:04.9277270Z #9 13.60 Unpacking libflac14:amd64 (1.5.0+ds-2) ...
auth-duplicate-login-gate / enforce-single-session	UNKNOWN STEP	2026-08-14T17:28:04.9277858Z #9 13.62 Selecting previously unselected package libmp3lame0:amd64.
auth-duplicate-login-gate / enforce-single-session	UNKNOWN STEP	2026-08-14T17:28:04.9278300Z #9 13.62 Preparing to unpack .../065-libmp3lame0_3.100-6+b3_amd64.deb ...
auth-duplicate-login-gate / enforce-single-session	UNKNOWN STEP	2026-08-14T17:28:04.9278686Z #9 13.62 Unpacking libmp3lame0:amd64 (3.100-6+b3) ...
auth-duplicate-login-gate / enforce-single-session	UNKNOWN STEP	2026-08-14T17:28:04.9279074Z #9 13.64 Selecting previously unselected package libmpg123-0t64:amd64.
auth-duplicate-login-gate / enforce-single-session	UNKNOWN STEP	2026-08-14T17:28:04.9279544Z #9 13.64 Preparing to unpack .../066-libmpg123-0t64_1.32.10-1+deb13u1_amd64.deb ...
auth-duplicate-login-gate / enforce-single-session	UNKNOWN STEP	2026-08-14T17:28:04.9279993Z #9 13.64 Unpacking libmpg123-0t64:amd64 (1.32.10-1+deb13u1) ...
auth-duplicate-login-gate / enforce-single-session	UNKNOWN STEP	2026-08-14T17:28:04.9280386Z #9 13.66 Selecting previously unselected package libopus0:amd64.
auth-duplicate-login-gate / enforce-single-session	UNKNOWN STEP	2026-08-14T17:28:04.9280796Z #9 13.66 Preparing to unpack .../067-libopus0_1.5.2-2_amd64.deb ...
auth-duplicate-login-gate / enforce-single-session	UNKNOWN STEP	2026-08-14T17:28:04.9281428Z #9 13.66 Unpacking libopus0:amd64 (1.5.2-2) ...
auth-duplicate-login-gate / enforce-single-session	UNKNOWN STEP	2026-08-14T17:28:04.9281794Z #9 13.77 Selecting previously unselected package libvorbis0a:amd64.
auth-duplicate-login-gate / enforce-single-session	UNKNOWN STEP	2026-08-14T17:28:05.0537367Z #9 13.77 Preparing to unpack .../068-libvorbis0a_1.3.7-3_amd64.deb ...
auth-duplicate-login-gate / enforce-single-session	UNKNOWN STEP	2026-08-14T17:28:05.0538163Z #9 13.77 Unpacking libvorbis0a:amd64 (1.3.7-3) ...
auth-duplicate-login-gate / enforce-single-session	UNKNOWN STEP	2026-08-14T17:28:05.0538781Z #9 13.79 Selecting previously unselected package libvorbisenc2:amd64.
auth-duplicate-login-gate / enforce-single-session	UNKNOWN STEP	2026-08-14T17:28:05.0539442Z #9 13.79 Preparing to unpack .../069-libvorbisenc2_1.3.7-3_amd64.deb ...
auth-duplicate-login-gate / enforce-single-session	UNKNOWN STEP	2026-08-14T17:28:05.0540017Z #9 13.79 Unpacking libvorbisenc2:amd64 (1.3.7-3) ...
auth-duplicate-login-gate / enforce-single-session	UNKNOWN STEP	2026-08-14T17:28:05.0540575Z #9 13.80 Selecting previously unselected package libsndfile1:amd64.
auth-duplicate-login-gate / enforce-single-session	UNKNOWN STEP	2026-08-14T17:28:05.0541269Z #9 13.81 Preparing to unpack .../070-libsndfile1_1.2.2-2+deb13u1_amd64.deb ...
auth-duplicate-login-gate / enforce-single-session	UNKNOWN STEP	2026-08-14T17:28:05.0541881Z #9 13.81 Unpacking libsndfile1:amd64 (1.2.2-2+deb13u1) ...
auth-duplicate-login-gate / enforce-single-session	UNKNOWN STEP	2026-08-14T17:28:05.0542421Z #9 13.82 Selecting previously unselected package libxau6:amd64.
auth-duplicate-login-gate / enforce-single-session	UNKNOWN STEP	2026-08-14T17:28:05.0543022Z #9 13.83 Preparing to unpack .../071-libxau6_1%3a1.0.11-1_amd64.deb ...
auth-duplicate-login-gate / enforce-single-session	UNKNOWN STEP	2026-08-14T17:28:05.0543557Z #9 13.83 Unpacking libxau6:amd64 (1:1.0.11-1) ...
auth-duplicate-login-gate / enforce-single-session	UNKNOWN STEP	2026-08-14T17:28:05.0544074Z #9 13.84 Selecting previously unselected package libxdmcp6:amd64.
auth-duplicate-login-gate / enforce-single-session	UNKNOWN STEP	2026-08-14T17:28:05.0544669Z #9 13.84 Preparing to unpack .../072-libxdmcp6_1%3a1.1.5-1_amd64.deb ...
auth-duplicate-login-gate / enforce-single-session	UNKNOWN STEP	2026-08-14T17:28:05.0545224Z #9 13.84 Unpacking libxdmcp6:amd64 (1:1.1.5-1) ...
auth-duplicate-login-gate / enforce-single-session	UNKNOWN STEP	2026-08-14T17:28:05.0545735Z #9 13.85 Selecting previously unselected package libxcb1:amd64.
auth-duplicate-login-gate / enforce-single-session	UNKNOWN STEP	2026-08-14T17:28:05.0546325Z #9 13.85 Preparing to unpack .../073-libxcb1_1.17.0-2+b1_amd64.deb ...
auth-duplicate-login-gate / enforce-single-session	UNKNOWN STEP	2026-08-14T17:28:05.0546864Z #9 13.85 Unpacking libxcb1:amd64 (1.17.0-2+b1) ...
auth-duplicate-login-gate / enforce-single-session	UNKNOWN STEP	2026-08-14T17:28:05.0547373Z #9 13.87 Selecting previously unselected package libx11-data.
auth-duplicate-login-gate / enforce-single-session	UNKNOWN STEP	2026-08-14T17:28:05.0548629Z #9 13.87 Preparing to unpack .../074-libx11-data_2%3a1.8.12-1_all.deb ...
auth-duplicate-login-gate / enforce-single-session	UNKNOWN STEP	2026-08-14T17:28:05.0549169Z #9 13.87 Unpacking libx11-data (2:1.8.12-1) ...
auth-duplicate-login-gate / enforce-single-session	UNKNOWN STEP	2026-08-14T17:28:05.0549732Z #9 13.90 Selecting previously unselected package libx11-6:amd64.
auth-duplicate-login-gate / enforce-single-session	UNKNOWN STEP	2026-08-14T17:28:05.1560768Z #9 13.90 Preparing to unpack .../075-libx11-6_2%3a1.8.12-1_amd64.deb ...
auth-duplicate-login-gate / enforce-single-session	UNKNOWN STEP	2026-08-14T17:28:05.1561338Z #9 13.90 Unpacking libx11-6:amd64 (2:1.8.12-1) ...
auth-duplicate-login-gate / enforce-single-session	UNKNOWN STEP	2026-08-14T17:28:05.1561734Z #9 13.94 Selecting previously unselected package libx11-xcb1:amd64.
auth-duplicate-login-gate / enforce-single-session	UNKNOWN STEP	2026-08-14T17:28:05.1562166Z #9 13.94 Preparing to unpack .../076-libx11-xcb1_2%3a1.8.12-1_amd64.deb ...
auth-duplicate-login-gate / enforce-single-session	UNKNOWN STEP	2026-08-14T17:28:05.1562556Z #9 13.94 Unpacking libx11-xcb1:amd64 (2:1.8.12-1) ...
auth-duplicate-login-gate / enforce-single-session	UNKNOWN STEP	2026-08-14T17:28:05.1562926Z #9 13.95 Selecting previously unselected package libpulse0:amd64.
auth-duplicate-login-gate / enforce-single-session	UNKNOWN STEP	2026-08-14T17:28:05.1563349Z #9 13.95 Preparing to unpack .../077-libpulse0_17.0+dfsg1-2+b1_amd64.deb ...
auth-duplicate-login-gate / enforce-single-session	UNKNOWN STEP	2026-08-14T17:28:05.1564005Z #9 13.95 Unpacking libpulse0:amd64 (17.0+dfsg1-2+b1) ...
auth-duplicate-login-gate / enforce-single-session	UNKNOWN STEP	2026-08-14T17:28:05.1564418Z #9 13.98 Selecting previously unselected package libpcaudio0:amd64.
auth-duplicate-login-gate / enforce-single-session	UNKNOWN STEP	2026-08-14T17:28:05.1564839Z #9 13.98 Preparing to unpack .../078-libpcaudio0_1.3-1_amd64.deb ...
auth-duplicate-login-gate / enforce-single-session	UNKNOWN STEP	2026-08-14T17:28:05.1565215Z #9 13.98 Unpacking libpcaudio0:amd64 (1.3-1) ...
auth-duplicate-login-gate / enforce-single-session	UNKNOWN STEP	2026-08-14T17:28:05.1565585Z #9 13.99 Selecting previously unselected package libsonic0:amd64.
auth-duplicate-login-gate / enforce-single-session	UNKNOWN STEP	2026-08-14T17:28:05.1565991Z #9 13.99 Preparing to unpack .../079-libsonic0_0.2.0-13+b1_amd64.deb ...
auth-duplicate-login-gate / enforce-single-session	UNKNOWN STEP	2026-08-14T17:28:05.1566375Z #9 13.99 Unpacking libsonic0:amd64 (0.2.0-13+b1) ...
auth-duplicate-login-gate / enforce-single-session	UNKNOWN STEP	2026-08-14T17:28:05.1566759Z #9 14.00 Selecting previously unselected package espeak-ng-data:amd64.
auth-duplicate-login-gate / enforce-single-session	UNKNOWN STEP	2026-08-14T17:28:05.3093190Z #9 14.00 Preparing to unpack .../080-espeak-ng-data_1.52.0+dfsg-5_amd64.deb ...
auth-duplicate-login-gate / enforce-single-session	UNKNOWN STEP	2026-08-14T17:28:05.3094193Z #9 14.00 Unpacking espeak-ng-data:amd64 (1.52.0+dfsg-5) ...
auth-duplicate-login-gate / enforce-single-session	UNKNOWN STEP	2026-08-14T17:28:05.6274637Z #9 14.36 Selecting previously unselected package libespeak-ng1:amd64.
auth-duplicate-login-gate / enforce-single-session	UNKNOWN STEP	2026-08-14T17:28:05.6275526Z #9 14.36 Preparing to unpack .../081-libespeak-ng1_1.52.0+dfsg-5_amd64.deb ...
auth-duplicate-login-gate / enforce-single-session	UNKNOWN STEP	2026-08-14T17:28:05.6276202Z #9 14.36 Unpacking libespeak-ng1:amd64 (1.52.0+dfsg-5) ...
auth-duplicate-login-gate / enforce-single-session	UNKNOWN STEP	2026-08-14T17:28:05.6276777Z #9 14.38 Selecting previously unselected package espeak-ng.
auth-duplicate-login-gate / enforce-single-session	UNKNOWN STEP	2026-08-14T17:28:05.6277809Z #9 14.38 Preparing to unpack .../082-espeak-ng_1.52.0+dfsg-5_amd64.deb ...
auth-duplicate-login-gate / enforce-single-session	UNKNOWN STEP	2026-08-14T17:28:05.6278404Z #9 14.38 Unpacking espeak-ng (1.52.0+dfsg-5) ...
auth-duplicate-login-gate / enforce-single-session	UNKNOWN STEP	2026-08-14T17:28:05.7329890Z #9 14.47 Selecting previously unselected package libaom3:amd64.
auth-duplicate-login-gate / enforce-single-session	UNKNOWN STEP	2026-08-14T17:28:05.7330389Z #9 14.47 Preparing to unpack .../083-libaom3_3.12.1-1+deb13u1_amd64.deb ...
auth-duplicate-login-gate / enforce-single-session	UNKNOWN STEP	2026-08-14T17:28:05.7330798Z #9 14.48 Unpacking libaom3:amd64 (3.12.1-1+deb13u1) ...
auth-duplicate-login-gate / enforce-single-session	UNKNOWN STEP	2026-08-14T17:28:05.7331171Z #9 14.56 Selecting previously unselected package libdrm-common.
auth-duplicate-login-gate / enforce-single-session	UNKNOWN STEP	2026-08-14T17:28:05.7331594Z #9 14.56 Preparing to unpack .../084-libdrm-common_2.4.124-2_all.deb ...
auth-duplicate-login-gate / enforce-single-session	UNKNOWN STEP	2026-08-14T17:28:05.7332005Z #9 14.57 Unpacking libdrm-common (2.4.124-2) ...
auth-duplicate-login-gate / enforce-single-session	UNKNOWN STEP	2026-08-14T17:28:05.8341344Z #9 14.58 Selecting previously unselected package libdrm2:amd64.
auth-duplicate-login-gate / enforce-single-session	UNKNOWN STEP	2026-08-14T17:28:05.8342108Z #9 14.58 Preparing to unpack .../085-libdrm2_2.4.124-2_amd64.deb ...
auth-duplicate-login-gate / enforce-single-session	UNKNOWN STEP	2026-08-14T17:28:05.8342649Z #9 14.58 Unpacking libdrm2:amd64 (2.4.124-2) ...
auth-duplicate-login-gate / enforce-single-session	UNKNOWN STEP	2026-08-14T17:28:05.8343104Z #9 14.59 Selecting previously unselected package libva2:amd64.
auth-duplicate-login-gate / enforce-single-session	UNKNOWN STEP	2026-08-14T17:28:05.8343633Z #9 14.59 Preparing to unpack .../086-libva2_2.22.0-3_amd64.deb ...
auth-duplicate-login-gate / enforce-single-session	UNKNOWN STEP	2026-08-14T17:28:05.8344030Z #9 14.59 Unpacking libva2:amd64 (2.22.0-3) ...
auth-duplicate-login-gate / enforce-single-session	UNKNOWN STEP	2026-08-14T17:28:05.8344382Z #9 14.60 Selecting previously unselected package libva-drm2:amd64.
auth-duplicate-login-gate / enforce-single-session	UNKNOWN STEP	2026-08-14T17:28:05.8345008Z #9 14.61 Preparing to unpack .../087-libva-drm2_2.22.0-3_amd64.deb ...
auth-duplicate-login-gate / enforce-single-session	UNKNOWN STEP	2026-08-14T17:28:05.8345430Z #9 14.61 Unpacking libva-drm2:amd64 (2.22.0-3) ...
auth-duplicate-login-gate / enforce-single-session	UNKNOWN STEP	2026-08-14T17:28:05.8346014Z #9 14.62 Selecting previously unselected package libxcb-dri3-0:amd64.
auth-duplicate-login-gate / enforce-single-session	UNKNOWN STEP	2026-08-14T17:28:05.8346917Z #9 14.62 Preparing to unpack .../088-libxcb-dri3-0_1.17.0-2+b1_amd64.deb ...
auth-duplicate-login-gate / enforce-single-session	UNKNOWN STEP	2026-08-14T17:28:05.8347707Z #9 14.62 Unpacking libxcb-dri3-0:amd64 (1.17.0-2+b1) ...
auth-duplicate-login-gate / enforce-single-session	UNKNOWN STEP	2026-08-14T17:28:05.8348328Z #9 14.63 Selecting previously unselected package libxext6:amd64.
auth-duplicate-login-gate / enforce-single-session	UNKNOWN STEP	2026-08-14T17:28:05.8348991Z #9 14.64 Preparing to unpack .../089-libxext6_2%3a1.3.4-1+b3_amd64.deb ...
auth-duplicate-login-gate / enforce-single-session	UNKNOWN STEP	2026-08-14T17:28:05.8349621Z #9 14.64 Unpacking libxext6:amd64 (2:1.3.4-1+b3) ...
auth-duplicate-login-gate / enforce-single-session	UNKNOWN STEP	2026-08-14T17:28:05.8349988Z #9 14.65 Selecting previously unselected package libxfixes3:amd64.
auth-duplicate-login-gate / enforce-single-session	UNKNOWN STEP	2026-08-14T17:28:05.8350511Z #9 14.65 Preparing to unpack .../090-libxfixes3_1%3a6.0.0-2+b4_amd64.deb ...
auth-duplicate-login-gate / enforce-single-session	UNKNOWN STEP	2026-08-14T17:28:05.8350893Z #9 14.65 Unpacking libxfixes3:amd64 (1:6.0.0-2+b4) ...
auth-duplicate-login-gate / enforce-single-session	UNKNOWN STEP	2026-08-14T17:28:05.8351342Z #9 14.66 Selecting previously unselected package libva-x11-2:amd64.
auth-duplicate-login-gate / enforce-single-session	UNKNOWN STEP	2026-08-14T17:28:05.8351763Z #9 14.66 Preparing to unpack .../091-libva-x11-2_2.22.0-3_amd64.deb ...
auth-duplicate-login-gate / enforce-single-session	UNKNOWN STEP	2026-08-14T17:28:05.8352201Z #9 14.66 Unpacking libva-x11-2:amd64 (2.22.0-3) ...
auth-duplicate-login-gate / enforce-single-session	UNKNOWN STEP	2026-08-14T17:28:05.8352927Z #9 14.68 Selecting previously unselected package libvdpau1:amd64.
auth-duplicate-login-gate / enforce-single-session	UNKNOWN STEP	2026-08-14T17:28:05.9382686Z #9 14.68 Preparing to unpack .../092-libvdpau1_1.5-3+b1_amd64.deb ...
auth-duplicate-login-gate / enforce-single-session	UNKNOWN STEP	2026-08-14T17:28:05.9383126Z #9 14.68 Unpacking libvdpau1:amd64 (1.5-3+b1) ...
auth-duplicate-login-gate / enforce-single-session	UNKNOWN STEP	2026-08-14T17:28:05.9383474Z #9 14.69 Selecting previously unselected package libvpl2.
auth-duplicate-login-gate / enforce-single-session	UNKNOWN STEP	2026-08-14T17:28:05.9383904Z #9 14.69 Preparing to unpack .../093-libvpl2_1%3a2.14.0-1+b1_amd64.deb ...
auth-duplicate-login-gate / enforce-single-session	UNKNOWN STEP	2026-08-14T17:28:05.9384283Z #9 14.69 Unpacking libvpl2 (1:2.14.0-1+b1) ...
auth-duplicate-login-gate / enforce-single-session	UNKNOWN STEP	2026-08-14T17:28:05.9384670Z #9 14.71 Selecting previously unselected package ocl-icd-libopencl1:amd64.
auth-duplicate-login-gate / enforce-single-session	UNKNOWN STEP	2026-08-14T17:28:05.9385135Z #9 14.71 Preparing to unpack .../094-ocl-icd-libopencl1_2.3.3-1_amd64.deb ...
auth-duplicate-login-gate / enforce-single-session	UNKNOWN STEP	2026-08-14T17:28:05.9385548Z #9 14.71 Unpacking ocl-icd-libopencl1:amd64 (2.3.3-1) ...
auth-duplicate-login-gate / enforce-single-session	UNKNOWN STEP	2026-08-14T17:28:05.9385933Z #9 14.72 Selecting previously unselected package libavutil59:amd64.
auth-duplicate-login-gate / enforce-single-session	UNKNOWN STEP	2026-08-14T17:28:05.9386639Z #9 14.72 Preparing to unpack .../095-libavutil59_7%3a7.1.5-0+deb13u1_amd64.deb ...
auth-duplicate-login-gate / enforce-single-session	UNKNOWN STEP	2026-08-14T17:28:05.9387255Z #9 14.72 Unpacking libavutil59:amd64 (7:7.1.5-0+deb13u1) ...
auth-duplicate-login-gate / enforce-single-session	UNKNOWN STEP	2026-08-14T17:28:05.9387933Z #9 14.75 Selecting previously unselected package libbrotli1:amd64.
auth-duplicate-login-gate / enforce-single-session	UNKNOWN STEP	2026-08-14T17:28:05.9388634Z #9 14.76 Preparing to unpack .../096-libbrotli1_1.1.0-2+b7_amd64.deb ...
auth-duplicate-login-gate / enforce-single-session	UNKNOWN STEP	2026-08-14T17:28:05.9389280Z #9 14.76 Unpacking libbrotli1:amd64 (1.1.0-2+b7) ...
auth-duplicate-login-gate / enforce-single-session	UNKNOWN STEP	2026-08-14T17:28:06.0794953Z #9 14.78 Selecting previously unselected package libpng16-16t64:amd64.
auth-duplicate-login-gate / enforce-single-session	UNKNOWN STEP	2026-08-14T17:28:06.0795633Z #9 14.78 Preparing to unpack .../097-libpng16-16t64_1.6.48-1+deb13u5_amd64.deb ...
auth-duplicate-login-gate / enforce-single-session	UNKNOWN STEP	2026-08-14T17:28:06.0796145Z #9 14.78 Unpacking libpng16-16t64:amd64 (1.6.48-1+deb13u5) ...
auth-duplicate-login-gate / enforce-single-session	UNKNOWN STEP	2026-08-14T17:28:06.0796562Z #9 14.80 Selecting previously unselected package libfreetype6:amd64.
auth-duplicate-login-gate / enforce-single-session	UNKNOWN STEP	2026-08-14T17:28:06.0797093Z #9 14.80 Preparing to unpack .../098-libfreetype6_2.13.3+dfsg-1+deb13u1_amd64.deb ...
auth-duplicate-login-gate / enforce-single-session	UNKNOWN STEP	2026-08-14T17:28:06.0797721Z #9 14.80 Unpacking libfreetype6:amd64 (2.13.3+dfsg-1+deb13u1) ...
auth-duplicate-login-gate / enforce-single-session	UNKNOWN STEP	2026-08-14T17:28:06.0798161Z #9 14.83 Selecting previously unselected package fonts-dejavu-mono.
auth-duplicate-login-gate / enforce-single-session	UNKNOWN STEP	2026-08-14T17:28:06.0798696Z #9 14.83 Preparing to unpack .../099-fonts-dejavu-mono_2.37-8_all.deb ...
auth-duplicate-login-gate / enforce-single-session	UNKNOWN STEP	2026-08-14T17:28:06.0799078Z #9 14.83 Unpacking fonts-dejavu-mono (2.37-8) ...
auth-duplicate-login-gate / enforce-single-session	UNKNOWN STEP	2026-08-14T17:28:06.0799525Z #9 14.86 Selecting previously unselected package fonts-dejavu-core.
auth-duplicate-login-gate / enforce-single-session	UNKNOWN STEP	2026-08-14T17:28:06.0799950Z #9 14.86 Preparing to unpack .../100-fonts-dejavu-core_2.37-8_all.deb ...
auth-duplicate-login-gate / enforce-single-session	UNKNOWN STEP	2026-08-14T17:28:06.0800414Z #9 14.88 Unpacking fonts-dejavu-core (2.37-8) ...
auth-duplicate-login-gate / enforce-single-session	UNKNOWN STEP	2026-08-14T17:28:06.1895628Z #9 14.92 Selecting previously unselected package fontconfig-config.
auth-duplicate-login-gate / enforce-single-session	UNKNOWN STEP	2026-08-14T17:28:06.1896267Z #9 14.92 Preparing to unpack .../101-fontconfig-config_2.15.0-2.3_amd64.deb ...
auth-duplicate-login-gate / enforce-single-session	UNKNOWN STEP	2026-08-14T17:28:06.1896692Z #9 14.92 Unpacking fontconfig-config (2.15.0-2.3) ...
auth-duplicate-login-gate / enforce-single-session	UNKNOWN STEP	2026-08-14T17:28:06.1897080Z #9 14.94 Selecting previously unselected package libfontconfig1:amd64.
auth-duplicate-login-gate / enforce-single-session	UNKNOWN STEP	2026-08-14T17:28:06.1897716Z #9 14.94 Preparing to unpack .../102-libfontconfig1_2.15.0-2.3_amd64.deb ...
auth-duplicate-login-gate / enforce-single-session	UNKNOWN STEP	2026-08-14T17:28:06.1898217Z #9 14.94 Unpacking libfontconfig1:amd64 (2.15.0-2.3) ...
auth-duplicate-login-gate / enforce-single-session	UNKNOWN STEP	2026-08-14T17:28:06.1898693Z #9 14.96 Selecting previously unselected package libpixman-1-0:amd64.
auth-duplicate-login-gate / enforce-single-session	UNKNOWN STEP	2026-08-14T17:28:06.1899127Z #9 14.96 Preparing to unpack .../103-libpixman-1-0_0.44.0-3_amd64.deb ...
auth-duplicate-login-gate / enforce-single-session	UNKNOWN STEP	2026-08-14T17:28:06.1899596Z #9 14.96 Unpacking libpixman-1-0:amd64 (0.44.0-3) ...
auth-duplicate-login-gate / enforce-single-session	UNKNOWN STEP	2026-08-14T17:28:06.1899978Z #9 14.99 Selecting previously unselected package libxcb-render0:amd64.
auth-duplicate-login-gate / enforce-single-session	UNKNOWN STEP	2026-08-14T17:28:06.1900559Z #9 14.99 Preparing to unpack .../104-libxcb-render0_1.17.0-2+b1_amd64.deb ...
auth-duplicate-login-gate / enforce-single-session	UNKNOWN STEP	2026-08-14T17:28:06.1901033Z #9 14.99 Unpacking libxcb-render0:amd64 (1.17.0-2+b1) ...
auth-duplicate-login-gate / enforce-single-session	UNKNOWN STEP	2026-08-14T17:28:06.1901407Z #9 15.00 Selecting previously unselected package libxcb-shm0:amd64.
auth-duplicate-login-gate / enforce-single-session	UNKNOWN STEP	2026-08-14T17:28:06.1901988Z #9 15.00 Preparing to unpack .../105-libxcb-shm0_1.17.0-2+b1_amd64.deb ...
auth-duplicate-login-gate / enforce-single-session	UNKNOWN STEP	2026-08-14T17:28:06.1902376Z #9 15.00 Unpacking libxcb-shm0:amd64 (1.17.0-2+b1) ...
auth-duplicate-login-gate / enforce-single-session	UNKNOWN STEP	2026-08-14T17:28:06.1902867Z #9 15.02 Selecting previously unselected package libxrender1:amd64.
auth-duplicate-login-gate / enforce-single-session	UNKNOWN STEP	2026-08-14T17:28:06.1903531Z #9 15.02 Preparing to unpack .../106-libxrender1_1%3a0.9.12-1_amd64.deb ...
auth-duplicate-login-gate / enforce-single-session	UNKNOWN STEP	2026-08-14T17:28:06.1903920Z #9 15.02 Unpacking libxrender1:amd64 (1:0.9.12-1) ...
auth-duplicate-login-gate / enforce-single-session	UNKNOWN STEP	2026-08-14T17:28:06.3774454Z #9 15.03 Selecting previously unselected package libcairo2:amd64.
auth-duplicate-login-gate / enforce-single-session	UNKNOWN STEP	2026-08-14T17:28:06.3775255Z #9 15.03 Preparing to unpack .../107-libcairo2_1.18.4-1+b1_amd64.deb ...
auth-duplicate-login-gate / enforce-single-session	UNKNOWN STEP	2026-08-14T17:28:06.3775971Z #9 15.03 Unpacking libcairo2:amd64 (1.18.4-1+b1) ...
auth-duplicate-login-gate / enforce-single-session	UNKNOWN STEP	2026-08-14T17:28:06.3776452Z #9 15.07 Selecting previously unselected package libcodec2-1.2:amd64.
auth-duplicate-login-gate / enforce-single-session	UNKNOWN STEP	2026-08-14T17:28:06.3776877Z #9 15.07 Preparing to unpack .../108-libcodec2-1.2_1.2.0-3_amd64.deb ...
auth-duplicate-login-gate / enforce-single-session	UNKNOWN STEP	2026-08-14T17:28:06.3777252Z #9 15.07 Unpacking libcodec2-1.2:amd64 (1.2.0-3) ...
auth-duplicate-login-gate / enforce-single-session	UNKNOWN STEP	2026-08-14T17:28:06.6300441Z #9 15.36 Selecting previously unselected package libdav1d7:amd64.
auth-duplicate-login-gate / enforce-single-session	UNKNOWN STEP	2026-08-14T17:28:06.6301260Z #9 15.36 Preparing to unpack .../109-libdav1d7_1.5.1-1_amd64.deb ...
auth-duplicate-login-gate / enforce-single-session	UNKNOWN STEP	2026-08-14T17:28:06.6301901Z #9 15.36 Unpacking libdav1d7:amd64 (1.5.1-1) ...
auth-duplicate-login-gate / enforce-single-session	UNKNOWN STEP	2026-08-14T17:28:06.6302480Z #9 15.40 Selecting previously unselected package libglib2.0-0t64:amd64.
auth-duplicate-login-gate / enforce-single-session	UNKNOWN STEP	2026-08-14T17:28:06.6302945Z #9 15.40 Preparing to unpack .../110-libglib2.0-0t64_2.84.4-3~deb13u3_amd64.deb ...
auth-duplicate-login-gate / enforce-single-session	UNKNOWN STEP	2026-08-14T17:28:06.6303388Z #9 15.40 Unpacking libglib2.0-0t64:amd64 (2.84.4-3~deb13u3) ...
auth-duplicate-login-gate / enforce-single-session	UNKNOWN STEP	2026-08-14T17:28:06.6303773Z #9 15.47 Selecting previously unselected package libgsm1:amd64.
auth-duplicate-login-gate / enforce-single-session	UNKNOWN STEP	2026-08-14T17:28:06.7734554Z #9 15.47 Preparing to unpack .../111-libgsm1_1.0.22-1+b2_amd64.deb ...
auth-duplicate-login-gate / enforce-single-session	UNKNOWN STEP	2026-08-14T17:28:06.7735207Z #9 15.48 Unpacking libgsm1:amd64 (1.0.22-1+b2) ...
auth-duplicate-login-gate / enforce-single-session	UNKNOWN STEP	2026-08-14T17:28:06.7735816Z #9 15.49 Selecting previously unselected package libhwy1t64:amd64.
auth-duplicate-login-gate / enforce-single-session	UNKNOWN STEP	2026-08-14T17:28:06.7736474Z #9 15.49 Preparing to unpack .../112-libhwy1t64_1.2.0-2+b2_amd64.deb ...
auth-duplicate-login-gate / enforce-single-session	UNKNOWN STEP	2026-08-14T17:28:06.7737032Z #9 15.49 Unpacking libhwy1t64:amd64 (1.2.0-2+b2) ...
auth-duplicate-login-gate / enforce-single-session	UNKNOWN STEP	2026-08-14T17:28:06.7737765Z #9 15.53 Selecting previously unselected package liblcms2-2:amd64.
auth-duplicate-login-gate / enforce-single-session	UNKNOWN STEP	2026-08-14T17:28:06.7738427Z #9 15.53 Preparing to unpack .../113-liblcms2-2_2.16-2+deb13u2_amd64.deb ...
auth-duplicate-login-gate / enforce-single-session	UNKNOWN STEP	2026-08-14T17:28:06.7739027Z #9 15.54 Unpacking liblcms2-2:amd64 (2.16-2+deb13u2) ...
auth-duplicate-login-gate / enforce-single-session	UNKNOWN STEP	2026-08-14T17:28:06.7739575Z #9 15.55 Selecting previously unselected package libjxl0.11:amd64.
auth-duplicate-login-gate / enforce-single-session	UNKNOWN STEP	2026-08-14T17:28:06.7740223Z #9 15.55 Preparing to unpack .../114-libjxl0.11_0.11.2-0.1~deb13u2_amd64.deb ...
auth-duplicate-login-gate / enforce-single-session	UNKNOWN STEP	2026-08-14T17:28:06.7740837Z #9 15.56 Unpacking libjxl0.11:amd64 (0.11.2-0.1~deb13u2) ...
auth-duplicate-login-gate / enforce-single-session	UNKNOWN STEP	2026-08-14T17:28:06.7741407Z #9 15.62 Selecting previously unselected package libopenjp2-7:amd64.
auth-duplicate-login-gate / enforce-single-session	UNKNOWN STEP	2026-08-14T17:28:06.8974940Z #9 15.62 Preparing to unpack .../115-libopenjp2-7_2.5.3-2.1~deb13u2_amd64.deb ...
auth-duplicate-login-gate / enforce-single-session	UNKNOWN STEP	2026-08-14T17:28:06.8975805Z #9 15.62 Unpacking libopenjp2-7:amd64 (2.5.3-2.1~deb13u2) ...
auth-duplicate-login-gate / enforce-single-session	UNKNOWN STEP	2026-08-14T17:28:06.8976223Z #9 15.64 Selecting previously unselected package librav1e0.7:amd64.
auth-duplicate-login-gate / enforce-single-session	UNKNOWN STEP	2026-08-14T17:28:06.8976675Z #9 15.64 Preparing to unpack .../116-librav1e0.7_0.7.1-9+b2_amd64.deb ...
auth-duplicate-login-gate / enforce-single-session	UNKNOWN STEP	2026-08-14T17:28:06.8977053Z #9 15.64 Unpacking librav1e0.7:amd64 (0.7.1-9+b2) ...
auth-duplicate-login-gate / enforce-single-session	UNKNOWN STEP	2026-08-14T17:28:06.8977465Z #9 15.69 Selecting previously unselected package libcairo-gobject2:amd64.
auth-duplicate-login-gate / enforce-single-session	UNKNOWN STEP	2026-08-14T17:28:06.8978181Z #9 15.70 Preparing to unpack .../117-libcairo-gobject2_1.18.4-1+b1_amd64.deb ...
auth-duplicate-login-gate / enforce-single-session	UNKNOWN STEP	2026-08-14T17:28:06.8978612Z #9 15.70 Unpacking libcairo-gobject2:amd64 (1.18.4-1+b1) ...
auth-duplicate-login-gate / enforce-single-session	UNKNOWN STEP	2026-08-14T17:28:06.8979022Z #9 15.71 Selecting previously unselected package libgdk-pixbuf2.0-common.
auth-duplicate-login-gate / enforce-single-session	UNKNOWN STEP	2026-08-14T17:28:06.8979551Z #9 15.71 Preparing to unpack .../118-libgdk-pixbuf2.0-common_2.42.12+dfsg-4+deb13u1_all.deb ...
auth-duplicate-login-gate / enforce-single-session	UNKNOWN STEP	2026-08-14T17:28:06.8980056Z #9 15.71 Unpacking libgdk-pixbuf2.0-common (2.42.12+dfsg-4+deb13u1) ...
auth-duplicate-login-gate / enforce-single-session	UNKNOWN STEP	2026-08-14T17:28:07.0059198Z #9 15.74 Selecting previously unselected package libxml2:amd64.
auth-duplicate-login-gate / enforce-single-session	UNKNOWN STEP	2026-08-14T17:28:07.0060336Z #9 15.74 Preparing to unpack .../119-libxml2_2.12.7+dfsg+really2.9.14-2.1+deb13u3_amd64.deb ...
auth-duplicate-login-gate / enforce-single-session	UNKNOWN STEP	2026-08-14T17:28:07.0061404Z #9 15.74 Unpacking libxml2:amd64 (2.12.7+dfsg+really2.9.14-2.1+deb13u3) ...
auth-duplicate-login-gate / enforce-single-session	UNKNOWN STEP	2026-08-14T17:28:07.0062252Z #9 15.78 Selecting previously unselected package shared-mime-info.
auth-duplicate-login-gate / enforce-single-session	UNKNOWN STEP	2026-08-14T17:28:07.0063374Z #9 15.78 Preparing to unpack .../120-shared-mime-info_2.4-5+b2_amd64.deb ...
auth-duplicate-login-gate / enforce-single-session	UNKNOWN STEP	2026-08-14T17:28:07.0064110Z #9 15.78 Unpacking shared-mime-info (2.4-5+b2) ...
auth-duplicate-login-gate / enforce-single-session	UNKNOWN STEP	2026-08-14T17:28:07.0064828Z #9 15.83 Selecting previously unselected package libjpeg62-turbo:amd64.
auth-duplicate-login-gate / enforce-single-session	UNKNOWN STEP	2026-08-14T17:28:07.0065655Z #9 15.83 Preparing to unpack .../121-libjpeg62-turbo_1%3a2.1.5-4_amd64.deb ...
auth-duplicate-login-gate / enforce-single-session	UNKNOWN STEP	2026-08-14T17:28:07.0066403Z #9 15.83 Unpacking libjpeg62-turbo:amd64 (1:2.1.5-4) ...
auth-duplicate-login-gate / enforce-single-session	UNKNOWN STEP	2026-08-14T17:28:07.1146823Z #9 15.85 Selecting previously unselected package libdeflate0:amd64.
auth-duplicate-login-gate / enforce-single-session	UNKNOWN STEP	2026-08-14T17:28:07.1147743Z #9 15.85 Preparing to unpack .../122-libdeflate0_1.23-2_amd64.deb ...
auth-duplicate-login-gate / enforce-single-session	UNKNOWN STEP	2026-08-14T17:28:07.1148406Z #9 15.85 Unpacking libdeflate0:amd64 (1.23-2) ...
auth-duplicate-login-gate / enforce-single-session	UNKNOWN STEP	2026-08-14T17:28:07.1149032Z #9 15.86 Selecting previously unselected package libjbig0:amd64.
auth-duplicate-login-gate / enforce-single-session	UNKNOWN STEP	2026-08-14T17:28:07.1149725Z #9 15.86 Preparing to unpack .../123-libjbig0_2.1-6.1+b2_amd64.deb ...
auth-duplicate-login-gate / enforce-single-session	UNKNOWN STEP	2026-08-14T17:28:07.1150379Z #9 15.86 Unpacking libjbig0:amd64 (2.1-6.1+b2) ...
auth-duplicate-login-gate / enforce-single-session	UNKNOWN STEP	2026-08-14T17:28:07.1150821Z #9 15.88 Selecting previously unselected package liblerc4:amd64.
auth-duplicate-login-gate / enforce-single-session	UNKNOWN STEP	2026-08-14T17:28:07.1151222Z #9 15.88 Preparing to unpack .../124-liblerc4_4.0.0+ds-5_amd64.deb ...
auth-duplicate-login-gate / enforce-single-session	UNKNOWN STEP	2026-08-14T17:28:07.1151588Z #9 15.88 Unpacking liblerc4:amd64 (4.0.0+ds-5) ...
auth-duplicate-login-gate / enforce-single-session	UNKNOWN STEP	2026-08-14T17:28:07.1151950Z #9 15.90 Selecting previously unselected package libsharpyuv0:amd64.
auth-duplicate-login-gate / enforce-single-session	UNKNOWN STEP	2026-08-14T17:28:07.1152605Z #9 15.90 Preparing to unpack .../125-libsharpyuv0_1.5.0-0.1_amd64.deb ...
auth-duplicate-login-gate / enforce-single-session	UNKNOWN STEP	2026-08-14T17:28:07.1152993Z #9 15.90 Unpacking libsharpyuv0:amd64 (1.5.0-0.1) ...
auth-duplicate-login-gate / enforce-single-session	UNKNOWN STEP	2026-08-14T17:28:07.1153361Z #9 15.91 Selecting previously unselected package libwebp7:amd64.
auth-duplicate-login-gate / enforce-single-session	UNKNOWN STEP	2026-08-14T17:28:07.1153760Z #9 15.91 Preparing to unpack .../126-libwebp7_1.5.0-0.1_amd64.deb ...
auth-duplicate-login-gate / enforce-single-session	UNKNOWN STEP	2026-08-14T17:28:07.1154115Z #9 15.91 Unpacking libwebp7:amd64 (1.5.0-0.1) ...
auth-duplicate-login-gate / enforce-single-session	UNKNOWN STEP	2026-08-14T17:28:07.1154465Z #9 15.94 Selecting previously unselected package libtiff6:amd64.
auth-duplicate-login-gate / enforce-single-session	UNKNOWN STEP	2026-08-14T17:28:07.1154894Z #9 15.94 Preparing to unpack .../127-libtiff6_4.7.0-3+deb13u3_amd64.deb ...
auth-duplicate-login-gate / enforce-single-session	UNKNOWN STEP	2026-08-14T17:28:07.1155291Z #9 15.94 Unpacking libtiff6:amd64 (4.7.0-3+deb13u3) ...
auth-duplicate-login-gate / enforce-single-session	UNKNOWN STEP	2026-08-14T17:28:07.1155689Z #9 15.96 Selecting previously unselected package libgdk-pixbuf-2.0-0:amd64.
auth-duplicate-login-gate / enforce-single-session	UNKNOWN STEP	2026-08-14T17:28:07.2159263Z #9 15.96 Preparing to unpack .../128-libgdk-pixbuf-2.0-0_2.42.12+dfsg-4+deb13u1_amd64.deb ...
auth-duplicate-login-gate / enforce-single-session	UNKNOWN STEP	2026-08-14T17:28:07.2160301Z #9 15.96 Unpacking libgdk-pixbuf-2.0-0:amd64 (2.42.12+dfsg-4+deb13u1) ...
auth-duplicate-login-gate / enforce-single-session	UNKNOWN STEP	2026-08-14T17:28:07.2160948Z #9 15.98 Selecting previously unselected package fontconfig.
auth-duplicate-login-gate / enforce-single-session	UNKNOWN STEP	2026-08-14T17:28:07.2161557Z #9 15.98 Preparing to unpack .../129-fontconfig_2.15.0-2.3_amd64.deb ...
auth-duplicate-login-gate / enforce-single-session	UNKNOWN STEP	2026-08-14T17:28:07.2162097Z #9 15.98 Unpacking fontconfig (2.15.0-2.3) ...
auth-duplicate-login-gate / enforce-single-session	UNKNOWN STEP	2026-08-14T17:28:07.2162633Z #9 16.00 Selecting previously unselected package libfribidi0:amd64.
auth-duplicate-login-gate / enforce-single-session	UNKNOWN STEP	2026-08-14T17:28:07.2163255Z #9 16.00 Preparing to unpack .../130-libfribidi0_1.0.16-1_amd64.deb ...
auth-duplicate-login-gate / enforce-single-session	UNKNOWN STEP	2026-08-14T17:28:07.2163812Z #9 16.00 Unpacking libfribidi0:amd64 (1.0.16-1) ...
auth-duplicate-login-gate / enforce-single-session	UNKNOWN STEP	2026-08-14T17:28:07.2164366Z #9 16.01 Selecting previously unselected package libgraphite2-3:amd64.
auth-duplicate-login-gate / enforce-single-session	UNKNOWN STEP	2026-08-14T17:28:07.2165058Z #9 16.01 Preparing to unpack .../131-libgraphite2-3_1.3.14-2+deb13u1_amd64.deb ...
auth-duplicate-login-gate / enforce-single-session	UNKNOWN STEP	2026-08-14T17:28:07.2165692Z #9 16.01 Unpacking libgraphite2-3:amd64 (1.3.14-2+deb13u1) ...
auth-duplicate-login-gate / enforce-single-session	UNKNOWN STEP	2026-08-14T17:28:07.2166281Z #9 16.03 Selecting previously unselected package libharfbuzz0b:amd64.
auth-duplicate-login-gate / enforce-single-session	UNKNOWN STEP	2026-08-14T17:28:07.2166971Z #9 16.03 Preparing to unpack .../132-libharfbuzz0b_10.2.0-1+deb13u1_amd64.deb ...
auth-duplicate-login-gate / enforce-single-session	UNKNOWN STEP	2026-08-14T17:28:07.2167730Z #9 16.03 Unpacking libharfbuzz0b:amd64 (10.2.0-1+deb13u1) ...
auth-duplicate-login-gate / enforce-single-session	UNKNOWN STEP	2026-08-14T17:28:07.4025398Z #9 16.06 Selecting previously unselected package libthai-data.
auth-duplicate-login-gate / enforce-single-session	UNKNOWN STEP	2026-08-14T17:28:07.4026158Z #9 16.06 Preparing to unpack .../133-libthai-data_0.1.29-2_all.deb ...
auth-duplicate-login-gate / enforce-single-session	UNKNOWN STEP	2026-08-14T17:28:07.4026738Z #9 16.06 Unpacking libthai-data (0.1.29-2) ...
auth-duplicate-login-gate / enforce-single-session	UNKNOWN STEP	2026-08-14T17:28:07.4027291Z #9 16.08 Selecting previously unselected package libdatrie1:amd64.
auth-duplicate-login-gate / enforce-single-session	UNKNOWN STEP	2026-08-14T17:28:07.4028068Z #9 16.08 Preparing to unpack .../134-libdatrie1_0.2.13-3+b1_amd64.deb ...
auth-duplicate-login-gate / enforce-single-session	UNKNOWN STEP	2026-08-14T17:28:07.4028906Z #9 16.08 Unpacking libdatrie1:amd64 (0.2.13-3+b1) ...
auth-duplicate-login-gate / enforce-single-session	UNKNOWN STEP	2026-08-14T17:28:07.4029452Z #9 16.09 Selecting previously unselected package libthai0:amd64.
auth-duplicate-login-gate / enforce-single-session	UNKNOWN STEP	2026-08-14T17:28:07.4030057Z #9 16.09 Preparing to unpack .../135-libthai0_0.1.29-2+b1_amd64.deb ...
auth-duplicate-login-gate / enforce-single-session	UNKNOWN STEP	2026-08-14T17:28:07.4030590Z #9 16.09 Unpacking libthai0:amd64 (0.1.29-2+b1) ...
auth-duplicate-login-gate / enforce-single-session	UNKNOWN STEP	2026-08-14T17:28:07.4031150Z #9 16.11 Selecting previously unselected package libpango-1.0-0:amd64.
auth-duplicate-login-gate / enforce-single-session	UNKNOWN STEP	2026-08-14T17:28:07.4031787Z #9 16.11 Preparing to unpack .../136-libpango-1.0-0_1.56.3-1_amd64.deb ...
auth-duplicate-login-gate / enforce-single-session	UNKNOWN STEP	2026-08-14T17:28:07.4032356Z #9 16.11 Unpacking libpango-1.0-0:amd64 (1.56.3-1) ...
auth-duplicate-login-gate / enforce-single-session	UNKNOWN STEP	2026-08-14T17:28:07.4032948Z #9 16.13 Selecting previously unselected package libpangoft2-1.0-0:amd64.
auth-duplicate-login-gate / enforce-single-session	UNKNOWN STEP	2026-08-14T17:28:07.4033623Z #9 16.13 Preparing to unpack .../137-libpangoft2-1.0-0_1.56.3-1_amd64.deb ...
auth-duplicate-login-gate / enforce-single-session	UNKNOWN STEP	2026-08-14T17:28:07.4034232Z #9 16.13 Unpacking libpangoft2-1.0-0:amd64 (1.56.3-1) ...
auth-duplicate-login-gate / enforce-single-session	UNKNOWN STEP	2026-08-14T17:28:07.4034829Z #9 16.14 Selecting previously unselected package libpangocairo-1.0-0:amd64.
auth-duplicate-login-gate / enforce-single-session	UNKNOWN STEP	2026-08-14T17:28:07.4035538Z #9 16.14 Preparing to unpack .../138-libpangocairo-1.0-0_1.56.3-1_amd64.deb ...
auth-duplicate-login-gate / enforce-single-session	UNKNOWN STEP	2026-08-14T17:28:07.4036155Z #9 16.14 Unpacking libpangocairo-1.0-0:amd64 (1.56.3-1) ...
auth-duplicate-login-gate / enforce-single-session	UNKNOWN STEP	2026-08-14T17:28:07.4036716Z #9 16.16 Selecting previously unselected package librsvg2-2:amd64.
auth-duplicate-login-gate / enforce-single-session	UNKNOWN STEP	2026-08-14T17:28:07.4037649Z #9 16.16 Preparing to unpack .../139-librsvg2-2_2.60.0+dfsg-1_amd64.deb ...
auth-duplicate-login-gate / enforce-single-session	UNKNOWN STEP	2026-08-14T17:28:07.4038293Z #9 16.16 Unpacking librsvg2-2:amd64 (2.60.0+dfsg-1) ...
auth-duplicate-login-gate / enforce-single-session	UNKNOWN STEP	2026-08-14T17:28:07.4038893Z #9 16.25 Selecting previously unselected package libshine3:amd64.
auth-duplicate-login-gate / enforce-single-session	UNKNOWN STEP	2026-08-14T17:28:07.5579887Z #9 16.25 Preparing to unpack .../140-libshine3_3.1.1-2+b2_amd64.deb ...
auth-duplicate-login-gate / enforce-single-session	UNKNOWN STEP	2026-08-14T17:28:07.5580735Z #9 16.25 Unpacking libshine3:amd64 (3.1.1-2+b2) ...
auth-duplicate-login-gate / enforce-single-session	UNKNOWN STEP	2026-08-14T17:28:07.5581134Z #9 16.26 Selecting previously unselected package libsnappy1v5:amd64.
auth-duplicate-login-gate / enforce-single-session	UNKNOWN STEP	2026-08-14T17:28:07.5581578Z #9 16.26 Preparing to unpack .../141-libsnappy1v5_1.2.2-1_amd64.deb ...
auth-duplicate-login-gate / enforce-single-session	UNKNOWN STEP	2026-08-14T17:28:07.5581975Z #9 16.26 Unpacking libsnappy1v5:amd64 (1.2.2-1) ...
auth-duplicate-login-gate / enforce-single-session	UNKNOWN STEP	2026-08-14T17:28:07.5582338Z #9 16.27 Selecting previously unselected package libspeex1:amd64.
auth-duplicate-login-gate / enforce-single-session	UNKNOWN STEP	2026-08-14T17:28:07.5582744Z #9 16.27 Preparing to unpack .../142-libspeex1_1.2.1-3_amd64.deb ...
auth-duplicate-login-gate / enforce-single-session	UNKNOWN STEP	2026-08-14T17:28:07.5583097Z #9 16.27 Unpacking libspeex1:amd64 (1.2.1-3) ...
auth-duplicate-login-gate / enforce-single-session	UNKNOWN STEP	2026-08-14T17:28:07.5583480Z #9 16.29 Selecting previously unselected package libsvtav1enc2:amd64.
auth-duplicate-login-gate / enforce-single-session	UNKNOWN STEP	2026-08-14T17:28:07.5583921Z #9 16.29 Preparing to unpack .../143-libsvtav1enc2_2.3.0+dfsg-1_amd64.deb ...
auth-duplicate-login-gate / enforce-single-session	UNKNOWN STEP	2026-08-14T17:28:07.5584330Z #9 16.29 Unpacking libsvtav1enc2:amd64 (2.3.0+dfsg-1) ...
auth-duplicate-login-gate / enforce-single-session	UNKNOWN STEP	2026-08-14T17:28:07.6956175Z #9 16.40 Selecting previously unselected package libsoxr0:amd64.
auth-duplicate-login-gate / enforce-single-session	UNKNOWN STEP	2026-08-14T17:28:07.6956863Z #9 16.40 Preparing to unpack .../144-libsoxr0_0.1.3-4+b2_amd64.deb ...
auth-duplicate-login-gate / enforce-single-session	UNKNOWN STEP	2026-08-14T17:28:07.6957406Z #9 16.40 Unpacking libsoxr0:amd64 (0.1.3-4+b2) ...
auth-duplicate-login-gate / enforce-single-session	UNKNOWN STEP	2026-08-14T17:28:07.6958074Z #9 16.42 Selecting previously unselected package libswresample5:amd64.
auth-duplicate-login-gate / enforce-single-session	UNKNOWN STEP	2026-08-14T17:28:07.6958729Z #9 16.42 Preparing to unpack .../145-libswresample5_7%3a7.1.5-0+deb13u1_amd64.deb ...
auth-duplicate-login-gate / enforce-single-session	UNKNOWN STEP	2026-08-14T17:28:07.6959383Z #9 16.42 Unpacking libswresample5:amd64 (7:7.1.5-0+deb13u1) ...
auth-duplicate-login-gate / enforce-single-session	UNKNOWN STEP	2026-08-14T17:28:07.6959830Z #9 16.43 Selecting previously unselected package libtheoradec1:amd64.
auth-duplicate-login-gate / enforce-single-session	UNKNOWN STEP	2026-08-14T17:28:07.6960287Z #9 16.43 Preparing to unpack .../146-libtheoradec1_1.2.0~alpha1+dfsg-6_amd64.deb ...
auth-duplicate-login-gate / enforce-single-session	UNKNOWN STEP	2026-08-14T17:28:07.6960743Z #9 16.43 Unpacking libtheoradec1:amd64 (1.2.0~alpha1+dfsg-6) ...
auth-duplicate-login-gate / enforce-single-session	UNKNOWN STEP	2026-08-14T17:28:07.6961148Z #9 16.45 Selecting previously unselected package libtheoraenc1:amd64.
auth-duplicate-login-gate / enforce-single-session	UNKNOWN STEP	2026-08-14T17:28:07.6961603Z #9 16.45 Preparing to unpack .../147-libtheoraenc1_1.2.0~alpha1+dfsg-6_amd64.deb ...
auth-duplicate-login-gate / enforce-single-session	UNKNOWN STEP	2026-08-14T17:28:07.6962042Z #9 16.45 Unpacking libtheoraenc1:amd64 (1.2.0~alpha1+dfsg-6) ...
auth-duplicate-login-gate / enforce-single-session	UNKNOWN STEP	2026-08-14T17:28:07.6962437Z #9 16.47 Selecting previously unselected package libtwolame0:amd64.
auth-duplicate-login-gate / enforce-single-session	UNKNOWN STEP	2026-08-14T17:28:07.6962852Z #9 16.47 Preparing to unpack .../148-libtwolame0_0.4.0-2+b2_amd64.deb ...
auth-duplicate-login-gate / enforce-single-session	UNKNOWN STEP	2026-08-14T17:28:07.6963234Z #9 16.47 Unpacking libtwolame0:amd64 (0.4.0-2+b2) ...
auth-duplicate-login-gate / enforce-single-session	UNKNOWN STEP	2026-08-14T17:28:07.6963821Z #9 16.48 Selecting previously unselected package libvpx9:amd64.
auth-duplicate-login-gate / enforce-single-session	UNKNOWN STEP	2026-08-14T17:28:07.6964251Z #9 16.48 Preparing to unpack .../149-libvpx9_1.15.0-2.1+deb13u1_amd64.deb ...
auth-duplicate-login-gate / enforce-single-session	UNKNOWN STEP	2026-08-14T17:28:07.6964666Z #9 16.48 Unpacking libvpx9:amd64 (1.15.0-2.1+deb13u1) ...
auth-duplicate-login-gate / enforce-single-session	UNKNOWN STEP	2026-08-14T17:28:07.8404552Z #9 16.54 Selecting previously unselected package libwebpmux3:amd64.
auth-duplicate-login-gate / enforce-single-session	UNKNOWN STEP	2026-08-14T17:28:07.8405046Z #9 16.54 Preparing to unpack .../150-libwebpmux3_1.5.0-0.1_amd64.deb ...
auth-duplicate-login-gate / enforce-single-session	UNKNOWN STEP	2026-08-14T17:28:07.8405449Z #9 16.54 Unpacking libwebpmux3:amd64 (1.5.0-0.1) ...
auth-duplicate-login-gate / enforce-single-session	UNKNOWN STEP	2026-08-14T17:28:07.8405817Z #9 16.55 Selecting previously unselected package libx264-164:amd64.
auth-duplicate-login-gate / enforce-single-session	UNKNOWN STEP	2026-08-14T17:28:07.8406313Z #9 16.56 Preparing to unpack .../151-libx264-164_2%3a0.164.3108+git31e19f9-2+b1_amd64.deb ...
auth-duplicate-login-gate / enforce-single-session	UNKNOWN STEP	2026-08-14T17:28:07.8406800Z #9 16.56 Unpacking libx264-164:amd64 (2:0.164.3108+git31e19f9-2+b1) ...
auth-duplicate-login-gate / enforce-single-session	UNKNOWN STEP	2026-08-14T17:28:07.8407219Z #9 16.59 Selecting previously unselected package libnuma1:amd64.
auth-duplicate-login-gate / enforce-single-session	UNKNOWN STEP	2026-08-14T17:28:07.8408317Z #9 16.59 Preparing to unpack .../152-libnuma1_2.0.19-1_amd64.deb ...
auth-duplicate-login-gate / enforce-single-session	UNKNOWN STEP	2026-08-14T17:28:07.8408690Z #9 16.59 Unpacking libnuma1:amd64 (2.0.19-1) ...
auth-duplicate-login-gate / enforce-single-session	UNKNOWN STEP	2026-08-14T17:28:07.8409051Z #9 16.61 Selecting previously unselected package libx265-215:amd64.
auth-duplicate-login-gate / enforce-single-session	UNKNOWN STEP	2026-08-14T17:28:07.8409454Z #9 16.61 Preparing to unpack .../153-libx265-215_4.1-2_amd64.deb ...
auth-duplicate-login-gate / enforce-single-session	UNKNOWN STEP	2026-08-14T17:28:07.8410002Z #9 16.61 Unpacking libx265-215:amd64 (4.1-2) ...
auth-duplicate-login-gate / enforce-single-session	UNKNOWN STEP	2026-08-14T17:28:08.0572354Z #9 16.68 Selecting previously unselected package libxvidcore4:amd64.
auth-duplicate-login-gate / enforce-single-session	UNKNOWN STEP	2026-08-14T17:28:08.0572868Z #9 16.68 Preparing to unpack .../154-libxvidcore4_2%3a1.3.7-1+b2_amd64.deb ...
auth-duplicate-login-gate / enforce-single-session	UNKNOWN STEP	2026-08-14T17:28:08.0573292Z #9 16.69 Unpacking libxvidcore4:amd64 (2:1.3.7-1+b2) ...
auth-duplicate-login-gate / enforce-single-session	UNKNOWN STEP	2026-08-14T17:28:08.0573678Z #9 16.71 Selecting previously unselected package libzvbi-common.
auth-duplicate-login-gate / enforce-single-session	UNKNOWN STEP	2026-08-14T17:28:08.0574098Z #9 16.71 Preparing to unpack .../155-libzvbi-common_0.2.44-1_all.deb ...
auth-duplicate-login-gate / enforce-single-session	UNKNOWN STEP	2026-08-14T17:28:08.0574484Z #9 16.71 Unpacking libzvbi-common (0.2.44-1) ...
auth-duplicate-login-gate / enforce-single-session	UNKNOWN STEP	2026-08-14T17:28:08.0574887Z #9 16.72 Selecting previously unselected package libzvbi0t64:amd64.
auth-duplicate-login-gate / enforce-single-session	UNKNOWN STEP	2026-08-14T17:28:08.0575299Z #9 16.72 Preparing to unpack .../156-libzvbi0t64_0.2.44-1_amd64.deb ...
auth-duplicate-login-gate / enforce-single-session	UNKNOWN STEP	2026-08-14T17:28:08.0575665Z #9 16.72 Unpacking libzvbi0t64:amd64 (0.2.44-1) ...
auth-duplicate-login-gate / enforce-single-session	UNKNOWN STEP	2026-08-14T17:28:08.0576255Z #9 16.75 Selecting previously unselected package libavcodec61:amd64.
auth-duplicate-login-gate / enforce-single-session	UNKNOWN STEP	2026-08-14T17:28:08.0576720Z #9 16.75 Preparing to unpack .../157-libavcodec61_7%3a7.1.5-0+deb13u1_amd64.deb ...
auth-duplicate-login-gate / enforce-single-session	UNKNOWN STEP	2026-08-14T17:28:08.0577257Z #9 16.75 Unpacking libavcodec61:amd64 (7:7.1.5-0+deb13u1) ...
auth-duplicate-login-gate / enforce-single-session	UNKNOWN STEP	2026-08-14T17:28:08.2592895Z #9 17.00 Selecting previously unselected package libraw1394-11:amd64.
auth-duplicate-login-gate / enforce-single-session	UNKNOWN STEP	2026-08-14T17:28:08.2593513Z #9 17.00 Preparing to unpack .../158-libraw1394-11_2.1.2-2+b2_amd64.deb ...
auth-duplicate-login-gate / enforce-single-session	UNKNOWN STEP	2026-08-14T17:28:08.2593997Z #9 17.00 Unpacking libraw1394-11:amd64 (2.1.2-2+b2) ...
auth-duplicate-login-gate / enforce-single-session	UNKNOWN STEP	2026-08-14T17:28:08.2594429Z #9 17.01 Selecting previously unselected package libavc1394-0:amd64.
auth-duplicate-login-gate / enforce-single-session	UNKNOWN STEP	2026-08-14T17:28:08.2594910Z #9 17.01 Preparing to unpack .../159-libavc1394-0_0.5.4-5+b2_amd64.deb ...
auth-duplicate-login-gate / enforce-single-session	UNKNOWN STEP	2026-08-14T17:28:08.2595382Z #9 17.01 Unpacking libavc1394-0:amd64 (0.5.4-5+b2) ...
auth-duplicate-login-gate / enforce-single-session	UNKNOWN STEP	2026-08-14T17:28:08.2595810Z #9 17.02 Selecting previously unselected package libunibreak6:amd64.
auth-duplicate-login-gate / enforce-single-session	UNKNOWN STEP	2026-08-14T17:28:08.2596269Z #9 17.03 Preparing to unpack .../160-libunibreak6_6.1-3_amd64.deb ...
auth-duplicate-login-gate / enforce-single-session	UNKNOWN STEP	2026-08-14T17:28:08.2596686Z #9 17.03 Unpacking libunibreak6:amd64 (6.1-3) ...
auth-duplicate-login-gate / enforce-single-session	UNKNOWN STEP	2026-08-14T17:28:08.2597100Z #9 17.04 Selecting previously unselected package libass9:amd64.
auth-duplicate-login-gate / enforce-single-session	UNKNOWN STEP	2026-08-14T17:28:08.2597762Z #9 17.04 Preparing to unpack .../161-libass9_1%3a0.17.3-1+deb13u1_amd64.deb ...
auth-duplicate-login-gate / enforce-single-session	UNKNOWN STEP	2026-08-14T17:28:08.2598433Z #9 17.04 Unpacking libass9:amd64 (1:0.17.3-1+deb13u1) ...
auth-duplicate-login-gate / enforce-single-session	UNKNOWN STEP	2026-08-14T17:28:08.2598972Z #9 17.06 Selecting previously unselected package libudfread0:amd64.
auth-duplicate-login-gate / enforce-single-session	UNKNOWN STEP	2026-08-14T17:28:08.2599395Z #9 17.06 Preparing to unpack .../162-libudfread0_1.1.2-1+b2_amd64.deb ...
auth-duplicate-login-gate / enforce-single-session	UNKNOWN STEP	2026-08-14T17:28:08.2599777Z #9 17.06 Unpacking libudfread0:amd64 (1.1.2-1+b2) ...
auth-duplicate-login-gate / enforce-single-session	UNKNOWN STEP	2026-08-14T17:28:08.2600155Z #9 17.07 Selecting previously unselected package libbluray2:amd64.
auth-duplicate-login-gate / enforce-single-session	UNKNOWN STEP	2026-08-14T17:28:08.2600811Z #9 17.07 Preparing to unpack .../163-libbluray2_1%3a1.3.4-1+b2_amd64.deb ...
auth-duplicate-login-gate / enforce-single-session	UNKNOWN STEP	2026-08-14T17:28:08.2601197Z #9 17.07 Unpacking libbluray2:amd64 (1:1.3.4-1+b2) ...
auth-duplicate-login-gate / enforce-single-session	UNKNOWN STEP	2026-08-14T17:28:08.2601580Z #9 17.09 Selecting previously unselected package libchromaprint1:amd64.
auth-duplicate-login-gate / enforce-single-session	UNKNOWN STEP	2026-08-14T17:28:08.2602035Z #9 17.09 Preparing to unpack .../164-libchromaprint1_1.5.1-7_amd64.deb ...
auth-duplicate-login-gate / enforce-single-session	UNKNOWN STEP	2026-08-14T17:28:08.2602435Z #9 17.09 Unpacking libchromaprint1:amd64 (1.5.1-7) ...
auth-duplicate-login-gate / enforce-single-session	UNKNOWN STEP	2026-08-14T17:28:08.3752934Z #9 17.10 Selecting previously unselected package libdvdread8t64:amd64.
auth-duplicate-login-gate / enforce-single-session	UNKNOWN STEP	2026-08-14T17:28:08.3753793Z #9 17.10 Preparing to unpack .../165-libdvdread8t64_6.1.3-2_amd64.deb ...
auth-duplicate-login-gate / enforce-single-session	UNKNOWN STEP	2026-08-14T17:28:08.3754232Z #9 17.10 Unpacking libdvdread8t64:amd64 (6.1.3-2) ...
auth-duplicate-login-gate / enforce-single-session	UNKNOWN STEP	2026-08-14T17:28:08.3754613Z #9 17.12 Selecting previously unselected package libdvdnav4:amd64.
auth-duplicate-login-gate / enforce-single-session	UNKNOWN STEP	2026-08-14T17:28:08.3755045Z #9 17.12 Preparing to unpack .../166-libdvdnav4_6.1.1-3+b1_amd64.deb ...
auth-duplicate-login-gate / enforce-single-session	UNKNOWN STEP	2026-08-14T17:28:08.3755450Z #9 17.12 Unpacking libdvdnav4:amd64 (6.1.1-3+b1) ...
auth-duplicate-login-gate / enforce-single-session	UNKNOWN STEP	2026-08-14T17:28:08.3755808Z #9 17.14 Selecting previously unselected package libgme0:amd64.
auth-duplicate-login-gate / enforce-single-session	UNKNOWN STEP	2026-08-14T17:28:08.3756203Z #9 17.14 Preparing to unpack .../167-libgme0_0.6.3-7+b2_amd64.deb ...
auth-duplicate-login-gate / enforce-single-session	UNKNOWN STEP	2026-08-14T17:28:08.3756567Z #9 17.14 Unpacking libgme0:amd64 (0.6.3-7+b2) ...
auth-duplicate-login-gate / enforce-single-session	UNKNOWN STEP	2026-08-14T17:28:08.3757212Z #9 17.16 Selecting previously unselected package libunistring5:amd64.
auth-duplicate-login-gate / enforce-single-session	UNKNOWN STEP	2026-08-14T17:28:08.3757808Z #9 17.16 Preparing to unpack .../168-libunistring5_1.3-2_amd64.deb ...
auth-duplicate-login-gate / enforce-single-session	UNKNOWN STEP	2026-08-14T17:28:08.3758175Z #9 17.16 Unpacking libunistring5:amd64 (1.3-2) ...
auth-duplicate-login-gate / enforce-single-session	UNKNOWN STEP	2026-08-14T17:28:08.3758539Z #9 17.20 Selecting previously unselected package libidn2-0:amd64.
auth-duplicate-login-gate / enforce-single-session	UNKNOWN STEP	2026-08-14T17:28:08.3758949Z #9 17.20 Preparing to unpack .../169-libidn2-0_2.3.8-2_amd64.deb ...
auth-duplicate-login-gate / enforce-single-session	UNKNOWN STEP	2026-08-14T17:28:08.3759323Z #9 17.20 Unpacking libidn2-0:amd64 (2.3.8-2) ...
auth-duplicate-login-gate / enforce-single-session	UNKNOWN STEP	2026-08-14T17:28:08.4757071Z #9 17.22 Selecting previously unselected package libp11-kit0:amd64.
auth-duplicate-login-gate / enforce-single-session	UNKNOWN STEP	2026-08-14T17:28:08.4757884Z #9 17.22 Preparing to unpack .../170-libp11-kit0_0.25.5-3_amd64.deb ...
auth-duplicate-login-gate / enforce-single-session	UNKNOWN STEP	2026-08-14T17:28:08.4758294Z #9 17.22 Unpacking libp11-kit0:amd64 (0.25.5-3) ...
auth-duplicate-login-gate / enforce-single-session	UNKNOWN STEP	2026-08-14T17:28:08.4758674Z #9 17.25 Selecting previously unselected package libtasn1-6:amd64.
auth-duplicate-login-gate / enforce-single-session	UNKNOWN STEP	2026-08-14T17:28:08.4759107Z #9 17.25 Preparing to unpack .../171-libtasn1-6_4.20.0-2+deb13u1_amd64.deb ...
auth-duplicate-login-gate / enforce-single-session	UNKNOWN STEP	2026-08-14T17:28:08.4759520Z #9 17.25 Unpacking libtasn1-6:amd64 (4.20.0-2+deb13u1) ...
auth-duplicate-login-gate / enforce-single-session	UNKNOWN STEP	2026-08-14T17:28:08.4759916Z #9 17.26 Selecting previously unselected package libgnutls30t64:amd64.
auth-duplicate-login-gate / enforce-single-session	UNKNOWN STEP	2026-08-14T17:28:08.4760364Z #9 17.26 Preparing to unpack .../172-libgnutls30t64_3.8.9-3+deb13u4_amd64.deb ...
auth-duplicate-login-gate / enforce-single-session	UNKNOWN STEP	2026-08-14T17:28:08.4760788Z #9 17.27 Unpacking libgnutls30t64:amd64 (3.8.9-3+deb13u4) ...
auth-duplicate-login-gate / enforce-single-session	UNKNOWN STEP	2026-08-14T17:28:08.5897310Z #9 17.32 Selecting previously unselected package libvorbisfile3:amd64.
auth-duplicate-login-gate / enforce-single-session	UNKNOWN STEP	2026-08-14T17:28:08.5898206Z #9 17.32 Preparing to unpack .../173-libvorbisfile3_1.3.7-3_amd64.deb ...
auth-duplicate-login-gate / enforce-single-session	UNKNOWN STEP	2026-08-14T17:28:08.5898616Z #9 17.32 Unpacking libvorbisfile3:amd64 (1.3.7-3) ...
auth-duplicate-login-gate / enforce-single-session	UNKNOWN STEP	2026-08-14T17:28:08.5899040Z #9 17.33 Selecting previously unselected package libopenmpt0t64:amd64.
auth-duplicate-login-gate / enforce-single-session	UNKNOWN STEP	2026-08-14T17:28:08.5899497Z #9 17.33 Preparing to unpack .../174-libopenmpt0t64_0.7.13-1+b1_amd64.deb ...
auth-duplicate-login-gate / enforce-single-session	UNKNOWN STEP	2026-08-14T17:28:08.5899902Z #9 17.33 Unpacking libopenmpt0t64:amd64 (0.7.13-1+b1) ...
auth-duplicate-login-gate / enforce-single-session	UNKNOWN STEP	2026-08-14T17:28:08.5900292Z #9 17.38 Selecting previously unselected package librabbitmq4:amd64.
auth-duplicate-login-gate / enforce-single-session	UNKNOWN STEP	2026-08-14T17:28:08.5900752Z #9 17.38 Preparing to unpack .../175-librabbitmq4_0.15.0-1+deb13u1_amd64.deb ...
auth-duplicate-login-gate / enforce-single-session	UNKNOWN STEP	2026-08-14T17:28:08.5901168Z #9 17.38 Unpacking librabbitmq4:amd64 (0.15.0-1+deb13u1) ...
auth-duplicate-login-gate / enforce-single-session	UNKNOWN STEP	2026-08-14T17:28:08.5901547Z #9 17.39 Selecting previously unselected package libcjson1:amd64.
auth-duplicate-login-gate / enforce-single-session	UNKNOWN STEP	2026-08-14T17:28:08.5901980Z #9 17.39 Preparing to unpack .../176-libcjson1_1.7.18-3.1+deb13u1_amd64.deb ...
auth-duplicate-login-gate / enforce-single-session	UNKNOWN STEP	2026-08-14T17:28:08.5902383Z #9 17.40 Unpacking libcjson1:amd64 (1.7.18-3.1+deb13u1) ...
auth-duplicate-login-gate / enforce-single-session	UNKNOWN STEP	2026-08-14T17:28:08.5902785Z #9 17.41 Selecting previously unselected package libmbedcrypto16:amd64.
auth-duplicate-login-gate / enforce-single-session	UNKNOWN STEP	2026-08-14T17:28:08.5903242Z #9 17.41 Preparing to unpack .../177-libmbedcrypto16_3.6.5-0.1~deb13u1_amd64.deb ...
auth-duplicate-login-gate / enforce-single-session	UNKNOWN STEP	2026-08-14T17:28:08.5903903Z #9 17.41 Unpacking libmbedcrypto16:amd64 (3.6.5-0.1~deb13u1) ...
auth-duplicate-login-gate / enforce-single-session	UNKNOWN STEP	2026-08-14T17:28:08.6909694Z #9 17.43 Selecting previously unselected package librist4:amd64.
auth-duplicate-login-gate / enforce-single-session	UNKNOWN STEP	2026-08-14T17:28:08.6910367Z #9 17.43 Preparing to unpack .../178-librist4_0.2.11+dfsg-1_amd64.deb ...
auth-duplicate-login-gate / enforce-single-session	UNKNOWN STEP	2026-08-14T17:28:08.6910918Z #9 17.43 Unpacking librist4:amd64 (0.2.11+dfsg-1) ...
auth-duplicate-login-gate / enforce-single-session	UNKNOWN STEP	2026-08-14T17:28:08.6911401Z #9 17.45 Selecting previously unselected package libsrt1.5-gnutls:amd64.
auth-duplicate-login-gate / enforce-single-session	UNKNOWN STEP	2026-08-14T17:28:08.6911952Z #9 17.45 Preparing to unpack .../179-libsrt1.5-gnutls_1.5.4-1_amd64.deb ...
auth-duplicate-login-gate / enforce-single-session	UNKNOWN STEP	2026-08-14T17:28:08.6912465Z #9 17.45 Unpacking libsrt1.5-gnutls:amd64 (1.5.4-1) ...
auth-duplicate-login-gate / enforce-single-session	UNKNOWN STEP	2026-08-14T17:28:08.6912866Z #9 17.47 Selecting previously unselected package libkrb5support0:amd64.
auth-duplicate-login-gate / enforce-single-session	UNKNOWN STEP	2026-08-14T17:28:08.6913703Z #9 17.48 Preparing to unpack .../180-libkrb5support0_1.21.3-5+deb13u1_amd64.deb ...
auth-duplicate-login-gate / enforce-single-session	UNKNOWN STEP	2026-08-14T17:28:08.6914461Z #9 17.48 Unpacking libkrb5support0:amd64 (1.21.3-5+deb13u1) ...
auth-duplicate-login-gate / enforce-single-session	UNKNOWN STEP	2026-08-14T17:28:08.6915399Z #9 17.49 Selecting previously unselected package libcom-err2:amd64.
auth-duplicate-login-gate / enforce-single-session	UNKNOWN STEP	2026-08-14T17:28:08.6916649Z #9 17.49 Preparing to unpack .../181-libcom-err2_1.47.2-3+b11_amd64.deb ...
auth-duplicate-login-gate / enforce-single-session	UNKNOWN STEP	2026-08-14T17:28:08.6917273Z #9 17.49 Unpacking libcom-err2:amd64 (1.47.2-3+b11) ...
auth-duplicate-login-gate / enforce-single-session	UNKNOWN STEP	2026-08-14T17:28:08.6918089Z #9 17.50 Selecting previously unselected package libk5crypto3:amd64.
auth-duplicate-login-gate / enforce-single-session	UNKNOWN STEP	2026-08-14T17:28:08.6918547Z #9 17.50 Preparing to unpack .../182-libk5crypto3_1.21.3-5+deb13u1_amd64.deb ...
auth-duplicate-login-gate / enforce-single-session	UNKNOWN STEP	2026-08-14T17:28:08.6918965Z #9 17.50 Unpacking libk5crypto3:amd64 (1.21.3-5+deb13u1) ...
auth-duplicate-login-gate / enforce-single-session	UNKNOWN STEP	2026-08-14T17:28:08.6919369Z #9 17.52 Selecting previously unselected package libkeyutils1:amd64.
auth-duplicate-login-gate / enforce-single-session	UNKNOWN STEP	2026-08-14T17:28:08.6919783Z #9 17.52 Preparing to unpack .../183-libkeyutils1_1.6.3-6_amd64.deb ...
auth-duplicate-login-gate / enforce-single-session	UNKNOWN STEP	2026-08-14T17:28:08.6920144Z #9 17.52 Unpacking libkeyutils1:amd64 (1.6.3-6) ...
auth-duplicate-login-gate / enforce-single-session	UNKNOWN STEP	2026-08-14T17:28:08.6920501Z #9 17.53 Selecting previously unselected package libkrb5-3:amd64.
auth-duplicate-login-gate / enforce-single-session	UNKNOWN STEP	2026-08-14T17:28:08.6920923Z #9 17.53 Preparing to unpack .../184-libkrb5-3_1.21.3-5+deb13u1_amd64.deb ...
auth-duplicate-login-gate / enforce-single-session	UNKNOWN STEP	2026-08-14T17:28:08.8037256Z #9 17.53 Unpacking libkrb5-3:amd64 (1.21.3-5+deb13u1) ...
auth-duplicate-login-gate / enforce-single-session	UNKNOWN STEP	2026-08-14T17:28:08.8038409Z #9 17.56 Selecting previously unselected package libgssapi-krb5-2:amd64.
auth-duplicate-login-gate / enforce-single-session	UNKNOWN STEP	2026-08-14T17:28:08.8039320Z #9 17.56 Preparing to unpack .../185-libgssapi-krb5-2_1.21.3-5+deb13u1_amd64.deb ...
auth-duplicate-login-gate / enforce-single-session	UNKNOWN STEP	2026-08-14T17:28:08.8040257Z #9 17.56 Unpacking libgssapi-krb5-2:amd64 (1.21.3-5+deb13u1) ...
auth-duplicate-login-gate / enforce-single-session	UNKNOWN STEP	2026-08-14T17:28:08.8040997Z #9 17.58 Selecting previously unselected package libssh-4:amd64.
auth-duplicate-login-gate / enforce-single-session	UNKNOWN STEP	2026-08-14T17:28:08.8041761Z #9 17.58 Preparing to unpack .../186-libssh-4_0.11.5-0+deb13u1_amd64.deb ...
auth-duplicate-login-gate / enforce-single-session	UNKNOWN STEP	2026-08-14T17:28:08.8042507Z #9 17.58 Unpacking libssh-4:amd64 (0.11.5-0+deb13u1) ...
auth-duplicate-login-gate / enforce-single-session	UNKNOWN STEP	2026-08-14T17:28:08.8043211Z #9 17.60 Selecting previously unselected package libnorm1t64:amd64.
auth-duplicate-login-gate / enforce-single-session	UNKNOWN STEP	2026-08-14T17:28:08.8043997Z #9 17.60 Preparing to unpack .../187-libnorm1t64_1.5.9+dfsg-3.1+b2_amd64.deb ...
auth-duplicate-login-gate / enforce-single-session	UNKNOWN STEP	2026-08-14T17:28:08.8044743Z #9 17.61 Unpacking libnorm1t64:amd64 (1.5.9+dfsg-3.1+b2) ...
auth-duplicate-login-gate / enforce-single-session	UNKNOWN STEP	2026-08-14T17:28:08.8045472Z #9 17.63 Selecting previously unselected package libpgm-5.3-0t64:amd64.
auth-duplicate-login-gate / enforce-single-session	UNKNOWN STEP	2026-08-14T17:28:08.8046305Z #9 17.63 Preparing to unpack .../188-libpgm-5.3-0t64_5.3.128~dfsg-2.1+b1_amd64.deb ...
auth-duplicate-login-gate / enforce-single-session	UNKNOWN STEP	2026-08-14T17:28:08.8047106Z #9 17.63 Unpacking libpgm-5.3-0t64:amd64 (5.3.128~dfsg-2.1+b1) ...
auth-duplicate-login-gate / enforce-single-session	UNKNOWN STEP	2026-08-14T17:28:08.9123192Z #9 17.65 Selecting previously unselected package libsodium23:amd64.
auth-duplicate-login-gate / enforce-single-session	UNKNOWN STEP	2026-08-14T17:28:08.9124029Z #9 17.65 Preparing to unpack .../189-libsodium23_1.0.18-1+deb13u1_amd64.deb ...
auth-duplicate-login-gate / enforce-single-session	UNKNOWN STEP	2026-08-14T17:28:08.9124699Z #9 17.65 Unpacking libsodium23:amd64 (1.0.18-1+deb13u1) ...
auth-duplicate-login-gate / enforce-single-session	UNKNOWN STEP	2026-08-14T17:28:08.9125273Z #9 17.67 Selecting previously unselected package libzmq5:amd64.
auth-duplicate-login-gate / enforce-single-session	UNKNOWN STEP	2026-08-14T17:28:08.9125881Z #9 17.67 Preparing to unpack .../190-libzmq5_4.3.5-1+b3_amd64.deb ...
auth-duplicate-login-gate / enforce-single-session	UNKNOWN STEP	2026-08-14T17:28:08.9126420Z #9 17.67 Unpacking libzmq5:amd64 (4.3.5-1+b3) ...
auth-duplicate-login-gate / enforce-single-session	UNKNOWN STEP	2026-08-14T17:28:08.9126967Z #9 17.69 Selecting previously unselected package libavformat61:amd64.
auth-duplicate-login-gate / enforce-single-session	UNKNOWN STEP	2026-08-14T17:28:08.9128096Z #9 17.69 Preparing to unpack .../191-libavformat61_7%3a7.1.5-0+deb13u1_amd64.deb ...
auth-duplicate-login-gate / enforce-single-session	UNKNOWN STEP	2026-08-14T17:28:08.9128739Z #9 17.70 Unpacking libavformat61:amd64 (7:7.1.5-0+deb13u1) ...
auth-duplicate-login-gate / enforce-single-session	UNKNOWN STEP	2026-08-14T17:28:09.0831989Z #9 17.75 Selecting previously unselected package libbs2b0:amd64.
auth-duplicate-login-gate / enforce-single-session	UNKNOWN STEP	2026-08-14T17:28:09.0832487Z #9 17.76 Preparing to unpack .../192-libbs2b0_3.1.0+dfsg-8+b1_amd64.deb ...
auth-duplicate-login-gate / enforce-single-session	UNKNOWN STEP	2026-08-14T17:28:09.0832922Z #9 17.76 Unpacking libbs2b0:amd64 (3.1.0+dfsg-8+b1) ...
auth-duplicate-login-gate / enforce-single-session	UNKNOWN STEP	2026-08-14T17:28:09.0833311Z #9 17.77 Selecting previously unselected package libflite1:amd64.
auth-duplicate-login-gate / enforce-single-session	UNKNOWN STEP	2026-08-14T17:28:09.0833716Z #9 17.77 Preparing to unpack .../193-libflite1_2.2-7_amd64.deb ...
auth-duplicate-login-gate / enforce-single-session	UNKNOWN STEP	2026-08-14T17:28:09.0834071Z #9 17.78 Unpacking libflite1:amd64 (2.2-7) ...
auth-duplicate-login-gate / enforce-single-session	UNKNOWN STEP	2026-08-14T17:28:09.4714293Z #9 18.21 Selecting previously unselected package libserd-0-0:amd64.
auth-duplicate-login-gate / enforce-single-session	UNKNOWN STEP	2026-08-14T17:28:09.4715217Z #9 18.21 Preparing to unpack .../194-libserd-0-0_0.32.4-1_amd64.deb ...
auth-duplicate-login-gate / enforce-single-session	UNKNOWN STEP	2026-08-14T17:28:09.4715978Z #9 18.22 Unpacking libserd-0-0:amd64 (0.32.4-1) ...
auth-duplicate-login-gate / enforce-single-session	UNKNOWN STEP	2026-08-14T17:28:09.4716507Z #9 18.23 Selecting previously unselected package libzix-0-0:amd64.
auth-duplicate-login-gate / enforce-single-session	UNKNOWN STEP	2026-08-14T17:28:09.4717032Z #9 18.23 Preparing to unpack .../195-libzix-0-0_0.6.2-1_amd64.deb ...
auth-duplicate-login-gate / enforce-single-session	UNKNOWN STEP	2026-08-14T17:28:09.4717449Z #9 18.23 Unpacking libzix-0-0:amd64 (0.6.2-1) ...
auth-duplicate-login-gate / enforce-single-session	UNKNOWN STEP	2026-08-14T17:28:09.4718121Z #9 18.24 Selecting previously unselected package libsord-0-0:amd64.
auth-duplicate-login-gate / enforce-single-session	UNKNOWN STEP	2026-08-14T17:28:09.4719145Z #9 18.24 Preparing to unpack .../196-libsord-0-0_0.16.18-1_amd64.deb ...
auth-duplicate-login-gate / enforce-single-session	UNKNOWN STEP	2026-08-14T17:28:09.4719819Z #9 18.24 Unpacking libsord-0-0:amd64 (0.16.18-1) ...
auth-duplicate-login-gate / enforce-single-session	UNKNOWN STEP	2026-08-14T17:28:09.4720416Z #9 18.25 Selecting previously unselected package libsratom-0-0:amd64.
auth-duplicate-login-gate / enforce-single-session	UNKNOWN STEP	2026-08-14T17:28:09.4721126Z #9 18.26 Preparing to unpack .../197-libsratom-0-0_0.6.18-1_amd64.deb ...
auth-duplicate-login-gate / enforce-single-session	UNKNOWN STEP	2026-08-14T17:28:09.4721722Z #9 18.26 Unpacking libsratom-0-0:amd64 (0.6.18-1) ...
auth-duplicate-login-gate / enforce-single-session	UNKNOWN STEP	2026-08-14T17:28:09.4722103Z #9 18.27 Selecting previously unselected package liblilv-0-0:amd64.
auth-duplicate-login-gate / enforce-single-session	UNKNOWN STEP	2026-08-14T17:28:09.4722518Z #9 18.27 Preparing to unpack .../198-liblilv-0-0_0.24.26-1_amd64.deb ...
auth-duplicate-login-gate / enforce-single-session	UNKNOWN STEP	2026-08-14T17:28:09.4722901Z #9 18.27 Unpacking liblilv-0-0:amd64 (0.24.26-1) ...
auth-duplicate-login-gate / enforce-single-session	UNKNOWN STEP	2026-08-14T17:28:09.4723264Z #9 18.28 Selecting previously unselected package libmysofa1:amd64.
auth-duplicate-login-gate / enforce-single-session	UNKNOWN STEP	2026-08-14T17:28:09.4723684Z #9 18.28 Preparing to unpack .../199-libmysofa1_1.3.3+dfsg-1_amd64.deb ...
auth-duplicate-login-gate / enforce-single-session	UNKNOWN STEP	2026-08-14T17:28:09.4724096Z #9 18.28 Unpacking libmysofa1:amd64 (1.3.3+dfsg-1) ...
auth-duplicate-login-gate / enforce-single-session	UNKNOWN STEP	2026-08-14T17:28:09.4724470Z #9 18.31 Selecting previously unselected package libvulkan1:amd64.
auth-duplicate-login-gate / enforce-single-session	UNKNOWN STEP	2026-08-14T17:28:09.4724885Z #9 18.31 Preparing to unpack .../200-libvulkan1_1.4.309.0-1_amd64.deb ...
auth-duplicate-login-gate / enforce-single-session	UNKNOWN STEP	2026-08-14T17:28:09.6073640Z #9 18.31 Unpacking libvulkan1:amd64 (1.4.309.0-1) ...
auth-duplicate-login-gate / enforce-single-session	UNKNOWN STEP	2026-08-14T17:28:09.6074409Z #9 18.33 Selecting previously unselected package libplacebo349:amd64.
auth-duplicate-login-gate / enforce-single-session	UNKNOWN STEP	2026-08-14T17:28:09.6075111Z #9 18.33 Preparing to unpack .../201-libplacebo349_7.349.0-3_amd64.deb ...
auth-duplicate-login-gate / enforce-single-session	UNKNOWN STEP	2026-08-14T17:28:09.6075719Z #9 18.33 Unpacking libplacebo349:amd64 (7.349.0-3) ...
auth-duplicate-login-gate / enforce-single-session	UNKNOWN STEP	2026-08-14T17:28:09.6076270Z #9 18.45 Selecting previously unselected package libblas3:amd64.
auth-duplicate-login-gate / enforce-single-session	UNKNOWN STEP	2026-08-14T17:28:09.7854700Z #9 18.45 Preparing to unpack .../202-libblas3_3.12.1-6_amd64.deb ...
auth-duplicate-login-gate / enforce-single-session	UNKNOWN STEP	2026-08-14T17:28:09.7856023Z #9 18.45 Unpacking libblas3:amd64 (3.12.1-6) ...
auth-duplicate-login-gate / enforce-single-session	UNKNOWN STEP	2026-08-14T17:28:09.7856589Z #9 18.47 Selecting previously unselected package libgfortran5:amd64.
auth-duplicate-login-gate / enforce-single-session	UNKNOWN STEP	2026-08-14T17:28:09.7857053Z #9 18.47 Preparing to unpack .../203-libgfortran5_14.2.0-19_amd64.deb ...
auth-duplicate-login-gate / enforce-single-session	UNKNOWN STEP	2026-08-14T17:28:09.7857466Z #9 18.47 Unpacking libgfortran5:amd64 (14.2.0-19) ...
auth-duplicate-login-gate / enforce-single-session	UNKNOWN STEP	2026-08-14T17:28:09.7858216Z #9 18.52 Selecting previously unselected package liblapack3:amd64.
auth-duplicate-login-gate / enforce-single-session	UNKNOWN STEP	2026-08-14T17:28:09.7858629Z #9 18.52 Preparing to unpack .../204-liblapack3_3.12.1-6_amd64.deb ...
auth-duplicate-login-gate / enforce-single-session	UNKNOWN STEP	2026-08-14T17:28:09.7858999Z #9 18.52 Unpacking liblapack3:amd64 (3.12.1-6) ...
auth-duplicate-login-gate / enforce-single-session	UNKNOWN STEP	2026-08-14T17:28:09.9020977Z #9 18.63 Selecting previously unselected package libsphinxbase3t64:amd64.
auth-duplicate-login-gate / enforce-single-session	UNKNOWN STEP	2026-08-14T17:28:09.9022077Z #9 18.63 Preparing to unpack .../205-libsphinxbase3t64_0.8+5prealpha+1-21+b1_amd64.deb ...
auth-duplicate-login-gate / enforce-single-session	UNKNOWN STEP	2026-08-14T17:28:09.9023044Z #9 18.63 Unpacking libsphinxbase3t64:amd64 (0.8+5prealpha+1-21+b1) ...
auth-duplicate-login-gate / enforce-single-session	UNKNOWN STEP	2026-08-14T17:28:09.9024147Z #9 18.64 Selecting previously unselected package libpocketsphinx3:amd64.
auth-duplicate-login-gate / enforce-single-session	UNKNOWN STEP	2026-08-14T17:28:09.9025093Z #9 18.65 Preparing to unpack .../206-libpocketsphinx3_0.8+5prealpha+1-15+b4_amd64.deb ...
auth-duplicate-login-gate / enforce-single-session	UNKNOWN STEP	2026-08-14T17:28:09.9025960Z #9 18.65 Unpacking libpocketsphinx3:amd64 (0.8+5prealpha+1-15+b4) ...
auth-duplicate-login-gate / enforce-single-session	UNKNOWN STEP	2026-08-14T17:28:09.9026750Z #9 18.66 Selecting previously unselected package libpostproc58:amd64.
auth-duplicate-login-gate / enforce-single-session	UNKNOWN STEP	2026-08-14T17:28:09.9027713Z #9 18.66 Preparing to unpack .../207-libpostproc58_7%3a7.1.5-0+deb13u1_amd64.deb ...
auth-duplicate-login-gate / enforce-single-session	UNKNOWN STEP	2026-08-14T17:28:09.9028519Z #9 18.66 Unpacking libpostproc58:amd64 (7:7.1.5-0+deb13u1) ...
auth-duplicate-login-gate / enforce-single-session	UNKNOWN STEP	2026-08-14T17:28:09.9029296Z #9 18.68 Selecting previously unselected package libfftw3-double3:amd64.
auth-duplicate-login-gate / enforce-single-session	UNKNOWN STEP	2026-08-14T17:28:09.9030106Z #9 18.68 Preparing to unpack .../208-libfftw3-double3_3.3.10-2+b1_amd64.deb ...
auth-duplicate-login-gate / enforce-single-session	UNKNOWN STEP	2026-08-14T17:28:09.9030861Z #9 18.68 Unpacking libfftw3-double3:amd64 (3.3.10-2+b1) ...
auth-duplicate-login-gate / enforce-single-session	UNKNOWN STEP	2026-08-14T17:28:09.9031576Z #9 18.72 Selecting previously unselected package librubberband2:amd64.
auth-duplicate-login-gate / enforce-single-session	UNKNOWN STEP	2026-08-14T17:28:09.9032399Z #9 18.73 Preparing to unpack .../209-librubberband2_3.3.0+dfsg-2+b3_amd64.deb ...
auth-duplicate-login-gate / enforce-single-session	UNKNOWN STEP	2026-08-14T17:28:09.9033174Z #9 18.73 Unpacking librubberband2:amd64 (3.3.0+dfsg-2+b3) ...
auth-duplicate-login-gate / enforce-single-session	UNKNOWN STEP	2026-08-14T17:28:10.1177897Z #9 18.74 Selecting previously unselected package libswscale8:amd64.
auth-duplicate-login-gate / enforce-single-session	UNKNOWN STEP	2026-08-14T17:28:10.1179099Z #9 18.75 Preparing to unpack .../210-libswscale8_7%3a7.1.5-0+deb13u1_amd64.deb ...
auth-duplicate-login-gate / enforce-single-session	UNKNOWN STEP	2026-08-14T17:28:10.1179855Z #9 18.75 Unpacking libswscale8:amd64 (7:7.1.5-0+deb13u1) ...
auth-duplicate-login-gate / enforce-single-session	UNKNOWN STEP	2026-08-14T17:28:10.1180313Z #9 18.77 Selecting previously unselected package libvidstab1.1:amd64.
auth-duplicate-login-gate / enforce-single-session	UNKNOWN STEP	2026-08-14T17:28:10.1180748Z #9 18.77 Preparing to unpack .../211-libvidstab1.1_1.1.0-2+b2_amd64.deb ...
auth-duplicate-login-gate / enforce-single-session	UNKNOWN STEP	2026-08-14T17:28:10.1181148Z #9 18.77 Unpacking libvidstab1.1:amd64 (1.1.0-2+b2) ...
auth-duplicate-login-gate / enforce-single-session	UNKNOWN STEP	2026-08-14T17:28:10.1181518Z #9 18.78 Selecting previously unselected package libzimg2:amd64.
auth-duplicate-login-gate / enforce-single-session	UNKNOWN STEP	2026-08-14T17:28:10.1181935Z #9 18.78 Preparing to unpack .../212-libzimg2_3.0.5+ds1-1+b2_amd64.deb ...
auth-duplicate-login-gate / enforce-single-session	UNKNOWN STEP	2026-08-14T17:28:10.1182351Z #9 18.79 Unpacking libzimg2:amd64 (3.0.5+ds1-1+b2) ...
auth-duplicate-login-gate / enforce-single-session	UNKNOWN STEP	2026-08-14T17:28:10.1182731Z #9 18.81 Selecting previously unselected package libavfilter10:amd64.
auth-duplicate-login-gate / enforce-single-session	UNKNOWN STEP	2026-08-14T17:28:10.1183180Z #9 18.81 Preparing to unpack .../213-libavfilter10_7%3a7.1.5-0+deb13u1_amd64.deb ...
auth-duplicate-login-gate / enforce-single-session	UNKNOWN STEP	2026-08-14T17:28:10.1183619Z #9 18.81 Unpacking libavfilter10:amd64 (7:7.1.5-0+deb13u1) ...
auth-duplicate-login-gate / enforce-single-session	UNKNOWN STEP	2026-08-14T17:28:10.2490798Z #9 18.98 Selecting previously unselected package libslang2:amd64.
auth-duplicate-login-gate / enforce-single-session	UNKNOWN STEP	2026-08-14T17:28:10.2491874Z #9 18.99 Preparing to unpack .../214-libslang2_2.3.3-5+b2_amd64.deb ...
auth-duplicate-login-gate / enforce-single-session	UNKNOWN STEP	2026-08-14T17:28:10.2492740Z #9 18.99 Unpacking libslang2:amd64 (2.3.3-5+b2) ...
auth-duplicate-login-gate / enforce-single-session	UNKNOWN STEP	2026-08-14T17:28:10.2493515Z #9 19.02 Selecting previously unselected package libcaca0:amd64.
auth-duplicate-login-gate / enforce-single-session	UNKNOWN STEP	2026-08-14T17:28:10.2494358Z #9 19.02 Preparing to unpack .../215-libcaca0_0.99.beta20-5+deb13u1_amd64.deb ...
auth-duplicate-login-gate / enforce-single-session	UNKNOWN STEP	2026-08-14T17:28:10.2495154Z #9 19.02 Unpacking libcaca0:amd64 (0.99.beta20-5+deb13u1) ...
auth-duplicate-login-gate / enforce-single-session	UNKNOWN STEP	2026-08-14T17:28:10.2495908Z #9 19.05 Selecting previously unselected package libcdio19t64:amd64.
auth-duplicate-login-gate / enforce-single-session	UNKNOWN STEP	2026-08-14T17:28:10.2496736Z #9 19.05 Preparing to unpack .../216-libcdio19t64_2.2.0-4.1~deb13u1_amd64.deb ...
auth-duplicate-login-gate / enforce-single-session	UNKNOWN STEP	2026-08-14T17:28:10.2497654Z #9 19.05 Unpacking libcdio19t64:amd64 (2.2.0-4.1~deb13u1) ...
auth-duplicate-login-gate / enforce-single-session	UNKNOWN STEP	2026-08-14T17:28:10.2498397Z #9 19.06 Selecting previously unselected package libcdio-cdda2t64:amd64.
auth-duplicate-login-gate / enforce-single-session	UNKNOWN STEP	2026-08-14T17:28:10.2499253Z #9 19.06 Preparing to unpack .../217-libcdio-cdda2t64_10.2+2.0.2-1+b1_amd64.deb ...
auth-duplicate-login-gate / enforce-single-session	UNKNOWN STEP	2026-08-14T17:28:10.2500030Z #9 19.06 Unpacking libcdio-cdda2t64:amd64 (10.2+2.0.2-1+b1) ...
auth-duplicate-login-gate / enforce-single-session	UNKNOWN STEP	2026-08-14T17:28:10.2500801Z #9 19.08 Selecting previously unselected package libcdio-paranoia2t64:amd64.
auth-duplicate-login-gate / enforce-single-session	UNKNOWN STEP	2026-08-14T17:28:10.2501674Z #9 19.08 Preparing to unpack .../218-libcdio-paranoia2t64_10.2+2.0.2-1+b1_amd64.deb ...
auth-duplicate-login-gate / enforce-single-session	UNKNOWN STEP	2026-08-14T17:28:10.2502489Z #9 19.08 Unpacking libcdio-paranoia2t64:amd64 (10.2+2.0.2-1+b1) ...
auth-duplicate-login-gate / enforce-single-session	UNKNOWN STEP	2026-08-14T17:28:10.3492542Z #9 19.09 Selecting previously unselected package libusb-1.0-0:amd64.
auth-duplicate-login-gate / enforce-single-session	UNKNOWN STEP	2026-08-14T17:28:10.3493170Z #9 19.09 Preparing to unpack .../219-libusb-1.0-0_2%3a1.0.28-1_amd64.deb ...
auth-duplicate-login-gate / enforce-single-session	UNKNOWN STEP	2026-08-14T17:28:10.3496122Z #9 19.09 Unpacking libusb-1.0-0:amd64 (2:1.0.28-1) ...
auth-duplicate-login-gate / enforce-single-session	UNKNOWN STEP	2026-08-14T17:28:10.3496729Z #9 19.11 Selecting previously unselected package libdc1394-25:amd64.
auth-duplicate-login-gate / enforce-single-session	UNKNOWN STEP	2026-08-14T17:28:10.3497412Z #9 19.11 Preparing to unpack .../220-libdc1394-25_2.2.6-5_amd64.deb ...
auth-duplicate-login-gate / enforce-single-session	UNKNOWN STEP	2026-08-14T17:28:10.3498327Z #9 19.11 Unpacking libdc1394-25:amd64 (2.2.6-5) ...
auth-duplicate-login-gate / enforce-single-session	UNKNOWN STEP	2026-08-14T17:28:10.3498920Z #9 19.12 Selecting previously unselected package libglvnd0:amd64.
auth-duplicate-login-gate / enforce-single-session	UNKNOWN STEP	2026-08-14T17:28:10.3499623Z #9 19.13 Preparing to unpack .../221-libglvnd0_1.7.0-1+b2_amd64.deb ...
auth-duplicate-login-gate / enforce-single-session	UNKNOWN STEP	2026-08-14T17:28:10.3500286Z #9 19.13 Unpacking libglvnd0:amd64 (1.7.0-1+b2) ...
auth-duplicate-login-gate / enforce-single-session	UNKNOWN STEP	2026-08-14T17:28:10.3500937Z #9 19.14 Selecting previously unselected package libxcb-glx0:amd64.
auth-duplicate-login-gate / enforce-single-session	UNKNOWN STEP	2026-08-14T17:28:10.3501677Z #9 19.14 Preparing to unpack .../222-libxcb-glx0_1.17.0-2+b1_amd64.deb ...
auth-duplicate-login-gate / enforce-single-session	UNKNOWN STEP	2026-08-14T17:28:10.3502325Z #9 19.14 Unpacking libxcb-glx0:amd64 (1.17.0-2+b1) ...
auth-duplicate-login-gate / enforce-single-session	UNKNOWN STEP	2026-08-14T17:28:10.3502972Z #9 19.16 Selecting previously unselected package libxcb-present0:amd64.
auth-duplicate-login-gate / enforce-single-session	UNKNOWN STEP	2026-08-14T17:28:10.3503778Z #9 19.16 Preparing to unpack .../223-libxcb-present0_1.17.0-2+b1_amd64.deb ...
auth-duplicate-login-gate / enforce-single-session	UNKNOWN STEP	2026-08-14T17:28:10.3504514Z #9 19.16 Unpacking libxcb-present0:amd64 (1.17.0-2+b1) ...
auth-duplicate-login-gate / enforce-single-session	UNKNOWN STEP	2026-08-14T17:28:10.3505216Z #9 19.17 Selecting previously unselected package libxcb-xfixes0:amd64.
auth-duplicate-login-gate / enforce-single-session	UNKNOWN STEP	2026-08-14T17:28:10.3506244Z #9 19.18 Preparing to unpack .../224-libxcb-xfixes0_1.17.0-2+b1_amd64.deb ...
auth-duplicate-login-gate / enforce-single-session	UNKNOWN STEP	2026-08-14T17:28:10.3506982Z #9 19.18 Unpacking libxcb-xfixes0:amd64 (1.17.0-2+b1) ...
auth-duplicate-login-gate / enforce-single-session	UNKNOWN STEP	2026-08-14T17:28:10.3507794Z #9 19.19 Selecting previously unselected package libxxf86vm1:amd64.
auth-duplicate-login-gate / enforce-single-session	UNKNOWN STEP	2026-08-14T17:28:10.3508516Z #9 19.19 Preparing to unpack .../225-libxxf86vm1_1%3a1.1.4-1+b4_amd64.deb ...
auth-duplicate-login-gate / enforce-single-session	UNKNOWN STEP	2026-08-14T17:28:10.5969887Z #9 19.19 Unpacking libxxf86vm1:amd64 (1:1.1.4-1+b4) ...
auth-duplicate-login-gate / enforce-single-session	UNKNOWN STEP	2026-08-14T17:28:10.5971064Z #9 19.20 Selecting previously unselected package libdrm-amdgpu1:amd64.
auth-duplicate-login-gate / enforce-single-session	UNKNOWN STEP	2026-08-14T17:28:10.5971960Z #9 19.21 Preparing to unpack .../226-libdrm-amdgpu1_2.4.124-2_amd64.deb ...
auth-duplicate-login-gate / enforce-single-session	UNKNOWN STEP	2026-08-14T17:28:10.5972738Z #9 19.21 Unpacking libdrm-amdgpu1:amd64 (2.4.124-2) ...
auth-duplicate-login-gate / enforce-single-session	UNKNOWN STEP	2026-08-14T17:28:10.5973427Z #9 19.22 Selecting previously unselected package libpciaccess0:amd64.
auth-duplicate-login-gate / enforce-single-session	UNKNOWN STEP	2026-08-14T17:28:10.5974214Z #9 19.22 Preparing to unpack .../227-libpciaccess0_0.17-3+b3_amd64.deb ...
auth-duplicate-login-gate / enforce-single-session	UNKNOWN STEP	2026-08-14T17:28:10.5974922Z #9 19.22 Unpacking libpciaccess0:amd64 (0.17-3+b3) ...
auth-duplicate-login-gate / enforce-single-session	UNKNOWN STEP	2026-08-14T17:28:10.5975616Z #9 19.23 Selecting previously unselected package libdrm-intel1:amd64.
auth-duplicate-login-gate / enforce-single-session	UNKNOWN STEP	2026-08-14T17:28:10.5976400Z #9 19.23 Preparing to unpack .../228-libdrm-intel1_2.4.124-2_amd64.deb ...
auth-duplicate-login-gate / enforce-single-session	UNKNOWN STEP	2026-08-14T17:28:10.5977095Z #9 19.23 Unpacking libdrm-intel1:amd64 (2.4.124-2) ...
auth-duplicate-login-gate / enforce-single-session	UNKNOWN STEP	2026-08-14T17:28:10.5977946Z #9 19.25 Selecting previously unselected package libelf1t64:amd64.
auth-duplicate-login-gate / enforce-single-session	UNKNOWN STEP	2026-08-14T17:28:10.5978683Z #9 19.25 Preparing to unpack .../229-libelf1t64_0.192-4_amd64.deb ...
auth-duplicate-login-gate / enforce-single-session	UNKNOWN STEP	2026-08-14T17:28:10.5979344Z #9 19.25 Unpacking libelf1t64:amd64 (0.192-4) ...
auth-duplicate-login-gate / enforce-single-session	UNKNOWN STEP	2026-08-14T17:28:10.5979977Z #9 19.27 Selecting previously unselected package libedit2:amd64.
auth-duplicate-login-gate / enforce-single-session	UNKNOWN STEP	2026-08-14T17:28:10.5980723Z #9 19.27 Preparing to unpack .../230-libedit2_3.1-20250104-1_amd64.deb ...
auth-duplicate-login-gate / enforce-single-session	UNKNOWN STEP	2026-08-14T17:28:10.5981402Z #9 19.27 Unpacking libedit2:amd64 (3.1-20250104-1) ...
auth-duplicate-login-gate / enforce-single-session	UNKNOWN STEP	2026-08-14T17:28:10.5982047Z #9 19.29 Selecting previously unselected package libz3-4:amd64.
auth-duplicate-login-gate / enforce-single-session	UNKNOWN STEP	2026-08-14T17:28:10.5982752Z #9 19.29 Preparing to unpack .../231-libz3-4_4.13.3-1_amd64.deb ...
auth-duplicate-login-gate / enforce-single-session	UNKNOWN STEP	2026-08-14T17:28:10.5983373Z #9 19.29 Unpacking libz3-4:amd64 (4.13.3-1) ...
auth-duplicate-login-gate / enforce-single-session	UNKNOWN STEP	2026-08-14T17:28:10.9222948Z #9 19.61 Selecting previously unselected package libllvm19:amd64.
auth-duplicate-login-gate / enforce-single-session	UNKNOWN STEP	2026-08-14T17:28:10.9223810Z #9 19.61 Preparing to unpack .../232-libllvm19_1%3a19.1.7-3+b1_amd64.deb ...
auth-duplicate-login-gate / enforce-single-session	UNKNOWN STEP	2026-08-14T17:28:10.9224544Z #9 19.61 Unpacking libllvm19:amd64 (1:19.1.7-3+b1) ...
auth-duplicate-login-gate / enforce-single-session	UNKNOWN STEP	2026-08-14T17:28:11.3732442Z #9 20.22 Selecting previously unselected package libsensors-config.
auth-duplicate-login-gate / enforce-single-session	UNKNOWN STEP	2026-08-14T17:28:11.6005202Z #9 20.22 Preparing to unpack .../233-libsensors-config_1%3a3.6.2-2_all.deb ...
auth-duplicate-login-gate / enforce-single-session	UNKNOWN STEP	2026-08-14T17:28:11.6005714Z #9 20.22 Unpacking libsensors-config (1:3.6.2-2) ...
auth-duplicate-login-gate / enforce-single-session	UNKNOWN STEP	2026-08-14T17:28:11.6006332Z #9 20.23 Selecting previously unselected package libsensors5:amd64.
auth-duplicate-login-gate / enforce-single-session	UNKNOWN STEP	2026-08-14T17:28:11.6006829Z #9 20.23 Preparing to unpack .../234-libsensors5_1%3a3.6.2-2_amd64.deb ...
auth-duplicate-login-gate / enforce-single-session	UNKNOWN STEP	2026-08-14T17:28:11.6007732Z #9 20.23 Unpacking libsensors5:amd64 (1:3.6.2-2) ...
auth-duplicate-login-gate / enforce-single-session	UNKNOWN STEP	2026-08-14T17:28:11.6008136Z #9 20.24 Selecting previously unselected package libxcb-randr0:amd64.
auth-duplicate-login-gate / enforce-single-session	UNKNOWN STEP	2026-08-14T17:28:11.6008595Z #9 20.25 Preparing to unpack .../235-libxcb-randr0_1.17.0-2+b1_amd64.deb ...
auth-duplicate-login-gate / enforce-single-session	UNKNOWN STEP	2026-08-14T17:28:11.6009017Z #9 20.25 Unpacking libxcb-randr0:amd64 (1.17.0-2+b1) ...
auth-duplicate-login-gate / enforce-single-session	UNKNOWN STEP	2026-08-14T17:28:11.6009399Z #9 20.26 Selecting previously unselected package libxcb-sync1:amd64.
auth-duplicate-login-gate / enforce-single-session	UNKNOWN STEP	2026-08-14T17:28:11.6009825Z #9 20.26 Preparing to unpack .../236-libxcb-sync1_1.17.0-2+b1_amd64.deb ...
auth-duplicate-login-gate / enforce-single-session	UNKNOWN STEP	2026-08-14T17:28:11.6010213Z #9 20.26 Unpacking libxcb-sync1:amd64 (1.17.0-2+b1) ...
auth-duplicate-login-gate / enforce-single-session	UNKNOWN STEP	2026-08-14T17:28:11.6010586Z #9 20.28 Selecting previously unselected package libxshmfence1:amd64.
auth-duplicate-login-gate / enforce-single-session	UNKNOWN STEP	2026-08-14T17:28:11.6011008Z #9 20.28 Preparing to unpack .../237-libxshmfence1_1.3.3-1_amd64.deb ...
auth-duplicate-login-gate / enforce-single-session	UNKNOWN STEP	2026-08-14T17:28:11.6011391Z #9 20.28 Unpacking libxshmfence1:amd64 (1.3.3-1) ...
auth-duplicate-login-gate / enforce-single-session	UNKNOWN STEP	2026-08-14T17:28:11.6011767Z #9 20.29 Selecting previously unselected package mesa-libgallium:amd64.
auth-duplicate-login-gate / enforce-single-session	UNKNOWN STEP	2026-08-14T17:28:11.6012229Z #9 20.29 Preparing to unpack .../238-mesa-libgallium_25.0.7-2+deb13u1_amd64.deb ...
auth-duplicate-login-gate / enforce-single-session	UNKNOWN STEP	2026-08-14T17:28:11.6012774Z #9 20.29 Unpacking mesa-libgallium:amd64 (25.0.7-2+deb13u1) ...
auth-duplicate-login-gate / enforce-single-session	UNKNOWN STEP	2026-08-14T17:28:11.9185285Z #9 20.66 Selecting previously unselected package libwayland-server0:amd64.
auth-duplicate-login-gate / enforce-single-session	UNKNOWN STEP	2026-08-14T17:28:11.9185855Z #9 20.66 Preparing to unpack .../239-libwayland-server0_1.23.1-3_amd64.deb ...
auth-duplicate-login-gate / enforce-single-session	UNKNOWN STEP	2026-08-14T17:28:11.9186277Z #9 20.66 Unpacking libwayland-server0:amd64 (1.23.1-3) ...
auth-duplicate-login-gate / enforce-single-session	UNKNOWN STEP	2026-08-14T17:28:11.9186658Z #9 20.67 Selecting previously unselected package libgbm1:amd64.
auth-duplicate-login-gate / enforce-single-session	UNKNOWN STEP	2026-08-14T17:28:11.9187079Z #9 20.67 Preparing to unpack .../240-libgbm1_25.0.7-2+deb13u1_amd64.deb ...
auth-duplicate-login-gate / enforce-single-session	UNKNOWN STEP	2026-08-14T17:28:11.9187470Z #9 20.67 Unpacking libgbm1:amd64 (25.0.7-2+deb13u1) ...
auth-duplicate-login-gate / enforce-single-session	UNKNOWN STEP	2026-08-14T17:28:11.9188049Z #9 20.69 Selecting previously unselected package libgl1-mesa-dri:amd64.
auth-duplicate-login-gate / enforce-single-session	UNKNOWN STEP	2026-08-14T17:28:11.9188509Z #9 20.69 Preparing to unpack .../241-libgl1-mesa-dri_25.0.7-2+deb13u1_amd64.deb ...
auth-duplicate-login-gate / enforce-single-session	UNKNOWN STEP	2026-08-14T17:28:11.9188937Z #9 20.69 Unpacking libgl1-mesa-dri:amd64 (25.0.7-2+deb13u1) ...
auth-duplicate-login-gate / enforce-single-session	UNKNOWN STEP	2026-08-14T17:28:11.9189366Z #9 20.71 Selecting previously unselected package libglx-mesa0:amd64.
auth-duplicate-login-gate / enforce-single-session	UNKNOWN STEP	2026-08-14T17:28:11.9189991Z #9 20.71 Preparing to unpack .../242-libglx-mesa0_25.0.7-2+deb13u1_amd64.deb ...
auth-duplicate-login-gate / enforce-single-session	UNKNOWN STEP	2026-08-14T17:28:11.9190473Z #9 20.71 Unpacking libglx-mesa0:amd64 (25.0.7-2+deb13u1) ...
auth-duplicate-login-gate / enforce-single-session	UNKNOWN STEP	2026-08-14T17:28:11.9190899Z #9 20.73 Selecting previously unselected package libglx0:amd64.
auth-duplicate-login-gate / enforce-single-session	UNKNOWN STEP	2026-08-14T17:28:11.9191344Z #9 20.73 Preparing to unpack .../243-libglx0_1.7.0-1+b2_amd64.deb ...
auth-duplicate-login-gate / enforce-single-session	UNKNOWN STEP	2026-08-14T17:28:11.9191752Z #9 20.73 Unpacking libglx0:amd64 (1.7.0-1+b2) ...
auth-duplicate-login-gate / enforce-single-session	UNKNOWN STEP	2026-08-14T17:28:11.9192143Z #9 20.74 Selecting previously unselected package libgl1:amd64.
auth-duplicate-login-gate / enforce-single-session	UNKNOWN STEP	2026-08-14T17:28:11.9192585Z #9 20.74 Preparing to unpack .../244-libgl1_1.7.0-1+b2_amd64.deb ...
auth-duplicate-login-gate / enforce-single-session	UNKNOWN STEP	2026-08-14T17:28:11.9192991Z #9 20.75 Unpacking libgl1:amd64 (1.7.0-1+b2) ...
auth-duplicate-login-gate / enforce-single-session	UNKNOWN STEP	2026-08-14T17:28:12.0214206Z #9 20.76 Selecting previously unselected package libiec61883-0:amd64.
auth-duplicate-login-gate / enforce-single-session	UNKNOWN STEP	2026-08-14T17:28:12.0215260Z #9 20.76 Preparing to unpack .../245-libiec61883-0_1.2.0-7_amd64.deb ...
auth-duplicate-login-gate / enforce-single-session	UNKNOWN STEP	2026-08-14T17:28:12.0216041Z #9 20.76 Unpacking libiec61883-0:amd64 (1.2.0-7) ...
auth-duplicate-login-gate / enforce-single-session	UNKNOWN STEP	2026-08-14T17:28:12.0216788Z #9 20.78 Selecting previously unselected package libjack-jackd2-0:amd64.
auth-duplicate-login-gate / enforce-single-session	UNKNOWN STEP	2026-08-14T17:28:12.0217790Z #9 20.78 Preparing to unpack .../246-libjack-jackd2-0_1.9.22~dfsg-4_amd64.deb ...
auth-duplicate-login-gate / enforce-single-session	UNKNOWN STEP	2026-08-14T17:28:12.0218591Z #9 20.78 Unpacking libjack-jackd2-0:amd64 (1.9.22~dfsg-4) ...
auth-duplicate-login-gate / enforce-single-session	UNKNOWN STEP	2026-08-14T17:28:12.0219316Z #9 20.80 Selecting previously unselected package libopenal-data.
auth-duplicate-login-gate / enforce-single-session	UNKNOWN STEP	2026-08-14T17:28:12.0220094Z #9 20.80 Preparing to unpack .../247-libopenal-data_1%3a1.24.2-1_all.deb ...
auth-duplicate-login-gate / enforce-single-session	UNKNOWN STEP	2026-08-14T17:28:12.0220827Z #9 20.81 Unpacking libopenal-data (1:1.24.2-1) ...
auth-duplicate-login-gate / enforce-single-session	UNKNOWN STEP	2026-08-14T17:28:12.0221817Z #9 20.82 Selecting previously unselected package libopenal1:amd64.
auth-duplicate-login-gate / enforce-single-session	UNKNOWN STEP	2026-08-14T17:28:12.0222627Z #9 20.82 Preparing to unpack .../248-libopenal1_1%3a1.24.2-1_amd64.deb ...
auth-duplicate-login-gate / enforce-single-session	UNKNOWN STEP	2026-08-14T17:28:12.0223327Z #9 20.83 Unpacking libopenal1:amd64 (1:1.24.2-1) ...
auth-duplicate-login-gate / enforce-single-session	UNKNOWN STEP	2026-08-14T17:28:12.0224043Z #9 20.86 Selecting previously unselected package libwayland-client0:amd64.
auth-duplicate-login-gate / enforce-single-session	UNKNOWN STEP	2026-08-14T17:28:12.1791459Z #9 20.87 Preparing to unpack .../249-libwayland-client0_1.23.1-3_amd64.deb ...
auth-duplicate-login-gate / enforce-single-session	UNKNOWN STEP	2026-08-14T17:28:12.1792282Z #9 20.87 Unpacking libwayland-client0:amd64 (1.23.1-3) ...
auth-duplicate-login-gate / enforce-single-session	UNKNOWN STEP	2026-08-14T17:28:12.1792982Z #9 20.88 Selecting previously unselected package libdecor-0-0:amd64.
auth-duplicate-login-gate / enforce-single-session	UNKNOWN STEP	2026-08-14T17:28:12.1793667Z #9 20.88 Preparing to unpack .../250-libdecor-0-0_0.2.2-2_amd64.deb ...
auth-duplicate-login-gate / enforce-single-session	UNKNOWN STEP	2026-08-14T17:28:12.1794268Z #9 20.88 Unpacking libdecor-0-0:amd64 (0.2.2-2) ...
auth-duplicate-login-gate / enforce-single-session	UNKNOWN STEP	2026-08-14T17:28:12.1794889Z #9 20.90 Selecting previously unselected package libwayland-cursor0:amd64.
auth-duplicate-login-gate / enforce-single-session	UNKNOWN STEP	2026-08-14T17:28:12.1795621Z #9 20.90 Preparing to unpack .../251-libwayland-cursor0_1.23.1-3_amd64.deb ...
auth-duplicate-login-gate / enforce-single-session	UNKNOWN STEP	2026-08-14T17:28:12.1796266Z #9 20.90 Unpacking libwayland-cursor0:amd64 (1.23.1-3) ...
auth-duplicate-login-gate / enforce-single-session	UNKNOWN STEP	2026-08-14T17:28:12.1796855Z #9 20.91 Selecting previously unselected package libwayland-egl1:amd64.
auth-duplicate-login-gate / enforce-single-session	UNKNOWN STEP	2026-08-14T17:28:12.1797695Z #9 20.92 Preparing to unpack .../252-libwayland-egl1_1.23.1-3_amd64.deb ...
auth-duplicate-login-gate / enforce-single-session	UNKNOWN STEP	2026-08-14T17:28:12.1798308Z #9 20.92 Unpacking libwayland-egl1:amd64 (1.23.1-3) ...
auth-duplicate-login-gate / enforce-single-session	UNKNOWN STEP	2026-08-14T17:28:12.1799153Z #9 20.93 Selecting previously unselected package libxcursor1:amd64.
auth-duplicate-login-gate / enforce-single-session	UNKNOWN STEP	2026-08-14T17:28:12.1799794Z #9 20.93 Preparing to unpack .../253-libxcursor1_1%3a1.2.3-1_amd64.deb ...
auth-duplicate-login-gate / enforce-single-session	UNKNOWN STEP	2026-08-14T17:28:12.1800358Z #9 20.93 Unpacking libxcursor1:amd64 (1:1.2.3-1) ...
auth-duplicate-login-gate / enforce-single-session	UNKNOWN STEP	2026-08-14T17:28:12.1800869Z #9 20.94 Selecting previously unselected package libxi6:amd64.
auth-duplicate-login-gate / enforce-single-session	UNKNOWN STEP	2026-08-14T17:28:12.1801440Z #9 20.94 Preparing to unpack .../254-libxi6_2%3a1.8.2-1_amd64.deb ...
auth-duplicate-login-gate / enforce-single-session	UNKNOWN STEP	2026-08-14T17:28:12.1801960Z #9 20.95 Unpacking libxi6:amd64 (2:1.8.2-1) ...
auth-duplicate-login-gate / enforce-single-session	UNKNOWN STEP	2026-08-14T17:28:12.1802453Z #9 20.96 Selecting previously unselected package xkb-data.
auth-duplicate-login-gate / enforce-single-session	UNKNOWN STEP	2026-08-14T17:28:12.1803027Z #9 20.96 Preparing to unpack .../255-xkb-data_2.42-1_all.deb ...
auth-duplicate-login-gate / enforce-single-session	UNKNOWN STEP	2026-08-14T17:28:12.1803516Z #9 20.96 Unpacking xkb-data (2.42-1) ...
auth-duplicate-login-gate / enforce-single-session	UNKNOWN STEP	2026-08-14T17:28:12.2848220Z #9 21.02 Selecting previously unselected package libxkbcommon0:amd64.
auth-duplicate-login-gate / enforce-single-session	UNKNOWN STEP	2026-08-14T17:28:12.2848823Z #9 21.02 Preparing to unpack .../256-libxkbcommon0_1.7.0-2_amd64.deb ...
auth-duplicate-login-gate / enforce-single-session	UNKNOWN STEP	2026-08-14T17:28:12.2849255Z #9 21.02 Unpacking libxkbcommon0:amd64 (1.7.0-2) ...
auth-duplicate-login-gate / enforce-single-session	UNKNOWN STEP	2026-08-14T17:28:12.2849629Z #9 21.04 Selecting previously unselected package libxrandr2:amd64.
auth-duplicate-login-gate / enforce-single-session	UNKNOWN STEP	2026-08-14T17:28:12.2850098Z #9 21.04 Preparing to unpack .../257-libxrandr2_2%3a1.5.4-1+b3_amd64.deb ...
auth-duplicate-login-gate / enforce-single-session	UNKNOWN STEP	2026-08-14T17:28:12.2850496Z #9 21.04 Unpacking libxrandr2:amd64 (2:1.5.4-1+b3) ...
auth-duplicate-login-gate / enforce-single-session	UNKNOWN STEP	2026-08-14T17:28:12.2850848Z #9 21.05 Selecting previously unselected package x11-common.
auth-duplicate-login-gate / enforce-single-session	UNKNOWN STEP	2026-08-14T17:28:12.2851272Z #9 21.06 Preparing to unpack .../258-x11-common_1%3a7.7+24+deb13u1_all.deb ...
auth-duplicate-login-gate / enforce-single-session	UNKNOWN STEP	2026-08-14T17:28:12.2851668Z #9 21.06 Unpacking x11-common (1:7.7+24+deb13u1) ...
auth-duplicate-login-gate / enforce-single-session	UNKNOWN STEP	2026-08-14T17:28:12.2852037Z #9 21.07 Selecting previously unselected package libxss1:amd64.
auth-duplicate-login-gate / enforce-single-session	UNKNOWN STEP	2026-08-14T17:28:12.2852441Z #9 21.07 Preparing to unpack .../259-libxss1_1%3a1.2.3-1+b3_amd64.deb ...
auth-duplicate-login-gate / enforce-single-session	UNKNOWN STEP	2026-08-14T17:28:12.2852814Z #9 21.07 Unpacking libxss1:amd64 (1:1.2.3-1+b3) ...
auth-duplicate-login-gate / enforce-single-session	UNKNOWN STEP	2026-08-14T17:28:12.2853192Z #9 21.09 Selecting previously unselected package libsdl2-2.0-0:amd64.
auth-duplicate-login-gate / enforce-single-session	UNKNOWN STEP	2026-08-14T17:28:12.2853644Z #9 21.09 Preparing to unpack .../260-libsdl2-2.0-0_2.32.4+dfsg-1_amd64.deb ...
auth-duplicate-login-gate / enforce-single-session	UNKNOWN STEP	2026-08-14T17:28:12.2854045Z #9 21.09 Unpacking libsdl2-2.0-0:amd64 (2.32.4+dfsg-1) ...
auth-duplicate-login-gate / enforce-single-session	UNKNOWN STEP	2026-08-14T17:28:12.2854433Z #9 21.13 Selecting previously unselected package libxcb-shape0:amd64.
auth-duplicate-login-gate / enforce-single-session	UNKNOWN STEP	2026-08-14T17:28:12.3934814Z #9 21.13 Preparing to unpack .../261-libxcb-shape0_1.17.0-2+b1_amd64.deb ...
auth-duplicate-login-gate / enforce-single-session	UNKNOWN STEP	2026-08-14T17:28:12.3935334Z #9 21.13 Unpacking libxcb-shape0:amd64 (1.17.0-2+b1) ...
auth-duplicate-login-gate / enforce-single-session	UNKNOWN STEP	2026-08-14T17:28:12.3935745Z #9 21.14 Selecting previously unselected package libxv1:amd64.
auth-duplicate-login-gate / enforce-single-session	UNKNOWN STEP	2026-08-14T17:28:12.3936164Z #9 21.14 Preparing to unpack .../262-libxv1_2%3a1.0.11-1.1+b3_amd64.deb ...
auth-duplicate-login-gate / enforce-single-session	UNKNOWN STEP	2026-08-14T17:28:12.3936784Z #9 21.15 Unpacking libxv1:amd64 (2:1.0.11-1.1+b3) ...
auth-duplicate-login-gate / enforce-single-session	UNKNOWN STEP	2026-08-14T17:28:12.3937170Z #9 21.16 Selecting previously unselected package libavdevice61:amd64.
auth-duplicate-login-gate / enforce-single-session	UNKNOWN STEP	2026-08-14T17:28:12.3938049Z #9 21.16 Preparing to unpack .../263-libavdevice61_7%3a7.1.5-0+deb13u1_amd64.deb ...
auth-duplicate-login-gate / enforce-single-session	UNKNOWN STEP	2026-08-14T17:28:12.3938523Z #9 21.16 Unpacking libavdevice61:amd64 (7:7.1.5-0+deb13u1) ...
auth-duplicate-login-gate / enforce-single-session	UNKNOWN STEP	2026-08-14T17:28:12.3938902Z #9 21.17 Selecting previously unselected package ffmpeg.
auth-duplicate-login-gate / enforce-single-session	UNKNOWN STEP	2026-08-14T17:28:12.3939305Z #9 21.18 Preparing to unpack .../264-ffmpeg_7%3a7.1.5-0+deb13u1_amd64.deb ...
auth-duplicate-login-gate / enforce-single-session	UNKNOWN STEP	2026-08-14T17:28:12.3939702Z #9 21.18 Unpacking ffmpeg (7:7.1.5-0+deb13u1) ...
auth-duplicate-login-gate / enforce-single-session	UNKNOWN STEP	2026-08-14T17:28:12.4935737Z #9 21.24 Selecting previously unselected package libasound2-dev:amd64.
auth-duplicate-login-gate / enforce-single-session	UNKNOWN STEP	2026-08-14T17:28:12.4936553Z #9 21.24 Preparing to unpack .../265-libasound2-dev_1.2.14-1_amd64.deb ...
auth-duplicate-login-gate / enforce-single-session	UNKNOWN STEP	2026-08-14T17:28:12.4937689Z #9 21.24 Unpacking libasound2-dev:amd64 (1.2.14-1) ...
auth-duplicate-login-gate / enforce-single-session	UNKNOWN STEP	2026-08-14T17:28:12.4938245Z #9 21.26 Selecting previously unselected package libjack-jackd2-dev:amd64.
auth-duplicate-login-gate / enforce-single-session	UNKNOWN STEP	2026-08-14T17:28:12.4938872Z #9 21.26 Preparing to unpack .../266-libjack-jackd2-dev_1.9.22~dfsg-4_amd64.deb ...
auth-duplicate-login-gate / enforce-single-session	UNKNOWN STEP	2026-08-14T17:28:12.4939476Z #9 21.26 Unpacking libjack-jackd2-dev:amd64 (1.9.22~dfsg-4) ...
auth-duplicate-login-gate / enforce-single-session	UNKNOWN STEP	2026-08-14T17:28:12.4939997Z #9 21.27 Selecting previously unselected package libportaudio2:amd64.
auth-duplicate-login-gate / enforce-single-session	UNKNOWN STEP	2026-08-14T17:28:12.4940772Z #9 21.27 Preparing to unpack .../267-libportaudio2_19.6.0-1.2+b3_amd64.deb ...
auth-duplicate-login-gate / enforce-single-session	UNKNOWN STEP	2026-08-14T17:28:12.4941307Z #9 21.28 Unpacking libportaudio2:amd64 (19.6.0-1.2+b3) ...
auth-duplicate-login-gate / enforce-single-session	UNKNOWN STEP	2026-08-14T17:28:12.4941859Z #9 21.29 Selecting previously unselected package libportaudiocpp0:amd64.
auth-duplicate-login-gate / enforce-single-session	UNKNOWN STEP	2026-08-14T17:28:12.4942462Z #9 21.29 Preparing to unpack .../268-libportaudiocpp0_19.6.0-1.2+b3_amd64.deb ...
auth-duplicate-login-gate / enforce-single-session	UNKNOWN STEP	2026-08-14T17:28:12.4943012Z #9 21.29 Unpacking libportaudiocpp0:amd64 (19.6.0-1.2+b3) ...
auth-duplicate-login-gate / enforce-single-session	UNKNOWN STEP	2026-08-14T17:28:12.4943409Z #9 21.30 Selecting previously unselected package portaudio19-dev:amd64.
auth-duplicate-login-gate / enforce-single-session	UNKNOWN STEP	2026-08-14T17:28:12.4944002Z #9 21.31 Preparing to unpack .../269-portaudio19-dev_19.6.0-1.2+b3_amd64.deb ...
auth-duplicate-login-gate / enforce-single-session	UNKNOWN STEP	2026-08-14T17:28:12.4944589Z #9 21.31 Unpacking portaudio19-dev:amd64 (19.6.0-1.2+b3) ...
auth-duplicate-login-gate / enforce-single-session	UNKNOWN STEP	2026-08-14T17:28:12.4945030Z #9 21.33 Setting up libgme0:amd64 (0.6.3-7+b2) ...
auth-duplicate-login-gate / enforce-single-session	UNKNOWN STEP	2026-08-14T17:28:12.4945385Z #9 21.33 Setting up libchromaprint1:amd64 (1.5.1-7) ...
auth-duplicate-login-gate / enforce-single-session	UNKNOWN STEP	2026-08-14T17:28:12.6335627Z #9 21.34 Setting up libhwy1t64:amd64 (1.2.0-2+b2) ...
auth-duplicate-login-gate / enforce-single-session	UNKNOWN STEP	2026-08-14T17:28:12.6336111Z #9 21.34 Setting up libexpat1:amd64 (2.8.2-1~deb13u1) ...
auth-duplicate-login-gate / enforce-single-session	UNKNOWN STEP	2026-08-14T17:28:12.6336488Z #9 21.34 Setting up libgraphite2-3:amd64 (1.3.14-2+deb13u1) ...
auth-duplicate-login-gate / enforce-single-session	UNKNOWN STEP	2026-08-14T17:28:12.6336854Z #9 21.34 Setting up liblcms2-2:amd64 (2.16-2+deb13u2) ...
auth-duplicate-login-gate / enforce-single-session	UNKNOWN STEP	2026-08-14T17:28:12.6337202Z #9 21.34 Setting up libpixman-1-0:amd64 (0.44.0-3) ...
auth-duplicate-login-gate / enforce-single-session	UNKNOWN STEP	2026-08-14T17:28:12.6337688Z #9 21.34 Setting up libdvdread8t64:amd64 (6.1.3-2) ...
auth-duplicate-login-gate / enforce-single-session	UNKNOWN STEP	2026-08-14T17:28:12.6338102Z #9 21.35 Setting up libudfread0:amd64 (1.1.2-1+b2) ...
auth-duplicate-login-gate / enforce-single-session	UNKNOWN STEP	2026-08-14T17:28:12.6338452Z #9 21.35 Setting up libnorm1t64:amd64 (1.5.9+dfsg-3.1+b2) ...
auth-duplicate-login-gate / enforce-single-session	UNKNOWN STEP	2026-08-14T17:28:12.6338821Z #9 21.35 Setting up libsharpyuv0:amd64 (1.5.0-0.1) ...
auth-duplicate-login-gate / enforce-single-session	UNKNOWN STEP	2026-08-14T17:28:12.6339168Z #9 21.35 Setting up libwayland-server0:amd64 (1.23.1-3) ...
auth-duplicate-login-gate / enforce-single-session	UNKNOWN STEP	2026-08-14T17:28:12.6339515Z #9 21.36 Setting up libaom3:amd64 (3.12.1-1+deb13u1) ...
auth-duplicate-login-gate / enforce-single-session	UNKNOWN STEP	2026-08-14T17:28:12.6339855Z #9 21.36 Setting up libpciaccess0:amd64 (0.17-3+b3) ...
auth-duplicate-login-gate / enforce-single-session	UNKNOWN STEP	2026-08-14T17:28:12.6340203Z #9 21.36 Setting up librabbitmq4:amd64 (0.15.0-1+deb13u1) ...
auth-duplicate-login-gate / enforce-single-session	UNKNOWN STEP	2026-08-14T17:28:12.6340545Z #9 21.36 Setting up libxau6:amd64 (1:1.0.11-1) ...
auth-duplicate-login-gate / enforce-single-session	UNKNOWN STEP	2026-08-14T17:28:12.6340873Z #9 21.36 Setting up libxdmcp6:amd64 (1:1.1.5-1) ...
auth-duplicate-login-gate / enforce-single-session	UNKNOWN STEP	2026-08-14T17:28:12.6341200Z #9 21.36 Setting up libraw1394-11:amd64 (2.1.2-2+b2) ...
auth-duplicate-login-gate / enforce-single-session	UNKNOWN STEP	2026-08-14T17:28:12.6341526Z #9 21.37 Setting up libkeyutils1:amd64 (1.6.3-6) ...
auth-duplicate-login-gate / enforce-single-session	UNKNOWN STEP	2026-08-14T17:28:12.6341836Z #9 21.37 Setting up libxcb1:amd64 (1.17.0-2+b1) ...
auth-duplicate-login-gate / enforce-single-session	UNKNOWN STEP	2026-08-14T17:28:12.6342162Z #9 21.37 Setting up libsodium23:amd64 (1.0.18-1+deb13u1) ...
auth-duplicate-login-gate / enforce-single-session	UNKNOWN STEP	2026-08-14T17:28:12.6342519Z #9 21.37 Setting up libxcb-xfixes0:amd64 (1.17.0-2+b1) ...
auth-duplicate-login-gate / enforce-single-session	UNKNOWN STEP	2026-08-14T17:28:12.6343084Z #9 21.37 Setting up libogg0:amd64 (1.3.5-3+b2) ...
auth-duplicate-login-gate / enforce-single-session	UNKNOWN STEP	2026-08-14T17:28:12.6343407Z #9 21.38 Setting up liblerc4:amd64 (4.0.0+ds-5) ...
auth-duplicate-login-gate / enforce-single-session	UNKNOWN STEP	2026-08-14T17:28:12.6343718Z #9 21.38 Setting up libspeex1:amd64 (1.2.1-3) ...
auth-duplicate-login-gate / enforce-single-session	UNKNOWN STEP	2026-08-14T17:28:12.6344032Z #9 21.38 Setting up libshine3:amd64 (3.1.1-2+b2) ...
auth-duplicate-login-gate / enforce-single-session	UNKNOWN STEP	2026-08-14T17:28:12.6344346Z #9 21.38 Setting up libvpl2 (1:2.14.0-1+b1) ...
auth-duplicate-login-gate / enforce-single-session	UNKNOWN STEP	2026-08-14T17:28:12.6344711Z #9 21.38 Setting up libx264-164:amd64 (2:0.164.3108+git31e19f9-2+b1) ...
auth-duplicate-login-gate / enforce-single-session	UNKNOWN STEP	2026-08-14T17:28:12.6345080Z #9 21.39 Setting up libtwolame0:amd64 (0.4.0-2+b2) ...
auth-duplicate-login-gate / enforce-single-session	UNKNOWN STEP	2026-08-14T17:28:12.6345396Z #9 21.39 Setting up libdatrie1:amd64 (0.2.13-3+b1) ...
auth-duplicate-login-gate / enforce-single-session	UNKNOWN STEP	2026-08-14T17:28:12.6345735Z #9 21.39 Setting up libgdbm-compat4t64:amd64 (1.24-2) ...
auth-duplicate-login-gate / enforce-single-session	UNKNOWN STEP	2026-08-14T17:28:12.6346060Z #9 21.39 Setting up libgsm1:amd64 (1.0.22-1+b2) ...
auth-duplicate-login-gate / enforce-single-session	UNKNOWN STEP	2026-08-14T17:28:12.6346388Z #9 21.39 Setting up libxcb-render0:amd64 (1.17.0-2+b1) ...
auth-duplicate-login-gate / enforce-single-session	UNKNOWN STEP	2026-08-14T17:28:12.6346714Z #9 21.39 Setting up libzix-0-0:amd64 (0.6.2-1) ...
auth-duplicate-login-gate / enforce-single-session	UNKNOWN STEP	2026-08-14T17:28:12.6347025Z #9 21.40 Setting up libglvnd0:amd64 (1.7.0-1+b2) ...
auth-duplicate-login-gate / enforce-single-session	UNKNOWN STEP	2026-08-14T17:28:12.6347341Z #9 21.40 Setting up libcodec2-1.2:amd64 (1.2.0-3) ...
auth-duplicate-login-gate / enforce-single-session	UNKNOWN STEP	2026-08-14T17:28:12.6347917Z #9 21.40 Setting up libxcb-glx0:amd64 (1.17.0-2+b1) ...
auth-duplicate-login-gate / enforce-single-session	UNKNOWN STEP	2026-08-14T17:28:12.6348247Z #9 21.40 Setting up libbrotli1:amd64 (1.1.0-2+b7) ...
auth-duplicate-login-gate / enforce-single-session	UNKNOWN STEP	2026-08-14T17:28:12.6348577Z #9 21.40 Setting up libedit2:amd64 (3.1-20250104-1) ...
auth-duplicate-login-gate / enforce-single-session	UNKNOWN STEP	2026-08-14T17:28:12.6349077Z #9 21.41 Setting up libgdk-pixbuf2.0-common (2.42.12+dfsg-4+deb13u1) ...
auth-duplicate-login-gate / enforce-single-session	UNKNOWN STEP	2026-08-14T17:28:12.6349464Z #9 21.41 Setting up libmysofa1:amd64 (1.3.3+dfsg-1) ...
auth-duplicate-login-gate / enforce-single-session	UNKNOWN STEP	2026-08-14T17:28:12.6349802Z #9 21.41 Setting up libxcb-shape0:amd64 (1.17.0-2+b1) ...
auth-duplicate-login-gate / enforce-single-session	UNKNOWN STEP	2026-08-14T17:28:12.6350139Z #9 21.41 Setting up binutils-common:amd64 (2.44-3) ...
auth-duplicate-login-gate / enforce-single-session	UNKNOWN STEP	2026-08-14T17:28:12.6350464Z #9 21.41 Setting up x11-common (1:7.7+24+deb13u1) ...
auth-duplicate-login-gate / enforce-single-session	UNKNOWN STEP	2026-08-14T17:28:12.6350803Z #9 21.48 debconf: unable to initialize frontend: Dialog
auth-duplicate-login-gate / enforce-single-session	UNKNOWN STEP	2026-08-14T17:28:12.6351187Z #9 21.48 debconf: (TERM is not set, so the dialog frontend is not usable.)
auth-duplicate-login-gate / enforce-single-session	UNKNOWN STEP	2026-08-14T17:28:12.6351579Z #9 21.48 debconf: falling back to frontend: Readline
auth-duplicate-login-gate / enforce-single-session	UNKNOWN STEP	2026-08-14T17:28:12.7388270Z #9 21.48 debconf: unable to initialize frontend: Readline
auth-duplicate-login-gate / enforce-single-session	UNKNOWN STEP	2026-08-14T17:28:12.7389418Z #9 21.48 debconf: (This frontend requires a controlling tty.)
auth-duplicate-login-gate / enforce-single-session	UNKNOWN STEP	2026-08-14T17:28:12.7390197Z #9 21.48 debconf: falling back to frontend: Teletype
auth-duplicate-login-gate / enforce-single-session	UNKNOWN STEP	2026-08-14T17:28:12.7391008Z #9 21.48 debconf: unable to initialize frontend: Teletype
auth-duplicate-login-gate / enforce-single-session	UNKNOWN STEP	2026-08-14T17:28:12.7391644Z #9 21.48 debconf: (This frontend requires a controlling tty.)
auth-duplicate-login-gate / enforce-single-session	UNKNOWN STEP	2026-08-14T17:28:12.7392282Z #9 21.48 debconf: falling back to frontend: Noninteractive
auth-duplicate-login-gate / enforce-single-session	UNKNOWN STEP	2026-08-14T17:28:12.7392997Z #9 21.49 invoke-rc.d: could not determine current runlevel
auth-duplicate-login-gate / enforce-single-session	UNKNOWN STEP	2026-08-14T17:28:12.7393600Z #9 21.50 invoke-rc.d: policy-rc.d denied execution of start.
auth-duplicate-login-gate / enforce-single-session	UNKNOWN STEP	2026-08-14T17:28:12.7394044Z #9 21.50 Setting up libsensors-config (1:3.6.2-2) ...
auth-duplicate-login-gate / enforce-single-session	UNKNOWN STEP	2026-08-14T17:28:12.7394397Z #9 21.50 Setting up libcdio19t64:amd64 (2.2.0-4.1~deb13u1) ...
auth-duplicate-login-gate / enforce-single-session	UNKNOWN STEP	2026-08-14T17:28:12.7394887Z #9 21.51 Setting up libdeflate0:amd64 (1.23-2) ...
auth-duplicate-login-gate / enforce-single-session	UNKNOWN STEP	2026-08-14T17:28:12.7395217Z #9 21.51 Setting up linux-libc-dev (6.12.101-1) ...
auth-duplicate-login-gate / enforce-single-session	UNKNOWN STEP	2026-08-14T17:28:12.7395548Z #9 21.51 Setting up libctf-nobfd0:amd64 (2.44-3) ...
auth-duplicate-login-gate / enforce-single-session	UNKNOWN STEP	2026-08-14T17:28:12.7395917Z #9 21.51 Setting up xkb-data (2.42-1) ...
auth-duplicate-login-gate / enforce-single-session	UNKNOWN STEP	2026-08-14T17:28:12.7396267Z #9 21.51 Setting up libxcb-shm0:amd64 (1.17.0-2+b1) ...
auth-duplicate-login-gate / enforce-single-session	UNKNOWN STEP	2026-08-14T17:28:12.7396685Z #9 21.52 Setting up libcom-err2:amd64 (1.47.2-3+b11) ...
auth-duplicate-login-gate / enforce-single-session	UNKNOWN STEP	2026-08-14T17:28:12.7397035Z #9 21.52 Setting up libmpg123-0t64:amd64 (1.32.10-1+deb13u1) ...
auth-duplicate-login-gate / enforce-single-session	UNKNOWN STEP	2026-08-14T17:28:12.7397655Z #9 21.52 Setting up libgomp1:amd64 (14.2.0-19) ...
auth-duplicate-login-gate / enforce-single-session	UNKNOWN STEP	2026-08-14T17:28:12.7398254Z #9 21.52 Setting up libcjson1:amd64 (1.7.18-3.1+deb13u1) ...
auth-duplicate-login-gate / enforce-single-session	UNKNOWN STEP	2026-08-14T17:28:12.7398627Z #9 21.53 Setting up libxvidcore4:amd64 (2:1.3.7-1+b2) ...
auth-duplicate-login-gate / enforce-single-session	UNKNOWN STEP	2026-08-14T17:28:12.7398938Z #9 21.53 Setting up bzip2 (1.0.8-6) ...
auth-duplicate-login-gate / enforce-single-session	UNKNOWN STEP	2026-08-14T17:28:12.7399303Z #9 21.53 Setting up libjbig0:amd64 (2.1-6.1+b2) ...
auth-duplicate-login-gate / enforce-single-session	UNKNOWN STEP	2026-08-14T17:28:12.7399692Z #9 21.53 Setting up libsframe1:amd64 (2.44-3) ...
auth-duplicate-login-gate / enforce-single-session	UNKNOWN STEP	2026-08-14T17:28:12.7400221Z #9 21.53 Setting up libelf1t64:amd64 (0.192-4) ...
auth-duplicate-login-gate / enforce-single-session	UNKNOWN STEP	2026-08-14T17:28:12.7400547Z #9 21.54 Setting up libjansson4:amd64 (2.14-2+b3) ...
auth-duplicate-login-gate / enforce-single-session	UNKNOWN STEP	2026-08-14T17:28:12.7400936Z #9 21.54 Setting up libsnappy1v5:amd64 (1.2.2-1) ...
auth-duplicate-login-gate / enforce-single-session	UNKNOWN STEP	2026-08-14T17:28:12.7401283Z #9 21.54 Setting up libcdio-cdda2t64:amd64 (10.2+2.0.2-1+b1) ...
auth-duplicate-login-gate / enforce-single-session	UNKNOWN STEP	2026-08-14T17:28:12.7401787Z #9 21.54 Setting up libkrb5support0:amd64 (1.21.3-5+deb13u1) ...
auth-duplicate-login-gate / enforce-single-session	UNKNOWN STEP	2026-08-14T17:28:12.7402163Z #9 21.54 Setting up libxcb-present0:amd64 (1.17.0-2+b1) ...
auth-duplicate-login-gate / enforce-single-session	UNKNOWN STEP	2026-08-14T17:28:12.7402648Z #9 21.55 Setting up libasound2-data (1.2.14-1) ...
auth-duplicate-login-gate / enforce-single-session	UNKNOWN STEP	2026-08-14T17:28:12.7403210Z #9 21.55 Setting up libpgm-5.3-0t64:amd64 (5.3.128~dfsg-2.1+b1) ...
auth-duplicate-login-gate / enforce-single-session	UNKNOWN STEP	2026-08-14T17:28:12.7403917Z #9 21.55 Setting up libtheoraenc1:amd64 (1.2.0~alpha1+dfsg-6) ...
auth-duplicate-login-gate / enforce-single-session	UNKNOWN STEP	2026-08-14T17:28:12.7404482Z #9 21.55 Setting up libz3-4:amd64 (4.13.3-1) ...
auth-duplicate-login-gate / enforce-single-session	UNKNOWN STEP	2026-08-14T17:28:12.7404796Z #9 21.55 Setting up libblas3:amd64 (3.12.1-6) ...
auth-duplicate-login-gate / enforce-single-session	UNKNOWN STEP	2026-08-14T17:28:12.7406141Z #9 21.56 update-alternatives: using /usr/lib/x86_64-linux-gnu/blas/libblas.so.3 to provide /usr/lib/x86_64-linux-gnu/libblas.so.3 (libblas.so.3-x86_64-linux-gnu) in auto mode
auth-duplicate-login-gate / enforce-single-session	UNKNOWN STEP	2026-08-14T17:28:12.7407174Z #9 21.56 Setting up rpcsvc-proto (1.4.3-1) ...
auth-duplicate-login-gate / enforce-single-session	UNKNOWN STEP	2026-08-14T17:28:12.7407728Z #9 21.56 Setting up libasound2t64:amd64 (1.2.14-1) ...
auth-duplicate-login-gate / enforce-single-session	UNKNOWN STEP	2026-08-14T17:28:12.7408316Z #9 21.56 Setting up libjpeg62-turbo:amd64 (1:2.1.5-4) ...
auth-duplicate-login-gate / enforce-single-session	UNKNOWN STEP	2026-08-14T17:28:12.7409059Z #9 21.56 Setting up libslang2:amd64 (2.3.3-5+b2) ...
auth-duplicate-login-gate / enforce-single-session	UNKNOWN STEP	2026-08-14T17:28:12.7409563Z #9 21.57 Setting up libva2:amd64 (2.22.0-3) ...
auth-duplicate-login-gate / enforce-single-session	UNKNOWN STEP	2026-08-14T17:28:12.7409990Z #9 21.57 Setting up libx11-data (2:1.8.12-1) ...
auth-duplicate-login-gate / enforce-single-session	UNKNOWN STEP	2026-08-14T17:28:12.7410288Z #9 21.57 Setting up make (4.4.1-2) ...
auth-duplicate-login-gate / enforce-single-session	UNKNOWN STEP	2026-08-14T17:28:12.7410593Z #9 21.57 Setting up libsvtav1enc2:amd64 (2.3.0+dfsg-1) ...
auth-duplicate-login-gate / enforce-single-session	UNKNOWN STEP	2026-08-14T17:28:12.7410925Z #9 21.57 Setting up libmpfr6:amd64 (4.2.2-1) ...
auth-duplicate-login-gate / enforce-single-session	UNKNOWN STEP	2026-08-14T17:28:12.8449839Z #9 21.58 Setting up libxcb-sync1:amd64 (1.17.0-2+b1) ...
auth-duplicate-login-gate / enforce-single-session	UNKNOWN STEP	2026-08-14T17:28:12.8450482Z #9 21.58 Setting up libdbus-1-3:amd64 (1.16.2-2) ...
auth-duplicate-login-gate / enforce-single-session	UNKNOWN STEP	2026-08-14T17:28:12.8450926Z #9 21.59 Setting up xz-utils (5.8.1-1+deb13u1) ...
auth-duplicate-login-gate / enforce-single-session	UNKNOWN STEP	2026-08-14T17:28:12.8451629Z #9 21.59 update-alternatives: using /usr/bin/xz to provide /usr/bin/lzma (lzma) in auto mode
auth-duplicate-login-gate / enforce-single-session	UNKNOWN STEP	2026-08-14T17:28:12.8452815Z #9 21.59 update-alternatives: warning: skip creation of /usr/share/man/man1/lzma.1.gz because associated file /usr/share/man/man1/xz.1.gz (of link group lzma) doesn't exist
auth-duplicate-login-gate / enforce-single-session	UNKNOWN STEP	2026-08-14T17:28:12.8454163Z #9 21.59 update-alternatives: warning: skip creation of /usr/share/man/man1/unlzma.1.gz because associated file /usr/share/man/man1/unxz.1.gz (of link group lzma) doesn't exist
auth-duplicate-login-gate / enforce-single-session	UNKNOWN STEP	2026-08-14T17:28:12.8455364Z #9 21.59 update-alternatives: warning: skip creation of /usr/share/man/man1/lzcat.1.gz because associated file /usr/share/man/man1/xzcat.1.gz (of link group lzma) doesn't exist
auth-duplicate-login-gate / enforce-single-session	UNKNOWN STEP	2026-08-14T17:28:12.8456740Z #9 21.59 update-alternatives: warning: skip creation of /usr/share/man/man1/lzmore.1.gz because associated file /usr/share/man/man1/xzmore.1.gz (of link group lzma) doesn't exist
auth-duplicate-login-gate / enforce-single-session	UNKNOWN STEP	2026-08-14T17:28:12.8458432Z #9 21.59 update-alternatives: warning: skip creation of /usr/share/man/man1/lzless.1.gz because associated file /usr/share/man/man1/xzless.1.gz (of link group lzma) doesn't exist
auth-duplicate-login-gate / enforce-single-session	UNKNOWN STEP	2026-08-14T17:28:12.8459759Z #9 21.59 update-alternatives: warning: skip creation of /usr/share/man/man1/lzdiff.1.gz because associated file /usr/share/man/man1/xzdiff.1.gz (of link group lzma) doesn't exist
auth-duplicate-login-gate / enforce-single-session	UNKNOWN STEP	2026-08-14T17:28:12.8461237Z #9 21.59 update-alternatives: warning: skip creation of /usr/share/man/man1/lzcmp.1.gz because associated file /usr/share/man/man1/xzcmp.1.gz (of link group lzma) doesn't exist
auth-duplicate-login-gate / enforce-single-session	UNKNOWN STEP	2026-08-14T17:28:12.8463067Z #9 21.59 update-alternatives: warning: skip creation of /usr/share/man/man1/lzgrep.1.gz because associated file /usr/share/man/man1/xzgrep.1.gz (of link group lzma) doesn't exist
auth-duplicate-login-gate / enforce-single-session	UNKNOWN STEP	2026-08-14T17:28:12.8464858Z #9 21.59 update-alternatives: warning: skip creation of /usr/share/man/man1/lzegrep.1.gz because associated file /usr/share/man/man1/xzegrep.1.gz (of link group lzma) doesn't exist
auth-duplicate-login-gate / enforce-single-session	UNKNOWN STEP	2026-08-14T17:28:12.8468163Z #9 21.59 update-alternatives: warning: skip creation of /usr/share/man/man1/lzfgrep.1.gz because associated file /usr/share/man/man1/xzfgrep.1.gz (of link group lzma) doesn't exist
auth-duplicate-login-gate / enforce-single-session	UNKNOWN STEP	2026-08-14T17:28:12.8468881Z #9 21.59 Setting up libfribidi0:amd64 (1.0.16-1) ...
auth-duplicate-login-gate / enforce-single-session	UNKNOWN STEP	2026-08-14T17:28:12.8469202Z #9 21.59 Setting up libopus0:amd64 (1.5.2-2) ...
auth-duplicate-login-gate / enforce-single-session	UNKNOWN STEP	2026-08-14T17:28:12.8469734Z #9 21.60 Setting up libquadmath0:amd64 (14.2.0-19) ...
auth-duplicate-login-gate / enforce-single-session	UNKNOWN STEP	2026-08-14T17:28:12.8470061Z #9 21.60 Setting up libp11-kit0:amd64 (0.25.5-3) ...
auth-duplicate-login-gate / enforce-single-session	UNKNOWN STEP	2026-08-14T17:28:12.8470509Z #9 21.60 Setting up libcdio-paranoia2t64:amd64 (10.2+2.0.2-1+b1) ...
auth-duplicate-login-gate / enforce-single-session	UNKNOWN STEP	2026-08-14T17:28:12.8470883Z #9 21.60 Setting up libunistring5:amd64 (1.3-2) ...
auth-duplicate-login-gate / enforce-single-session	UNKNOWN STEP	2026-08-14T17:28:12.8471369Z #9 21.60 Setting up fonts-dejavu-mono (2.37-8) ...
auth-duplicate-login-gate / enforce-single-session	UNKNOWN STEP	2026-08-14T17:28:12.8471949Z #9 21.61 Setting up libpng16-16t64:amd64 (1.6.48-1+deb13u5) ...
auth-duplicate-login-gate / enforce-single-session	UNKNOWN STEP	2026-08-14T17:28:12.8472294Z #9 21.61 Setting up libmpc3:amd64 (1.3.1-1+b3) ...
auth-duplicate-login-gate / enforce-single-session	UNKNOWN STEP	2026-08-14T17:28:12.8472679Z #9 21.61 Setting up libatomic1:amd64 (14.2.0-19) ...
auth-duplicate-login-gate / enforce-single-session	UNKNOWN STEP	2026-08-14T17:28:12.8473116Z #9 21.61 Setting up libvorbis0a:amd64 (1.3.7-3) ...
auth-duplicate-login-gate / enforce-single-session	UNKNOWN STEP	2026-08-14T17:28:12.8473633Z #9 21.61 Setting up patch (2.8-2) ...
auth-duplicate-login-gate / enforce-single-session	UNKNOWN STEP	2026-08-14T17:28:12.8474101Z #9 21.62 Setting up fonts-dejavu-core (2.37-8) ...
auth-duplicate-login-gate / enforce-single-session	UNKNOWN STEP	2026-08-14T17:28:12.8474593Z #9 21.64 Setting up libflac14:amd64 (1.5.0+ds-2) ...
auth-duplicate-login-gate / enforce-single-session	UNKNOWN STEP	2026-08-14T17:28:12.8474921Z #9 21.64 Setting up libsensors5:amd64 (1:3.6.2-2) ...
auth-duplicate-login-gate / enforce-single-session	UNKNOWN STEP	2026-08-14T17:28:12.8475548Z #9 21.64 Setting up libk5crypto3:amd64 (1.21.3-5+deb13u1) ...
auth-duplicate-login-gate / enforce-single-session	UNKNOWN STEP	2026-08-14T17:28:12.8475922Z #9 21.64 Setting up libsonic0:amd64 (0.2.0-13+b1) ...
auth-duplicate-login-gate / enforce-single-session	UNKNOWN STEP	2026-08-14T17:28:12.8476342Z #9 21.64 Setting up libfftw3-double3:amd64 (3.3.10-2+b1) ...
auth-duplicate-login-gate / enforce-single-session	UNKNOWN STEP	2026-08-14T17:28:12.8476739Z #9 21.65 Setting up libgfortran5:amd64 (14.2.0-19) ...
auth-duplicate-login-gate / enforce-single-session	UNKNOWN STEP	2026-08-14T17:28:12.8477237Z #9 21.65 Setting up libvulkan1:amd64 (1.4.309.0-1) ...
auth-duplicate-login-gate / enforce-single-session	UNKNOWN STEP	2026-08-14T17:28:12.8477834Z #9 21.65 Setting up libwebp7:amd64 (1.5.0-0.1) ...
auth-duplicate-login-gate / enforce-single-session	UNKNOWN STEP	2026-08-14T17:28:12.8478148Z #9 21.65 Setting up libubsan1:amd64 (14.2.0-19) ...
auth-duplicate-login-gate / enforce-single-session	UNKNOWN STEP	2026-08-14T17:28:12.8478539Z #9 21.65 Setting up libnuma1:amd64 (2.0.19-1) ...
auth-duplicate-login-gate / enforce-single-session	UNKNOWN STEP	2026-08-14T17:28:12.8479013Z #9 21.66 Setting up libvidstab1.1:amd64 (1.1.0-2+b2) ...
auth-duplicate-login-gate / enforce-single-session	UNKNOWN STEP	2026-08-14T17:28:12.8479598Z #9 21.66 Setting up libvpx9:amd64 (1.15.0-2.1+deb13u1) ...
auth-duplicate-login-gate / enforce-single-session	UNKNOWN STEP	2026-08-14T17:28:12.8480131Z #9 21.66 Setting up libflite1:amd64 (2.2-7) ...
auth-duplicate-login-gate / enforce-single-session	UNKNOWN STEP	2026-08-14T17:28:12.8480634Z #9 21.66 Setting up libdav1d7:amd64 (1.5.1-1) ...
auth-duplicate-login-gate / enforce-single-session	UNKNOWN STEP	2026-08-14T17:28:12.8481144Z #9 21.66 Setting up perl-modules-5.40 (5.40.1-6) ...
auth-duplicate-login-gate / enforce-single-session	UNKNOWN STEP	2026-08-14T17:28:12.8481789Z #9 21.66 Setting up ocl-icd-libopencl1:amd64 (2.3.3-1) ...
auth-duplicate-login-gate / enforce-single-session	UNKNOWN STEP	2026-08-14T17:28:12.8482321Z #9 21.67 Setting up libasyncns0:amd64 (0.8-6+b5) ...
auth-duplicate-login-gate / enforce-single-session	UNKNOWN STEP	2026-08-14T17:28:12.8482973Z #9 21.67 Setting up libxshmfence1:amd64 (1.3.3-1) ...
auth-duplicate-login-gate / enforce-single-session	UNKNOWN STEP	2026-08-14T17:28:12.8483551Z #9 21.67 Setting up libhwasan0:amd64 (14.2.0-19) ...
auth-duplicate-login-gate / enforce-single-session	UNKNOWN STEP	2026-08-14T17:28:12.8484105Z #9 21.67 Setting up libcrypt-dev:amd64 (1:4.4.38-1) ...
auth-duplicate-login-gate / enforce-single-session	UNKNOWN STEP	2026-08-14T17:28:12.8484658Z #9 21.68 Setting up libtiff6:amd64 (4.7.0-3+deb13u3) ...
auth-duplicate-login-gate / enforce-single-session	UNKNOWN STEP	2026-08-14T17:28:12.8485070Z #9 21.68 Setting up libbs2b0:amd64 (3.1.0+dfsg-8+b1) ...
auth-duplicate-login-gate / enforce-single-session	UNKNOWN STEP	2026-08-14T17:28:12.9961328Z #9 21.68 Setting up libxcb-randr0:amd64 (1.17.0-2+b1) ...
auth-duplicate-login-gate / enforce-single-session	UNKNOWN STEP	2026-08-14T17:28:12.9962193Z #9 21.68 Setting up librav1e0.7:amd64 (0.7.1-9+b2) ...
auth-duplicate-login-gate / enforce-single-session	UNKNOWN STEP	2026-08-14T17:28:12.9962892Z #9 21.69 Setting up libasan8:amd64 (14.2.0-19) ...
auth-duplicate-login-gate / enforce-single-session	UNKNOWN STEP	2026-08-14T17:28:12.9963553Z #9 21.69 Setting up libtasn1-6:amd64 (4.20.0-2+deb13u1) ...
auth-duplicate-login-gate / enforce-single-session	UNKNOWN STEP	2026-08-14T17:28:12.9964271Z #9 21.69 Setting up libzimg2:amd64 (3.0.5+ds1-1+b2) ...
auth-duplicate-login-gate / enforce-single-session	UNKNOWN STEP	2026-08-14T17:28:12.9964973Z #9 21.69 Setting up libopenjp2-7:amd64 (2.5.3-2.1~deb13u2) ...
auth-duplicate-login-gate / enforce-single-session	UNKNOWN STEP	2026-08-14T17:28:12.9965629Z #9 21.69 Setting up libx11-6:amd64 (2:1.8.12-1) ...
auth-duplicate-login-gate / enforce-single-session	UNKNOWN STEP	2026-08-14T17:28:12.9966179Z #9 21.69 Setting up libopenal-data (1:1.24.2-1) ...
auth-duplicate-login-gate / enforce-single-session	UNKNOWN STEP	2026-08-14T17:28:12.9966726Z #9 21.70 Setting up libthai-data (0.1.29-2) ...
auth-duplicate-login-gate / enforce-single-session	UNKNOWN STEP	2026-08-14T17:28:12.9967293Z #9 21.70 Setting up libkrb5-3:amd64 (1.21.3-5+deb13u1) ...
auth-duplicate-login-gate / enforce-single-session	UNKNOWN STEP	2026-08-14T17:28:12.9968124Z #9 21.70 Setting up libunibreak6:amd64 (6.1-3) ...
auth-duplicate-login-gate / enforce-single-session	UNKNOWN STEP	2026-08-14T17:28:12.9968697Z #9 21.70 Setting up libwayland-egl1:amd64 (1.23.1-3) ...
auth-duplicate-login-gate / enforce-single-session	UNKNOWN STEP	2026-08-14T17:28:12.9969642Z #9 21.70 Setting up libusb-1.0-0:amd64 (2:1.0.28-1) ...
auth-duplicate-login-gate / enforce-single-session	UNKNOWN STEP	2026-08-14T17:28:12.9970246Z #9 21.71 Setting up libmbedcrypto16:amd64 (3.6.5-0.1~deb13u1) ...
auth-duplicate-login-gate / enforce-single-session	UNKNOWN STEP	2026-08-14T17:28:12.9970883Z #9 21.71 Setting up libtsan2:amd64 (14.2.0-19) ...
auth-duplicate-login-gate / enforce-single-session	UNKNOWN STEP	2026-08-14T17:28:12.9971439Z #9 21.71 Setting up libbinutils:amd64 (2.44-3) ...
auth-duplicate-login-gate / enforce-single-session	UNKNOWN STEP	2026-08-14T17:28:12.9971963Z #9 21.71 Setting up libisl23:amd64 (0.27-1) ...
auth-duplicate-login-gate / enforce-single-session	UNKNOWN STEP	2026-08-14T17:28:12.9972502Z #9 21.71 Setting up libasound2-dev:amd64 (1.2.14-1) ...
auth-duplicate-login-gate / enforce-single-session	UNKNOWN STEP	2026-08-14T17:28:12.9973069Z #9 21.72 Setting up libc-dev-bin (2.41-12+deb13u3) ...
auth-duplicate-login-gate / enforce-single-session	UNKNOWN STEP	2026-08-14T17:28:12.9973624Z #9 21.72 Setting up libx265-215:amd64 (4.1-2) ...
auth-duplicate-login-gate / enforce-single-session	UNKNOWN STEP	2026-08-14T17:28:12.9974172Z #9 21.72 Setting up libsamplerate0:amd64 (0.2.2-4+b2) ...
auth-duplicate-login-gate / enforce-single-session	UNKNOWN STEP	2026-08-14T17:28:12.9974746Z #9 21.72 Setting up libwebpmux3:amd64 (1.5.0-0.1) ...
auth-duplicate-login-gate / enforce-single-session	UNKNOWN STEP	2026-08-14T17:28:12.9975291Z #9 21.72 Setting up libdrm-common (2.4.124-2) ...
auth-duplicate-login-gate / enforce-single-session	UNKNOWN STEP	2026-08-14T17:28:12.9975894Z #9 21.72 Setting up libjxl0.11:amd64 (0.11.2-0.1~deb13u2) ...
auth-duplicate-login-gate / enforce-single-session	UNKNOWN STEP	2026-08-14T17:28:12.9976623Z #9 21.73 Setting up libxml2:amd64 (2.12.7+dfsg+really2.9.14-2.1+deb13u3) ...
auth-duplicate-login-gate / enforce-single-session	UNKNOWN STEP	2026-08-14T17:28:12.9977271Z #9 21.73 Setting up libcc1-0:amd64 (14.2.0-19) ...
auth-duplicate-login-gate / enforce-single-session	UNKNOWN STEP	2026-08-14T17:28:12.9978063Z #9 21.73 Setting up libzvbi-common (0.2.44-1) ...
auth-duplicate-login-gate / enforce-single-session	UNKNOWN STEP	2026-08-14T17:28:12.9978615Z #9 21.73 Setting up liblsan0:amd64 (14.2.0-19) ...
auth-duplicate-login-gate / enforce-single-session	UNKNOWN STEP	2026-08-14T17:28:12.9979442Z #9 21.73 Setting up libmp3lame0:amd64 (3.100-6+b3) ...
auth-duplicate-login-gate / enforce-single-session	UNKNOWN STEP	2026-08-14T17:28:12.9980039Z #9 21.74 Setting up libitm1:amd64 (14.2.0-19) ...
auth-duplicate-login-gate / enforce-single-session	UNKNOWN STEP	2026-08-14T17:28:12.9980630Z #9 21.74 Setting up espeak-ng-data:amd64 (1.52.0+dfsg-5) ...
auth-duplicate-login-gate / enforce-single-session	UNKNOWN STEP	2026-08-14T17:28:12.9981247Z #9 21.74 Setting up libvorbisenc2:amd64 (1.3.7-3) ...
auth-duplicate-login-gate / enforce-single-session	UNKNOWN STEP	2026-08-14T17:28:12.9981808Z #9 21.74 Setting up libkmod2:amd64 (34.2-2) ...
auth-duplicate-login-gate / enforce-single-session	UNKNOWN STEP	2026-08-14T17:28:12.9982365Z #9 21.74 Setting up libdvdnav4:amd64 (6.1.1-3+b1) ...
auth-duplicate-login-gate / enforce-single-session	UNKNOWN STEP	2026-08-14T17:28:12.9982940Z #9 21.75 Setting up libiec61883-0:amd64 (1.2.0-7) ...
auth-duplicate-login-gate / enforce-single-session	UNKNOWN STEP	2026-08-14T17:28:12.9983460Z #9 21.75 Setting up libserd-0-0:amd64 (0.32.4-1) ...
auth-duplicate-login-gate / enforce-single-session	UNKNOWN STEP	2026-08-14T17:28:12.9984021Z #9 21.75 Setting up libxkbcommon0:amd64 (1.7.0-2) ...
auth-duplicate-login-gate / enforce-single-session	UNKNOWN STEP	2026-08-14T17:28:12.9984554Z #9 21.75 Setting up libwayland-client0:amd64 (1.23.1-3) ...
auth-duplicate-login-gate / enforce-single-session	UNKNOWN STEP	2026-08-14T17:28:12.9985056Z #9 21.75 Setting up libctf0:amd64 (2.44-3) ...
auth-duplicate-login-gate / enforce-single-session	UNKNOWN STEP	2026-08-14T17:28:12.9985537Z #9 21.76 Setting up libavc1394-0:amd64 (0.5.4-5+b2) ...
auth-duplicate-login-gate / enforce-single-session	UNKNOWN STEP	2026-08-14T17:28:12.9986071Z #9 21.76 Setting up libxcb-dri3-0:amd64 (1.17.0-2+b1) ...
auth-duplicate-login-gate / enforce-single-session	UNKNOWN STEP	2026-08-14T17:28:12.9986625Z #9 21.77 Setting up libatopology2t64:amd64 (1.2.14-1) ...
auth-duplicate-login-gate / enforce-single-session	UNKNOWN STEP	2026-08-14T17:28:12.9987141Z #9 21.77 Setting up libllvm19:amd64 (1:19.1.7-3+b1) ...
auth-duplicate-login-gate / enforce-single-session	UNKNOWN STEP	2026-08-14T17:28:12.9987473Z #9 21.77 Setting up libx11-xcb1:amd64 (2:1.8.12-1) ...
auth-duplicate-login-gate / enforce-single-session	UNKNOWN STEP	2026-08-14T17:28:12.9987983Z #9 21.77 Setting up liblapack3:amd64 (3.12.1-6) ...
auth-duplicate-login-gate / enforce-single-session	UNKNOWN STEP	2026-08-14T17:28:12.9988717Z #9 21.77 update-alternatives: using /usr/lib/x86_64-linux-gnu/lapack/liblapack.so.3 to provide /usr/lib/x86_64-linux-gnu/liblapack.so.3 (liblapack.so.3-x86_64-linux-gnu) in auto mode
auth-duplicate-login-gate / enforce-single-session	UNKNOWN STEP	2026-08-14T17:28:12.9989470Z #9 21.78 Setting up libfftw3-single3:amd64 (3.3.10-2+b1) ...
auth-duplicate-login-gate / enforce-single-session	UNKNOWN STEP	2026-08-14T17:28:12.9989844Z #9 21.78 Setting up libcaca0:amd64 (0.99.beta20-5+deb13u1) ...
auth-duplicate-login-gate / enforce-single-session	UNKNOWN STEP	2026-08-14T17:28:12.9990189Z #9 21.78 Setting up libzvbi0t64:amd64 (0.2.44-1) ...
auth-duplicate-login-gate / enforce-single-session	UNKNOWN STEP	2026-08-14T17:28:12.9990612Z #9 21.78 Setting up libxrender1:amd64 (1:0.9.12-1) ...
auth-duplicate-login-gate / enforce-single-session	UNKNOWN STEP	2026-08-14T17:28:12.9991026Z #9 21.78 Setting up libsoxr0:amd64 (0.1.3-4+b2) ...
auth-duplicate-login-gate / enforce-single-session	UNKNOWN STEP	2026-08-14T17:28:12.9991371Z #9 21.78 Setting up fontconfig-config (2.15.0-2.3) ...
auth-duplicate-login-gate / enforce-single-session	UNKNOWN STEP	2026-08-14T17:28:12.9991707Z #9 21.84 debconf: unable to initialize frontend: Dialog
auth-duplicate-login-gate / enforce-single-session	UNKNOWN STEP	2026-08-14T17:28:12.9992084Z #9 21.84 debconf: (TERM is not set, so the dialog frontend is not usable.)
auth-duplicate-login-gate / enforce-single-session	UNKNOWN STEP	2026-08-14T17:28:12.9992462Z #9 21.84 debconf: falling back to frontend: Readline
auth-duplicate-login-gate / enforce-single-session	UNKNOWN STEP	2026-08-14T17:28:13.2280539Z #9 21.84 debconf: unable to initialize frontend: Readline
auth-duplicate-login-gate / enforce-single-session	UNKNOWN STEP	2026-08-14T17:28:13.2281412Z #9 21.84 debconf: (This frontend requires a controlling tty.)
auth-duplicate-login-gate / enforce-single-session	UNKNOWN STEP	2026-08-14T17:28:13.2282165Z #9 21.84 debconf: falling back to frontend: Teletype
auth-duplicate-login-gate / enforce-single-session	UNKNOWN STEP	2026-08-14T17:28:13.2282886Z #9 21.85 debconf: unable to initialize frontend: Teletype
auth-duplicate-login-gate / enforce-single-session	UNKNOWN STEP	2026-08-14T17:28:13.2283752Z #9 21.85 debconf: (This frontend requires a controlling tty.)
auth-duplicate-login-gate / enforce-single-session	UNKNOWN STEP	2026-08-14T17:28:13.2284193Z #9 21.85 debconf: falling back to frontend: Noninteractive
auth-duplicate-login-gate / enforce-single-session	UNKNOWN STEP	2026-08-14T17:28:13.2284610Z #9 21.87 Setting up libxext6:amd64 (2:1.3.4-1+b3) ...
auth-duplicate-login-gate / enforce-single-session	UNKNOWN STEP	2026-08-14T17:28:13.2284994Z #9 21.87 Setting up libidn2-0:amd64 (2.3.8-2) ...
auth-duplicate-login-gate / enforce-single-session	UNKNOWN STEP	2026-08-14T17:28:13.2285410Z #9 21.87 Setting up libopenal1:amd64 (1:1.24.2-1) ...
auth-duplicate-login-gate / enforce-single-session	UNKNOWN STEP	2026-08-14T17:28:13.2286018Z #9 21.88 Setting up kmod (34.2-2) ...
auth-duplicate-login-gate / enforce-single-session	UNKNOWN STEP	2026-08-14T17:28:13.2286633Z #9 21.88 Setting up libxxf86vm1:amd64 (1:1.1.4-1+b4) ...
auth-duplicate-login-gate / enforce-single-session	UNKNOWN STEP	2026-08-14T17:28:13.2287177Z #9 21.89 Setting up librist4:amd64 (0.2.11+dfsg-1) ...
auth-duplicate-login-gate / enforce-single-session	UNKNOWN STEP	2026-08-14T17:28:13.2287848Z #9 21.89 Setting up libperl5.40:amd64 (5.40.1-6) ...
auth-duplicate-login-gate / enforce-single-session	UNKNOWN STEP	2026-08-14T17:28:13.2288269Z #9 21.89 Setting up libthai0:amd64 (0.1.29-2+b1) ...
auth-duplicate-login-gate / enforce-single-session	UNKNOWN STEP	2026-08-14T17:28:13.2288655Z #9 21.89 Setting up libvorbisfile3:amd64 (1.3.7-3) ...
auth-duplicate-login-gate / enforce-single-session	UNKNOWN STEP	2026-08-14T17:28:13.2289040Z #9 21.89 Setting up alsa-utils (1.2.14-1) ...
auth-duplicate-login-gate / enforce-single-session	UNKNOWN STEP	2026-08-14T17:28:13.2289403Z #9 21.90 Setting up perl (5.40.1-6) ...
auth-duplicate-login-gate / enforce-single-session	UNKNOWN STEP	2026-08-14T17:28:13.2289869Z #9 21.91 Setting up libglib2.0-0t64:amd64 (2.84.4-3~deb13u3) ...
auth-duplicate-login-gate / enforce-single-session	UNKNOWN STEP	2026-08-14T17:28:13.2290596Z #9 21.91 No schema files found: doing nothing.
auth-duplicate-login-gate / enforce-single-session	UNKNOWN STEP	2026-08-14T17:28:13.2291273Z #9 21.91 Setting up libgprofng0:amd64 (2.44-3) ...
auth-duplicate-login-gate / enforce-single-session	UNKNOWN STEP	2026-08-14T17:28:13.2291707Z #9 21.92 Setting up libfreetype6:amd64 (2.13.3+dfsg-1+deb13u1) ...
auth-duplicate-login-gate / enforce-single-session	UNKNOWN STEP	2026-08-14T17:28:13.2292359Z #9 21.92 Setting up libxfixes3:amd64 (1:6.0.0-2+b4) ...
auth-duplicate-login-gate / enforce-single-session	UNKNOWN STEP	2026-08-14T17:28:13.2292702Z #9 21.92 Setting up shared-mime-info (2.4-5+b2) ...
auth-duplicate-login-gate / enforce-single-session	UNKNOWN STEP	2026-08-14T17:28:13.8193889Z #9 22.43 Setting up libplacebo349:amd64 (7.349.0-3) ...
auth-duplicate-login-gate / enforce-single-session	UNKNOWN STEP	2026-08-14T17:28:13.8194662Z #9 22.43 Setting up libdc1394-25:amd64 (2.2.6-5) ...
auth-duplicate-login-gate / enforce-single-session	UNKNOWN STEP	2026-08-14T17:28:13.8195143Z #9 22.44 Setting up libxv1:amd64 (2:1.0.11-1.1+b3) ...
auth-duplicate-login-gate / enforce-single-session	UNKNOWN STEP	2026-08-14T17:28:13.8195586Z #9 22.44 Setting up libgssapi-krb5-2:amd64 (1.21.3-5+deb13u1) ...
auth-duplicate-login-gate / enforce-single-session	UNKNOWN STEP	2026-08-14T17:28:13.8196027Z #9 22.44 Setting up libxrandr2:amd64 (2:1.5.4-1+b3) ...
auth-duplicate-login-gate / enforce-single-session	UNKNOWN STEP	2026-08-14T17:28:13.8196465Z #9 22.44 Setting up cpp-14-x86-64-linux-gnu (14.2.0-19) ...
auth-duplicate-login-gate / enforce-single-session	UNKNOWN STEP	2026-08-14T17:28:13.8196866Z #9 22.44 Setting up libdpkg-perl (1.22.22) ...
auth-duplicate-login-gate / enforce-single-session	UNKNOWN STEP	2026-08-14T17:28:13.8197258Z #9 22.45 Setting up libssh-4:amd64 (0.11.5-0+deb13u1) ...
auth-duplicate-login-gate / enforce-single-session	UNKNOWN STEP	2026-08-14T17:28:13.8197828Z #9 22.45 Setting up cpp-14 (14.2.0-19) ...
auth-duplicate-login-gate / enforce-single-session	UNKNOWN STEP	2026-08-14T17:28:13.8198223Z #9 22.45 Setting up librubberband2:amd64 (3.3.0+dfsg-2+b3) ...
auth-duplicate-login-gate / enforce-single-session	UNKNOWN STEP	2026-08-14T17:28:13.8198681Z #9 22.45 Setting up libjack-jackd2-0:amd64 (1.9.22~dfsg-4) ...
auth-duplicate-login-gate / enforce-single-session	UNKNOWN STEP	2026-08-14T17:28:13.8199086Z #9 22.45 Setting up libdrm2:amd64 (2.4.124-2) ...
auth-duplicate-login-gate / enforce-single-session	UNKNOWN STEP	2026-08-14T17:28:13.8199456Z #9 22.45 Setting up libva-drm2:amd64 (2.22.0-3) ...
auth-duplicate-login-gate / enforce-single-session	UNKNOWN STEP	2026-08-14T17:28:13.8199843Z #9 22.46 Setting up libvdpau1:amd64 (1.5-3+b1) ...
auth-duplicate-login-gate / enforce-single-session	UNKNOWN STEP	2026-08-14T17:28:13.8200236Z #9 22.46 Setting up libsord-0-0:amd64 (0.16.18-1) ...
auth-duplicate-login-gate / enforce-single-session	UNKNOWN STEP	2026-08-14T17:28:13.8200662Z #9 22.46 Setting up libwayland-cursor0:amd64 (1.23.1-3) ...
auth-duplicate-login-gate / enforce-single-session	UNKNOWN STEP	2026-08-14T17:28:13.8201083Z #9 22.46 Setting up libsratom-0-0:amd64 (0.6.18-1) ...
auth-duplicate-login-gate / enforce-single-session	UNKNOWN STEP	2026-08-14T17:28:13.8201467Z #9 22.46 Setting up libdecor-0-0:amd64 (0.2.2-2) ...
auth-duplicate-login-gate / enforce-single-session	UNKNOWN STEP	2026-08-14T17:28:13.8201867Z #9 22.47 Setting up libc6-dev:amd64 (2.41-12+deb13u3) ...
auth-duplicate-login-gate / enforce-single-session	UNKNOWN STEP	2026-08-14T17:28:13.8202295Z #9 22.47 Setting up libharfbuzz0b:amd64 (10.2.0-1+deb13u1) ...
auth-duplicate-login-gate / enforce-single-session	UNKNOWN STEP	2026-08-14T17:28:13.8202784Z #9 22.47 Setting up libgdk-pixbuf-2.0-0:amd64 (2.42.12+dfsg-4+deb13u1) ...
auth-duplicate-login-gate / enforce-single-session	UNKNOWN STEP	2026-08-14T17:28:13.8203256Z #9 22.48 Setting up libxss1:amd64 (1:1.2.3-1+b3) ...
auth-duplicate-login-gate / enforce-single-session	UNKNOWN STEP	2026-08-14T17:28:13.8203653Z #9 22.48 Setting up libfontconfig1:amd64 (2.15.0-2.3) ...
auth-duplicate-login-gate / enforce-single-session	UNKNOWN STEP	2026-08-14T17:28:13.8204067Z #9 22.48 Setting up libsndfile1:amd64 (1.2.2-2+deb13u1) ...
auth-duplicate-login-gate / enforce-single-session	UNKNOWN STEP	2026-08-14T17:28:13.8204473Z #9 22.49 Setting up libgcc-14-dev:amd64 (14.2.0-19) ...
auth-duplicate-login-gate / enforce-single-session	UNKNOWN STEP	2026-08-14T17:28:13.8204870Z #9 22.49 Setting up libbluray2:amd64 (1:1.3.4-1+b2) ...
auth-duplicate-login-gate / enforce-single-session	UNKNOWN STEP	2026-08-14T17:28:13.8205263Z #9 22.49 Setting up libva-x11-2:amd64 (2.22.0-3) ...
auth-duplicate-login-gate / enforce-single-session	UNKNOWN STEP	2026-08-14T17:28:13.8205660Z #9 22.49 Setting up libstdc++-14-dev:amd64 (14.2.0-19) ...
auth-duplicate-login-gate / enforce-single-session	UNKNOWN STEP	2026-08-14T17:28:13.8206059Z #9 22.49 Setting up liblilv-0-0:amd64 (0.24.26-1) ...
auth-duplicate-login-gate / enforce-single-session	UNKNOWN STEP	2026-08-14T17:28:13.8206823Z #9 22.50 Setting up libopenmpt0t64:amd64 (0.7.13-1+b1) ...
auth-duplicate-login-gate / enforce-single-session	UNKNOWN STEP	2026-08-14T17:28:13.8207248Z #9 22.50 Setting up binutils-x86-64-linux-gnu (2.44-3) ...
auth-duplicate-login-gate / enforce-single-session	UNKNOWN STEP	2026-08-14T17:28:13.8207767Z #9 22.50 Setting up libdrm-amdgpu1:amd64 (2.4.124-2) ...
auth-duplicate-login-gate / enforce-single-session	UNKNOWN STEP	2026-08-14T17:28:13.8215074Z #9 22.50 Setting up cpp-x86-64-linux-gnu (4:14.2.0-1) ...
auth-duplicate-login-gate / enforce-single-session	UNKNOWN STEP	2026-08-14T17:28:13.8215679Z #9 22.51 Setting up libgnutls30t64:amd64 (3.8.9-3+deb13u4) ...
auth-duplicate-login-gate / enforce-single-session	UNKNOWN STEP	2026-08-14T17:28:13.8216212Z #9 22.51 Setting up libportaudio2:amd64 (19.6.0-1.2+b3) ...
auth-duplicate-login-gate / enforce-single-session	UNKNOWN STEP	2026-08-14T17:28:13.8216677Z #9 22.51 Setting up fontconfig (2.15.0-2.3) ...
auth-duplicate-login-gate / enforce-single-session	UNKNOWN STEP	2026-08-14T17:28:15.6793017Z #9 22.51 Regenerating fonts cache... done.
auth-duplicate-login-gate / enforce-single-session	UNKNOWN STEP	2026-08-14T17:28:15.7816666Z #9 24.52 Setting up libzmq5:amd64 (4.3.5-1+b3) ...
auth-duplicate-login-gate / enforce-single-session	UNKNOWN STEP	2026-08-14T17:28:15.7817303Z #9 24.53 Setting up libxi6:amd64 (2:1.8.2-1) ...
auth-duplicate-login-gate / enforce-single-session	UNKNOWN STEP	2026-08-14T17:28:15.7818279Z #9 24.53 Setting up libpulse0:amd64 (17.0+dfsg1-2+b1) ...
auth-duplicate-login-gate / enforce-single-session	UNKNOWN STEP	2026-08-14T17:28:15.7818955Z #9 24.53 Setting up libxcursor1:amd64 (1:1.2.3-1) ...
auth-duplicate-login-gate / enforce-single-session	UNKNOWN STEP	2026-08-14T17:28:15.7819463Z #9 24.53 Setting up libpango-1.0-0:amd64 (1.56.3-1) ...
auth-duplicate-login-gate / enforce-single-session	UNKNOWN STEP	2026-08-14T17:28:15.7819826Z #9 24.54 Setting up libdrm-intel1:amd64 (2.4.124-2) ...
auth-duplicate-login-gate / enforce-single-session	UNKNOWN STEP	2026-08-14T17:28:15.7820142Z #9 24.54 Setting up binutils (2.44-3) ...
auth-duplicate-login-gate / enforce-single-session	UNKNOWN STEP	2026-08-14T17:28:15.7820542Z #9 24.54 Setting up libjack-jackd2-dev:amd64 (1.9.22~dfsg-4) ...
auth-duplicate-login-gate / enforce-single-session	UNKNOWN STEP	2026-08-14T17:28:15.7820925Z #9 24.54 Setting up libavutil59:amd64 (7:7.1.5-0+deb13u1) ...
auth-duplicate-login-gate / enforce-single-session	UNKNOWN STEP	2026-08-14T17:28:15.7821555Z #9 24.54 Setting up libcairo2:amd64 (1.18.4-1+b1) ...
auth-duplicate-login-gate / enforce-single-session	UNKNOWN STEP	2026-08-14T17:28:15.7821981Z #9 24.55 Setting up dpkg-dev (1.22.22) ...
auth-duplicate-login-gate / enforce-single-session	UNKNOWN STEP	2026-08-14T17:28:15.7822445Z #9 24.55 Setting up libportaudiocpp0:amd64 (19.6.0-1.2+b3) ...
auth-duplicate-login-gate / enforce-single-session	UNKNOWN STEP	2026-08-14T17:28:15.7822810Z #9 24.55 Setting up portaudio19-dev:amd64 (19.6.0-1.2+b3) ...
auth-duplicate-login-gate / enforce-single-session	UNKNOWN STEP	2026-08-14T17:28:15.7823245Z #9 24.55 Setting up libpostproc58:amd64 (7:7.1.5-0+deb13u1) ...
auth-duplicate-login-gate / enforce-single-session	UNKNOWN STEP	2026-08-14T17:28:15.7823757Z #9 24.55 Setting up libsphinxbase3t64:amd64 (0.8+5prealpha+1-21+b1) ...
auth-duplicate-login-gate / enforce-single-session	UNKNOWN STEP	2026-08-14T17:28:15.7824176Z #9 24.56 Setting up libswresample5:amd64 (7:7.1.5-0+deb13u1) ...
auth-duplicate-login-gate / enforce-single-session	UNKNOWN STEP	2026-08-14T17:28:15.7824546Z #9 24.56 Setting up libswscale8:amd64 (7:7.1.5-0+deb13u1) ...
auth-duplicate-login-gate / enforce-single-session	UNKNOWN STEP	2026-08-14T17:28:15.7824885Z #9 24.56 Setting up libass9:amd64 (1:0.17.3-1+deb13u1) ...
auth-duplicate-login-gate / enforce-single-session	UNKNOWN STEP	2026-08-14T17:28:15.7825247Z #9 24.56 Setting up libtheoradec1:amd64 (1.2.0~alpha1+dfsg-6) ...
auth-duplicate-login-gate / enforce-single-session	UNKNOWN STEP	2026-08-14T17:28:15.7825701Z #9 24.57 Setting up libpcaudio0:amd64 (1.3-1) ...
auth-duplicate-login-gate / enforce-single-session	UNKNOWN STEP	2026-08-14T17:28:15.7826116Z #9 24.57 Setting up libsrt1.5-gnutls:amd64 (1.5.4-1) ...
auth-duplicate-login-gate / enforce-single-session	UNKNOWN STEP	2026-08-14T17:28:15.7826424Z #9 24.57 Setting up cpp (4:14.2.0-1) ...
auth-duplicate-login-gate / enforce-single-session	UNKNOWN STEP	2026-08-14T17:28:15.7826817Z #9 24.58 Setting up libcairo-gobject2:amd64 (1.18.4-1+b1) ...
auth-duplicate-login-gate / enforce-single-session	UNKNOWN STEP	2026-08-14T17:28:15.7827223Z #9 24.58 Setting up gcc-14-x86-64-linux-gnu (14.2.0-19) ...
auth-duplicate-login-gate / enforce-single-session	UNKNOWN STEP	2026-08-14T17:28:15.7827827Z #9 24.58 Setting up libpangoft2-1.0-0:amd64 (1.56.3-1) ...
auth-duplicate-login-gate / enforce-single-session	UNKNOWN STEP	2026-08-14T17:28:15.7828191Z #9 24.58 Setting up libpangocairo-1.0-0:amd64 (1.56.3-1) ...
auth-duplicate-login-gate / enforce-single-session	UNKNOWN STEP	2026-08-14T17:28:15.7828624Z #9 24.58 Setting up mesa-libgallium:amd64 (25.0.7-2+deb13u1) ...
auth-duplicate-login-gate / enforce-single-session	UNKNOWN STEP	2026-08-14T17:28:15.7828982Z #9 24.59 Setting up gcc-x86-64-linux-gnu (4:14.2.0-1) ...
auth-duplicate-login-gate / enforce-single-session	UNKNOWN STEP	2026-08-14T17:28:15.7829454Z #9 24.59 Setting up libgbm1:amd64 (25.0.7-2+deb13u1) ...
auth-duplicate-login-gate / enforce-single-session	UNKNOWN STEP	2026-08-14T17:28:15.7829802Z #9 24.59 Setting up libgl1-mesa-dri:amd64 (25.0.7-2+deb13u1) ...
auth-duplicate-login-gate / enforce-single-session	UNKNOWN STEP	2026-08-14T17:28:15.7830342Z #9 24.59 Setting up libespeak-ng1:amd64 (1.52.0+dfsg-5) ...
auth-duplicate-login-gate / enforce-single-session	UNKNOWN STEP	2026-08-14T17:28:15.7830842Z #9 24.60 Setting up gcc-14 (14.2.0-19) ...
auth-duplicate-login-gate / enforce-single-session	UNKNOWN STEP	2026-08-14T17:28:15.7831336Z #9 24.60 Setting up librsvg2-2:amd64 (2.60.0+dfsg-1) ...
auth-duplicate-login-gate / enforce-single-session	UNKNOWN STEP	2026-08-14T17:28:15.7832374Z #9 24.60 Setting up libpocketsphinx3:amd64 (0.8+5prealpha+1-15+b4) ...
auth-duplicate-login-gate / enforce-single-session	UNKNOWN STEP	2026-08-14T17:28:15.7833558Z #9 24.60 Setting up libavcodec61:amd64 (7:7.1.5-0+deb13u1) ...
auth-duplicate-login-gate / enforce-single-session	UNKNOWN STEP	2026-08-14T17:28:15.7834133Z #9 24.60 Setting up g++-14-x86-64-linux-gnu (14.2.0-19) ...
auth-duplicate-login-gate / enforce-single-session	UNKNOWN STEP	2026-08-14T17:28:15.7834601Z #9 24.61 Setting up g++-x86-64-linux-gnu (4:14.2.0-1) ...
auth-duplicate-login-gate / enforce-single-session	UNKNOWN STEP	2026-08-14T17:28:15.7834928Z #9 24.61 Setting up espeak-ng (1.52.0+dfsg-5) ...
auth-duplicate-login-gate / enforce-single-session	UNKNOWN STEP	2026-08-14T17:28:15.7835230Z #9 24.61 Setting up g++-14 (14.2.0-19) ...
auth-duplicate-login-gate / enforce-single-session	UNKNOWN STEP	2026-08-14T17:28:15.7835606Z #9 24.61 Setting up libsdl2-2.0-0:amd64 (2.32.4+dfsg-1) ...
auth-duplicate-login-gate / enforce-single-session	UNKNOWN STEP	2026-08-14T17:28:15.7837241Z #9 24.61 Setting up libglx-mesa0:amd64 (25.0.7-2+deb13u1) ...
auth-duplicate-login-gate / enforce-single-session	UNKNOWN STEP	2026-08-14T17:28:15.7837673Z #9 24.61 Setting up libglx0:amd64 (1.7.0-1+b2) ...
auth-duplicate-login-gate / enforce-single-session	UNKNOWN STEP	2026-08-14T17:28:15.7838021Z #9 24.62 Setting up libavformat61:amd64 (7:7.1.5-0+deb13u1) ...
auth-duplicate-login-gate / enforce-single-session	UNKNOWN STEP	2026-08-14T17:28:15.7838437Z #9 24.62 Setting up gcc (4:14.2.0-1) ...
auth-duplicate-login-gate / enforce-single-session	UNKNOWN STEP	2026-08-14T17:28:15.9450228Z #9 24.62 Setting up libgl1:amd64 (1.7.0-1+b2) ...
auth-duplicate-login-gate / enforce-single-session	UNKNOWN STEP	2026-08-14T17:28:15.9450915Z #9 24.63 Setting up libavfilter10:amd64 (7:7.1.5-0+deb13u1) ...
auth-duplicate-login-gate / enforce-single-session	UNKNOWN STEP	2026-08-14T17:28:15.9451617Z #9 24.63 Setting up g++ (4:14.2.0-1) ...
auth-duplicate-login-gate / enforce-single-session	UNKNOWN STEP	2026-08-14T17:28:15.9452158Z #9 24.63 update-alternatives: using /usr/bin/g++ to provide /usr/bin/c++ (c++) in auto mode
auth-duplicate-login-gate / enforce-single-session	UNKNOWN STEP	2026-08-14T17:28:15.9452613Z #9 24.63 Setting up build-essential (12.12) ...
auth-duplicate-login-gate / enforce-single-session	UNKNOWN STEP	2026-08-14T17:28:15.9452966Z #9 24.63 Setting up libavdevice61:amd64 (7:7.1.5-0+deb13u1) ...
auth-duplicate-login-gate / enforce-single-session	UNKNOWN STEP	2026-08-14T17:28:15.9453318Z #9 24.64 Setting up ffmpeg (7:7.1.5-0+deb13u1) ...
auth-duplicate-login-gate / enforce-single-session	UNKNOWN STEP	2026-08-14T17:28:15.9453691Z #9 24.64 Processing triggers for libc-bin (2.41-12+deb13u3) ...
auth-duplicate-login-gate / enforce-single-session	UNKNOWN STEP	2026-08-14T17:28:17.7077139Z #9 DONE 26.4s
auth-duplicate-login-gate / enforce-single-session	UNKNOWN STEP	2026-08-14T17:28:17.7077799Z 
auth-duplicate-login-gate / enforce-single-session	UNKNOWN STEP	2026-08-14T17:28:17.7078278Z #10 [backend 4/6] COPY requirements.txt requirements.delivery.lock.txt ./
auth-duplicate-login-gate / enforce-single-session	UNKNOWN STEP	2026-08-14T17:28:17.7078836Z #10 DONE 0.0s
auth-duplicate-login-gate / enforce-single-session	UNKNOWN STEP	2026-08-14T17:28:17.7078969Z 
auth-duplicate-login-gate / enforce-single-session	UNKNOWN STEP	2026-08-14T17:28:17.7080991Z #11 [interpreter-service 5/6] RUN pip install --no-cache-dir -r requirements.txt &&     pip install --no-cache-dir -r requirements.delivery.lock.txt &&     (pip install --no-cache-dir --index-url https://download.pytorch.org/whl/cu128 torch==2.7.0+cu128 torchvision==0.22.0+cu128 ||      (echo "WARN: CUDA wheel install failed; falling back to CPU wheels for torch/torchvision." >&2 &&       pip install --no-cache-dir torch==2.7.0 torchvision==0.22.0 &&       echo "INFO: CPU wheel fallback install completed for torch/torchvision." >&2)) &&     pip install --no-cache-dir facenet-pytorch --no-deps tqdm
auth-duplicate-login-gate / enforce-single-session	UNKNOWN STEP	2026-08-14T17:28:18.9798152Z #11 1.423 Collecting fastapi>=0.136.3 (from -r requirements.txt (line 6))
auth-duplicate-login-gate / enforce-single-session	UNKNOWN STEP	2026-08-14T17:28:19.0852595Z #11 1.467   Downloading fastapi-0.141.1-py3-none-any.whl.metadata (27 kB)
auth-duplicate-login-gate / enforce-single-session	UNKNOWN STEP	2026-08-14T17:28:19.0853886Z #11 1.490 Collecting uvicorn>=0.48.0 (from uvicorn[standard]>=0.48.0->-r requirements.txt (line 7))
auth-duplicate-login-gate / enforce-single-session	UNKNOWN STEP	2026-08-14T17:28:19.0855043Z #11 1.500   Downloading uvicorn-0.52.3-py3-none-any.whl.metadata (6.6 kB)
auth-duplicate-login-gate / enforce-single-session	UNKNOWN STEP	2026-08-14T17:28:19.0856120Z #11 1.518 Collecting pytest>=9.0.3 (from -r requirements.txt (line 8))
auth-duplicate-login-gate / enforce-single-session	UNKNOWN STEP	2026-08-14T17:28:19.1856935Z #11 1.528   Downloading pytest-9.1.1-py3-none-any.whl.metadata (7.6 kB)
auth-duplicate-login-gate / enforce-single-session	UNKNOWN STEP	2026-08-14T17:28:19.1858122Z #11 1.541 Collecting pytest-asyncio>=1.0.0 (from -r requirements.txt (line 9))
auth-duplicate-login-gate / enforce-single-session	UNKNOWN STEP	2026-08-14T17:28:19.1858964Z #11 1.551   Downloading pytest_asyncio-1.4.0-py3-none-any.whl.metadata (4.1 kB)
auth-duplicate-login-gate / enforce-single-session	UNKNOWN STEP	2026-08-14T17:28:19.4162511Z #11 1.629 Collecting pydantic>=2.13.4 (from -r requirements.txt (line 10))
auth-duplicate-login-gate / enforce-single-session	UNKNOWN STEP	2026-08-14T17:28:19.4163592Z #11 1.639   Downloading pydantic-2.13.4-py3-none-any.whl.metadata (109 kB)
auth-duplicate-login-gate / enforce-single-session	UNKNOWN STEP	2026-08-14T17:28:19.4164583Z #11 1.663 Collecting httpx>=0.28.1 (from -r requirements.txt (line 11))
auth-duplicate-login-gate / enforce-single-session	UNKNOWN STEP	2026-08-14T17:28:19.4165218Z #11 1.673   Downloading httpx-0.28.1-py3-none-any.whl.metadata (7.1 kB)
auth-duplicate-login-gate / enforce-single-session	UNKNOWN STEP	2026-08-14T17:28:19.4165800Z #11 1.682 Collecting python-multipart>=0.0.29 (from -r requirements.txt (line 12))
auth-duplicate-login-gate / enforce-single-session	UNKNOWN STEP	2026-08-14T17:28:19.4166426Z #11 1.692   Downloading python_multipart-0.0.32-py3-none-any.whl.metadata (2.1 kB)
auth-duplicate-login-gate / enforce-single-session	UNKNOWN STEP	2026-08-14T17:28:19.4167057Z #11 1.699 Collecting email-validator>=2.3.0 (from -r requirements.txt (line 13))
auth-duplicate-login-gate / enforce-single-session	UNKNOWN STEP	2026-08-14T17:28:19.4167841Z #11 1.709   Downloading email_validator-2.3.0-py3-none-any.whl.metadata (26 kB)
auth-duplicate-login-gate / enforce-single-session	UNKNOWN STEP	2026-08-14T17:28:19.5721498Z #11 1.908 Collecting sqlalchemy>=2.0.50 (from -r requirements.txt (line 14))
auth-duplicate-login-gate / enforce-single-session	UNKNOWN STEP	2026-08-14T17:28:19.5722769Z #11 1.918   Downloading sqlalchemy-2.0.52-cp313-cp313-manylinux2014_x86_64.manylinux_2_17_x86_64.manylinux_2_28_x86_64.whl.metadata (9.6 kB)
auth-duplicate-login-gate / enforce-single-session	UNKNOWN STEP	2026-08-14T17:28:19.5723705Z #11 1.935 Collecting alembic<2.0,>=1.13 (from -r requirements.txt (line 16))
auth-duplicate-login-gate / enforce-single-session	UNKNOWN STEP	2026-08-14T17:28:19.5724386Z #11 1.945   Downloading alembic-1.19.1-py3-none-any.whl.metadata (7.3 kB)
auth-duplicate-login-gate / enforce-single-session	UNKNOWN STEP	2026-08-14T17:28:19.5725389Z #11 1.988 Collecting psycopg2-binary>=2.9.12 (from -r requirements.txt (line 17))
auth-duplicate-login-gate / enforce-single-session	UNKNOWN STEP	2026-08-14T17:28:19.5726332Z #11 1.998   Downloading psycopg2_binary-2.9.12-cp313-cp313-manylinux2014_x86_64.manylinux_2_17_x86_64.whl.metadata (4.9 kB)
auth-duplicate-login-gate / enforce-single-session	UNKNOWN STEP	2026-08-14T17:28:19.7696363Z #11 2.015 Collecting redis<6.0,>=5.3.1 (from -r requirements.txt (line 18))
auth-duplicate-login-gate / enforce-single-session	UNKNOWN STEP	2026-08-14T17:28:19.7697477Z #11 2.026   Downloading redis-5.3.1-py3-none-any.whl.metadata (9.2 kB)
auth-duplicate-login-gate / enforce-single-session	UNKNOWN STEP	2026-08-14T17:28:19.7698627Z #11 2.033 Collecting python-jose>=3.5.0 (from -r requirements.txt (line 19))
auth-duplicate-login-gate / enforce-single-session	UNKNOWN STEP	2026-08-14T17:28:19.7699331Z #11 2.044   Downloading python_jose-3.5.0-py2.py3-none-any.whl.metadata (5.5 kB)
auth-duplicate-login-gate / enforce-single-session	UNKNOWN STEP	2026-08-14T17:28:19.7699907Z #11 2.071 Collecting bcrypt<5.0,>=4.1 (from -r requirements.txt (line 20))
auth-duplicate-login-gate / enforce-single-session	UNKNOWN STEP	2026-08-14T17:28:19.7700506Z #11 2.081   Downloading bcrypt-4.3.0-cp39-abi3-manylinux_2_34_x86_64.whl.metadata (10 kB)
auth-duplicate-login-gate / enforce-single-session	UNKNOWN STEP	2026-08-14T17:28:19.9181203Z #11 2.213 Collecting cryptography>=42.0 (from -r requirements.txt (line 22))
auth-duplicate-login-gate / enforce-single-session	UNKNOWN STEP	2026-08-14T17:28:19.9182506Z #11 2.223   Downloading cryptography-50.0.0-cp311-abi3-manylinux_2_34_x86_64.whl.metadata (4.3 kB)
auth-duplicate-login-gate / enforce-single-session	UNKNOWN STEP	2026-08-14T17:28:20.1294605Z #11 2.361 Collecting boto3>=1.43.18 (from -r requirements.txt (line 23))
auth-duplicate-login-gate / enforce-single-session	UNKNOWN STEP	2026-08-14T17:28:20.1295358Z #11 2.371   Downloading boto3-1.43.71-py3-none-any.whl.metadata (6.6 kB)
auth-duplicate-login-gate / enforce-single-session	UNKNOWN STEP	2026-08-14T17:28:20.1296276Z #11 2.387 Collecting minio<8.0,>=7.2.20 (from -r requirements.txt (line 24))
auth-duplicate-login-gate / enforce-single-session	UNKNOWN STEP	2026-08-14T17:28:20.1296842Z #11 2.398   Downloading minio-7.2.20-py3-none-any.whl.metadata (6.5 kB)
auth-duplicate-login-gate / enforce-single-session	UNKNOWN STEP	2026-08-14T17:28:20.1297405Z #11 2.413 Collecting qdrant-client>=1.18.0 (from -r requirements.txt (line 25))
auth-duplicate-login-gate / enforce-single-session	UNKNOWN STEP	2026-08-14T17:28:20.1298322Z #11 2.424   Downloading qdrant_client-1.19.0-py3-none-any.whl.metadata (11 kB)
auth-duplicate-login-gate / enforce-single-session	UNKNOWN STEP	2026-08-14T17:28:20.1298888Z #11 2.436 Collecting fastembed>=0.8.0 (from -r requirements.txt (line 27))
auth-duplicate-login-gate / enforce-single-session	UNKNOWN STEP	2026-08-14T17:28:20.1299456Z #11 2.446   Downloading fastembed-0.8.0-py3-none-any.whl.metadata (10 kB)
auth-duplicate-login-gate / enforce-single-session	UNKNOWN STEP	2026-08-14T17:28:20.2303061Z #11 2.572 Collecting Pillow<13.0,>=12.2 (from -r requirements.txt (line 28))
auth-duplicate-login-gate / enforce-single-session	UNKNOWN STEP	2026-08-14T17:28:20.2304222Z #11 2.583   Downloading pillow-12.3.0-cp313-cp313-manylinux_2_27_x86_64.manylinux_2_28_x86_64.whl.metadata (9.1 kB)
auth-duplicate-login-gate / enforce-single-session	UNKNOWN STEP	2026-08-14T17:28:20.2305342Z #11 2.592 Collecting qrcode>=7.4.2 (from qrcode[pil]>=7.4.2->-r requirements.txt (line 29))
auth-duplicate-login-gate / enforce-single-session	UNKNOWN STEP	2026-08-14T17:28:20.2306202Z #11 2.603   Downloading qrcode-8.2-py3-none-any.whl.metadata (17 kB)
auth-duplicate-login-gate / enforce-single-session	UNKNOWN STEP	2026-08-14T17:28:20.2307009Z #11 2.612 Collecting prometheus-client>=0.25.0 (from -r requirements.txt (line 30))
auth-duplicate-login-gate / enforce-single-session	UNKNOWN STEP	2026-08-14T17:28:20.2308091Z #11 2.622   Downloading prometheus_client-0.26.0-py3-none-any.whl.metadata (2.1 kB)
auth-duplicate-login-gate / enforce-single-session	UNKNOWN STEP	2026-08-14T17:28:20.2308617Z #11 2.635 Collecting requests>=2.34.2 (from -r requirements.txt (line 31))
auth-duplicate-login-gate / enforce-single-session	UNKNOWN STEP	2026-08-14T17:28:20.2309077Z #11 2.645   Downloading requests-2.34.2-py3-none-any.whl.metadata (4.8 kB)
auth-duplicate-login-gate / enforce-single-session	UNKNOWN STEP	2026-08-14T17:28:20.2309532Z #11 2.655 Collecting webauthn>=2.7.1 (from -r requirements.txt (line 32))
auth-duplicate-login-gate / enforce-single-session	UNKNOWN STEP	2026-08-14T17:28:20.2309995Z #11 2.665   Downloading webauthn-3.0.0-py3-none-any.whl.metadata (5.8 kB)
auth-duplicate-login-gate / enforce-single-session	UNKNOWN STEP	2026-08-14T17:28:20.3650964Z #11 2.673 Collecting faster-whisper>=1.2.1 (from -r requirements.txt (line 33))
auth-duplicate-login-gate / enforce-single-session	UNKNOWN STEP	2026-08-14T17:28:20.3651756Z #11 2.684   Downloading faster_whisper-1.2.1-py3-none-any.whl.metadata (16 kB)
auth-duplicate-login-gate / enforce-single-session	UNKNOWN STEP	2026-08-14T17:28:20.3652364Z #11 2.696 Collecting edge-tts>=7.0.0 (from -r requirements.txt (line 34))
auth-duplicate-login-gate / enforce-single-session	UNKNOWN STEP	2026-08-14T17:28:20.3652932Z #11 2.707   Downloading edge_tts-7.2.8-py3-none-any.whl.metadata (5.5 kB)
auth-duplicate-login-gate / enforce-single-session	UNKNOWN STEP	2026-08-14T17:28:20.3653467Z #11 2.733 Collecting aiortc>=1.9.0 (from -r requirements.txt (line 37))
auth-duplicate-login-gate / enforce-single-session	UNKNOWN STEP	2026-08-14T17:28:20.3654011Z #11 2.744   Downloading aiortc-1.15.0-py3-none-any.whl.metadata (4.9 kB)
auth-duplicate-login-gate / enforce-single-session	UNKNOWN STEP	2026-08-14T17:28:20.3654559Z #11 2.808 Collecting av>=12.0.0 (from -r requirements.txt (line 38))
auth-duplicate-login-gate / enforce-single-session	UNKNOWN STEP	2026-08-14T17:28:20.5211045Z #11 2.819   Downloading av-18.1.0-cp311-abi3-manylinux_2_28_x86_64.whl.metadata (5.0 kB)
auth-duplicate-login-gate / enforce-single-session	UNKNOWN STEP	2026-08-14T17:28:20.6286394Z #11 2.964 Collecting numpy>=1.24.0 (from -r requirements.txt (line 39))
auth-duplicate-login-gate / enforce-single-session	UNKNOWN STEP	2026-08-14T17:28:20.6287430Z #11 2.975   Downloading numpy-2.5.2-cp313-cp313-manylinux_2_27_x86_64.manylinux_2_28_x86_64.whl.metadata (6.6 kB)
auth-duplicate-login-gate / enforce-single-session	UNKNOWN STEP	2026-08-14T17:28:20.6288291Z #11 2.985 Collecting mpmath<1.4,>=1.1 (from -r requirements.txt (line 40))
auth-duplicate-login-gate / enforce-single-session	UNKNOWN STEP	2026-08-14T17:28:20.6288858Z #11 2.995   Downloading mpmath-1.3.0-py3-none-any.whl.metadata (8.6 kB)
auth-duplicate-login-gate / enforce-single-session	UNKNOWN STEP	2026-08-14T17:28:20.6289429Z #11 3.050 Collecting setuptools<83,>=75 (from -r requirements.txt (line 41))
auth-duplicate-login-gate / enforce-single-session	UNKNOWN STEP	2026-08-14T17:28:20.6290022Z #11 3.062   Downloading setuptools-82.0.1-py3-none-any.whl.metadata (6.5 kB)
auth-duplicate-login-gate / enforce-single-session	UNKNOWN STEP	2026-08-14T17:28:20.6290592Z #11 3.072 Collecting slowapi>=0.1.9 (from -r requirements.txt (line 42))
auth-duplicate-login-gate / enforce-single-session	UNKNOWN STEP	2026-08-14T17:28:20.7348445Z #11 3.082   Downloading slowapi-0.1.10-py3-none-any.whl.metadata (3.3 kB)
auth-duplicate-login-gate / enforce-single-session	UNKNOWN STEP	2026-08-14T17:28:20.7349143Z #11 3.126 Collecting stripe>=15.2.0 (from -r requirements.txt (line 43))
auth-duplicate-login-gate / enforce-single-session	UNKNOWN STEP	2026-08-14T17:28:20.7349706Z #11 3.136   Downloading stripe-15.5.0-py3-none-any.whl.metadata (18 kB)
auth-duplicate-login-gate / enforce-single-session	UNKNOWN STEP	2026-08-14T17:28:20.7350265Z #11 3.147 Collecting Flask<4.0,>=3.1 (from -r requirements.txt (line 44))
auth-duplicate-login-gate / enforce-single-session	UNKNOWN STEP	2026-08-14T17:28:20.7350827Z #11 3.157   Downloading flask-3.1.3-py3-none-any.whl.metadata (3.2 kB)
auth-duplicate-login-gate / enforce-single-session	UNKNOWN STEP	2026-08-14T17:28:20.7351407Z #11 3.168 Collecting Flask-SocketIO<6.0,>=5.6 (from -r requirements.txt (line 45))
auth-duplicate-login-gate / enforce-single-session	UNKNOWN STEP	2026-08-14T17:28:20.7352010Z #11 3.178   Downloading flask_socketio-5.6.1-py3-none-any.whl.metadata (2.6 kB)
auth-duplicate-login-gate / enforce-single-session	UNKNOWN STEP	2026-08-14T17:28:20.9481364Z #11 3.189 Collecting SpeechRecognition<4.0,>=3.16.1 (from -r requirements.txt (line 46))
auth-duplicate-login-gate / enforce-single-session	UNKNOWN STEP	2026-08-14T17:28:20.9482499Z #11 3.199   Downloading speechrecognition-3.17.0-py3-none-any.whl.metadata (28 kB)
auth-duplicate-login-gate / enforce-single-session	UNKNOWN STEP	2026-08-14T17:28:20.9483460Z #11 3.209 Collecting pyttsx3<3.0,>=2.99 (from -r requirements.txt (line 47))
auth-duplicate-login-gate / enforce-single-session	UNKNOWN STEP	2026-08-14T17:28:20.9484329Z #11 3.219   Downloading pyttsx3-2.99-py3-none-any.whl.metadata (6.2 kB)
auth-duplicate-login-gate / enforce-single-session	UNKNOWN STEP	2026-08-14T17:28:20.9485177Z #11 3.230 Collecting geopy<3.0,>=2.4.1 (from -r requirements.txt (line 48))
auth-duplicate-login-gate / enforce-single-session	UNKNOWN STEP	2026-08-14T17:28:20.9486023Z #11 3.240   Downloading geopy-2.5.0-py3-none-any.whl.metadata (7.1 kB)
auth-duplicate-login-gate / enforce-single-session	UNKNOWN STEP	2026-08-14T17:28:21.1731432Z #11 3.616 Collecting aiohttp<4.0,>=3.13 (from -r requirements.txt (line 49))
auth-duplicate-login-gate / enforce-single-session	UNKNOWN STEP	2026-08-14T17:28:21.2778210Z #11 3.627   Downloading aiohttp-3.14.3-cp313-cp313-manylinux2014_x86_64.manylinux_2_17_x86_64.manylinux_2_28_x86_64.whl.metadata (8.3 kB)
auth-duplicate-login-gate / enforce-single-session	UNKNOWN STEP	2026-08-14T17:28:21.2779095Z #11 3.636 Collecting aiofiles<26.0,>=25.1 (from -r requirements.txt (line 50))
auth-duplicate-login-gate / enforce-single-session	UNKNOWN STEP	2026-08-14T17:28:21.2779722Z #11 3.646   Downloading aiofiles-25.1.0-py3-none-any.whl.metadata (6.3 kB)
auth-duplicate-login-gate / enforce-single-session	UNKNOWN STEP	2026-08-14T17:28:21.2780373Z #11 3.684 Collecting opencv-python-headless<5.0,>=4.13 (from -r requirements.txt (line 51))
auth-duplicate-login-gate / enforce-single-session	UNKNOWN STEP	2026-08-14T17:28:21.2781122Z #11 3.694   Downloading opencv_python_headless-4.14.0.94-cp37-abi3-manylinux_2_28_x86_64.whl.metadata (19 kB)
auth-duplicate-login-gate / enforce-single-session	UNKNOWN STEP	2026-08-14T17:28:21.2781824Z #11 3.703 Collecting paho-mqtt<3.0,>=2.1 (from -r requirements.txt (line 52))
auth-duplicate-login-gate / enforce-single-session	UNKNOWN STEP	2026-08-14T17:28:21.2782380Z #11 3.713   Downloading paho_mqtt-2.1.0-py3-none-any.whl.metadata (23 kB)
auth-duplicate-login-gate / enforce-single-session	UNKNOWN STEP	2026-08-14T17:28:21.3983692Z #11 3.721 Collecting googletrans<5.0,>=4.0.2 (from -r requirements.txt (line 53))
auth-duplicate-login-gate / enforce-single-session	UNKNOWN STEP	2026-08-14T17:28:21.3984697Z #11 3.731   Downloading googletrans-4.0.2-py3-none-any.whl.metadata (10 kB)
auth-duplicate-login-gate / enforce-single-session	UNKNOWN STEP	2026-08-14T17:28:21.3985521Z #11 3.742 Collecting rapidocr-onnxruntime==1.2.3 (from -r requirements.txt (line 54))
auth-duplicate-login-gate / enforce-single-session	UNKNOWN STEP	2026-08-14T17:28:21.3986308Z #11 3.753   Downloading rapidocr_onnxruntime-1.2.3-py3-none-any.whl.metadata (4.8 kB)
auth-duplicate-login-gate / enforce-single-session	UNKNOWN STEP	2026-08-14T17:28:21.5973670Z #11 3.841 Collecting pygame<3.0,>=2.6.1 (from -r requirements.txt (line 55))
auth-duplicate-login-gate / enforce-single-session	UNKNOWN STEP	2026-08-14T17:28:21.5974892Z #11 3.852   Downloading pygame-2.6.1-cp313-cp313-manylinux_2_17_x86_64.manylinux2014_x86_64.whl.metadata (12 kB)
auth-duplicate-login-gate / enforce-single-session	UNKNOWN STEP	2026-08-14T17:28:21.5976057Z #11 3.862 Collecting PyAudio<0.3,>=0.2.14 (from -r requirements.txt (line 56))
auth-duplicate-login-gate / enforce-single-session	UNKNOWN STEP	2026-08-14T17:28:21.5976842Z #11 3.872   Downloading PyAudio-0.2.14.tar.gz (47 kB)
auth-duplicate-login-gate / enforce-single-session	UNKNOWN STEP	2026-08-14T17:28:21.5977462Z #11 3.890   Installing build dependencies: started
auth-duplicate-login-gate / enforce-single-session	UNKNOWN STEP	2026-08-14T17:28:22.4003569Z #11 4.692   Installing build dependencies: finished with status 'done'
auth-duplicate-login-gate / enforce-single-session	UNKNOWN STEP	2026-08-14T17:28:22.4004215Z #11 4.693   Getting requirements to build wheel: started
auth-duplicate-login-gate / enforce-single-session	UNKNOWN STEP	2026-08-14T17:28:22.6060373Z #11 5.049   Getting requirements to build wheel: finished with status 'done'
auth-duplicate-login-gate / enforce-single-session	UNKNOWN STEP	2026-08-14T17:28:22.7577837Z #11 5.050   Preparing metadata (pyproject.toml): started
auth-duplicate-login-gate / enforce-single-session	UNKNOWN STEP	2026-08-14T17:28:22.7885635Z #11 5.232   Preparing metadata (pyproject.toml): finished with status 'done'
auth-duplicate-login-gate / enforce-single-session	UNKNOWN STEP	2026-08-14T17:28:22.9045539Z #11 5.253 Collecting google-auth>=2.30.0 (from -r requirements.txt (line 57))
auth-duplicate-login-gate / enforce-single-session	UNKNOWN STEP	2026-08-14T17:28:22.9046411Z #11 5.263   Downloading google_auth-2.56.3-py3-none-any.whl.metadata (6.0 kB)
auth-duplicate-login-gate / enforce-single-session	UNKNOWN STEP	2026-08-14T17:28:22.9047323Z #11 5.291 Collecting pyclipper>=1.2.1 (from rapidocr-onnxruntime==1.2.3->-r requirements.txt (line 54))
auth-duplicate-login-gate / enforce-single-session	UNKNOWN STEP	2026-08-14T17:28:22.9048552Z #11 5.302   Downloading pyclipper-1.4.0-cp313-cp313-manylinux2014_x86_64.manylinux_2_17_x86_64.whl.metadata (8.6 kB)
auth-duplicate-login-gate / enforce-single-session	UNKNOWN STEP	2026-08-14T17:28:23.0499637Z #11 5.348 Collecting onnxruntime>=1.7.0 (from rapidocr-onnxruntime==1.2.3->-r requirements.txt (line 54))
auth-duplicate-login-gate / enforce-single-session	UNKNOWN STEP	2026-08-14T17:28:23.0500925Z #11 5.358   Downloading onnxruntime-1.28.0-cp313-cp313-manylinux_2_27_x86_64.manylinux_2_28_x86_64.whl.metadata (5.5 kB)
auth-duplicate-login-gate / enforce-single-session	UNKNOWN STEP	2026-08-14T17:28:23.0502154Z #11 5.406 Collecting opencv-python>=4.5.1.48 (from rapidocr-onnxruntime==1.2.3->-r requirements.txt (line 54))
auth-duplicate-login-gate / enforce-single-session	UNKNOWN STEP	2026-08-14T17:28:23.0503236Z #11 5.416   Downloading opencv_python-5.0.0.93-cp37-abi3-manylinux_2_28_x86_64.whl.metadata (19 kB)
auth-duplicate-login-gate / enforce-single-session	UNKNOWN STEP	2026-08-14T17:28:23.0504608Z #11 5.426 Collecting six>=1.15.0 (from rapidocr-onnxruntime==1.2.3->-r requirements.txt (line 54))
auth-duplicate-login-gate / enforce-single-session	UNKNOWN STEP	2026-08-14T17:28:23.0505350Z #11 5.436   Downloading six-1.17.0-py2.py3-none-any.whl.metadata (1.7 kB)
auth-duplicate-login-gate / enforce-single-session	UNKNOWN STEP	2026-08-14T17:28:23.1519170Z #11 5.493 Collecting Shapely>=1.7.1 (from rapidocr-onnxruntime==1.2.3->-r requirements.txt (line 54))
auth-duplicate-login-gate / enforce-single-session	UNKNOWN STEP	2026-08-14T17:28:23.1520708Z #11 5.504   Downloading shapely-2.1.2-cp313-cp313-manylinux2014_x86_64.manylinux_2_17_x86_64.whl.metadata (6.8 kB)
auth-duplicate-login-gate / enforce-single-session	UNKNOWN STEP	2026-08-14T17:28:23.1521660Z #11 5.531 Collecting PyYAML (from rapidocr-onnxruntime==1.2.3->-r requirements.txt (line 54))
auth-duplicate-login-gate / enforce-single-session	UNKNOWN STEP	2026-08-14T17:28:23.1522519Z #11 5.541   Downloading pyyaml-6.0.3-cp313-cp313-manylinux2014_x86_64.manylinux_2_17_x86_64.manylinux_2_28_x86_64.whl.metadata (2.4 kB)
auth-duplicate-login-gate / enforce-single-session	UNKNOWN STEP	2026-08-14T17:28:23.1523354Z #11 5.553 Collecting Mako (from alembic<2.0,>=1.13->-r requirements.txt (line 16))
auth-duplicate-login-gate / enforce-single-session	UNKNOWN STEP	2026-08-14T17:28:23.1523917Z #11 5.563   Downloading mako-1.4.1-py3-none-any.whl.metadata (2.9 kB)
auth-duplicate-login-gate / enforce-single-session	UNKNOWN STEP	2026-08-14T17:28:23.1524552Z #11 5.574 Collecting typing-extensions>=4.12 (from alembic<2.0,>=1.13->-r requirements.txt (line 16))
auth-duplicate-login-gate / enforce-single-session	UNKNOWN STEP	2026-08-14T17:28:23.1525230Z #11 5.584   Downloading typing_extensions-4.16.0-py3-none-any.whl.metadata (3.3 kB)
auth-duplicate-login-gate / enforce-single-session	UNKNOWN STEP	2026-08-14T17:28:23.2664978Z #11 5.595 Collecting PyJWT>=2.9.0 (from redis<6.0,>=5.3.1->-r requirements.txt (line 18))
auth-duplicate-login-gate / enforce-single-session	UNKNOWN STEP	2026-08-14T17:28:23.2665743Z #11 5.605   Downloading pyjwt-2.13.0-py3-none-any.whl.metadata (3.4 kB)
auth-duplicate-login-gate / enforce-single-session	UNKNOWN STEP	2026-08-14T17:28:23.2666354Z #11 5.620 Collecting argon2-cffi (from minio<8.0,>=7.2.20->-r requirements.txt (line 24))
auth-duplicate-login-gate / enforce-single-session	UNKNOWN STEP	2026-08-14T17:28:23.2666972Z #11 5.631   Downloading argon2_cffi-25.1.0-py3-none-any.whl.metadata (4.1 kB)
auth-duplicate-login-gate / enforce-single-session	UNKNOWN STEP	2026-08-14T17:28:23.2667763Z #11 5.643 Collecting certifi (from minio<8.0,>=7.2.20->-r requirements.txt (line 24))
auth-duplicate-login-gate / enforce-single-session	UNKNOWN STEP	2026-08-14T17:28:23.2668363Z #11 5.654   Downloading certifi-2026.7.22-py3-none-any.whl.metadata (2.5 kB)
auth-duplicate-login-gate / enforce-single-session	UNKNOWN STEP	2026-08-14T17:28:23.3692264Z #11 5.709 Collecting pycryptodome (from minio<8.0,>=7.2.20->-r requirements.txt (line 24))
auth-duplicate-login-gate / enforce-single-session	UNKNOWN STEP	2026-08-14T17:28:23.3693830Z #11 5.721   Downloading pycryptodome-3.23.0-cp37-abi3-manylinux_2_17_x86_64.manylinux2014_x86_64.whl.metadata (3.4 kB)
auth-duplicate-login-gate / enforce-single-session	UNKNOWN STEP	2026-08-14T17:28:23.3694925Z #11 5.735 Collecting urllib3 (from minio<8.0,>=7.2.20->-r requirements.txt (line 24))
auth-duplicate-login-gate / enforce-single-session	UNKNOWN STEP	2026-08-14T17:28:23.3695516Z #11 5.746   Downloading urllib3-2.7.0-py3-none-any.whl.metadata (6.9 kB)
auth-duplicate-login-gate / enforce-single-session	UNKNOWN STEP	2026-08-14T17:28:23.3696111Z #11 5.756 Collecting blinker>=1.9.0 (from Flask<4.0,>=3.1->-r requirements.txt (line 44))
auth-duplicate-login-gate / enforce-single-session	UNKNOWN STEP	2026-08-14T17:28:23.3696702Z #11 5.766   Downloading blinker-1.9.0-py3-none-any.whl.metadata (1.6 kB)
auth-duplicate-login-gate / enforce-single-session	UNKNOWN STEP	2026-08-14T17:28:23.3697271Z #11 5.776 Collecting click>=8.1.3 (from Flask<4.0,>=3.1->-r requirements.txt (line 44))
auth-duplicate-login-gate / enforce-single-session	UNKNOWN STEP	2026-08-14T17:28:23.3698367Z #11 5.786   Downloading click-8.4.2-py3-none-any.whl.metadata (2.6 kB)
auth-duplicate-login-gate / enforce-single-session	UNKNOWN STEP	2026-08-14T17:28:23.3698962Z #11 5.794 Collecting itsdangerous>=2.2.0 (from Flask<4.0,>=3.1->-r requirements.txt (line 44))
auth-duplicate-login-gate / enforce-single-session	UNKNOWN STEP	2026-08-14T17:28:23.3699607Z #11 5.804   Downloading itsdangerous-2.2.0-py3-none-any.whl.metadata (1.9 kB)
auth-duplicate-login-gate / enforce-single-session	UNKNOWN STEP	2026-08-14T17:28:23.4715925Z #11 5.812 Collecting jinja2>=3.1.2 (from Flask<4.0,>=3.1->-r requirements.txt (line 44))
auth-duplicate-login-gate / enforce-single-session	UNKNOWN STEP	2026-08-14T17:28:23.4716993Z #11 5.822   Downloading jinja2-3.1.6-py3-none-any.whl.metadata (2.9 kB)
auth-duplicate-login-gate / enforce-single-session	UNKNOWN STEP	2026-08-14T17:28:23.4717957Z #11 5.858 Collecting markupsafe>=2.1.1 (from Flask<4.0,>=3.1->-r requirements.txt (line 44))
auth-duplicate-login-gate / enforce-single-session	UNKNOWN STEP	2026-08-14T17:28:23.4718968Z #11 5.868   Downloading markupsafe-3.0.3-cp313-cp313-manylinux2014_x86_64.manylinux_2_17_x86_64.manylinux_2_28_x86_64.whl.metadata (2.7 kB)
auth-duplicate-login-gate / enforce-single-session	UNKNOWN STEP	2026-08-14T17:28:23.4719928Z #11 5.881 Collecting werkzeug>=3.1.0 (from Flask<4.0,>=3.1->-r requirements.txt (line 44))
auth-duplicate-login-gate / enforce-single-session	UNKNOWN STEP	2026-08-14T17:28:23.4720708Z #11 5.891   Downloading werkzeug-3.1.8-py3-none-any.whl.metadata (4.0 kB)
auth-duplicate-login-gate / enforce-single-session	UNKNOWN STEP	2026-08-14T17:28:23.4721485Z #11 5.904 Collecting python-socketio>=5.12.0 (from Flask-SocketIO<6.0,>=5.6->-r requirements.txt (line 45))
auth-duplicate-login-gate / enforce-single-session	UNKNOWN STEP	2026-08-14T17:28:23.5751246Z #11 5.915   Downloading python_socketio-5.16.4-py3-none-any.whl.metadata (3.3 kB)
auth-duplicate-login-gate / enforce-single-session	UNKNOWN STEP	2026-08-14T17:28:23.5752610Z #11 5.922 Collecting standard-aifc (from SpeechRecognition<4.0,>=3.16.1->-r requirements.txt (line 46))
auth-duplicate-login-gate / enforce-single-session	UNKNOWN STEP	2026-08-14T17:28:23.5753451Z #11 5.932   Downloading standard_aifc-3.13.0-py3-none-any.whl.metadata (969 bytes)
auth-duplicate-login-gate / enforce-single-session	UNKNOWN STEP	2026-08-14T17:28:23.5754291Z #11 5.942 Collecting audioop-lts (from SpeechRecognition<4.0,>=3.16.1->-r requirements.txt (line 46))
auth-duplicate-login-gate / enforce-single-session	UNKNOWN STEP	2026-08-14T17:28:23.5755256Z #11 5.953   Downloading audioop_lts-0.2.2-cp313-abi3-manylinux1_x86_64.manylinux_2_28_x86_64.manylinux_2_5_x86_64.whl.metadata (2.0 kB)
auth-duplicate-login-gate / enforce-single-session	UNKNOWN STEP	2026-08-14T17:28:23.5756225Z #11 5.962 Collecting geographiclib<3,>=1.52 (from geopy<3.0,>=2.4.1->-r requirements.txt (line 48))
auth-duplicate-login-gate / enforce-single-session	UNKNOWN STEP	2026-08-14T17:28:23.5757032Z #11 5.973   Downloading geographiclib-2.1-py3-none-any.whl.metadata (1.6 kB)
auth-duplicate-login-gate / enforce-single-session	UNKNOWN STEP	2026-08-14T17:28:23.5758068Z #11 5.982 Collecting aiohappyeyeballs>=2.5.0 (from aiohttp<4.0,>=3.13->-r requirements.txt (line 49))
auth-duplicate-login-gate / enforce-single-session	UNKNOWN STEP	2026-08-14T17:28:23.5758831Z #11 5.992   Downloading aiohappyeyeballs-2.7.1-py3-none-any.whl.metadata (5.9 kB)
auth-duplicate-login-gate / enforce-single-session	UNKNOWN STEP	2026-08-14T17:28:23.5759569Z #11 5.998 Collecting aiosignal>=1.4.0 (from aiohttp<4.0,>=3.13->-r requirements.txt (line 49))
auth-duplicate-login-gate / enforce-single-session	UNKNOWN STEP	2026-08-14T17:28:23.5760432Z #11 6.008   Downloading aiosignal-1.4.0-py3-none-any.whl.metadata (3.7 kB)
auth-duplicate-login-gate / enforce-single-session	UNKNOWN STEP	2026-08-14T17:28:23.7945233Z #11 6.018 Collecting attrs>=17.3.0 (from aiohttp<4.0,>=3.13->-r requirements.txt (line 49))
auth-duplicate-login-gate / enforce-single-session	UNKNOWN STEP	2026-08-14T17:28:23.7946222Z #11 6.028   Downloading attrs-26.1.0-py3-none-any.whl.metadata (8.8 kB)
auth-duplicate-login-gate / enforce-single-session	UNKNOWN STEP	2026-08-14T17:28:23.7946867Z #11 6.077 Collecting frozenlist>=1.1.1 (from aiohttp<4.0,>=3.13->-r requirements.txt (line 49))
auth-duplicate-login-gate / enforce-single-session	UNKNOWN STEP	2026-08-14T17:28:23.7947952Z #11 6.087   Downloading frozenlist-1.8.0-cp313-cp313-manylinux1_x86_64.manylinux_2_28_x86_64.manylinux_2_5_x86_64.whl.metadata (20 kB)
auth-duplicate-login-gate / enforce-single-session	UNKNOWN STEP	2026-08-14T17:28:23.8085350Z #11 6.252 Collecting multidict<7.0,>=4.5 (from aiohttp<4.0,>=3.13->-r requirements.txt (line 49))
auth-duplicate-login-gate / enforce-single-session	UNKNOWN STEP	2026-08-14T17:28:24.0213948Z #11 6.262   Downloading multidict-6.7.1-cp313-cp313-manylinux2014_x86_64.manylinux_2_17_x86_64.manylinux_2_28_x86_64.whl.metadata (5.3 kB)
auth-duplicate-login-gate / enforce-single-session	UNKNOWN STEP	2026-08-14T17:28:24.0215588Z #11 6.303 Collecting propcache>=0.2.0 (from aiohttp<4.0,>=3.13->-r requirements.txt (line 49))
auth-duplicate-login-gate / enforce-single-session	UNKNOWN STEP	2026-08-14T17:28:24.0216528Z #11 6.314   Downloading propcache-0.5.2-cp313-cp313-manylinux2014_x86_64.manylinux_2_17_x86_64.manylinux_2_28_x86_64.whl.metadata (16 kB)
auth-duplicate-login-gate / enforce-single-session	UNKNOWN STEP	2026-08-14T17:28:24.2072993Z #11 6.548 Collecting yarl<2.0,>=1.17.0 (from aiohttp<4.0,>=3.13->-r requirements.txt (line 49))
auth-duplicate-login-gate / enforce-single-session	UNKNOWN STEP	2026-08-14T17:28:24.2074334Z #11 6.559   Downloading yarl-1.24.5-cp313-cp313-manylinux2014_x86_64.manylinux_2_17_x86_64.manylinux_2_28_x86_64.whl.metadata (103 kB)
auth-duplicate-login-gate / enforce-single-session	UNKNOWN STEP	2026-08-14T17:28:24.2075616Z #11 6.585 Collecting idna>=2.0 (from yarl<2.0,>=1.17.0->aiohttp<4.0,>=3.13->-r requirements.txt (line 49))
auth-duplicate-login-gate / enforce-single-session	UNKNOWN STEP	2026-08-14T17:28:24.2076829Z #11 6.595   Downloading idna-3.18-py3-none-any.whl.metadata (6.1 kB)
auth-duplicate-login-gate / enforce-single-session	UNKNOWN STEP	2026-08-14T17:28:24.2077945Z #11 6.615 Collecting starlette>=0.46.0 (from fastapi>=0.136.3->-r requirements.txt (line 6))
auth-duplicate-login-gate / enforce-single-session	UNKNOWN STEP	2026-08-14T17:28:24.2078652Z #11 6.626   Downloading starlette-1.6.0-py3-none-any.whl.metadata (6.4 kB)
auth-duplicate-login-gate / enforce-single-session	UNKNOWN STEP	2026-08-14T17:28:24.2079231Z #11 6.635 Collecting typing-inspection>=0.4.2 (from fastapi>=0.136.3->-r requirements.txt (line 6))
auth-duplicate-login-gate / enforce-single-session	UNKNOWN STEP	2026-08-14T17:28:24.2079806Z #11 6.645   Downloading typing_inspection-0.4.4-py3-none-any.whl.metadata (2.6 kB)
auth-duplicate-login-gate / enforce-single-session	UNKNOWN STEP	2026-08-14T17:28:24.2080354Z #11 6.650 Collecting annotated-doc>=0.0.2 (from fastapi>=0.136.3->-r requirements.txt (line 6))
auth-duplicate-login-gate / enforce-single-session	UNKNOWN STEP	2026-08-14T17:28:24.3108783Z #11 6.661   Downloading annotated_doc-0.0.5-py3-none-any.whl.metadata (6.5 kB)
auth-duplicate-login-gate / enforce-single-session	UNKNOWN STEP	2026-08-14T17:28:24.3110159Z #11 6.669 Collecting h11>=0.8 (from uvicorn>=0.48.0->uvicorn[standard]>=0.48.0->-r requirements.txt (line 7))
auth-duplicate-login-gate / enforce-single-session	UNKNOWN STEP	2026-08-14T17:28:24.3111241Z #11 6.679   Downloading h11-0.16.0-py3-none-any.whl.metadata (8.3 kB)
auth-duplicate-login-gate / enforce-single-session	UNKNOWN STEP	2026-08-14T17:28:24.3112399Z #11 6.686 Collecting iniconfig>=1.0.1 (from pytest>=9.0.3->-r requirements.txt (line 8))
auth-duplicate-login-gate / enforce-single-session	UNKNOWN STEP	2026-08-14T17:28:24.3113514Z #11 6.696   Downloading iniconfig-2.3.0-py3-none-any.whl.metadata (2.5 kB)
auth-duplicate-login-gate / enforce-single-session	UNKNOWN STEP	2026-08-14T17:28:24.3114541Z #11 6.705 Collecting packaging>=22 (from pytest>=9.0.3->-r requirements.txt (line 8))
auth-duplicate-login-gate / enforce-single-session	UNKNOWN STEP	2026-08-14T17:28:24.3115592Z #11 6.715   Downloading packaging-26.3-py3-none-any.whl.metadata (3.5 kB)
auth-duplicate-login-gate / enforce-single-session	UNKNOWN STEP	2026-08-14T17:28:24.3116178Z #11 6.723 Collecting pluggy<2,>=1.5 (from pytest>=9.0.3->-r requirements.txt (line 8))
auth-duplicate-login-gate / enforce-single-session	UNKNOWN STEP	2026-08-14T17:28:24.3116751Z #11 6.732   Downloading pluggy-1.6.0-py3-none-any.whl.metadata (4.8 kB)
auth-duplicate-login-gate / enforce-single-session	UNKNOWN STEP	2026-08-14T17:28:24.3117323Z #11 6.744 Collecting pygments>=2.7.2 (from pytest>=9.0.3->-r requirements.txt (line 8))
auth-duplicate-login-gate / enforce-single-session	UNKNOWN STEP	2026-08-14T17:28:24.4821270Z #11 6.754   Downloading pygments-2.20.0-py3-none-any.whl.metadata (2.5 kB)
auth-duplicate-login-gate / enforce-single-session	UNKNOWN STEP	2026-08-14T17:28:24.4821998Z #11 6.765 Collecting annotated-types>=0.6.0 (from pydantic>=2.13.4->-r requirements.txt (line 10))
auth-duplicate-login-gate / enforce-single-session	UNKNOWN STEP	2026-08-14T17:28:24.4822720Z #11 6.775   Downloading annotated_types-0.8.0-py3-none-any.whl.metadata (15 kB)
auth-duplicate-login-gate / enforce-single-session	UNKNOWN STEP	2026-08-14T17:28:24.8187155Z #11 7.262 Collecting pydantic-core==2.46.4 (from pydantic>=2.13.4->-r requirements.txt (line 10))
auth-duplicate-login-gate / enforce-single-session	UNKNOWN STEP	2026-08-14T17:28:25.0062631Z #11 7.272   Downloading pydantic_core-2.46.4-cp313-cp313-manylinux_2_17_x86_64.manylinux2014_x86_64.whl.metadata (6.6 kB)
auth-duplicate-login-gate / enforce-single-session	UNKNOWN STEP	2026-08-14T17:28:25.0063522Z #11 7.288 Collecting anyio (from httpx>=0.28.1->-r requirements.txt (line 11))
auth-duplicate-login-gate / enforce-single-session	UNKNOWN STEP	2026-08-14T17:28:25.0064093Z #11 7.298   Downloading anyio-4.14.2-py3-none-any.whl.metadata (4.6 kB)
auth-duplicate-login-gate / enforce-single-session	UNKNOWN STEP	2026-08-14T17:28:25.0064692Z #11 7.309 Collecting httpcore==1.* (from httpx>=0.28.1->-r requirements.txt (line 11))
auth-duplicate-login-gate / enforce-single-session	UNKNOWN STEP	2026-08-14T17:28:25.0065277Z #11 7.319   Downloading httpcore-1.0.9-py3-none-any.whl.metadata (21 kB)
auth-duplicate-login-gate / enforce-single-session	UNKNOWN STEP	2026-08-14T17:28:25.0065911Z #11 7.331 Collecting dnspython>=2.0.0 (from email-validator>=2.3.0->-r requirements.txt (line 13))
auth-duplicate-login-gate / enforce-single-session	UNKNOWN STEP	2026-08-14T17:28:25.0066544Z #11 7.341   Downloading dnspython-2.8.0-py3-none-any.whl.metadata (5.7 kB)
auth-duplicate-login-gate / enforce-single-session	UNKNOWN STEP	2026-08-14T17:28:25.1632469Z #11 7.449 Collecting greenlet>=1 (from sqlalchemy>=2.0.50->-r requirements.txt (line 14))
auth-duplicate-login-gate / enforce-single-session	UNKNOWN STEP	2026-08-14T17:28:25.1633470Z #11 7.460   Downloading greenlet-3.5.5-cp313-cp313-manylinux_2_24_x86_64.manylinux_2_28_x86_64.whl.metadata (3.8 kB)
auth-duplicate-login-gate / enforce-single-session	UNKNOWN STEP	2026-08-14T17:28:25.1634233Z #11 7.473 Collecting ecdsa!=0.15 (from python-jose>=3.5.0->-r requirements.txt (line 19))
auth-duplicate-login-gate / enforce-single-session	UNKNOWN STEP	2026-08-14T17:28:25.1634882Z #11 7.483   Downloading ecdsa-0.19.2-py2.py3-none-any.whl.metadata (29 kB)
auth-duplicate-login-gate / enforce-single-session	UNKNOWN STEP	2026-08-14T17:28:25.1635515Z #11 7.494 Collecting rsa!=4.1.1,!=4.4,<5.0,>=4.0 (from python-jose>=3.5.0->-r requirements.txt (line 19))
auth-duplicate-login-gate / enforce-single-session	UNKNOWN STEP	2026-08-14T17:28:25.1636114Z #11 7.504   Downloading rsa-4.9.1-py3-none-any.whl.metadata (5.6 kB)
auth-duplicate-login-gate / enforce-single-session	UNKNOWN STEP	2026-08-14T17:28:25.1636682Z #11 7.518 Collecting pyasn1>=0.5.0 (from python-jose>=3.5.0->-r requirements.txt (line 19))
auth-duplicate-login-gate / enforce-single-session	UNKNOWN STEP	2026-08-14T17:28:25.1637280Z #11 7.528   Downloading pyasn1-0.6.4-py3-none-any.whl.metadata (8.4 kB)
auth-duplicate-login-gate / enforce-single-session	UNKNOWN STEP	2026-08-14T17:28:25.3253682Z #11 7.606 Collecting cffi>=2.0.0 (from cryptography>=42.0->-r requirements.txt (line 22))
auth-duplicate-login-gate / enforce-single-session	UNKNOWN STEP	2026-08-14T17:28:25.3254916Z #11 7.618   Downloading cffi-2.1.1-cp313-cp313-manylinux2014_x86_64.manylinux_2_17_x86_64.whl.metadata (2.5 kB)
auth-duplicate-login-gate / enforce-single-session	UNKNOWN STEP	2026-08-14T17:28:25.3418915Z #11 7.785 Collecting botocore<1.44.0,>=1.43.71 (from boto3>=1.43.18->-r requirements.txt (line 23))
auth-duplicate-login-gate / enforce-single-session	UNKNOWN STEP	2026-08-14T17:28:25.5587186Z #11 7.795   Downloading botocore-1.43.71-py3-none-any.whl.metadata (5.6 kB)
auth-duplicate-login-gate / enforce-single-session	UNKNOWN STEP	2026-08-14T17:28:25.5588452Z #11 7.802 Collecting jmespath<2.0.0,>=0.7.1 (from boto3>=1.43.18->-r requirements.txt (line 23))
auth-duplicate-login-gate / enforce-single-session	UNKNOWN STEP	2026-08-14T17:28:25.5589432Z #11 7.812   Downloading jmespath-1.1.0-py3-none-any.whl.metadata (7.6 kB)
auth-duplicate-login-gate / enforce-single-session	UNKNOWN STEP	2026-08-14T17:28:25.5590431Z #11 7.822 Collecting s3transfer<0.20.0,>=0.19.0 (from boto3>=1.43.18->-r requirements.txt (line 23))
auth-duplicate-login-gate / enforce-single-session	UNKNOWN STEP	2026-08-14T17:28:25.5591437Z #11 7.832   Downloading s3transfer-0.19.2-py3-none-any.whl.metadata (1.7 kB)
auth-duplicate-login-gate / enforce-single-session	UNKNOWN STEP	2026-08-14T17:28:25.5592601Z #11 7.841 Collecting python-dateutil<3.0.0,>=2.1 (from botocore<1.44.0,>=1.43.71->boto3>=1.43.18->-r requirements.txt (line 23))
auth-duplicate-login-gate / enforce-single-session	UNKNOWN STEP	2026-08-14T17:28:25.5593869Z #11 7.851   Downloading python_dateutil-2.9.0.post0-py2.py3-none-any.whl.metadata (8.4 kB)
auth-duplicate-login-gate / enforce-single-session	UNKNOWN STEP	2026-08-14T17:28:25.8711763Z #11 8.314 Collecting grpcio>=1.41.0 (from qdrant-client>=1.18.0->-r requirements.txt (line 25))
auth-duplicate-login-gate / enforce-single-session	UNKNOWN STEP	2026-08-14T17:28:26.0175469Z #11 8.325   Downloading grpcio-1.83.0-cp313-cp313-manylinux2014_x86_64.manylinux_2_17_x86_64.whl.metadata (3.7 kB)
auth-duplicate-login-gate / enforce-single-session	UNKNOWN STEP	2026-08-14T17:28:26.0176725Z #11 8.336 Collecting portalocker<4.0,>=2.7.0 (from qdrant-client>=1.18.0->-r requirements.txt (line 25))
auth-duplicate-login-gate / enforce-single-session	UNKNOWN STEP	2026-08-14T17:28:26.0177969Z #11 8.346   Downloading portalocker-3.2.0-py3-none-any.whl.metadata (8.7 kB)
auth-duplicate-login-gate / enforce-single-session	UNKNOWN STEP	2026-08-14T17:28:26.1382606Z #11 8.460 Collecting protobuf>=3.20.0 (from qdrant-client>=1.18.0->-r requirements.txt (line 25))
auth-duplicate-login-gate / enforce-single-session	UNKNOWN STEP	2026-08-14T17:28:26.1383624Z #11 8.471   Downloading protobuf-7.35.1-cp310-abi3-manylinux2014_x86_64.whl.metadata (595 bytes)
auth-duplicate-login-gate / enforce-single-session	UNKNOWN STEP	2026-08-14T17:28:26.1384586Z #11 8.508 Collecting huggingface-hub<2.0,>=0.20 (from fastembed>=0.8.0->-r requirements.txt (line 27))
auth-duplicate-login-gate / enforce-single-session	UNKNOWN STEP	2026-08-14T17:28:26.1385440Z #11 8.518   Downloading huggingface_hub-1.27.0-py3-none-any.whl.metadata (16 kB)
auth-duplicate-login-gate / enforce-single-session	UNKNOWN STEP	2026-08-14T17:28:26.1386084Z #11 8.535 Collecting loguru<0.8.0,>=0.7.2 (from fastembed>=0.8.0->-r requirements.txt (line 27))
auth-duplicate-login-gate / enforce-single-session	UNKNOWN STEP	2026-08-14T17:28:26.1386587Z #11 8.546   Downloading loguru-0.7.3-py3-none-any.whl.metadata (22 kB)
auth-duplicate-login-gate / enforce-single-session	UNKNOWN STEP	2026-08-14T17:28:26.2856339Z #11 8.581 Collecting mmh3<6.0.0,>=4.1.0 (from fastembed>=0.8.0->-r requirements.txt (line 27))
auth-duplicate-login-gate / enforce-single-session	UNKNOWN STEP	2026-08-14T17:28:26.2857726Z #11 8.592   Downloading mmh3-5.2.1-cp313-cp313-manylinux1_x86_64.manylinux_2_28_x86_64.manylinux_2_5_x86_64.whl.metadata (14 kB)
auth-duplicate-login-gate / enforce-single-session	UNKNOWN STEP	2026-08-14T17:28:26.2858997Z #11 8.615 Collecting py-rust-stemmers<0.2.0,>=0.1.0 (from fastembed>=0.8.0->-r requirements.txt (line 27))
auth-duplicate-login-gate / enforce-single-session	UNKNOWN STEP	2026-08-14T17:28:26.2860004Z #11 8.625   Downloading py_rust_stemmers-0.1.8-cp313-cp313-manylinux_2_28_x86_64.whl.metadata (3.5 kB)
auth-duplicate-login-gate / enforce-single-session	UNKNOWN STEP	2026-08-14T17:28:26.4123919Z #11 8.729 Collecting tokenizers<1.0,>=0.15 (from fastembed>=0.8.0->-r requirements.txt (line 27))
auth-duplicate-login-gate / enforce-single-session	UNKNOWN STEP	2026-08-14T17:28:26.4126354Z #11 8.740   Downloading tokenizers-0.23.1-cp310-abi3-manylinux_2_17_x86_64.manylinux2014_x86_64.whl.metadata (9.8 kB)
auth-duplicate-login-gate / enforce-single-session	UNKNOWN STEP	2026-08-14T17:28:26.4127353Z #11 8.758 Collecting tqdm<5.0,>=4.66 (from fastembed>=0.8.0->-r requirements.txt (line 27))
auth-duplicate-login-gate / enforce-single-session	UNKNOWN STEP	2026-08-14T17:28:26.4128082Z #11 8.768   Downloading tqdm-4.70.0-py3-none-any.whl.metadata (57 kB)
auth-duplicate-login-gate / enforce-single-session	UNKNOWN STEP	2026-08-14T17:28:26.5203620Z #11 8.855 Collecting charset_normalizer<4,>=2 (from requests>=2.34.2->-r requirements.txt (line 31))
auth-duplicate-login-gate / enforce-single-session	UNKNOWN STEP	2026-08-14T17:28:26.5204633Z #11 8.866   Downloading charset_normalizer-3.5.0-cp313-cp313-manylinux2014_x86_64.manylinux_2_17_x86_64.manylinux_2_28_x86_64.whl.metadata (44 kB)
auth-duplicate-login-gate / enforce-single-session	UNKNOWN STEP	2026-08-14T17:28:26.5205633Z #11 8.890 Collecting filelock>=3.10.0 (from huggingface-hub<2.0,>=0.20->fastembed>=0.8.0->-r requirements.txt (line 27))
auth-duplicate-login-gate / enforce-single-session	UNKNOWN STEP	2026-08-14T17:28:26.5206346Z #11 8.900   Downloading filelock-3.32.3-py3-none-any.whl.metadata (2.0 kB)
auth-duplicate-login-gate / enforce-single-session	UNKNOWN STEP	2026-08-14T17:28:26.5207048Z #11 8.912 Collecting fsspec>=2023.5.0 (from huggingface-hub<2.0,>=0.20->fastembed>=0.8.0->-r requirements.txt (line 27))
auth-duplicate-login-gate / enforce-single-session	UNKNOWN STEP	2026-08-14T17:28:26.5208203Z #11 8.922   Downloading fsspec-2026.7.0-py3-none-any.whl.metadata (10 kB)
auth-duplicate-login-gate / enforce-single-session	UNKNOWN STEP	2026-08-14T17:28:26.6290499Z #11 8.963 Collecting hf-xet<2.0.0,>=1.5.2 (from huggingface-hub<2.0,>=0.20->fastembed>=0.8.0->-r requirements.txt (line 27))
auth-duplicate-login-gate / enforce-single-session	UNKNOWN STEP	2026-08-14T17:28:26.6291465Z #11 8.973   Downloading hf_xet-1.6.0-cp38-abi3-manylinux2014_x86_64.manylinux_2_17_x86_64.whl.metadata (4.9 kB)
auth-duplicate-login-gate / enforce-single-session	UNKNOWN STEP	2026-08-14T17:28:26.6292245Z #11 9.007 Collecting pyasn1-modules>=0.4.2 (from webauthn>=2.7.1->-r requirements.txt (line 32))
auth-duplicate-login-gate / enforce-single-session	UNKNOWN STEP	2026-08-14T17:28:26.6292902Z #11 9.018   Downloading pyasn1_modules-0.4.2-py3-none-any.whl.metadata (3.5 kB)
auth-duplicate-login-gate / enforce-single-session	UNKNOWN STEP	2026-08-14T17:28:26.6293506Z #11 9.062 Collecting cbor2>=6.1.2 (from webauthn>=2.7.1->-r requirements.txt (line 32))
auth-duplicate-login-gate / enforce-single-session	UNKNOWN STEP	2026-08-14T17:28:26.7425544Z #11 9.072   Downloading cbor2-6.1.4-cp313-cp313-manylinux_2_28_x86_64.whl.metadata (5.5 kB)
auth-duplicate-login-gate / enforce-single-session	UNKNOWN STEP	2026-08-14T17:28:26.7426299Z #11 9.083 Collecting pyOpenSSL>=26.3.0 (from webauthn>=2.7.1->-r requirements.txt (line 32))
auth-duplicate-login-gate / enforce-single-session	UNKNOWN STEP	2026-08-14T17:28:26.7426963Z #11 9.093   Downloading pyopenssl-26.4.0-py3-none-any.whl.metadata (22 kB)
auth-duplicate-login-gate / enforce-single-session	UNKNOWN STEP	2026-08-14T17:28:26.7427783Z #11 9.154 Collecting ctranslate2<5,>=4.0 (from faster-whisper>=1.2.1->-r requirements.txt (line 33))
auth-duplicate-login-gate / enforce-single-session	UNKNOWN STEP	2026-08-14T17:28:26.7428587Z #11 9.165   Downloading ctranslate2-4.8.1-cp313-cp313-manylinux_2_27_x86_64.manylinux_2_28_x86_64.whl.metadata (11 kB)
auth-duplicate-login-gate / enforce-single-session	UNKNOWN STEP	2026-08-14T17:28:26.7429721Z #11 9.186 Collecting flatbuffers (from onnxruntime>=1.7.0->rapidocr-onnxruntime==1.2.3->-r requirements.txt (line 54))
auth-duplicate-login-gate / enforce-single-session	UNKNOWN STEP	2026-08-14T17:28:26.8538725Z #11 9.196   Downloading flatbuffers-25.12.19-py2.py3-none-any.whl.metadata (1.0 kB)
auth-duplicate-login-gate / enforce-single-session	UNKNOWN STEP	2026-08-14T17:28:26.8539471Z #11 9.213 Collecting tabulate<1.0.0,>=0.4.4 (from edge-tts>=7.0.0->-r requirements.txt (line 34))
auth-duplicate-login-gate / enforce-single-session	UNKNOWN STEP	2026-08-14T17:28:26.8540107Z #11 9.223   Downloading tabulate-0.10.0-py3-none-any.whl.metadata (40 kB)
auth-duplicate-login-gate / enforce-single-session	UNKNOWN STEP	2026-08-14T17:28:26.8540709Z #11 9.239 Collecting aioice<1.0.0,>=0.10.2 (from aiortc>=1.9.0->-r requirements.txt (line 37))
auth-duplicate-login-gate / enforce-single-session	UNKNOWN STEP	2026-08-14T17:28:26.8541338Z #11 9.249   Downloading aioice-0.10.2-py3-none-any.whl.metadata (4.1 kB)
auth-duplicate-login-gate / enforce-single-session	UNKNOWN STEP	2026-08-14T17:28:26.8541872Z #11 9.252 Collecting av>=12.0.0 (from -r requirements.txt (line 38))
auth-duplicate-login-gate / enforce-single-session	UNKNOWN STEP	2026-08-14T17:28:26.8542436Z #11 9.262   Downloading av-17.1.0-cp311-abi3-manylinux_2_28_x86_64.whl.metadata (4.6 kB)
auth-duplicate-login-gate / enforce-single-session	UNKNOWN STEP	2026-08-14T17:28:26.9612726Z #11 9.297 Collecting google-crc32c>=1.1 (from aiortc>=1.9.0->-r requirements.txt (line 37))
auth-duplicate-login-gate / enforce-single-session	UNKNOWN STEP	2026-08-14T17:28:26.9614122Z #11 9.307   Downloading google_crc32c-1.8.0-cp313-cp313-manylinux1_x86_64.manylinux2014_x86_64.manylinux_2_17_x86_64.manylinux_2_5_x86_64.whl.metadata (1.7 kB)
auth-duplicate-login-gate / enforce-single-session	UNKNOWN STEP	2026-08-14T17:28:26.9615437Z #11 9.317 Collecting pyee>=13.0.0 (from aiortc>=1.9.0->-r requirements.txt (line 37))
auth-duplicate-login-gate / enforce-single-session	UNKNOWN STEP	2026-08-14T17:28:26.9616347Z #11 9.327   Downloading pyee-14.0.0-py3-none-any.whl.metadata (1.8 kB)
auth-duplicate-login-gate / enforce-single-session	UNKNOWN STEP	2026-08-14T17:28:26.9617277Z #11 9.348 Collecting pylibsrtp>=0.10.0 (from aiortc>=1.9.0->-r requirements.txt (line 37))
auth-duplicate-login-gate / enforce-single-session	UNKNOWN STEP	2026-08-14T17:28:26.9618690Z #11 9.359   Downloading pylibsrtp-1.0.0-cp310-abi3-manylinux_2_26_x86_64.manylinux_2_28_x86_64.whl.metadata (4.0 kB)
auth-duplicate-login-gate / enforce-single-session	UNKNOWN STEP	2026-08-14T17:28:26.9619933Z #11 9.368 Collecting ifaddr>=0.2.0 (from aioice<1.0.0,>=0.10.2->aiortc>=1.9.0->-r requirements.txt (line 37))
auth-duplicate-login-gate / enforce-single-session	UNKNOWN STEP	2026-08-14T17:28:26.9620846Z #11 9.378   Downloading ifaddr-0.2.0-py3-none-any.whl.metadata (4.9 kB)
auth-duplicate-login-gate / enforce-single-session	UNKNOWN STEP	2026-08-14T17:28:26.9621742Z #11 9.394 Collecting limits>=2.3 (from slowapi>=0.1.9->-r requirements.txt (line 42))
auth-duplicate-login-gate / enforce-single-session	UNKNOWN STEP	2026-08-14T17:28:27.0738816Z #11 9.404   Downloading limits-5.8.0-py3-none-any.whl.metadata (10 kB)
auth-duplicate-login-gate / enforce-single-session	UNKNOWN STEP	2026-08-14T17:28:27.0739900Z #11 9.428 Collecting pycparser (from cffi>=2.0.0->cryptography>=42.0->-r requirements.txt (line 22))
auth-duplicate-login-gate / enforce-single-session	UNKNOWN STEP	2026-08-14T17:28:27.0740922Z #11 9.438   Downloading pycparser-3.0-py3-none-any.whl.metadata (8.2 kB)
auth-duplicate-login-gate / enforce-single-session	UNKNOWN STEP	2026-08-14T17:28:27.0741851Z #11 9.458 Collecting h2<5,>=3 (from httpx[http2]>=0.27.2->googletrans<5.0,>=4.0.2->-r requirements.txt (line 53))
auth-duplicate-login-gate / enforce-single-session	UNKNOWN STEP	2026-08-14T17:28:27.0742709Z #11 9.468   Downloading h2-4.4.1-py3-none-any.whl.metadata (3.8 kB)
auth-duplicate-login-gate / enforce-single-session	UNKNOWN STEP	2026-08-14T17:28:27.0743738Z #11 9.476 Collecting hyperframe<7,>=6.1 (from h2<5,>=3->httpx[http2]>=0.27.2->googletrans<5.0,>=4.0.2->-r requirements.txt (line 53))
auth-duplicate-login-gate / enforce-single-session	UNKNOWN STEP	2026-08-14T17:28:27.0744358Z #11 9.486   Downloading hyperframe-6.1.0-py3-none-any.whl.metadata (4.3 kB)
auth-duplicate-login-gate / enforce-single-session	UNKNOWN STEP	2026-08-14T17:28:27.0744946Z #11 9.493 Collecting hpack<5,>=4.2 (from h2<5,>=3->httpx[http2]>=0.27.2->googletrans<5.0,>=4.0.2->-r requirements.txt (line 53))
auth-duplicate-login-gate / enforce-single-session	UNKNOWN STEP	2026-08-14T17:28:27.0745503Z #11 9.502   Downloading hpack-4.2.0-py3-none-any.whl.metadata (3.3 kB)
auth-duplicate-login-gate / enforce-single-session	UNKNOWN STEP	2026-08-14T17:28:27.0746012Z #11 9.517 Collecting deprecated>=1.2 (from limits>=2.3->slowapi>=0.1.9->-r requirements.txt (line 42))
auth-duplicate-login-gate / enforce-single-session	UNKNOWN STEP	2026-08-14T17:28:27.2343839Z #11 9.527   Downloading deprecated-1.3.1-py2.py3-none-any.whl.metadata (5.9 kB)
auth-duplicate-login-gate / enforce-single-session	UNKNOWN STEP	2026-08-14T17:28:27.4091758Z #11 9.748 Collecting wrapt<3,>=1.10 (from deprecated>=1.2->limits>=2.3->slowapi>=0.1.9->-r requirements.txt (line 42))
auth-duplicate-login-gate / enforce-single-session	UNKNOWN STEP	2026-08-14T17:28:27.4093457Z #11 9.759   Downloading wrapt-2.3.0-cp313-cp313-manylinux1_x86_64.manylinux_2_28_x86_64.manylinux_2_5_x86_64.whl.metadata (7.4 kB)
auth-duplicate-login-gate / enforce-single-session	UNKNOWN STEP	2026-08-14T17:28:27.4094880Z #11 9.784 Collecting bidict>=0.21.0 (from python-socketio>=5.12.0->Flask-SocketIO<6.0,>=5.6->-r requirements.txt (line 45))
auth-duplicate-login-gate / enforce-single-session	UNKNOWN STEP	2026-08-14T17:28:27.4095610Z #11 9.795   Downloading bidict-0.23.1-py3-none-any.whl.metadata (8.7 kB)
auth-duplicate-login-gate / enforce-single-session	UNKNOWN STEP	2026-08-14T17:28:27.4096675Z #11 9.808 Collecting python-engineio>=4.13.2 (from python-socketio>=5.12.0->Flask-SocketIO<6.0,>=5.6->-r requirements.txt (line 45))
auth-duplicate-login-gate / enforce-single-session	UNKNOWN STEP	2026-08-14T17:28:27.4097476Z #11 9.819   Downloading python_engineio-4.13.5-py3-none-any.whl.metadata (1.9 kB)
auth-duplicate-login-gate / enforce-single-session	UNKNOWN STEP	2026-08-14T17:28:27.4098552Z #11 9.828 Collecting simple-websocket>=0.10.0 (from python-engineio>=4.13.2->python-socketio>=5.12.0->Flask-SocketIO<6.0,>=5.6->-r requirements.txt (line 45))
auth-duplicate-login-gate / enforce-single-session	UNKNOWN STEP	2026-08-14T17:28:27.4099426Z #11 9.838   Downloading simple_websocket-1.1.0-py3-none-any.whl.metadata (1.5 kB)
auth-duplicate-login-gate / enforce-single-session	UNKNOWN STEP	2026-08-14T17:28:27.5199157Z #11 9.852 Collecting wsproto (from simple-websocket>=0.10.0->python-engineio>=4.13.2->python-socketio>=5.12.0->Flask-SocketIO<6.0,>=5.6->-r requirements.txt (line 45))
auth-duplicate-login-gate / enforce-single-session	UNKNOWN STEP	2026-08-14T17:28:27.5200655Z #11 9.862   Downloading wsproto-1.3.2-py3-none-any.whl.metadata (5.2 kB)
auth-duplicate-login-gate / enforce-single-session	UNKNOWN STEP	2026-08-14T17:28:27.5201612Z #11 9.894 Collecting httptools>=0.8.0 (from uvicorn[standard]>=0.48.0->-r requirements.txt (line 7))
auth-duplicate-login-gate / enforce-single-session	UNKNOWN STEP	2026-08-14T17:28:27.5202919Z #11 9.904   Downloading httptools-0.8.0-cp313-cp313-manylinux1_x86_64.manylinux_2_28_x86_64.manylinux_2_5_x86_64.whl.metadata (3.5 kB)
auth-duplicate-login-gate / enforce-single-session	UNKNOWN STEP	2026-08-14T17:28:27.5204334Z #11 9.913 Collecting python-dotenv>=0.13 (from uvicorn[standard]>=0.48.0->-r requirements.txt (line 7))
auth-duplicate-login-gate / enforce-single-session	UNKNOWN STEP	2026-08-14T17:28:27.5205388Z #11 9.923   Downloading python_dotenv-1.2.2-py3-none-any.whl.metadata (27 kB)
auth-duplicate-login-gate / enforce-single-session	UNKNOWN STEP	2026-08-14T17:28:27.5206297Z #11 9.951 Collecting uvloop>=0.15.1 (from uvicorn[standard]>=0.48.0->-r requirements.txt (line 7))
auth-duplicate-login-gate / enforce-single-session	UNKNOWN STEP	2026-08-14T17:28:27.6600226Z #11 9.963   Downloading uvloop-0.22.1-cp313-cp313-manylinux2014_x86_64.manylinux_2_17_x86_64.manylinux_2_28_x86_64.whl.metadata (4.9 kB)
auth-duplicate-login-gate / enforce-single-session	UNKNOWN STEP	2026-08-14T17:28:27.6601440Z #11 10.02 Collecting watchfiles>=0.20 (from uvicorn[standard]>=0.48.0->-r requirements.txt (line 7))
auth-duplicate-login-gate / enforce-single-session	UNKNOWN STEP	2026-08-14T17:28:27.6602272Z #11 10.03   Downloading watchfiles-1.2.0-cp313-cp313-manylinux_2_17_x86_64.manylinux2014_x86_64.whl.metadata (4.9 kB)
auth-duplicate-login-gate / enforce-single-session	UNKNOWN STEP	2026-08-14T17:28:27.8242436Z #11 10.10 Collecting websockets>=13.0 (from uvicorn[standard]>=0.48.0->-r requirements.txt (line 7))
auth-duplicate-login-gate / enforce-single-session	UNKNOWN STEP	2026-08-14T17:28:27.8243948Z #11 10.11   Downloading websockets-17.0.1-cp313-cp313-manylinux1_x86_64.manylinux_2_28_x86_64.manylinux_2_5_x86_64.whl.metadata (6.3 kB)
auth-duplicate-login-gate / enforce-single-session	UNKNOWN STEP	2026-08-14T17:28:27.8245167Z #11 10.13 Collecting argon2-cffi-bindings (from argon2-cffi->minio<8.0,>=7.2.20->-r requirements.txt (line 24))
auth-duplicate-login-gate / enforce-single-session	UNKNOWN STEP	2026-08-14T17:28:27.8246034Z #11 10.14   Downloading argon2_cffi_bindings-25.1.0-cp39-abi3-manylinux_2_26_x86_64.manylinux_2_28_x86_64.whl.metadata (7.4 kB)
auth-duplicate-login-gate / enforce-single-session	UNKNOWN STEP	2026-08-14T17:28:27.8246791Z #11 10.15 Collecting standard-chunk (from standard-aifc->SpeechRecognition<4.0,>=3.16.1->-r requirements.txt (line 46))
auth-duplicate-login-gate / enforce-single-session	UNKNOWN STEP	2026-08-14T17:28:27.8247426Z #11 10.16   Downloading standard_chunk-3.13.0-py3-none-any.whl.metadata (860 bytes)
auth-duplicate-login-gate / enforce-single-session	UNKNOWN STEP	2026-08-14T17:28:27.8248456Z #11 10.18 Downloading rapidocr_onnxruntime-1.2.3-py3-none-any.whl (12.3 MB)
auth-duplicate-login-gate / enforce-single-session	UNKNOWN STEP	2026-08-14T17:28:27.9342166Z #11 10.27    ━━━━━━━━━━━━━━━━━━━━━━━━━━━━━━━━━━━━━━━━ 12.3/12.3 MB 161.7 MB/s  0:00:00
auth-duplicate-login-gate / enforce-single-session	UNKNOWN STEP	2026-08-14T17:28:27.9342967Z #11 10.28 Downloading alembic-1.19.1-py3-none-any.whl (265 kB)
auth-duplicate-login-gate / enforce-single-session	UNKNOWN STEP	2026-08-14T17:28:27.9343651Z #11 10.29 Downloading redis-5.3.1-py3-none-any.whl (272 kB)
auth-duplicate-login-gate / enforce-single-session	UNKNOWN STEP	2026-08-14T17:28:27.9344382Z #11 10.30 Downloading bcrypt-4.3.0-cp39-abi3-manylinux_2_34_x86_64.whl (284 kB)
auth-duplicate-login-gate / enforce-single-session	UNKNOWN STEP	2026-08-14T17:28:27.9345134Z #11 10.31 Downloading minio-7.2.20-py3-none-any.whl (93 kB)
auth-duplicate-login-gate / enforce-single-session	UNKNOWN STEP	2026-08-14T17:28:27.9346248Z #11 10.32 Downloading pillow-12.3.0-cp313-cp313-manylinux_2_27_x86_64.manylinux_2_28_x86_64.whl (6.9 MB)
auth-duplicate-login-gate / enforce-single-session	UNKNOWN STEP	2026-08-14T17:28:27.9347399Z #11 10.33    ━━━━━━━━━━━━━━━━━━━━━━━━━━━━━━━━━━━━━━━━ 6.9/6.9 MB 718.8 MB/s  0:00:00
auth-duplicate-login-gate / enforce-single-session	UNKNOWN STEP	2026-08-14T17:28:27.9348593Z #11 10.34 Downloading mpmath-1.3.0-py3-none-any.whl (536 kB)
auth-duplicate-login-gate / enforce-single-session	UNKNOWN STEP	2026-08-14T17:28:27.9349656Z #11 10.34    ━━━━━━━━━━━━━━━━━━━━━━━━━━━━━━━━━━━━━━━━ 536.2/536.2 kB 838.0 MB/s  0:00:00
auth-duplicate-login-gate / enforce-single-session	UNKNOWN STEP	2026-08-14T17:28:27.9350456Z #11 10.35 Downloading setuptools-82.0.1-py3-none-any.whl (1.0 MB)
auth-duplicate-login-gate / enforce-single-session	UNKNOWN STEP	2026-08-14T17:28:27.9351045Z #11 10.36    ━━━━━━━━━━━━━━━━━━━━━━━━━━━━━━━━━━━━━━━━ 1.0/1.0 MB 1.1 GB/s  0:00:00
auth-duplicate-login-gate / enforce-single-session	UNKNOWN STEP	2026-08-14T17:28:27.9351442Z #11 10.37 Downloading flask-3.1.3-py3-none-any.whl (103 kB)
auth-duplicate-login-gate / enforce-single-session	UNKNOWN STEP	2026-08-14T17:28:27.9352069Z #11 10.38 Downloading flask_socketio-5.6.1-py3-none-any.whl (18 kB)
auth-duplicate-login-gate / enforce-single-session	UNKNOWN STEP	2026-08-14T17:28:28.0387817Z #11 10.39 Downloading speechrecognition-3.17.0-py3-none-any.whl (32.9 MB)
auth-duplicate-login-gate / enforce-single-session	UNKNOWN STEP	2026-08-14T17:28:28.0389383Z #11 10.43    ━━━━━━━━━━━━━━━━━━━━━━━━━━━━━━━━━━━━━━━━ 32.9/32.9 MB 928.4 MB/s  0:00:00
auth-duplicate-login-gate / enforce-single-session	UNKNOWN STEP	2026-08-14T17:28:28.0390223Z #11 10.44 Downloading pyttsx3-2.99-py3-none-any.whl (32 kB)
auth-duplicate-login-gate / enforce-single-session	UNKNOWN STEP	2026-08-14T17:28:28.0391524Z #11 10.45 Downloading geopy-2.5.0-py3-none-any.whl (114 kB)
auth-duplicate-login-gate / enforce-single-session	UNKNOWN STEP	2026-08-14T17:28:28.0392782Z #11 10.46 Downloading aiohttp-3.14.3-cp313-cp313-manylinux2014_x86_64.manylinux_2_17_x86_64.manylinux_2_28_x86_64.whl (1.8 MB)
auth-duplicate-login-gate / enforce-single-session	UNKNOWN STEP	2026-08-14T17:28:28.0394301Z #11 10.46    ━━━━━━━━━━━━━━━━━━━━━━━━━━━━━━━━━━━━━━━━ 1.8/1.8 MB 508.4 MB/s  0:00:00
auth-duplicate-login-gate / enforce-single-session	UNKNOWN STEP	2026-08-14T17:28:28.0395292Z #11 10.47 Downloading aiofiles-25.1.0-py3-none-any.whl (14 kB)
auth-duplicate-login-gate / enforce-single-session	UNKNOWN STEP	2026-08-14T17:28:28.0396570Z #11 10.48 Downloading opencv_python_headless-4.14.0.94-cp37-abi3-manylinux_2_28_x86_64.whl (62.0 MB)
auth-duplicate-login-gate / enforce-single-session	UNKNOWN STEP	2026-08-14T17:28:28.1469463Z #11 10.56    ━━━━━━━━━━━━━━━━━━━━━━━━━━━━━━━━━━━━━━━━ 62.0/62.0 MB 831.3 MB/s  0:00:00
auth-duplicate-login-gate / enforce-single-session	UNKNOWN STEP	2026-08-14T17:28:28.1470189Z #11 10.57 Downloading paho_mqtt-2.1.0-py3-none-any.whl (67 kB)
auth-duplicate-login-gate / enforce-single-session	UNKNOWN STEP	2026-08-14T17:28:28.1470603Z #11 10.58 Downloading googletrans-4.0.2-py3-none-any.whl (18 kB)
auth-duplicate-login-gate / enforce-single-session	UNKNOWN STEP	2026-08-14T17:28:28.2500042Z #11 10.59 Downloading pygame-2.6.1-cp313-cp313-manylinux_2_17_x86_64.manylinux2014_x86_64.whl (14.0 MB)
auth-duplicate-login-gate / enforce-single-session	UNKNOWN STEP	2026-08-14T17:28:28.2501324Z #11 10.63    ━━━━━━━━━━━━━━━━━━━━━━━━━━━━━━━━━━━━━━━━ 14.0/14.0 MB 356.2 MB/s  0:00:00
auth-duplicate-login-gate / enforce-single-session	UNKNOWN STEP	2026-08-14T17:28:28.2502024Z #11 10.64 Downloading geographiclib-2.1-py3-none-any.whl (40 kB)
auth-duplicate-login-gate / enforce-single-session	UNKNOWN STEP	2026-08-14T17:28:28.2503084Z #11 10.65 Downloading multidict-6.7.1-cp313-cp313-manylinux2014_x86_64.manylinux_2_17_x86_64.manylinux_2_28_x86_64.whl (254 kB)
auth-duplicate-login-gate / enforce-single-session	UNKNOWN STEP	2026-08-14T17:28:28.2504466Z #11 10.66 Downloading yarl-1.24.5-cp313-cp313-manylinux2014_x86_64.manylinux_2_17_x86_64.manylinux_2_28_x86_64.whl (110 kB)
auth-duplicate-login-gate / enforce-single-session	UNKNOWN STEP	2026-08-14T17:28:28.2505443Z #11 10.67 Downloading fastapi-0.141.1-py3-none-any.whl (131 kB)
auth-duplicate-login-gate / enforce-single-session	UNKNOWN STEP	2026-08-14T17:28:28.2506134Z #11 10.68 Downloading uvicorn-0.52.3-py3-none-any.whl (79 kB)
auth-duplicate-login-gate / enforce-single-session	UNKNOWN STEP	2026-08-14T17:28:28.3515541Z #11 10.69 Downloading pytest-9.1.1-py3-none-any.whl (386 kB)
auth-duplicate-login-gate / enforce-single-session	UNKNOWN STEP	2026-08-14T17:28:28.3516022Z #11 10.70 Downloading pluggy-1.6.0-py3-none-any.whl (20 kB)
auth-duplicate-login-gate / enforce-single-session	UNKNOWN STEP	2026-08-14T17:28:28.3516448Z #11 10.71 Downloading pytest_asyncio-1.4.0-py3-none-any.whl (16 kB)
auth-duplicate-login-gate / enforce-single-session	UNKNOWN STEP	2026-08-14T17:28:28.3516862Z #11 10.72 Downloading pydantic-2.13.4-py3-none-any.whl (472 kB)
auth-duplicate-login-gate / enforce-single-session	UNKNOWN STEP	2026-08-14T17:28:28.3517410Z #11 10.73 Downloading pydantic_core-2.46.4-cp313-cp313-manylinux_2_17_x86_64.manylinux2014_x86_64.whl (2.1 MB)
auth-duplicate-login-gate / enforce-single-session	UNKNOWN STEP	2026-08-14T17:28:28.3518592Z #11 10.74    ━━━━━━━━━━━━━━━━━━━━━━━━━━━━━━━━━━━━━━━━ 2.1/2.1 MB 1.0 GB/s  0:00:00
auth-duplicate-login-gate / enforce-single-session	UNKNOWN STEP	2026-08-14T17:28:28.3519205Z #11 10.75 Downloading httpx-0.28.1-py3-none-any.whl (73 kB)
auth-duplicate-login-gate / enforce-single-session	UNKNOWN STEP	2026-08-14T17:28:28.3519591Z #11 10.76 Downloading httpcore-1.0.9-py3-none-any.whl (78 kB)
auth-duplicate-login-gate / enforce-single-session	UNKNOWN STEP	2026-08-14T17:28:28.3520027Z #11 10.77 Downloading python_multipart-0.0.32-py3-none-any.whl (30 kB)
auth-duplicate-login-gate / enforce-single-session	UNKNOWN STEP	2026-08-14T17:28:28.3520913Z #11 10.78 Downloading email_validator-2.3.0-py3-none-any.whl (35 kB)
auth-duplicate-login-gate / enforce-single-session	UNKNOWN STEP	2026-08-14T17:28:28.3521984Z #11 10.79 Downloading sqlalchemy-2.0.52-cp313-cp313-manylinux2014_x86_64.manylinux_2_17_x86_64.manylinux_2_28_x86_64.whl (3.3 MB)
auth-duplicate-login-gate / enforce-single-session	UNKNOWN STEP	2026-08-14T17:28:28.4609053Z #11 10.79    ━━━━━━━━━━━━━━━━━━━━━━━━━━━━━━━━━━━━━━━━ 3.3/3.3 MB 855.6 MB/s  0:00:00
auth-duplicate-login-gate / enforce-single-session	UNKNOWN STEP	2026-08-14T17:28:28.4609724Z #11 10.80 Downloading psycopg2_binary-2.9.12-cp313-cp313-manylinux2014_x86_64.manylinux_2_17_x86_64.whl (4.3 MB)
auth-duplicate-login-gate / enforce-single-session	UNKNOWN STEP	2026-08-14T17:28:28.4610370Z #11 10.81    ━━━━━━━━━━━━━━━━━━━━━━━━━━━━━━━━━━━━━━━━ 4.3/4.3 MB 1.1 GB/s  0:00:00
auth-duplicate-login-gate / enforce-single-session	UNKNOWN STEP	2026-08-14T17:28:28.4610786Z #11 10.82 Downloading python_jose-3.5.0-py2.py3-none-any.whl (34 kB)
auth-duplicate-login-gate / enforce-single-session	UNKNOWN STEP	2026-08-14T17:28:28.4611213Z #11 10.83 Downloading rsa-4.9.1-py3-none-any.whl (34 kB)
auth-duplicate-login-gate / enforce-single-session	UNKNOWN STEP	2026-08-14T17:28:28.4611659Z #11 10.84 Downloading cryptography-50.0.0-cp311-abi3-manylinux_2_34_x86_64.whl (4.7 MB)
auth-duplicate-login-gate / enforce-single-session	UNKNOWN STEP	2026-08-14T17:28:28.4612226Z #11 10.85    ━━━━━━━━━━━━━━━━━━━━━━━━━━━━━━━━━━━━━━━━ 4.7/4.7 MB 988.8 MB/s  0:00:00
auth-duplicate-login-gate / enforce-single-session	UNKNOWN STEP	2026-08-14T17:28:28.4612827Z #11 10.86 Downloading boto3-1.43.71-py3-none-any.whl (140 kB)
auth-duplicate-login-gate / enforce-single-session	UNKNOWN STEP	2026-08-14T17:28:28.4613225Z #11 10.87 Downloading botocore-1.43.71-py3-none-any.whl (15.6 MB)
auth-duplicate-login-gate / enforce-single-session	UNKNOWN STEP	2026-08-14T17:28:28.4613700Z #11 10.89    ━━━━━━━━━━━━━━━━━━━━━━━━━━━━━━━━━━━━━━━━ 15.6/15.6 MB 655.6 MB/s  0:00:00
auth-duplicate-login-gate / enforce-single-session	UNKNOWN STEP	2026-08-14T17:28:28.4614095Z #11 10.90 Downloading jmespath-1.1.0-py3-none-any.whl (20 kB)
auth-duplicate-login-gate / enforce-single-session	UNKNOWN STEP	2026-08-14T17:28:28.5609667Z #11 10.91 Downloading python_dateutil-2.9.0.post0-py2.py3-none-any.whl (229 kB)
auth-duplicate-login-gate / enforce-single-session	UNKNOWN STEP	2026-08-14T17:28:28.5610607Z #11 10.92 Downloading s3transfer-0.19.2-py3-none-any.whl (90 kB)
auth-duplicate-login-gate / enforce-single-session	UNKNOWN STEP	2026-08-14T17:28:28.5611327Z #11 10.93 Downloading urllib3-2.7.0-py3-none-any.whl (131 kB)
auth-duplicate-login-gate / enforce-single-session	UNKNOWN STEP	2026-08-14T17:28:28.5612033Z #11 10.94 Downloading qdrant_client-1.19.0-py3-none-any.whl (396 kB)
auth-duplicate-login-gate / enforce-single-session	UNKNOWN STEP	2026-08-14T17:28:28.5612546Z #11 10.96 Downloading portalocker-3.2.0-py3-none-any.whl (22 kB)
auth-duplicate-login-gate / enforce-single-session	UNKNOWN STEP	2026-08-14T17:28:28.5613069Z #11 10.97 Downloading fastembed-0.8.0-py3-none-any.whl (116 kB)
auth-duplicate-login-gate / enforce-single-session	UNKNOWN STEP	2026-08-14T17:28:28.5613476Z #11 10.98 Downloading requests-2.34.2-py3-none-any.whl (73 kB)
auth-duplicate-login-gate / enforce-single-session	UNKNOWN STEP	2026-08-14T17:28:28.5614133Z #11 10.99 Downloading charset_normalizer-3.5.0-cp313-cp313-manylinux2014_x86_64.manylinux_2_17_x86_64.manylinux_2_28_x86_64.whl (249 kB)
auth-duplicate-login-gate / enforce-single-session	UNKNOWN STEP	2026-08-14T17:28:28.6611056Z #11 11.00 Downloading huggingface_hub-1.27.0-py3-none-any.whl (784 kB)
auth-duplicate-login-gate / enforce-single-session	UNKNOWN STEP	2026-08-14T17:28:28.6612077Z #11 11.01    ━━━━━━━━━━━━━━━━━━━━━━━━━━━━━━━━━━━━━━━━ 784.9/784.9 kB 1.0 GB/s  0:00:00
auth-duplicate-login-gate / enforce-single-session	UNKNOWN STEP	2026-08-14T17:28:28.6612594Z #11 11.02 Downloading click-8.4.2-py3-none-any.whl (119 kB)
auth-duplicate-login-gate / enforce-single-session	UNKNOWN STEP	2026-08-14T17:28:28.6613199Z #11 11.03 Downloading hf_xet-1.6.0-cp38-abi3-manylinux2014_x86_64.manylinux_2_17_x86_64.whl (4.5 MB)
auth-duplicate-login-gate / enforce-single-session	UNKNOWN STEP	2026-08-14T17:28:28.6613941Z #11 11.04    ━━━━━━━━━━━━━━━━━━━━━━━━━━━━━━━━━━━━━━━━ 4.5/4.5 MB 858.8 MB/s  0:00:00
auth-duplicate-login-gate / enforce-single-session	UNKNOWN STEP	2026-08-14T17:28:28.6614665Z #11 11.05 Downloading idna-3.18-py3-none-any.whl (65 kB)
auth-duplicate-login-gate / enforce-single-session	UNKNOWN STEP	2026-08-14T17:28:28.6615115Z #11 11.06 Downloading loguru-0.7.3-py3-none-any.whl (61 kB)
auth-duplicate-login-gate / enforce-single-session	UNKNOWN STEP	2026-08-14T17:28:28.6615780Z #11 11.07 Downloading mmh3-5.2.1-cp313-cp313-manylinux1_x86_64.manylinux_2_28_x86_64.manylinux_2_5_x86_64.whl (103 kB)
auth-duplicate-login-gate / enforce-single-session	UNKNOWN STEP	2026-08-14T17:28:28.6616566Z #11 11.08 Downloading py_rust_stemmers-0.1.8-cp313-cp313-manylinux_2_28_x86_64.whl (324 kB)
auth-duplicate-login-gate / enforce-single-session	UNKNOWN STEP	2026-08-14T17:28:28.6617305Z #11 11.09 Downloading tokenizers-0.23.1-cp310-abi3-manylinux_2_17_x86_64.manylinux2014_x86_64.whl (3.3 MB)
auth-duplicate-login-gate / enforce-single-session	UNKNOWN STEP	2026-08-14T17:28:28.6618271Z #11 11.09    ━━━━━━━━━━━━━━━━━━━━━━━━━━━━━━━━━━━━━━━━ 3.3/3.3 MB 889.1 MB/s  0:00:00
auth-duplicate-login-gate / enforce-single-session	UNKNOWN STEP	2026-08-14T17:28:28.8495480Z #11 11.10 Downloading tqdm-4.70.0-py3-none-any.whl (80 kB)
auth-duplicate-login-gate / enforce-single-session	UNKNOWN STEP	2026-08-14T17:28:28.8496156Z #11 11.11 Downloading qrcode-8.2-py3-none-any.whl (45 kB)
auth-duplicate-login-gate / enforce-single-session	UNKNOWN STEP	2026-08-14T17:28:28.8496887Z #11 11.12 Downloading prometheus_client-0.26.0-py3-none-any.whl (64 kB)
auth-duplicate-login-gate / enforce-single-session	UNKNOWN STEP	2026-08-14T17:28:28.8497765Z #11 11.14 Downloading webauthn-3.0.0-py3-none-any.whl (73 kB)
auth-duplicate-login-gate / enforce-single-session	UNKNOWN STEP	2026-08-14T17:28:28.8498476Z #11 11.15 Downloading faster_whisper-1.2.1-py3-none-any.whl (1.1 MB)
auth-duplicate-login-gate / enforce-single-session	UNKNOWN STEP	2026-08-14T17:28:28.8499528Z #11 11.15    ━━━━━━━━━━━━━━━━━━━━━━━━━━━━━━━━━━━━━━━━ 1.1/1.1 MB 250.2 MB/s  0:00:00
auth-duplicate-login-gate / enforce-single-session	UNKNOWN STEP	2026-08-14T17:28:28.8500718Z #11 11.16 Downloading ctranslate2-4.8.1-cp313-cp313-manylinux_2_27_x86_64.manylinux_2_28_x86_64.whl (39.5 MB)
auth-duplicate-login-gate / enforce-single-session	UNKNOWN STEP	2026-08-14T17:28:28.9574327Z #11 11.29    ━━━━━━━━━━━━━━━━━━━━━━━━━━━━━━━━━━━━━━━━ 39.5/39.5 MB 307.0 MB/s  0:00:00
auth-duplicate-login-gate / enforce-single-session	UNKNOWN STEP	2026-08-14T17:28:28.9584609Z #11 11.30 Downloading onnxruntime-1.28.0-cp313-cp313-manylinux_2_27_x86_64.manylinux_2_28_x86_64.whl (19.2 MB)
auth-duplicate-login-gate / enforce-single-session	UNKNOWN STEP	2026-08-14T17:28:28.9586213Z #11 11.34    ━━━━━━━━━━━━━━━━━━━━━━━━━━━━━━━━━━━━━━━━ 19.2/19.2 MB 643.2 MB/s  0:00:00
auth-duplicate-login-gate / enforce-single-session	UNKNOWN STEP	2026-08-14T17:28:28.9587681Z #11 11.35 Downloading pyyaml-6.0.3-cp313-cp313-manylinux2014_x86_64.manylinux_2_17_x86_64.manylinux_2_28_x86_64.whl (801 kB)
auth-duplicate-login-gate / enforce-single-session	UNKNOWN STEP	2026-08-14T17:28:28.9589249Z #11 11.35    ━━━━━━━━━━━━━━━━━━━━━━━━━━━━━━━━━━━━━━━━ 801.6/801.6 kB 1.0 GB/s  0:00:00
auth-duplicate-login-gate / enforce-single-session	UNKNOWN STEP	2026-08-14T17:28:28.9590237Z #11 11.36 Downloading edge_tts-7.2.8-py3-none-any.whl (31 kB)
auth-duplicate-login-gate / enforce-single-session	UNKNOWN STEP	2026-08-14T17:28:28.9591086Z #11 11.37 Downloading tabulate-0.10.0-py3-none-any.whl (39 kB)
auth-duplicate-login-gate / enforce-single-session	UNKNOWN STEP	2026-08-14T17:28:28.9592005Z #11 11.38 Downloading typing_extensions-4.16.0-py3-none-any.whl (45 kB)
auth-duplicate-login-gate / enforce-single-session	UNKNOWN STEP	2026-08-14T17:28:28.9592987Z #11 11.39 Downloading aiortc-1.15.0-py3-none-any.whl (93 kB)
auth-duplicate-login-gate / enforce-single-session	UNKNOWN STEP	2026-08-14T17:28:29.1176842Z #11 11.40 Downloading av-17.1.0-cp311-abi3-manylinux_2_28_x86_64.whl (35.4 MB)
auth-duplicate-login-gate / enforce-single-session	UNKNOWN STEP	2026-08-14T17:28:29.1178148Z #11 11.45    ━━━━━━━━━━━━━━━━━━━━━━━━━━━━━━━━━━━━━━━━ 35.4/35.4 MB 755.5 MB/s  0:00:00
auth-duplicate-login-gate / enforce-single-session	UNKNOWN STEP	2026-08-14T17:28:29.1179353Z #11 11.46 Downloading aioice-0.10.2-py3-none-any.whl (24 kB)
auth-duplicate-login-gate / enforce-single-session	UNKNOWN STEP	2026-08-14T17:28:29.1180446Z #11 11.47 Downloading numpy-2.5.2-cp313-cp313-manylinux_2_27_x86_64.manylinux_2_28_x86_64.whl (16.7 MB)
auth-duplicate-login-gate / enforce-single-session	UNKNOWN STEP	2026-08-14T17:28:29.2257293Z #11 11.56    ━━━━━━━━━━━━━━━━━━━━━━━━━━━━━━━━━━━━━━━━ 16.7/16.7 MB 190.1 MB/s  0:00:00
auth-duplicate-login-gate / enforce-single-session	UNKNOWN STEP	2026-08-14T17:28:29.2258229Z #11 11.57 Downloading slowapi-0.1.10-py3-none-any.whl (14 kB)
auth-duplicate-login-gate / enforce-single-session	UNKNOWN STEP	2026-08-14T17:28:29.2258836Z #11 11.58 Downloading stripe-15.5.0-py3-none-any.whl (2.2 MB)
auth-duplicate-login-gate / enforce-single-session	UNKNOWN STEP	2026-08-14T17:28:29.2259419Z #11 11.59    ━━━━━━━━━━━━━━━━━━━━━━━━━━━━━━━━━━━━━━━━ 2.2/2.2 MB 989.6 MB/s  0:00:00
auth-duplicate-login-gate / enforce-single-session	UNKNOWN STEP	2026-08-14T17:28:29.2259844Z #11 11.60 Downloading google_auth-2.56.3-py3-none-any.whl (259 kB)
auth-duplicate-login-gate / enforce-single-session	UNKNOWN STEP	2026-08-14T17:28:29.2260384Z #11 11.61 Downloading aiohappyeyeballs-2.7.1-py3-none-any.whl (15 kB)
auth-duplicate-login-gate / enforce-single-session	UNKNOWN STEP	2026-08-14T17:28:29.2260808Z #11 11.62 Downloading aiosignal-1.4.0-py3-none-any.whl (7.5 kB)
auth-duplicate-login-gate / enforce-single-session	UNKNOWN STEP	2026-08-14T17:28:29.2261359Z #11 11.63 Downloading annotated_doc-0.0.5-py3-none-any.whl (5.3 kB)
auth-duplicate-login-gate / enforce-single-session	UNKNOWN STEP	2026-08-14T17:28:29.2261856Z #11 11.64 Downloading annotated_types-0.8.0-py3-none-any.whl (13 kB)
auth-duplicate-login-gate / enforce-single-session	UNKNOWN STEP	2026-08-14T17:28:29.2262258Z #11 11.65 Downloading attrs-26.1.0-py3-none-any.whl (67 kB)
auth-duplicate-login-gate / enforce-single-session	UNKNOWN STEP	2026-08-14T17:28:29.2262763Z #11 11.66 Downloading blinker-1.9.0-py3-none-any.whl (8.5 kB)
auth-duplicate-login-gate / enforce-single-session	UNKNOWN STEP	2026-08-14T17:28:29.3287030Z #11 11.67 Downloading cbor2-6.1.4-cp313-cp313-manylinux_2_28_x86_64.whl (460 kB)
auth-duplicate-login-gate / enforce-single-session	UNKNOWN STEP	2026-08-14T17:28:29.3288250Z #11 11.69 Downloading certifi-2026.7.22-py3-none-any.whl (136 kB)
auth-duplicate-login-gate / enforce-single-session	UNKNOWN STEP	2026-08-14T17:28:29.3288927Z #11 11.70 Downloading cffi-2.1.1-cp313-cp313-manylinux2014_x86_64.manylinux_2_17_x86_64.whl (221 kB)
auth-duplicate-login-gate / enforce-single-session	UNKNOWN STEP	2026-08-14T17:28:29.3289475Z #11 11.71 Downloading dnspython-2.8.0-py3-none-any.whl (331 kB)
auth-duplicate-login-gate / enforce-single-session	UNKNOWN STEP	2026-08-14T17:28:29.3289884Z #11 11.72 Downloading ecdsa-0.19.2-py2.py3-none-any.whl (150 kB)
auth-duplicate-login-gate / enforce-single-session	UNKNOWN STEP	2026-08-14T17:28:29.3290276Z #11 11.73 Downloading filelock-3.32.3-py3-none-any.whl (98 kB)
auth-duplicate-login-gate / enforce-single-session	UNKNOWN STEP	2026-08-14T17:28:29.3290846Z #11 11.74 Downloading frozenlist-1.8.0-cp313-cp313-manylinux1_x86_64.manylinux_2_28_x86_64.manylinux_2_5_x86_64.whl (234 kB)
auth-duplicate-login-gate / enforce-single-session	UNKNOWN STEP	2026-08-14T17:28:29.3291424Z #11 11.75 Downloading fsspec-2026.7.0-py3-none-any.whl (206 kB)
auth-duplicate-login-gate / enforce-single-session	UNKNOWN STEP	2026-08-14T17:28:29.3292053Z #11 11.76 Downloading google_crc32c-1.8.0-cp313-cp313-manylinux1_x86_64.manylinux2014_x86_64.manylinux_2_17_x86_64.manylinux_2_5_x86_64.whl (33 kB)
auth-duplicate-login-gate / enforce-single-session	UNKNOWN STEP	2026-08-14T17:28:29.4296951Z #11 11.77 Downloading greenlet-3.5.5-cp313-cp313-manylinux_2_24_x86_64.manylinux_2_28_x86_64.whl (623 kB)
auth-duplicate-login-gate / enforce-single-session	UNKNOWN STEP	2026-08-14T17:28:29.4298506Z #11 11.77    ━━━━━━━━━━━━━━━━━━━━━━━━━━━━━━━━━━━━━━━━ 623.9/623.9 kB 827.1 MB/s  0:00:00
auth-duplicate-login-gate / enforce-single-session	UNKNOWN STEP	2026-08-14T17:28:29.4299310Z #11 11.79 Downloading grpcio-1.83.0-cp313-cp313-manylinux2014_x86_64.manylinux_2_17_x86_64.whl (7.0 MB)
auth-duplicate-login-gate / enforce-single-session	UNKNOWN STEP	2026-08-14T17:28:29.4300185Z #11 11.80    ━━━━━━━━━━━━━━━━━━━━━━━━━━━━━━━━━━━━━━━━ 7.0/7.0 MB 510.3 MB/s  0:00:00
auth-duplicate-login-gate / enforce-single-session	UNKNOWN STEP	2026-08-14T17:28:29.4300602Z #11 11.81 Downloading h11-0.16.0-py3-none-any.whl (37 kB)
auth-duplicate-login-gate / enforce-single-session	UNKNOWN STEP	2026-08-14T17:28:29.4300955Z #11 11.82 Downloading h2-4.4.1-py3-none-any.whl (62 kB)
auth-duplicate-login-gate / enforce-single-session	UNKNOWN STEP	2026-08-14T17:28:29.4301308Z #11 11.83 Downloading hpack-4.2.0-py3-none-any.whl (34 kB)
auth-duplicate-login-gate / enforce-single-session	UNKNOWN STEP	2026-08-14T17:28:29.4301702Z #11 11.84 Downloading hyperframe-6.1.0-py3-none-any.whl (13 kB)
auth-duplicate-login-gate / enforce-single-session	UNKNOWN STEP	2026-08-14T17:28:29.4302092Z #11 11.85 Downloading ifaddr-0.2.0-py3-none-any.whl (12 kB)
auth-duplicate-login-gate / enforce-single-session	UNKNOWN STEP	2026-08-14T17:28:29.4302478Z #11 11.86 Downloading iniconfig-2.3.0-py3-none-any.whl (7.5 kB)
auth-duplicate-login-gate / enforce-single-session	UNKNOWN STEP	2026-08-14T17:28:29.6418858Z #11 11.87 Downloading itsdangerous-2.2.0-py3-none-any.whl (16 kB)
auth-duplicate-login-gate / enforce-single-session	UNKNOWN STEP	2026-08-14T17:28:29.6419358Z #11 11.88 Downloading jinja2-3.1.6-py3-none-any.whl (134 kB)
auth-duplicate-login-gate / enforce-single-session	UNKNOWN STEP	2026-08-14T17:28:29.6419748Z #11 11.89 Downloading limits-5.8.0-py3-none-any.whl (60 kB)
auth-duplicate-login-gate / enforce-single-session	UNKNOWN STEP	2026-08-14T17:28:29.6420150Z #11 11.90 Downloading deprecated-1.3.1-py2.py3-none-any.whl (11 kB)
auth-duplicate-login-gate / enforce-single-session	UNKNOWN STEP	2026-08-14T17:28:29.6420753Z #11 11.91 Downloading wrapt-2.3.0-cp313-cp313-manylinux1_x86_64.manylinux_2_28_x86_64.manylinux_2_5_x86_64.whl (170 kB)
auth-duplicate-login-gate / enforce-single-session	UNKNOWN STEP	2026-08-14T17:28:29.6421723Z #11 11.92 Downloading markupsafe-3.0.3-cp313-cp313-manylinux2014_x86_64.manylinux_2_17_x86_64.manylinux_2_28_x86_64.whl (22 kB)
auth-duplicate-login-gate / enforce-single-session	UNKNOWN STEP	2026-08-14T17:28:29.6422888Z #11 11.93 Downloading opencv_python-5.0.0.93-cp37-abi3-manylinux_2_28_x86_64.whl (73.8 MB)
auth-duplicate-login-gate / enforce-single-session	UNKNOWN STEP	2026-08-14T17:28:29.7657971Z #11 12.10    ━━━━━━━━━━━━━━━━━━━━━━━━━━━━━━━━━━━━━━━━ 73.8/73.8 MB 449.7 MB/s  0:00:00
auth-duplicate-login-gate / enforce-single-session	UNKNOWN STEP	2026-08-14T17:28:29.7658501Z #11 12.11 Downloading packaging-26.3-py3-none-any.whl (129 kB)
auth-duplicate-login-gate / enforce-single-session	UNKNOWN STEP	2026-08-14T17:28:29.7659634Z #11 12.12 Downloading propcache-0.5.2-cp313-cp313-manylinux2014_x86_64.manylinux_2_17_x86_64.manylinux_2_28_x86_64.whl (61 kB)
auth-duplicate-login-gate / enforce-single-session	UNKNOWN STEP	2026-08-14T17:28:29.7660876Z #11 12.13 Downloading protobuf-7.35.1-cp310-abi3-manylinux2014_x86_64.whl (327 kB)
auth-duplicate-login-gate / enforce-single-session	UNKNOWN STEP	2026-08-14T17:28:29.7661599Z #11 12.14 Downloading pyasn1-0.6.4-py3-none-any.whl (84 kB)
auth-duplicate-login-gate / enforce-single-session	UNKNOWN STEP	2026-08-14T17:28:29.7661999Z #11 12.15 Downloading pyasn1_modules-0.4.2-py3-none-any.whl (181 kB)
auth-duplicate-login-gate / enforce-single-session	UNKNOWN STEP	2026-08-14T17:28:29.7663156Z #11 12.16 Downloading pyclipper-1.4.0-cp313-cp313-manylinux2014_x86_64.manylinux_2_17_x86_64.whl (972 kB)
auth-duplicate-login-gate / enforce-single-session	UNKNOWN STEP	2026-08-14T17:28:29.7663837Z #11 12.16    ━━━━━━━━━━━━━━━━━━━━━━━━━━━━━━━━━━━━━━━━ 972.1/972.1 kB 909.8 MB/s  0:00:00
auth-duplicate-login-gate / enforce-single-session	UNKNOWN STEP	2026-08-14T17:28:29.7665008Z #11 12.18 Downloading pyee-14.0.0-py3-none-any.whl (15 kB)
auth-duplicate-login-gate / enforce-single-session	UNKNOWN STEP	2026-08-14T17:28:29.7665397Z #11 12.19 Downloading pygments-2.20.0-py3-none-any.whl (1.2 MB)
auth-duplicate-login-gate / enforce-single-session	UNKNOWN STEP	2026-08-14T17:28:29.7666091Z #11 12.19    ━━━━━━━━━━━━━━━━━━━━━━━━━━━━━━━━━━━━━━━━ 1.2/1.2 MB 1.0 GB/s  0:00:00
auth-duplicate-login-gate / enforce-single-session	UNKNOWN STEP	2026-08-14T17:28:29.7666949Z #11 12.20 Downloading pyjwt-2.13.0-py3-none-any.whl (31 kB)
auth-duplicate-login-gate / enforce-single-session	UNKNOWN STEP	2026-08-14T17:28:29.8702904Z #11 12.21 Downloading pylibsrtp-1.0.0-cp310-abi3-manylinux_2_26_x86_64.manylinux_2_28_x86_64.whl (2.4 MB)
auth-duplicate-login-gate / enforce-single-session	UNKNOWN STEP	2026-08-14T17:28:29.8703887Z #11 12.21    ━━━━━━━━━━━━━━━━━━━━━━━━━━━━━━━━━━━━━━━━ 2.4/2.4 MB 1.0 GB/s  0:00:00
auth-duplicate-login-gate / enforce-single-session	UNKNOWN STEP	2026-08-14T17:28:29.8704313Z #11 12.22 Downloading pyopenssl-26.4.0-py3-none-any.whl (56 kB)
auth-duplicate-login-gate / enforce-single-session	UNKNOWN STEP	2026-08-14T17:28:29.8704988Z #11 12.23 Downloading python_socketio-5.16.4-py3-none-any.whl (82 kB)
auth-duplicate-login-gate / enforce-single-session	UNKNOWN STEP	2026-08-14T17:28:29.8705402Z #11 12.24 Downloading bidict-0.23.1-py3-none-any.whl (32 kB)
auth-duplicate-login-gate / enforce-single-session	UNKNOWN STEP	2026-08-14T17:28:29.8705804Z #11 12.25 Downloading python_engineio-4.13.5-py3-none-any.whl (59 kB)
auth-duplicate-login-gate / enforce-single-session	UNKNOWN STEP	2026-08-14T17:28:29.8706337Z #11 12.27 Downloading shapely-2.1.2-cp313-cp313-manylinux2014_x86_64.manylinux_2_17_x86_64.whl (3.1 MB)
auth-duplicate-login-gate / enforce-single-session	UNKNOWN STEP	2026-08-14T17:28:29.8706964Z #11 12.27    ━━━━━━━━━━━━━━━━━━━━━━━━━━━━━━━━━━━━━━━━ 3.1/3.1 MB 593.5 MB/s  0:00:00
auth-duplicate-login-gate / enforce-single-session	UNKNOWN STEP	2026-08-14T17:28:29.8707376Z #11 12.28 Downloading simple_websocket-1.1.0-py3-none-any.whl (13 kB)
auth-duplicate-login-gate / enforce-single-session	UNKNOWN STEP	2026-08-14T17:28:29.8707913Z #11 12.29 Downloading six-1.17.0-py2.py3-none-any.whl (11 kB)
auth-duplicate-login-gate / enforce-single-session	UNKNOWN STEP	2026-08-14T17:28:29.8708313Z #11 12.30 Downloading starlette-1.6.0-py3-none-any.whl (75 kB)
auth-duplicate-login-gate / enforce-single-session	UNKNOWN STEP	2026-08-14T17:28:29.8708690Z #11 12.31 Downloading anyio-4.14.2-py3-none-any.whl (125 kB)
auth-duplicate-login-gate / enforce-single-session	UNKNOWN STEP	2026-08-14T17:28:29.9794890Z #11 12.32 Downloading typing_inspection-0.4.4-py3-none-any.whl (14 kB)
auth-duplicate-login-gate / enforce-single-session	UNKNOWN STEP	2026-08-14T17:28:29.9796101Z #11 12.33 Downloading httptools-0.8.0-cp313-cp313-manylinux1_x86_64.manylinux_2_28_x86_64.manylinux_2_5_x86_64.whl (486 kB)
auth-duplicate-login-gate / enforce-single-session	UNKNOWN STEP	2026-08-14T17:28:29.9797030Z #11 12.34 Downloading python_dotenv-1.2.2-py3-none-any.whl (22 kB)
auth-duplicate-login-gate / enforce-single-session	UNKNOWN STEP	2026-08-14T17:28:29.9798661Z #11 12.35 Downloading uvloop-0.22.1-cp313-cp313-manylinux2014_x86_64.manylinux_2_17_x86_64.manylinux_2_28_x86_64.whl (4.4 MB)
auth-duplicate-login-gate / enforce-single-session	UNKNOWN STEP	2026-08-14T17:28:29.9799801Z #11 12.36    ━━━━━━━━━━━━━━━━━━━━━━━━━━━━━━━━━━━━━━━━ 4.4/4.4 MB 883.8 MB/s  0:00:00
auth-duplicate-login-gate / enforce-single-session	UNKNOWN STEP	2026-08-14T17:28:29.9800372Z #11 12.37 Downloading watchfiles-1.2.0-cp313-cp313-manylinux_2_17_x86_64.manylinux2014_x86_64.whl (454 kB)
auth-duplicate-login-gate / enforce-single-session	UNKNOWN STEP	2026-08-14T17:28:29.9801135Z #11 12.38 Downloading websockets-17.0.1-cp313-cp313-manylinux1_x86_64.manylinux_2_28_x86_64.manylinux_2_5_x86_64.whl (220 kB)
auth-duplicate-login-gate / enforce-single-session	UNKNOWN STEP	2026-08-14T17:28:29.9801770Z #11 12.39 Downloading werkzeug-3.1.8-py3-none-any.whl (226 kB)
auth-duplicate-login-gate / enforce-single-session	UNKNOWN STEP	2026-08-14T17:28:29.9802168Z #11 12.40 Downloading argon2_cffi-25.1.0-py3-none-any.whl (14 kB)
auth-duplicate-login-gate / enforce-single-session	UNKNOWN STEP	2026-08-14T17:28:29.9802726Z #11 12.41 Downloading argon2_cffi_bindings-25.1.0-cp39-abi3-manylinux_2_26_x86_64.manylinux_2_28_x86_64.whl (87 kB)
auth-duplicate-login-gate / enforce-single-session	UNKNOWN STEP	2026-08-14T17:28:29.9803446Z #11 12.42 Downloading audioop_lts-0.2.2-cp313-abi3-manylinux1_x86_64.manylinux_2_28_x86_64.manylinux_2_5_x86_64.whl (85 kB)
auth-duplicate-login-gate / enforce-single-session	UNKNOWN STEP	2026-08-14T17:28:30.2076480Z #11 12.43 Downloading flatbuffers-25.12.19-py2.py3-none-any.whl (26 kB)
auth-duplicate-login-gate / enforce-single-session	UNKNOWN STEP	2026-08-14T17:28:30.2077416Z #11 12.44 Downloading mako-1.4.1-py3-none-any.whl (80 kB)
auth-duplicate-login-gate / enforce-single-session	UNKNOWN STEP	2026-08-14T17:28:30.2078382Z #11 12.45 Downloading pycparser-3.0-py3-none-any.whl (48 kB)
auth-duplicate-login-gate / enforce-single-session	UNKNOWN STEP	2026-08-14T17:28:30.2079210Z #11 12.46 Downloading pycryptodome-3.23.0-cp37-abi3-manylinux_2_17_x86_64.manylinux2014_x86_64.whl (2.3 MB)
auth-duplicate-login-gate / enforce-single-session	UNKNOWN STEP	2026-08-14T17:28:30.2080510Z #11 12.47    ━━━━━━━━━━━━━━━━━━━━━━━━━━━━━━━━━━━━━━━━ 2.3/2.3 MB 527.8 MB/s  0:00:00
auth-duplicate-login-gate / enforce-single-session	UNKNOWN STEP	2026-08-14T17:28:30.2081007Z #11 12.48 Downloading standard_aifc-3.13.0-py3-none-any.whl (10 kB)
auth-duplicate-login-gate / enforce-single-session	UNKNOWN STEP	2026-08-14T17:28:30.2081519Z #11 12.49 Downloading standard_chunk-3.13.0-py3-none-any.whl (4.9 kB)
auth-duplicate-login-gate / enforce-single-session	UNKNOWN STEP	2026-08-14T17:28:30.2082001Z #11 12.50 Downloading wsproto-1.3.2-py3-none-any.whl (24 kB)
auth-duplicate-login-gate / enforce-single-session	UNKNOWN STEP	2026-08-14T17:28:30.7352628Z #11 13.18 Building wheels for collected packages: PyAudio
auth-duplicate-login-gate / enforce-single-session	UNKNOWN STEP	2026-08-14T17:28:30.8863031Z #11 13.18   Building wheel for PyAudio (pyproject.toml): started
auth-duplicate-login-gate / enforce-single-session	UNKNOWN STEP	2026-08-14T17:28:31.7421036Z #11 14.19   Building wheel for PyAudio (pyproject.toml): finished with status 'done'
auth-duplicate-login-gate / enforce-single-session	UNKNOWN STEP	2026-08-14T17:28:31.8957486Z #11 14.19   Created wheel for PyAudio: filename=pyaudio-0.2.14-cp313-cp313-linux_x86_64.whl size=67439 sha256=a5ba68ba9729b4495e763e1c79a561e05242948a871897cf2a8eef81375f2715
auth-duplicate-login-gate / enforce-single-session	UNKNOWN STEP	2026-08-14T17:28:31.8959018Z #11 14.19   Stored in directory: /tmp/pip-ephem-wheel-cache-hw1g1lxw/wheels/32/45/57/aac45d8ad6f62e05779c15d0e62a09cfb51ff47c3fb1599b36
auth-duplicate-login-gate / enforce-single-session	UNKNOWN STEP	2026-08-14T17:28:31.8959749Z #11 14.19 Successfully built PyAudio
auth-duplicate-login-gate / enforce-single-session	UNKNOWN STEP	2026-08-14T17:28:32.1276249Z #11 14.42 Installing collected packages: standard-chunk, pyttsx3, PyAudio, mpmath, ifaddr, flatbuffers, wrapt, websockets, uvloop, urllib3, typing-extensions, tqdm, tabulate, six, setuptools, qrcode, PyYAML, python-multipart, python-dotenv, PyJWT, pygments, pygame, pycryptodome, pycparser, pyclipper, pyasn1, py-rust-stemmers, psycopg2-binary, protobuf, propcache, prometheus-client, portalocker, pluggy, Pillow, paho-mqtt, packaging, numpy, multidict, mmh3, markupsafe, loguru, jmespath, itsdangerous, iniconfig, idna, hyperframe, httptools, hpack, hf-xet, h11, greenlet, google-crc32c, geographiclib, fsspec, frozenlist, filelock, dnspython, click, charset_normalizer, certifi, cbor2, blinker, bidict, bcrypt, av, audioop-lts, attrs, annotated-types, annotated-doc, aiohappyeyeballs, aiofiles, yarl, wsproto, werkzeug, uvicorn, typing-inspection, standard-aifc, sqlalchemy, Shapely, rsa, requests, redis, python-dateutil, pytest, pyee, pydantic-core, pyasn1-modules, opencv-python-headless, opencv-python, onnxruntime, Mako, jinja2, httpcore, h2, grpcio, geopy, email-validator, ecdsa, deprecated, ctranslate2, cffi, anyio, aiosignal, aioice, watchfiles, stripe, starlette, SpeechRecognition, simple-websocket, rapidocr-onnxruntime, python-jose, pytest-asyncio, pylibsrtp, pydantic, limits, httpx, Flask, cryptography, botocore, argon2-cffi-bindings, alembic, aiohttp, slowapi, s3transfer, python-engineio, pyOpenSSL, huggingface-hub, google-auth, fastapi, edge-tts, argon2-cffi, webauthn, tokenizers, qdrant-client, python-socketio, minio, googletrans, boto3, aiortc, Flask-SocketIO, faster-whisper, fastembed
auth-duplicate-login-gate / enforce-single-session	UNKNOWN STEP	2026-08-14T17:28:49.6332971Z #11 32.08 
auth-duplicate-login-gate / enforce-single-session	UNKNOWN STEP	2026-08-14T17:28:49.7955888Z #11 32.09 Successfully installed Flask-3.1.3 Flask-SocketIO-5.6.1 Mako-1.4.1 Pillow-12.3.0 PyAudio-0.2.14 PyJWT-2.13.0 PyYAML-6.0.3 Shapely-2.1.2 SpeechRecognition-3.17.0 aiofiles-25.1.0 aiohappyeyeballs-2.7.1 aiohttp-3.14.3 aioice-0.10.2 aiortc-1.15.0 aiosignal-1.4.0 alembic-1.19.1 annotated-doc-0.0.5 annotated-types-0.8.0 anyio-4.14.2 argon2-cffi-25.1.0 argon2-cffi-bindings-25.1.0 attrs-26.1.0 audioop-lts-0.2.2 av-17.1.0 bcrypt-4.3.0 bidict-0.23.1 blinker-1.9.0 boto3-1.43.71 botocore-1.43.71 cbor2-6.1.4 certifi-2026.7.22 cffi-2.1.1 charset_normalizer-3.5.0 click-8.4.2 cryptography-50.0.0 ctranslate2-4.8.1 deprecated-1.3.1 dnspython-2.8.0 ecdsa-0.19.2 edge-tts-7.2.8 email-validator-2.3.0 fastapi-0.141.1 fastembed-0.8.0 faster-whisper-1.2.1 filelock-3.32.3 flatbuffers-25.12.19 frozenlist-1.8.0 fsspec-2026.7.0 geographiclib-2.1 geopy-2.5.0 google-auth-2.56.3 google-crc32c-1.8.0 googletrans-4.0.2 greenlet-3.5.5 grpcio-1.83.0 h11-0.16.0 h2-4.4.1 hf-xet-1.6.0 hpack-4.2.0 httpcore-1.0.9 httptools-0.8.0 httpx-0.28.1 huggingface-hub-1.27.0 hyperframe-6.1.0 idna-3.18 ifaddr-0.2.0 iniconfig-2.3.0 itsdangerous-2.2.0 jinja2-3.1.6 jmespath-1.1.0 limits-5.8.0 loguru-0.7.3 markupsafe-3.0.3 minio-7.2.20 mmh3-5.2.1 mpmath-1.3.0 multidict-6.7.1 numpy-2.5.2 onnxruntime-1.28.0 opencv-python-5.0.0.93 opencv-python-headless-4.14.0.94 packaging-26.3 paho-mqtt-2.1.0 pluggy-1.6.0 portalocker-3.2.0 prometheus-client-0.26.0 propcache-0.5.2 protobuf-7.35.1 psycopg2-binary-2.9.12 py-rust-stemmers-0.1.8 pyOpenSSL-26.4.0 pyasn1-0.6.4 pyasn1-modules-0.4.2 pyclipper-1.4.0 pycparser-3.0 pycryptodome-3.23.0 pydantic-2.13.4 pydantic-core-2.46.4 pyee-14.0.0 pygame-2.6.1 pygments-2.20.0 pylibsrtp-1.0.0 pytest-9.1.1 pytest-asyncio-1.4.0 python-dateutil-2.9.0.post0 python-dotenv-1.2.2 python-engineio-4.13.5 python-jose-3.5.0 python-multipart-0.0.32 python-socketio-5.16.4 pyttsx3-2.99 qdrant-client-1.19.0 qrcode-8.2 rapidocr-onnxruntime-1.2.3 redis-5.3.1 requests-2.34.2 rsa-4.9.1 s3transfer-0.19.2 setuptools-82.0.1 simple-websocket-1.1.0 six-1.17.0 slowapi-0.1.10 sqlalchemy-2.0.52 standard-aifc-3.13.0 standard-chunk-3.13.0 starlette-1.6.0 stripe-15.5.0 tabulate-0.10.0 tokenizers-0.23.1 tqdm-4.70.0 typing-extensions-4.16.0 typing-inspection-0.4.4 urllib3-2.7.0 uvicorn-0.52.3 uvloop-0.22.1 watchfiles-1.2.0 webauthn-3.0.0 websockets-17.0.1 werkzeug-3.1.8 wrapt-2.3.0 wsproto-1.3.2 yarl-1.24.5
auth-duplicate-login-gate / enforce-single-session	UNKNOWN STEP	2026-08-14T17:28:49.7966829Z #11 32.09 WARNING: Running pip as the 'root' user can result in broken permissions and conflicting behaviour with the system package manager, possibly rendering your system unusable. It is recommended to use a virtual environment instead: https://pip.pypa.io/warnings/venv. Use the --root-user-action option if you know what you are doing and want to suppress this warning.
auth-duplicate-login-gate / enforce-single-session	UNKNOWN STEP	2026-08-14T17:28:50.6197244Z #11 33.06 Collecting fastapi==0.136.3 (from -r requirements.delivery.lock.txt (line 6))
auth-duplicate-login-gate / enforce-single-session	UNKNOWN STEP	2026-08-14T17:28:50.8589731Z #11 33.09   Downloading fastapi-0.136.3-py3-none-any.whl.metadata (27 kB)
auth-duplicate-login-gate / enforce-single-session	UNKNOWN STEP	2026-08-14T17:28:50.8590942Z #11 33.11 Collecting uvicorn==0.48.0 (from -r requirements.delivery.lock.txt (line 7))
auth-duplicate-login-gate / enforce-single-session	UNKNOWN STEP	2026-08-14T17:28:50.8591905Z #11 33.11   Downloading uvicorn-0.48.0-py3-none-any.whl.metadata (6.7 kB)
auth-duplicate-login-gate / enforce-single-session	UNKNOWN STEP	2026-08-14T17:28:50.8592829Z #11 33.13 Collecting pytest==9.0.3 (from -r requirements.delivery.lock.txt (line 8))
auth-duplicate-login-gate / enforce-single-session	UNKNOWN STEP	2026-08-14T17:28:50.8593787Z #11 33.14   Downloading pytest-9.0.3-py3-none-any.whl.metadata (7.6 kB)
auth-duplicate-login-gate / enforce-single-session	UNKNOWN STEP	2026-08-14T17:28:50.8595166Z #11 33.14 Requirement already satisfied: pydantic==2.13.4 in /usr/local/lib/python3.13/site-packages (from -r requirements.delivery.lock.txt (line 9)) (2.13.4)
auth-duplicate-login-gate / enforce-single-session	UNKNOWN STEP	2026-08-14T17:28:50.8597081Z #11 33.14 Requirement already satisfied: httpx==0.28.1 in /usr/local/lib/python3.13/site-packages (from -r requirements.delivery.lock.txt (line 10)) (0.28.1)
auth-duplicate-login-gate / enforce-single-session	UNKNOWN STEP	2026-08-14T17:28:50.8598818Z #11 33.15 Collecting python-multipart==0.0.31 (from -r requirements.delivery.lock.txt (line 11))
auth-duplicate-login-gate / enforce-single-session	UNKNOWN STEP	2026-08-14T17:28:50.8599914Z #11 33.15   Downloading python_multipart-0.0.31-py3-none-any.whl.metadata (2.1 kB)
auth-duplicate-login-gate / enforce-single-session	UNKNOWN STEP	2026-08-14T17:28:50.8601429Z #11 33.15 Requirement already satisfied: email-validator==2.3.0 in /usr/local/lib/python3.13/site-packages (from -r requirements.delivery.lock.txt (line 12)) (2.3.0)
auth-duplicate-login-gate / enforce-single-session	UNKNOWN STEP	2026-08-14T17:28:51.0542732Z #11 33.35 Collecting sqlalchemy==2.0.50 (from -r requirements.delivery.lock.txt (line 13))
auth-duplicate-login-gate / enforce-single-session	UNKNOWN STEP	2026-08-14T17:28:51.0543892Z #11 33.35   Downloading sqlalchemy-2.0.50-cp313-cp313-manylinux2014_x86_64.manylinux_2_17_x86_64.manylinux_2_28_x86_64.whl.metadata (9.5 kB)
auth-duplicate-login-gate / enforce-single-session	UNKNOWN STEP	2026-08-14T17:28:51.0545219Z #11 33.36 Requirement already satisfied: psycopg2-binary==2.9.12 in /usr/local/lib/python3.13/site-packages (from -r requirements.delivery.lock.txt (line 14)) (2.9.12)
auth-duplicate-login-gate / enforce-single-session	UNKNOWN STEP	2026-08-14T17:28:51.0546591Z #11 33.36 Requirement already satisfied: redis==5.3.1 in /usr/local/lib/python3.13/site-packages (from -r requirements.delivery.lock.txt (line 15)) (5.3.1)
auth-duplicate-login-gate / enforce-single-session	UNKNOWN STEP	2026-08-14T17:28:51.0548114Z #11 33.36 Requirement already satisfied: python-jose==3.5.0 in /usr/local/lib/python3.13/site-packages (from -r requirements.delivery.lock.txt (line 16)) (3.5.0)
auth-duplicate-login-gate / enforce-single-session	UNKNOWN STEP	2026-08-14T17:28:51.0549414Z #11 33.36 Requirement already satisfied: bcrypt==4.3.0 in /usr/local/lib/python3.13/site-packages (from -r requirements.delivery.lock.txt (line 17)) (4.3.0)
auth-duplicate-login-gate / enforce-single-session	UNKNOWN STEP	2026-08-14T17:28:51.1994760Z #11 33.50 Collecting boto3==1.43.18 (from -r requirements.delivery.lock.txt (line 18))
auth-duplicate-login-gate / enforce-single-session	UNKNOWN STEP	2026-08-14T17:28:51.1995886Z #11 33.50   Downloading boto3-1.43.18-py3-none-any.whl.metadata (6.6 kB)
auth-duplicate-login-gate / enforce-single-session	UNKNOWN STEP	2026-08-14T17:28:51.1996528Z #11 33.52 Collecting qdrant-client==1.18.0 (from -r requirements.delivery.lock.txt (line 19))
auth-duplicate-login-gate / enforce-single-session	UNKNOWN STEP	2026-08-14T17:28:51.1997175Z #11 33.52   Downloading qdrant_client-1.18.0-py3-none-any.whl.metadata (11 kB)
auth-duplicate-login-gate / enforce-single-session	UNKNOWN STEP	2026-08-14T17:28:51.2997368Z #11 33.64 Collecting Pillow==12.2.0 (from -r requirements.delivery.lock.txt (line 20))
auth-duplicate-login-gate / enforce-single-session	UNKNOWN STEP	2026-08-14T17:28:51.2998682Z #11 33.65   Downloading pillow-12.2.0-cp313-cp313-manylinux_2_27_x86_64.manylinux_2_28_x86_64.whl.metadata (8.8 kB)
auth-duplicate-login-gate / enforce-single-session	UNKNOWN STEP	2026-08-14T17:28:51.2999899Z #11 33.66 Collecting prometheus-client==0.25.0 (from -r requirements.delivery.lock.txt (line 21))
auth-duplicate-login-gate / enforce-single-session	UNKNOWN STEP	2026-08-14T17:28:51.3001013Z #11 33.66   Downloading prometheus_client-0.25.0-py3-none-any.whl.metadata (2.1 kB)
auth-duplicate-login-gate / enforce-single-session	UNKNOWN STEP	2026-08-14T17:28:51.3002325Z #11 33.66 Requirement already satisfied: requests==2.34.2 in /usr/local/lib/python3.13/site-packages (from -r requirements.delivery.lock.txt (line 22)) (2.34.2)
auth-duplicate-login-gate / enforce-single-session	UNKNOWN STEP	2026-08-14T17:28:51.3003719Z #11 33.67 Collecting webauthn==2.7.1 (from -r requirements.delivery.lock.txt (line 23))
auth-duplicate-login-gate / enforce-single-session	UNKNOWN STEP	2026-08-14T17:28:51.3004681Z #11 33.67   Downloading webauthn-2.7.1-py3-none-any.whl.metadata (5.7 kB)
auth-duplicate-login-gate / enforce-single-session	UNKNOWN STEP	2026-08-14T17:28:51.3006339Z #11 33.68 Requirement already satisfied: faster-whisper==1.2.1 in /usr/local/lib/python3.13/site-packages (from -r requirements.delivery.lock.txt (line 24)) (1.2.1)
auth-duplicate-login-gate / enforce-single-session	UNKNOWN STEP	2026-08-14T17:28:51.3008365Z #11 33.68 Requirement already satisfied: mpmath==1.3.0 in /usr/local/lib/python3.13/site-packages (from -r requirements.delivery.lock.txt (line 25)) (1.3.0)
auth-duplicate-login-gate / enforce-single-session	UNKNOWN STEP	2026-08-14T17:28:51.3010272Z #11 33.68 Requirement already satisfied: setuptools==82.0.1 in /usr/local/lib/python3.13/site-packages (from -r requirements.delivery.lock.txt (line 26)) (82.0.1)
auth-duplicate-login-gate / enforce-single-session	UNKNOWN STEP	2026-08-14T17:28:51.3011740Z #11 33.70 Collecting aiortc==1.14.0 (from -r requirements.delivery.lock.txt (line 28))
auth-duplicate-login-gate / enforce-single-session	UNKNOWN STEP	2026-08-14T17:28:51.3012687Z #11 33.71   Downloading aiortc-1.14.0-py3-none-any.whl.metadata (4.9 kB)
auth-duplicate-login-gate / enforce-single-session	UNKNOWN STEP	2026-08-14T17:28:51.3013451Z #11 33.74 Collecting av==16.1.0 (from -r requirements.delivery.lock.txt (line 29))
auth-duplicate-login-gate / enforce-single-session	UNKNOWN STEP	2026-08-14T17:28:51.3014292Z #11 33.74   Downloading av-16.1.0-cp313-cp313-manylinux_2_28_x86_64.whl.metadata (4.6 kB)
auth-duplicate-login-gate / enforce-single-session	UNKNOWN STEP	2026-08-14T17:28:51.4435804Z #11 33.89 Collecting numpy==2.5.0 (from -r requirements.delivery.lock.txt (line 30))
auth-duplicate-login-gate / enforce-single-session	UNKNOWN STEP	2026-08-14T17:28:51.5446448Z #11 33.89   Downloading numpy-2.5.0-cp313-cp313-manylinux_2_27_x86_64.manylinux_2_28_x86_64.whl.metadata (6.6 kB)
auth-duplicate-login-gate / enforce-single-session	UNKNOWN STEP	2026-08-14T17:28:51.5447882Z #11 33.89 Requirement already satisfied: starlette>=0.46.0 in /usr/local/lib/python3.13/site-packages (from fastapi==0.136.3->-r requirements.delivery.lock.txt (line 6)) (1.6.0)
auth-duplicate-login-gate / enforce-single-session	UNKNOWN STEP	2026-08-14T17:28:51.5448995Z #11 33.89 Requirement already satisfied: typing-extensions>=4.8.0 in /usr/local/lib/python3.13/site-packages (from fastapi==0.136.3->-r requirements.delivery.lock.txt (line 6)) (4.16.0)
auth-duplicate-login-gate / enforce-single-session	UNKNOWN STEP	2026-08-14T17:28:51.5450106Z #11 33.89 Requirement already satisfied: typing-inspection>=0.4.2 in /usr/local/lib/python3.13/site-packages (from fastapi==0.136.3->-r requirements.delivery.lock.txt (line 6)) (0.4.4)
auth-duplicate-login-gate / enforce-single-session	UNKNOWN STEP	2026-08-14T17:28:51.5451237Z #11 33.89 Requirement already satisfied: annotated-doc>=0.0.2 in /usr/local/lib/python3.13/site-packages (from fastapi==0.136.3->-r requirements.delivery.lock.txt (line 6)) (0.0.5)
auth-duplicate-login-gate / enforce-single-session	UNKNOWN STEP	2026-08-14T17:28:51.5452286Z #11 33.90 Requirement already satisfied: click>=7.0 in /usr/local/lib/python3.13/site-packages (from uvicorn==0.48.0->-r requirements.delivery.lock.txt (line 7)) (8.4.2)
auth-duplicate-login-gate / enforce-single-session	UNKNOWN STEP	2026-08-14T17:28:51.5453269Z #11 33.90 Requirement already satisfied: h11>=0.8 in /usr/local/lib/python3.13/site-packages (from uvicorn==0.48.0->-r requirements.delivery.lock.txt (line 7)) (0.16.0)
auth-duplicate-login-gate / enforce-single-session	UNKNOWN STEP	2026-08-14T17:28:51.5454262Z #11 33.90 Requirement already satisfied: iniconfig>=1.0.1 in /usr/local/lib/python3.13/site-packages (from pytest==9.0.3->-r requirements.delivery.lock.txt (line 8)) (2.3.0)
auth-duplicate-login-gate / enforce-single-session	UNKNOWN STEP	2026-08-14T17:28:51.5455264Z #11 33.90 Requirement already satisfied: packaging>=22 in /usr/local/lib/python3.13/site-packages (from pytest==9.0.3->-r requirements.delivery.lock.txt (line 8)) (26.3)
auth-duplicate-login-gate / enforce-single-session	UNKNOWN STEP	2026-08-14T17:28:51.5456545Z #11 33.90 Requirement already satisfied: pluggy<2,>=1.5 in /usr/local/lib/python3.13/site-packages (from pytest==9.0.3->-r requirements.delivery.lock.txt (line 8)) (1.6.0)
auth-duplicate-login-gate / enforce-single-session	UNKNOWN STEP	2026-08-14T17:28:51.5457698Z #11 33.90 Requirement already satisfied: pygments>=2.7.2 in /usr/local/lib/python3.13/site-packages (from pytest==9.0.3->-r requirements.delivery.lock.txt (line 8)) (2.20.0)
auth-duplicate-login-gate / enforce-single-session	UNKNOWN STEP	2026-08-14T17:28:51.5458810Z #11 33.90 Requirement already satisfied: annotated-types>=0.6.0 in /usr/local/lib/python3.13/site-packages (from pydantic==2.13.4->-r requirements.delivery.lock.txt (line 9)) (0.8.0)
auth-duplicate-login-gate / enforce-single-session	UNKNOWN STEP	2026-08-14T17:28:51.5459887Z #11 33.90 Requirement already satisfied: pydantic-core==2.46.4 in /usr/local/lib/python3.13/site-packages (from pydantic==2.13.4->-r requirements.delivery.lock.txt (line 9)) (2.46.4)
auth-duplicate-login-gate / enforce-single-session	UNKNOWN STEP	2026-08-14T17:28:51.5460910Z #11 33.90 Requirement already satisfied: anyio in /usr/local/lib/python3.13/site-packages (from httpx==0.28.1->-r requirements.delivery.lock.txt (line 10)) (4.14.2)
auth-duplicate-login-gate / enforce-single-session	UNKNOWN STEP	2026-08-14T17:28:51.5461885Z #11 33.90 Requirement already satisfied: certifi in /usr/local/lib/python3.13/site-packages (from httpx==0.28.1->-r requirements.delivery.lock.txt (line 10)) (2026.7.22)
auth-duplicate-login-gate / enforce-single-session	UNKNOWN STEP	2026-08-14T17:28:51.5463001Z #11 33.90 Requirement already satisfied: httpcore==1.* in /usr/local/lib/python3.13/site-packages (from httpx==0.28.1->-r requirements.delivery.lock.txt (line 10)) (1.0.9)
auth-duplicate-login-gate / enforce-single-session	UNKNOWN STEP	2026-08-14T17:28:51.5463969Z #11 33.90 Requirement already satisfied: idna in /usr/local/lib/python3.13/site-packages (from httpx==0.28.1->-r requirements.delivery.lock.txt (line 10)) (3.18)
auth-duplicate-login-gate / enforce-single-session	UNKNOWN STEP	2026-08-14T17:28:51.5465018Z #11 33.91 Requirement already satisfied: dnspython>=2.0.0 in /usr/local/lib/python3.13/site-packages (from email-validator==2.3.0->-r requirements.delivery.lock.txt (line 12)) (2.8.0)
auth-duplicate-login-gate / enforce-single-session	UNKNOWN STEP	2026-08-14T17:28:51.5466075Z #11 33.91 Requirement already satisfied: greenlet>=1 in /usr/local/lib/python3.13/site-packages (from sqlalchemy==2.0.50->-r requirements.delivery.lock.txt (line 13)) (3.5.5)
auth-duplicate-login-gate / enforce-single-session	UNKNOWN STEP	2026-08-14T17:28:51.5467085Z #11 33.91 Requirement already satisfied: PyJWT>=2.9.0 in /usr/local/lib/python3.13/site-packages (from redis==5.3.1->-r requirements.delivery.lock.txt (line 15)) (2.13.0)
auth-duplicate-login-gate / enforce-single-session	UNKNOWN STEP	2026-08-14T17:28:51.5468175Z #11 33.91 Requirement already satisfied: ecdsa!=0.15 in /usr/local/lib/python3.13/site-packages (from python-jose==3.5.0->-r requirements.delivery.lock.txt (line 16)) (0.19.2)
auth-duplicate-login-gate / enforce-single-session	UNKNOWN STEP	2026-08-14T17:28:51.5469233Z #11 33.91 Requirement already satisfied: rsa!=4.1.1,!=4.4,<5.0,>=4.0 in /usr/local/lib/python3.13/site-packages (from python-jose==3.5.0->-r requirements.delivery.lock.txt (line 16)) (4.9.1)
auth-duplicate-login-gate / enforce-single-session	UNKNOWN STEP	2026-08-14T17:28:51.5470273Z #11 33.91 Requirement already satisfied: pyasn1>=0.5.0 in /usr/local/lib/python3.13/site-packages (from python-jose==3.5.0->-r requirements.delivery.lock.txt (line 16)) (0.6.4)
auth-duplicate-login-gate / enforce-single-session	UNKNOWN STEP	2026-08-14T17:28:51.5471319Z #11 33.91 Requirement already satisfied: botocore<1.44.0,>=1.43.18 in /usr/local/lib/python3.13/site-packages (from boto3==1.43.18->-r requirements.delivery.lock.txt (line 18)) (1.43.71)
auth-duplicate-login-gate / enforce-single-session	UNKNOWN STEP	2026-08-14T17:28:51.5472367Z #11 33.91 Requirement already satisfied: jmespath<2.0.0,>=0.7.1 in /usr/local/lib/python3.13/site-packages (from boto3==1.43.18->-r requirements.delivery.lock.txt (line 18)) (1.1.0)
auth-duplicate-login-gate / enforce-single-session	UNKNOWN STEP	2026-08-14T17:28:51.5473213Z #11 33.92 Collecting s3transfer<0.19.0,>=0.18.0 (from boto3==1.43.18->-r requirements.delivery.lock.txt (line 18))
auth-duplicate-login-gate / enforce-single-session	UNKNOWN STEP	2026-08-14T17:28:51.5473787Z #11 33.93   Downloading s3transfer-0.18.0-py3-none-any.whl.metadata (1.7 kB)
auth-duplicate-login-gate / enforce-single-session	UNKNOWN STEP	2026-08-14T17:28:51.5474559Z #11 33.93 Requirement already satisfied: grpcio>=1.41.0 in /usr/local/lib/python3.13/site-packages (from qdrant-client==1.18.0->-r requirements.delivery.lock.txt (line 19)) (1.83.0)
auth-duplicate-login-gate / enforce-single-session	UNKNOWN STEP	2026-08-14T17:28:51.5475664Z #11 33.93 Requirement already satisfied: portalocker<4.0,>=2.7.0 in /usr/local/lib/python3.13/site-packages (from qdrant-client==1.18.0->-r requirements.delivery.lock.txt (line 19)) (3.2.0)
auth-duplicate-login-gate / enforce-single-session	UNKNOWN STEP	2026-08-14T17:28:51.5476825Z #11 33.93 Requirement already satisfied: protobuf>=3.20.0 in /usr/local/lib/python3.13/site-packages (from qdrant-client==1.18.0->-r requirements.delivery.lock.txt (line 19)) (7.35.1)
auth-duplicate-login-gate / enforce-single-session	UNKNOWN STEP	2026-08-14T17:28:51.5478017Z #11 33.93 Requirement already satisfied: urllib3<3,>=1.26.14 in /usr/local/lib/python3.13/site-packages (from qdrant-client==1.18.0->-r requirements.delivery.lock.txt (line 19)) (2.7.0)
auth-duplicate-login-gate / enforce-single-session	UNKNOWN STEP	2026-08-14T17:28:51.5479089Z #11 33.93 Requirement already satisfied: charset_normalizer<4,>=2 in /usr/local/lib/python3.13/site-packages (from requests==2.34.2->-r requirements.delivery.lock.txt (line 22)) (3.5.0)
auth-duplicate-login-gate / enforce-single-session	UNKNOWN STEP	2026-08-14T17:28:51.5480133Z #11 33.94 Requirement already satisfied: cbor2>=5.6.5 in /usr/local/lib/python3.13/site-packages (from webauthn==2.7.1->-r requirements.delivery.lock.txt (line 23)) (6.1.4)
auth-duplicate-login-gate / enforce-single-session	UNKNOWN STEP	2026-08-14T17:28:51.5481162Z #11 33.94 Requirement already satisfied: cryptography>=44.0.2 in /usr/local/lib/python3.13/site-packages (from webauthn==2.7.1->-r requirements.delivery.lock.txt (line 23)) (50.0.0)
auth-duplicate-login-gate / enforce-single-session	UNKNOWN STEP	2026-08-14T17:28:51.5482215Z #11 33.94 Requirement already satisfied: pyOpenSSL>=25.0.0 in /usr/local/lib/python3.13/site-packages (from webauthn==2.7.1->-r requirements.delivery.lock.txt (line 23)) (26.4.0)
auth-duplicate-login-gate / enforce-single-session	UNKNOWN STEP	2026-08-14T17:28:51.5483343Z #11 33.94 Requirement already satisfied: ctranslate2<5,>=4.0 in /usr/local/lib/python3.13/site-packages (from faster-whisper==1.2.1->-r requirements.delivery.lock.txt (line 24)) (4.8.1)
auth-duplicate-login-gate / enforce-single-session	UNKNOWN STEP	2026-08-14T17:28:51.5484460Z #11 33.94 Requirement already satisfied: huggingface-hub>=0.21 in /usr/local/lib/python3.13/site-packages (from faster-whisper==1.2.1->-r requirements.delivery.lock.txt (line 24)) (1.27.0)
auth-duplicate-login-gate / enforce-single-session	UNKNOWN STEP	2026-08-14T17:28:51.5485553Z #11 33.94 Requirement already satisfied: tokenizers<1,>=0.13 in /usr/local/lib/python3.13/site-packages (from faster-whisper==1.2.1->-r requirements.delivery.lock.txt (line 24)) (0.23.1)
auth-duplicate-login-gate / enforce-single-session	UNKNOWN STEP	2026-08-14T17:28:51.5486646Z #11 33.94 Requirement already satisfied: onnxruntime<2,>=1.14 in /usr/local/lib/python3.13/site-packages (from faster-whisper==1.2.1->-r requirements.delivery.lock.txt (line 24)) (1.28.0)
auth-duplicate-login-gate / enforce-single-session	UNKNOWN STEP	2026-08-14T17:28:51.5487834Z #11 33.94 Requirement already satisfied: tqdm in /usr/local/lib/python3.13/site-packages (from faster-whisper==1.2.1->-r requirements.delivery.lock.txt (line 24)) (4.70.0)
auth-duplicate-login-gate / enforce-single-session	UNKNOWN STEP	2026-08-14T17:28:51.5488866Z #11 33.95 Requirement already satisfied: aioice<1.0.0,>=0.10.1 in /usr/local/lib/python3.13/site-packages (from aiortc==1.14.0->-r requirements.delivery.lock.txt (line 28)) (0.10.2)
auth-duplicate-login-gate / enforce-single-session	UNKNOWN STEP	2026-08-14T17:28:51.5489900Z #11 33.95 Requirement already satisfied: google-crc32c>=1.1 in /usr/local/lib/python3.13/site-packages (from aiortc==1.14.0->-r requirements.delivery.lock.txt (line 28)) (1.8.0)
auth-duplicate-login-gate / enforce-single-session	UNKNOWN STEP	2026-08-14T17:28:51.5490910Z #11 33.95 Requirement already satisfied: pyee>=13.0.0 in /usr/local/lib/python3.13/site-packages (from aiortc==1.14.0->-r requirements.delivery.lock.txt (line 28)) (14.0.0)
auth-duplicate-login-gate / enforce-single-session	UNKNOWN STEP	2026-08-14T17:28:51.5491930Z #11 33.95 Requirement already satisfied: pylibsrtp>=0.10.0 in /usr/local/lib/python3.13/site-packages (from aiortc==1.14.0->-r requirements.delivery.lock.txt (line 28)) (1.0.0)
auth-duplicate-login-gate / enforce-single-session	UNKNOWN STEP	2026-08-14T17:28:51.5493004Z #11 33.95 Requirement already satisfied: ifaddr>=0.2.0 in /usr/local/lib/python3.13/site-packages (from aioice<1.0.0,>=0.10.1->aiortc==1.14.0->-r requirements.delivery.lock.txt (line 28)) (0.2.0)
auth-duplicate-login-gate / enforce-single-session	UNKNOWN STEP	2026-08-14T17:28:51.5494201Z #11 33.95 Requirement already satisfied: python-dateutil<3.0.0,>=2.1 in /usr/local/lib/python3.13/site-packages (from botocore<1.44.0,>=1.43.18->boto3==1.43.18->-r requirements.delivery.lock.txt (line 18)) (2.9.0.post0)
auth-duplicate-login-gate / enforce-single-session	UNKNOWN STEP	2026-08-14T17:28:51.5495413Z #11 33.96 Requirement already satisfied: pyyaml<7,>=5.3 in /usr/local/lib/python3.13/site-packages (from ctranslate2<5,>=4.0->faster-whisper==1.2.1->-r requirements.delivery.lock.txt (line 24)) (6.0.3)
auth-duplicate-login-gate / enforce-single-session	UNKNOWN STEP	2026-08-14T17:28:51.5496608Z #11 33.96 Requirement already satisfied: flatbuffers in /usr/local/lib/python3.13/site-packages (from onnxruntime<2,>=1.14->faster-whisper==1.2.1->-r requirements.delivery.lock.txt (line 24)) (25.12.19)
auth-duplicate-login-gate / enforce-single-session	UNKNOWN STEP	2026-08-14T17:28:51.5497972Z #11 33.97 Requirement already satisfied: six>=1.5 in /usr/local/lib/python3.13/site-packages (from python-dateutil<3.0.0,>=2.1->botocore<1.44.0,>=1.43.18->boto3==1.43.18->-r requirements.delivery.lock.txt (line 18)) (1.17.0)
auth-duplicate-login-gate / enforce-single-session	UNKNOWN STEP	2026-08-14T17:28:51.5499213Z #11 33.97 Requirement already satisfied: filelock>=3.10.0 in /usr/local/lib/python3.13/site-packages (from huggingface-hub>=0.21->faster-whisper==1.2.1->-r requirements.delivery.lock.txt (line 24)) (3.32.3)
auth-duplicate-login-gate / enforce-single-session	UNKNOWN STEP	2026-08-14T17:28:51.5500427Z #11 33.97 Requirement already satisfied: fsspec>=2023.5.0 in /usr/local/lib/python3.13/site-packages (from huggingface-hub>=0.21->faster-whisper==1.2.1->-r requirements.delivery.lock.txt (line 24)) (2026.7.0)
auth-duplicate-login-gate / enforce-single-session	UNKNOWN STEP	2026-08-14T17:28:51.5501631Z #11 33.97 Requirement already satisfied: hf-xet<2.0.0,>=1.5.2 in /usr/local/lib/python3.13/site-packages (from huggingface-hub>=0.21->faster-whisper==1.2.1->-r requirements.delivery.lock.txt (line 24)) (1.6.0)
auth-duplicate-login-gate / enforce-single-session	UNKNOWN STEP	2026-08-14T17:28:51.5502782Z #11 33.99 Requirement already satisfied: cffi>=2.0.0 in /usr/local/lib/python3.13/site-packages (from cryptography>=44.0.2->webauthn==2.7.1->-r requirements.delivery.lock.txt (line 23)) (2.1.1)
auth-duplicate-login-gate / enforce-single-session	UNKNOWN STEP	2026-08-14T17:28:51.6508005Z #11 33.99 Requirement already satisfied: pycparser in /usr/local/lib/python3.13/site-packages (from cffi>=2.0.0->cryptography>=44.0.2->webauthn==2.7.1->-r requirements.delivery.lock.txt (line 23)) (3.0)
auth-duplicate-login-gate / enforce-single-session	UNKNOWN STEP	2026-08-14T17:28:51.6510138Z #11 34.00 Requirement already satisfied: h2<5,>=3 in /usr/local/lib/python3.13/site-packages (from httpx[http2]>=0.20.0->qdrant-client==1.18.0->-r requirements.delivery.lock.txt (line 19)) (4.4.1)
auth-duplicate-login-gate / enforce-single-session	UNKNOWN STEP	2026-08-14T17:28:51.6511840Z #11 34.01 Requirement already satisfied: hyperframe<7,>=6.1 in /usr/local/lib/python3.13/site-packages (from h2<5,>=3->httpx[http2]>=0.20.0->qdrant-client==1.18.0->-r requirements.delivery.lock.txt (line 19)) (6.1.0)
auth-duplicate-login-gate / enforce-single-session	UNKNOWN STEP	2026-08-14T17:28:51.6513528Z #11 34.01 Requirement already satisfied: hpack<5,>=4.2 in /usr/local/lib/python3.13/site-packages (from h2<5,>=3->httpx[http2]>=0.20.0->qdrant-client==1.18.0->-r requirements.delivery.lock.txt (line 19)) (4.2.0)
auth-duplicate-login-gate / enforce-single-session	UNKNOWN STEP	2026-08-14T17:28:51.6514573Z #11 34.03 Downloading fastapi-0.136.3-py3-none-any.whl (117 kB)
auth-duplicate-login-gate / enforce-single-session	UNKNOWN STEP	2026-08-14T17:28:51.6515380Z #11 34.04 Downloading uvicorn-0.48.0-py3-none-any.whl (71 kB)
auth-duplicate-login-gate / enforce-single-session	UNKNOWN STEP	2026-08-14T17:28:51.6516155Z #11 34.04 Downloading pytest-9.0.3-py3-none-any.whl (375 kB)
auth-duplicate-login-gate / enforce-single-session	UNKNOWN STEP	2026-08-14T17:28:51.6517080Z #11 34.05 Downloading python_multipart-0.0.31-py3-none-any.whl (29 kB)
auth-duplicate-login-gate / enforce-single-session	UNKNOWN STEP	2026-08-14T17:28:51.6518524Z #11 34.06 Downloading sqlalchemy-2.0.50-cp313-cp313-manylinux2014_x86_64.manylinux_2_17_x86_64.manylinux_2_28_x86_64.whl (3.3 MB)
auth-duplicate-login-gate / enforce-single-session	UNKNOWN STEP	2026-08-14T17:28:51.8600777Z #11 34.09    ━━━━━━━━━━━━━━━━━━━━━━━━━━━━━━━━━━━━━━━━ 3.3/3.3 MB 100.2 MB/s  0:00:00
auth-duplicate-login-gate / enforce-single-session	UNKNOWN STEP	2026-08-14T17:28:51.8601514Z #11 34.10 Downloading boto3-1.43.18-py3-none-any.whl (140 kB)
auth-duplicate-login-gate / enforce-single-session	UNKNOWN STEP	2026-08-14T17:28:51.8602204Z #11 34.10 Downloading qdrant_client-1.18.0-py3-none-any.whl (398 kB)
auth-duplicate-login-gate / enforce-single-session	UNKNOWN STEP	2026-08-14T17:28:51.8603050Z #11 34.11 Downloading pillow-12.2.0-cp313-cp313-manylinux_2_27_x86_64.manylinux_2_28_x86_64.whl (7.1 MB)
auth-duplicate-login-gate / enforce-single-session	UNKNOWN STEP	2026-08-14T17:28:51.8603718Z #11 34.14    ━━━━━━━━━━━━━━━━━━━━━━━━━━━━━━━━━━━━━━━━ 7.1/7.1 MB 244.2 MB/s  0:00:00
auth-duplicate-login-gate / enforce-single-session	UNKNOWN STEP	2026-08-14T17:28:51.8604140Z #11 34.14 Downloading prometheus_client-0.25.0-py3-none-any.whl (64 kB)
auth-duplicate-login-gate / enforce-single-session	UNKNOWN STEP	2026-08-14T17:28:51.8604554Z #11 34.14 Downloading webauthn-2.7.1-py3-none-any.whl (71 kB)
auth-duplicate-login-gate / enforce-single-session	UNKNOWN STEP	2026-08-14T17:28:51.8604941Z #11 34.15 Downloading aiortc-1.14.0-py3-none-any.whl (93 kB)
auth-duplicate-login-gate / enforce-single-session	UNKNOWN STEP	2026-08-14T17:28:51.8605360Z #11 34.15 Downloading av-16.1.0-cp313-cp313-manylinux_2_28_x86_64.whl (40.9 MB)
auth-duplicate-login-gate / enforce-single-session	UNKNOWN STEP	2026-08-14T17:28:52.1729912Z #11 34.39    ━━━━━━━━━━━━━━━━━━━━━━━━━━━━━━━━━━━━━━━━ 40.9/40.9 MB 171.4 MB/s  0:00:00
auth-duplicate-login-gate / enforce-single-session	UNKNOWN STEP	2026-08-14T17:28:52.1730750Z #11 34.40 Downloading numpy-2.5.0-cp313-cp313-manylinux_2_27_x86_64.manylinux_2_28_x86_64.whl (16.6 MB)
auth-duplicate-login-gate / enforce-single-session	UNKNOWN STEP	2026-08-14T17:28:52.1731781Z #11 34.46    ━━━━━━━━━━━━━━━━━━━━━━━━━━━━━━━━━━━━━━━━ 16.6/16.6 MB 266.5 MB/s  0:00:00
auth-duplicate-login-gate / enforce-single-session	UNKNOWN STEP	2026-08-14T17:28:52.1732397Z #11 34.47 Downloading s3transfer-0.18.0-py3-none-any.whl (88 kB)
auth-duplicate-login-gate / enforce-single-session	UNKNOWN STEP	2026-08-14T17:28:52.4763336Z #11 34.68 Installing collected packages: uvicorn, sqlalchemy, python-multipart, pytest, prometheus-client, Pillow, numpy, av, s3transfer, fastapi, webauthn, qdrant-client, boto3, aiortc
auth-duplicate-login-gate / enforce-single-session	UNKNOWN STEP	2026-08-14T17:28:52.4764791Z #11 34.68   Attempting uninstall: uvicorn
auth-duplicate-login-gate / enforce-single-session	UNKNOWN STEP	2026-08-14T17:28:52.4765342Z #11 34.68     Found existing installation: uvicorn 0.52.3
auth-duplicate-login-gate / enforce-single-session	UNKNOWN STEP	2026-08-14T17:28:52.4765923Z #11 34.69     Uninstalling uvicorn-0.52.3:
auth-duplicate-login-gate / enforce-single-session	UNKNOWN STEP	2026-08-14T17:28:52.4766404Z #11 34.69       Successfully uninstalled uvicorn-0.52.3
auth-duplicate-login-gate / enforce-single-session	UNKNOWN STEP	2026-08-14T17:28:52.4766929Z #11 34.74   Attempting uninstall: sqlalchemy
auth-duplicate-login-gate / enforce-single-session	UNKNOWN STEP	2026-08-14T17:28:52.4767477Z #11 34.75     Found existing installation: SQLAlchemy 2.0.52
auth-duplicate-login-gate / enforce-single-session	UNKNOWN STEP	2026-08-14T17:28:52.4768333Z #11 34.77     Uninstalling SQLAlchemy-2.0.52:
auth-duplicate-login-gate / enforce-single-session	UNKNOWN STEP	2026-08-14T17:28:52.4768888Z #11 34.77       Successfully uninstalled SQLAlchemy-2.0.52
auth-duplicate-login-gate / enforce-single-session	UNKNOWN STEP	2026-08-14T17:28:53.5006993Z #11 35.83   Attempting uninstall: python-multipart
auth-duplicate-login-gate / enforce-single-session	UNKNOWN STEP	2026-08-14T17:28:53.5007782Z #11 35.83     Found existing installation: python-multipart 0.0.32
auth-duplicate-login-gate / enforce-single-session	UNKNOWN STEP	2026-08-14T17:28:53.5008357Z #11 35.84     Uninstalling python-multipart-0.0.32:
auth-duplicate-login-gate / enforce-single-session	UNKNOWN STEP	2026-08-14T17:28:53.5008805Z #11 35.84       Successfully uninstalled python-multipart-0.0.32
auth-duplicate-login-gate / enforce-single-session	UNKNOWN STEP	2026-08-14T17:28:53.5009213Z #11 35.85   Attempting uninstall: pytest
auth-duplicate-login-gate / enforce-single-session	UNKNOWN STEP	2026-08-14T17:28:53.5009582Z #11 35.86     Found existing installation: pytest 9.1.1
auth-duplicate-login-gate / enforce-single-session	UNKNOWN STEP	2026-08-14T17:28:53.5009964Z #11 35.87     Uninstalling pytest-9.1.1:
auth-duplicate-login-gate / enforce-single-session	UNKNOWN STEP	2026-08-14T17:28:53.6512931Z #11 35.94       Successfully uninstalled pytest-9.1.1
auth-duplicate-login-gate / enforce-single-session	UNKNOWN STEP	2026-08-14T17:28:53.9425906Z #11 36.17   Attempting uninstall: prometheus-client
auth-duplicate-login-gate / enforce-single-session	UNKNOWN STEP	2026-08-14T17:28:53.9426663Z #11 36.17     Found existing installation: prometheus_client 0.26.0
auth-duplicate-login-gate / enforce-single-session	UNKNOWN STEP	2026-08-14T17:28:53.9427333Z #11 36.17     Uninstalling prometheus_client-0.26.0:
auth-duplicate-login-gate / enforce-single-session	UNKNOWN STEP	2026-08-14T17:28:53.9428176Z #11 36.17       Successfully uninstalled prometheus_client-0.26.0
auth-duplicate-login-gate / enforce-single-session	UNKNOWN STEP	2026-08-14T17:28:53.9428788Z #11 36.22   Attempting uninstall: Pillow
auth-duplicate-login-gate / enforce-single-session	UNKNOWN STEP	2026-08-14T17:28:53.9429339Z #11 36.23     Found existing installation: pillow 12.3.0
auth-duplicate-login-gate / enforce-single-session	UNKNOWN STEP	2026-08-14T17:28:53.9429887Z #11 36.23     Uninstalling pillow-12.3.0:
auth-duplicate-login-gate / enforce-single-session	UNKNOWN STEP	2026-08-14T17:28:53.9430455Z #11 36.24       Successfully uninstalled pillow-12.3.0
auth-duplicate-login-gate / enforce-single-session	UNKNOWN STEP	2026-08-14T17:28:54.2845255Z #11 36.53   Attempting uninstall: numpy
auth-duplicate-login-gate / enforce-single-session	UNKNOWN STEP	2026-08-14T17:28:54.2845683Z #11 36.53     Found existing installation: numpy 2.5.2
auth-duplicate-login-gate / enforce-single-session	UNKNOWN STEP	2026-08-14T17:28:54.2846171Z #11 36.57     Uninstalling numpy-2.5.2:
auth-duplicate-login-gate / enforce-single-session	UNKNOWN STEP	2026-08-14T17:28:54.2846630Z #11 36.58       Successfully uninstalled numpy-2.5.2
auth-duplicate-login-gate / enforce-single-session	UNKNOWN STEP	2026-08-14T17:28:56.0734659Z #11 38.35   Attempting uninstall: av
auth-duplicate-login-gate / enforce-single-session	UNKNOWN STEP	2026-08-14T17:28:56.0735326Z #11 38.36     Found existing installation: av 17.1.0
auth-duplicate-login-gate / enforce-single-session	UNKNOWN STEP	2026-08-14T17:28:56.0735830Z #11 38.36     Uninstalling av-17.1.0:
auth-duplicate-login-gate / enforce-single-session	UNKNOWN STEP	2026-08-14T17:28:56.0736279Z #11 38.37       Successfully uninstalled av-17.1.0
auth-duplicate-login-gate / enforce-single-session	UNKNOWN STEP	2026-08-14T17:28:56.4704759Z #11 38.91   Attempting uninstall: s3transfer
auth-duplicate-login-gate / enforce-single-session	UNKNOWN STEP	2026-08-14T17:28:56.6089568Z #11 38.92     Found existing installation: s3transfer 0.19.2
auth-duplicate-login-gate / enforce-single-session	UNKNOWN STEP	2026-08-14T17:28:56.6090269Z #11 38.92     Uninstalling s3transfer-0.19.2:
auth-duplicate-login-gate / enforce-single-session	UNKNOWN STEP	2026-08-14T17:28:56.6090871Z #11 38.92       Successfully uninstalled s3transfer-0.19.2
auth-duplicate-login-gate / enforce-single-session	UNKNOWN STEP	2026-08-14T17:28:56.6091415Z #11 38.97   Attempting uninstall: fastapi
auth-duplicate-login-gate / enforce-single-session	UNKNOWN STEP	2026-08-14T17:28:56.6091919Z #11 38.97     Found existing installation: fastapi 0.141.1
auth-duplicate-login-gate / enforce-single-session	UNKNOWN STEP	2026-08-14T17:28:56.6092455Z #11 38.98     Uninstalling fastapi-0.141.1:
auth-duplicate-login-gate / enforce-single-session	UNKNOWN STEP	2026-08-14T17:28:56.6092989Z #11 38.98       Successfully uninstalled fastapi-0.141.1
auth-duplicate-login-gate / enforce-single-session	UNKNOWN STEP	2026-08-14T17:28:56.8270927Z #11 39.05   Attempting uninstall: webauthn
auth-duplicate-login-gate / enforce-single-session	UNKNOWN STEP	2026-08-14T17:28:56.8271733Z #11 39.06     Found existing installation: webauthn 3.0.0
auth-duplicate-login-gate / enforce-single-session	UNKNOWN STEP	2026-08-14T17:28:56.8272423Z #11 39.06     Uninstalling webauthn-3.0.0:
auth-duplicate-login-gate / enforce-single-session	UNKNOWN STEP	2026-08-14T17:28:56.8273072Z #11 39.06       Successfully uninstalled webauthn-3.0.0
auth-duplicate-login-gate / enforce-single-session	UNKNOWN STEP	2026-08-14T17:28:56.8273759Z #11 39.11   Attempting uninstall: qdrant-client
auth-duplicate-login-gate / enforce-single-session	UNKNOWN STEP	2026-08-14T17:28:56.8274175Z #11 39.11     Found existing installation: qdrant-client 1.19.0
auth-duplicate-login-gate / enforce-single-session	UNKNOWN STEP	2026-08-14T17:28:56.8274596Z #11 39.12     Uninstalling qdrant-client-1.19.0:
auth-duplicate-login-gate / enforce-single-session	UNKNOWN STEP	2026-08-14T17:28:56.8275006Z #11 39.12       Successfully uninstalled qdrant-client-1.19.0
auth-duplicate-login-gate / enforce-single-session	UNKNOWN STEP	2026-08-14T17:28:57.1039357Z #11 39.40   Attempting uninstall: boto3
auth-duplicate-login-gate / enforce-single-session	UNKNOWN STEP	2026-08-14T17:28:57.1040463Z #11 39.40     Found existing installation: boto3 1.43.71
auth-duplicate-login-gate / enforce-single-session	UNKNOWN STEP	2026-08-14T17:28:57.1041100Z #11 39.41     Uninstalling boto3-1.43.71:
auth-duplicate-login-gate / enforce-single-session	UNKNOWN STEP	2026-08-14T17:28:57.1041670Z #11 39.41       Successfully uninstalled boto3-1.43.71
auth-duplicate-login-gate / enforce-single-session	UNKNOWN STEP	2026-08-14T17:28:57.1042245Z #11 39.46   Attempting uninstall: aiortc
auth-duplicate-login-gate / enforce-single-session	UNKNOWN STEP	2026-08-14T17:28:57.1042836Z #11 39.47     Found existing installation: aiortc 1.15.0
auth-duplicate-login-gate / enforce-single-session	UNKNOWN STEP	2026-08-14T17:28:57.1043456Z #11 39.47     Uninstalling aiortc-1.15.0:
auth-duplicate-login-gate / enforce-single-session	UNKNOWN STEP	2026-08-14T17:28:57.1044075Z #11 39.47       Successfully uninstalled aiortc-1.15.0
auth-duplicate-login-gate / enforce-single-session	UNKNOWN STEP	2026-08-14T17:28:57.1044612Z #11 39.55 
auth-duplicate-login-gate / enforce-single-session	UNKNOWN STEP	2026-08-14T17:28:57.2677948Z #11 39.56 Successfully installed Pillow-12.2.0 aiortc-1.14.0 av-16.1.0 boto3-1.43.18 fastapi-0.136.3 numpy-2.5.0 prometheus-client-0.25.0 pytest-9.0.3 python-multipart-0.0.31 qdrant-client-1.18.0 s3transfer-0.18.0 sqlalchemy-2.0.50 uvicorn-0.48.0 webauthn-2.7.1
auth-duplicate-login-gate / enforce-single-session	UNKNOWN STEP	2026-08-14T17:28:57.2680071Z #11 39.56 WARNING: Running pip as the 'root' user can result in broken permissions and conflicting behaviour with the system package manager, possibly rendering your system unusable. It is recommended to use a virtual environment instead: https://pip.pypa.io/warnings/venv. Use the --root-user-action option if you know what you are doing and want to suppress this warning.
auth-duplicate-login-gate / enforce-single-session	UNKNOWN STEP	2026-08-14T17:28:57.9226259Z #11 40.37 Looking in indexes: https://download.pytorch.org/whl/cu128
auth-duplicate-login-gate / enforce-single-session	UNKNOWN STEP	2026-08-14T17:28:58.1536654Z #11 40.60 Collecting torch==2.7.0+cu128
auth-duplicate-login-gate / enforce-single-session	UNKNOWN STEP	2026-08-14T17:28:58.6179973Z #11 40.90   Downloading torch-2.7.0%2Bcu128-cp313-cp313-manylinux_2_28_x86_64.whl.metadata (29 kB)
auth-duplicate-login-gate / enforce-single-session	UNKNOWN STEP	2026-08-14T17:28:58.6181119Z #11 40.95 Collecting torchvision==0.22.0+cu128
auth-duplicate-login-gate / enforce-single-session	UNKNOWN STEP	2026-08-14T17:28:58.7330459Z #11 41.06   Downloading torchvision-0.22.0%2Bcu128-cp313-cp313-manylinux_2_28_x86_64.whl.metadata (6.1 kB)
auth-duplicate-login-gate / enforce-single-session	UNKNOWN STEP	2026-08-14T17:28:58.7332073Z #11 41.06 Requirement already satisfied: filelock in /usr/local/lib/python3.13/site-packages (from torch==2.7.0+cu128) (3.32.3)
auth-duplicate-login-gate / enforce-single-session	UNKNOWN STEP	2026-08-14T17:28:58.7333332Z #11 41.06 Requirement already satisfied: typing-extensions>=4.10.0 in /usr/local/lib/python3.13/site-packages (from torch==2.7.0+cu128) (4.16.0)
auth-duplicate-login-gate / enforce-single-session	UNKNOWN STEP	2026-08-14T17:28:58.7334353Z #11 41.07 Requirement already satisfied: setuptools in /usr/local/lib/python3.13/site-packages (from torch==2.7.0+cu128) (82.0.1)
auth-duplicate-login-gate / enforce-single-session	UNKNOWN STEP	2026-08-14T17:28:58.7335152Z #11 41.09 Collecting sympy>=1.13.3 (from torch==2.7.0+cu128)
auth-duplicate-login-gate / enforce-single-session	UNKNOWN STEP	2026-08-14T17:28:58.7335765Z #11 41.12   Downloading sympy-1.14.0-py3-none-any.whl.metadata (12 kB)
auth-duplicate-login-gate / enforce-single-session	UNKNOWN STEP	2026-08-14T17:28:58.7336363Z #11 41.15 Collecting networkx (from torch==2.7.0+cu128)
auth-duplicate-login-gate / enforce-single-session	UNKNOWN STEP	2026-08-14T17:28:58.7336923Z #11 41.15   Downloading networkx-3.6.1-py3-none-any.whl.metadata (6.8 kB)
auth-duplicate-login-gate / enforce-single-session	UNKNOWN STEP	2026-08-14T17:28:58.7337912Z #11 41.16 Requirement already satisfied: jinja2 in /usr/local/lib/python3.13/site-packages (from torch==2.7.0+cu128) (3.1.6)
auth-duplicate-login-gate / enforce-single-session	UNKNOWN STEP	2026-08-14T17:28:58.7339079Z #11 41.16 Requirement already satisfied: fsspec in /usr/local/lib/python3.13/site-packages (from torch==2.7.0+cu128) (2026.7.0)
auth-duplicate-login-gate / enforce-single-session	UNKNOWN STEP	2026-08-14T17:28:58.9534175Z #11 41.18 Collecting nvidia-cuda-nvrtc-cu12==12.8.61 (from torch==2.7.0+cu128)
auth-duplicate-login-gate / enforce-single-session	UNKNOWN STEP	2026-08-14T17:28:58.9535032Z #11 41.25   Downloading nvidia_cuda_nvrtc_cu12-12.8.61-py3-none-manylinux2010_x86_64.manylinux_2_12_x86_64.whl (88.0 MB)
auth-duplicate-login-gate / enforce-single-session	UNKNOWN STEP	2026-08-14T17:28:59.4149974Z #11 41.75      ━━━━━━━━━━━━━━━━━━━━━━━━━━━━━━━━━━━━━━━━ 88.0/88.0 MB 189.1 MB/s  0:00:00
auth-duplicate-login-gate / enforce-single-session	UNKNOWN STEP	2026-08-14T17:28:59.4150585Z #11 41.85 Collecting nvidia-cuda-runtime-cu12==12.8.57 (from torch==2.7.0+cu128)
auth-duplicate-login-gate / enforce-single-session	UNKNOWN STEP	2026-08-14T17:28:59.5280284Z #11 41.86   Downloading nvidia_cuda_runtime_cu12-12.8.57-py3-none-manylinux2014_x86_64.manylinux_2_17_x86_64.whl (954 kB)
auth-duplicate-login-gate / enforce-single-session	UNKNOWN STEP	2026-08-14T17:28:59.5281299Z #11 41.86      ━━━━━━━━━━━━━━━━━━━━━━━━━━━━━━━━━━━━━━━━ 954.8/954.8 kB 578.6 MB/s  0:00:00
auth-duplicate-login-gate / enforce-single-session	UNKNOWN STEP	2026-08-14T17:28:59.5281758Z #11 41.88 Collecting nvidia-cuda-cupti-cu12==12.8.57 (from torch==2.7.0+cu128)
auth-duplicate-login-gate / enforce-single-session	UNKNOWN STEP	2026-08-14T17:28:59.5282357Z #11 41.89   Downloading nvidia_cuda_cupti_cu12-12.8.57-py3-none-manylinux2014_x86_64.manylinux_2_17_x86_64.whl (10.2 MB)
auth-duplicate-login-gate / enforce-single-session	UNKNOWN STEP	2026-08-14T17:28:59.5283007Z #11 41.94      ━━━━━━━━━━━━━━━━━━━━━━━━━━━━━━━━━━━━━━━━ 10.2/10.2 MB 234.6 MB/s  0:00:00
auth-duplicate-login-gate / enforce-single-session	UNKNOWN STEP	2026-08-14T17:28:59.7293392Z #11 41.97 Collecting nvidia-cudnn-cu12==9.7.1.26 (from torch==2.7.0+cu128)
auth-duplicate-login-gate / enforce-single-session	UNKNOWN STEP	2026-08-14T17:28:59.7294387Z #11 42.02   Downloading nvidia_cudnn_cu12-9.7.1.26-py3-none-manylinux_2_27_x86_64.whl (726.9 MB)
auth-duplicate-login-gate / enforce-single-session	UNKNOWN STEP	2026-08-14T17:29:02.9207425Z #11 45.21      ━━━━━━━━━━━━━━━━━━━━━━━━━━━━━━━━━━━━━━━━ 726.9/726.9 MB 223.5 MB/s  0:00:03
auth-duplicate-login-gate / enforce-single-session	UNKNOWN STEP	2026-08-14T17:29:03.8129610Z #11 46.09 Collecting nvidia-cublas-cu12==12.8.3.14 (from torch==2.7.0+cu128)
auth-duplicate-login-gate / enforce-single-session	UNKNOWN STEP	2026-08-14T17:29:03.8130475Z #11 46.11   Downloading nvidia_cublas_cu12-12.8.3.14-py3-none-manylinux_2_27_x86_64.whl (609.6 MB)
auth-duplicate-login-gate / enforce-single-session	UNKNOWN STEP	2026-08-14T17:29:06.0774837Z #11 48.37      ━━━━━━━━━━━━━━━━━━━━━━━━━━━━━━━━━━━━━━━━ 609.6/609.6 MB 269.4 MB/s  0:00:02
auth-duplicate-login-gate / enforce-single-session	UNKNOWN STEP	2026-08-14T17:29:06.6558588Z #11 48.92 Collecting nvidia-cufft-cu12==11.3.3.41 (from torch==2.7.0+cu128)
auth-duplicate-login-gate / enforce-single-session	UNKNOWN STEP	2026-08-14T17:29:06.6559266Z #11 48.95   Downloading nvidia_cufft_cu12-11.3.3.41-py3-none-manylinux2014_x86_64.manylinux_2_17_x86_64.whl (193.1 MB)
auth-duplicate-login-gate / enforce-single-session	UNKNOWN STEP	2026-08-14T17:29:07.3268584Z #11 49.62      ━━━━━━━━━━━━━━━━━━━━━━━━━━━━━━━━━━━━━━━━ 193.1/193.1 MB 288.4 MB/s  0:00:00
auth-duplicate-login-gate / enforce-single-session	UNKNOWN STEP	2026-08-14T17:29:07.5654850Z #11 49.81 Collecting nvidia-curand-cu12==10.3.9.55 (from torch==2.7.0+cu128)
auth-duplicate-login-gate / enforce-single-session	UNKNOWN STEP	2026-08-14T17:29:07.5655649Z #11 49.86   Downloading nvidia_curand_cu12-10.3.9.55-py3-none-manylinux_2_27_x86_64.whl (63.6 MB)
auth-duplicate-login-gate / enforce-single-session	UNKNOWN STEP	2026-08-14T17:29:07.8818633Z #11 50.09      ━━━━━━━━━━━━━━━━━━━━━━━━━━━━━━━━━━━━━━━━ 63.6/63.6 MB 278.3 MB/s  0:00:00
auth-duplicate-login-gate / enforce-single-session	UNKNOWN STEP	2026-08-14T17:29:07.8819422Z #11 50.16 Collecting nvidia-cusolver-cu12==11.7.2.55 (from torch==2.7.0+cu128)
auth-duplicate-login-gate / enforce-single-session	UNKNOWN STEP	2026-08-14T17:29:07.8820192Z #11 50.17   Downloading nvidia_cusolver_cu12-11.7.2.55-py3-none-manylinux_2_27_x86_64.whl (260.4 MB)
auth-duplicate-login-gate / enforce-single-session	UNKNOWN STEP	2026-08-14T17:29:08.9276763Z #11 51.22      ━━━━━━━━━━━━━━━━━━━━━━━━━━━━━━━━━━━━━━━━ 260.4/260.4 MB 249.3 MB/s  0:00:01
auth-duplicate-login-gate / enforce-single-session	UNKNOWN STEP	2026-08-14T17:29:09.2312069Z #11 51.47 Collecting nvidia-cusparse-cu12==12.5.7.53 (from torch==2.7.0+cu128)
auth-duplicate-login-gate / enforce-single-session	UNKNOWN STEP	2026-08-14T17:29:09.2312881Z #11 51.52   Downloading nvidia_cusparse_cu12-12.5.7.53-py3-none-manylinux2014_x86_64.manylinux_2_17_x86_64.whl (292.1 MB)
auth-duplicate-login-gate / enforce-single-session	UNKNOWN STEP	2026-08-14T17:29:10.3179065Z #11 52.61      ━━━━━━━━━━━━━━━━━━━━━━━━━━━━━━━━━━━━━━━━ 292.1/292.1 MB 265.4 MB/s  0:00:01
auth-duplicate-login-gate / enforce-single-session	UNKNOWN STEP	2026-08-14T17:29:10.6021521Z #11 52.88 Collecting nvidia-cusparselt-cu12==0.6.3 (from torch==2.7.0+cu128)
auth-duplicate-login-gate / enforce-single-session	UNKNOWN STEP	2026-08-14T17:29:10.6022520Z #11 52.89   Downloading nvidia_cusparselt_cu12-0.6.3-py3-none-manylinux2014_x86_64.whl (156.8 MB)
auth-duplicate-login-gate / enforce-single-session	UNKNOWN STEP	2026-08-14T17:29:11.1660100Z #11 53.46      ━━━━━━━━━━━━━━━━━━━━━━━━━━━━━━━━━━━━━━━━ 156.8/156.8 MB 278.6 MB/s  0:00:00
auth-duplicate-login-gate / enforce-single-session	UNKNOWN STEP	2026-08-14T17:29:11.3740700Z #11 53.62 Collecting nvidia-nccl-cu12==2.26.2 (from torch==2.7.0+cu128)
auth-duplicate-login-gate / enforce-single-session	UNKNOWN STEP	2026-08-14T17:29:11.3741805Z #11 53.67   Downloading nvidia_nccl_cu12-2.26.2-py3-none-manylinux2014_x86_64.manylinux_2_17_x86_64.whl (201.3 MB)
auth-duplicate-login-gate / enforce-single-session	UNKNOWN STEP	2026-08-14T17:29:12.0884247Z #11 54.38      ━━━━━━━━━━━━━━━━━━━━━━━━━━━━━━━━━━━━━━━━ 201.3/201.3 MB 282.6 MB/s  0:00:00
auth-duplicate-login-gate / enforce-single-session	UNKNOWN STEP	2026-08-14T17:29:12.1370932Z #11 54.58 Collecting nvidia-nvtx-cu12==12.8.55 (from torch==2.7.0+cu128)
auth-duplicate-login-gate / enforce-single-session	UNKNOWN STEP	2026-08-14T17:29:12.3559475Z #11 54.63   Downloading nvidia_nvtx_cu12-12.8.55-py3-none-manylinux2014_x86_64.manylinux_2_17_x86_64.whl (89 kB)
auth-duplicate-login-gate / enforce-single-session	UNKNOWN STEP	2026-08-14T17:29:12.3561038Z #11 54.65 Collecting nvidia-nvjitlink-cu12==12.8.61 (from torch==2.7.0+cu128)
auth-duplicate-login-gate / enforce-single-session	UNKNOWN STEP	2026-08-14T17:29:12.3561897Z #11 54.67   Downloading nvidia_nvjitlink_cu12-12.8.61-py3-none-manylinux2010_x86_64.manylinux_2_12_x86_64.whl (39.2 MB)
auth-duplicate-login-gate / enforce-single-session	UNKNOWN STEP	2026-08-14T17:29:12.4652088Z #11 54.80      ━━━━━━━━━━━━━━━━━━━━━━━━━━━━━━━━━━━━━━━━ 39.2/39.2 MB 302.4 MB/s  0:00:00
auth-duplicate-login-gate / enforce-single-session	UNKNOWN STEP	2026-08-14T17:29:12.4653583Z #11 54.85 Collecting nvidia-cufile-cu12==1.13.0.11 (from torch==2.7.0+cu128)
auth-duplicate-login-gate / enforce-single-session	UNKNOWN STEP	2026-08-14T17:29:12.4654521Z #11 54.91   Downloading nvidia_cufile_cu12-1.13.0.11-py3-none-manylinux2014_x86_64.manylinux_2_17_x86_64.whl (1.2 MB)
auth-duplicate-login-gate / enforce-single-session	UNKNOWN STEP	2026-08-14T17:29:12.6467758Z #11 54.91      ━━━━━━━━━━━━━━━━━━━━━━━━━━━━━━━━━━━━━━━━ 1.2/1.2 MB 733.9 MB/s  0:00:00
auth-duplicate-login-gate / enforce-single-session	UNKNOWN STEP	2026-08-14T17:29:12.6468458Z #11 54.94 Collecting triton==3.3.0 (from torch==2.7.0+cu128)
auth-duplicate-login-gate / enforce-single-session	UNKNOWN STEP	2026-08-14T17:29:13.2153711Z #11 55.51   Downloading triton-3.3.0-cp313-cp313-manylinux_2_27_x86_64.manylinux_2_28_x86_64.whl.metadata (1.5 kB)
auth-duplicate-login-gate / enforce-single-session	UNKNOWN STEP	2026-08-14T17:29:13.2154928Z #11 55.51 Requirement already satisfied: numpy in /usr/local/lib/python3.13/site-packages (from torchvision==0.22.0+cu128) (2.5.0)
auth-duplicate-login-gate / enforce-single-session	UNKNOWN STEP	2026-08-14T17:29:13.2155950Z #11 55.51 Requirement already satisfied: pillow!=8.3.*,>=5.3.0 in /usr/local/lib/python3.13/site-packages (from torchvision==0.22.0+cu128) (12.2.0)
auth-duplicate-login-gate / enforce-single-session	UNKNOWN STEP	2026-08-14T17:29:13.2157740Z #11 55.52 Requirement already satisfied: mpmath<1.4,>=1.1.0 in /usr/local/lib/python3.13/site-packages (from sympy>=1.13.3->torch==2.7.0+cu128) (1.3.0)
auth-duplicate-login-gate / enforce-single-session	UNKNOWN STEP	2026-08-14T17:29:13.2159230Z #11 55.53 Requirement already satisfied: MarkupSafe>=2.0 in /usr/local/lib/python3.13/site-packages (from jinja2->torch==2.7.0+cu128) (3.0.3)
auth-duplicate-login-gate / enforce-single-session	UNKNOWN STEP	2026-08-14T17:29:13.3657447Z #11 55.66 Downloading torch-2.7.0%2Bcu128-cp313-cp313-manylinux_2_28_x86_64.whl (1097.7 MB)
auth-duplicate-login-gate / enforce-single-session	UNKNOWN STEP	2026-08-14T17:29:25.6585573Z #11 67.94    ━━━━━━━━━━━━━━━━━━━━━━━━━━━━━━━━━━━━━━━━ 1.1/1.1 GB 79.6 MB/s  0:00:12
auth-duplicate-login-gate / enforce-single-session	UNKNOWN STEP	2026-08-14T17:29:25.6586167Z #11 68.01 Downloading torchvision-0.22.0%2Bcu128-cp313-cp313-manylinux_2_28_x86_64.whl (8.7 MB)
auth-duplicate-login-gate / enforce-single-session	UNKNOWN STEP	2026-08-14T17:29:25.7849160Z #11 68.10    ━━━━━━━━━━━━━━━━━━━━━━━━━━━━━━━━━━━━━━━━ 8.7/8.7 MB 96.8 MB/s  0:00:00
auth-duplicate-login-gate / enforce-single-session	UNKNOWN STEP	2026-08-14T17:29:25.9355267Z #11 68.23 Downloading triton-3.3.0-cp313-cp313-manylinux_2_27_x86_64.manylinux_2_28_x86_64.whl (156.5 MB)
auth-duplicate-login-gate / enforce-single-session	UNKNOWN STEP	2026-08-14T17:29:27.5145761Z #11 69.74    ━━━━━━━━━━━━━━━━━━━━━━━━━━━━━━━━━━━━━━━━ 156.5/156.5 MB 103.8 MB/s  0:00:01
auth-duplicate-login-gate / enforce-single-session	UNKNOWN STEP	2026-08-14T17:29:27.5146943Z #11 69.74 Downloading sympy-1.14.0-py3-none-any.whl (6.3 MB)
auth-duplicate-login-gate / enforce-single-session	UNKNOWN STEP	2026-08-14T17:29:27.5148030Z #11 69.80    ━━━━━━━━━━━━━━━━━━━━━━━━━━━━━━━━━━━━━━━━ 6.3/6.3 MB 143.3 MB/s  0:00:00
auth-duplicate-login-gate / enforce-single-session	UNKNOWN STEP	2026-08-14T17:29:27.5148789Z #11 69.80 Downloading networkx-3.6.1-py3-none-any.whl (2.1 MB)
auth-duplicate-login-gate / enforce-single-session	UNKNOWN STEP	2026-08-14T17:29:27.5149701Z #11 69.81    ━━━━━━━━━━━━━━━━━━━━━━━━━━━━━━━━━━━━━━━━ 2.1/2.1 MB 304.9 MB/s  0:00:00
auth-duplicate-login-gate / enforce-single-session	UNKNOWN STEP	2026-08-14T17:29:28.9183158Z #11 71.21 Installing collected packages: nvidia-cusparselt-cu12, triton, sympy, nvidia-nvtx-cu12, nvidia-nvjitlink-cu12, nvidia-nccl-cu12, nvidia-curand-cu12, nvidia-cufile-cu12, nvidia-cuda-runtime-cu12, nvidia-cuda-nvrtc-cu12, nvidia-cuda-cupti-cu12, nvidia-cublas-cu12, networkx, nvidia-cusparse-cu12, nvidia-cufft-cu12, nvidia-cudnn-cu12, nvidia-cusolver-cu12, torch, torchvision
auth-duplicate-login-gate / enforce-single-session	UNKNOWN STEP	2026-08-14T17:30:17.1416936Z #11 119.4 
auth-duplicate-login-gate / enforce-single-session	UNKNOWN STEP	2026-08-14T17:30:17.1418943Z #11 119.4 Successfully installed networkx-3.6.1 nvidia-cublas-cu12-12.8.3.14 nvidia-cuda-cupti-cu12-12.8.57 nvidia-cuda-nvrtc-cu12-12.8.61 nvidia-cuda-runtime-cu12-12.8.57 nvidia-cudnn-cu12-9.7.1.26 nvidia-cufft-cu12-11.3.3.41 nvidia-cufile-cu12-1.13.0.11 nvidia-curand-cu12-10.3.9.55 nvidia-cusolver-cu12-11.7.2.55 nvidia-cusparse-cu12-12.5.7.53 nvidia-cusparselt-cu12-0.6.3 nvidia-nccl-cu12-2.26.2 nvidia-nvjitlink-cu12-12.8.61 nvidia-nvtx-cu12-12.8.55 sympy-1.14.0 torch-2.7.0+cu128 torchvision-0.22.0+cu128 triton-3.3.0
auth-duplicate-login-gate / enforce-single-session	UNKNOWN STEP	2026-08-14T17:30:17.1421765Z #11 119.4 WARNING: Running pip as the 'root' user can result in broken permissions and conflicting behaviour with the system package manager, possibly rendering your system unusable. It is recommended to use a virtual environment instead: https://pip.pypa.io/warnings/venv. Use the --root-user-action option if you know what you are doing and want to suppress this warning.
auth-duplicate-login-gate / enforce-single-session	UNKNOWN STEP	2026-08-14T17:30:17.5458196Z #11 120.0 Collecting facenet-pytorch
auth-duplicate-login-gate / enforce-single-session	UNKNOWN STEP	2026-08-14T17:30:17.6479266Z #11 120.0   Downloading facenet_pytorch-2.6.0-py3-none-any.whl.metadata (12 kB)
auth-duplicate-login-gate / enforce-single-session	UNKNOWN STEP	2026-08-14T17:30:17.6480710Z #11 120.0 Requirement already satisfied: tqdm in /usr/local/lib/python3.13/site-packages (4.70.0)
auth-duplicate-login-gate / enforce-single-session	UNKNOWN STEP	2026-08-14T17:30:17.6481455Z #11 120.0 Downloading facenet_pytorch-2.6.0-py3-none-any.whl (1.9 MB)
auth-duplicate-login-gate / enforce-single-session	UNKNOWN STEP	2026-08-14T17:30:17.6482329Z #11 120.1    ━━━━━━━━━━━━━━━━━━━━━━━━━━━━━━━━━━━━━━━━ 1.9/1.9 MB 44.3 MB/s  0:00:00
auth-duplicate-login-gate / enforce-single-session	UNKNOWN STEP	2026-08-14T17:30:17.8426856Z #11 120.1 Installing collected packages: facenet-pytorch
auth-duplicate-login-gate / enforce-single-session	UNKNOWN STEP	2026-08-14T17:30:17.8427319Z #11 120.1 Successfully installed facenet-pytorch-2.6.0
auth-duplicate-login-gate / enforce-single-session	UNKNOWN STEP	2026-08-14T17:30:17.8428957Z #11 120.1 WARNING: Running pip as the 'root' user can result in broken permissions and conflicting behaviour with the system package manager, possibly rendering your system unusable. It is recommended to use a virtual environment instead: https://pip.pypa.io/warnings/venv. Use the --root-user-action option if you know what you are doing and want to suppress this warning.
auth-duplicate-login-gate / enforce-single-session	UNKNOWN STEP	2026-08-14T17:30:20.8005210Z #11 DONE 123.1s
auth-duplicate-login-gate / enforce-single-session	UNKNOWN STEP	2026-08-14T17:30:20.8005481Z 
auth-duplicate-login-gate / enforce-single-session	UNKNOWN STEP	2026-08-14T17:30:20.8005634Z #12 [backend 6/6] COPY . .
auth-duplicate-login-gate / enforce-single-session	UNKNOWN STEP	2026-08-14T17:30:21.4484664Z #12 DONE 0.6s
auth-duplicate-login-gate / enforce-single-session	UNKNOWN STEP	2026-08-14T17:30:21.4484947Z 
auth-duplicate-login-gate / enforce-single-session	UNKNOWN STEP	2026-08-14T17:30:21.4485172Z #13 [interpreter-service] exporting to image
auth-duplicate-login-gate / enforce-single-session	UNKNOWN STEP	2026-08-14T17:30:21.4485792Z #13 exporting layers
auth-duplicate-login-gate / enforce-single-session	UNKNOWN STEP	2026-08-14T17:30:31.3485650Z #13 ...
auth-duplicate-login-gate / enforce-single-session	UNKNOWN STEP	2026-08-14T17:30:31.3485887Z 
auth-duplicate-login-gate / enforce-single-session	UNKNOWN STEP	2026-08-14T17:30:31.3486080Z #14 [backend] exporting to image
auth-duplicate-login-gate / enforce-single-session	UNKNOWN STEP	2026-08-14T17:30:31.4987174Z #14 ...
auth-duplicate-login-gate / enforce-single-session	UNKNOWN STEP	2026-08-14T17:30:31.4987444Z 
auth-duplicate-login-gate / enforce-single-session	UNKNOWN STEP	2026-08-14T17:30:31.4987765Z #15 [music-service] exporting to image
auth-duplicate-login-gate / enforce-single-session	UNKNOWN STEP	2026-08-14T17:30:41.5998603Z #15 exporting layers 20.3s done
auth-duplicate-login-gate / enforce-single-session	UNKNOWN STEP	2026-08-14T17:30:41.6432253Z #15 writing image sha256:4c617a76202981c23082c085281da53b0463dd958c9c1d44edb1370c98cfd164 done
auth-duplicate-login-gate / enforce-single-session	UNKNOWN STEP	2026-08-14T17:30:41.6433145Z #15 naming to docker.io/library/devanalysis114-backend done
auth-duplicate-login-gate / enforce-single-session	UNKNOWN STEP	2026-08-14T17:30:41.6433702Z  interpreter-service  Built
auth-duplicate-login-gate / enforce-single-session	UNKNOWN STEP	2026-08-14T17:30:41.6435984Z  music-service  Built
auth-duplicate-login-gate / enforce-single-session	UNKNOWN STEP	2026-08-14T17:30:41.6436377Z  backend  Built
auth-duplicate-login-gate / enforce-single-session	UNKNOWN STEP	2026-08-14T17:30:41.6436704Z #15 DONE 20.3s
auth-duplicate-login-gate / enforce-single-session	UNKNOWN STEP	2026-08-14T17:30:41.6436833Z 
auth-duplicate-login-gate / enforce-single-session	UNKNOWN STEP	2026-08-14T17:30:41.6436981Z #13 [interpreter-service] exporting to image
auth-duplicate-login-gate / enforce-single-session	UNKNOWN STEP	2026-08-14T17:30:41.6437282Z #13 exporting layers 20.3s done
auth-duplicate-login-gate / enforce-single-session	UNKNOWN STEP	2026-08-14T17:30:41.6437950Z #13 writing image sha256:4c617a76202981c23082c085281da53b0463dd958c9c1d44edb1370c98cfd164 done
auth-duplicate-login-gate / enforce-single-session	UNKNOWN STEP	2026-08-14T17:30:41.6438670Z #13 naming to docker.io/library/devanalysis114-backend done
auth-duplicate-login-gate / enforce-single-session	UNKNOWN STEP	2026-08-14T17:30:41.6438987Z #13 DONE 20.3s
auth-duplicate-login-gate / enforce-single-session	UNKNOWN STEP	2026-08-14T17:30:41.6439106Z 
auth-duplicate-login-gate / enforce-single-session	UNKNOWN STEP	2026-08-14T17:30:41.6439205Z #14 [backend] exporting to image
auth-duplicate-login-gate / enforce-single-session	UNKNOWN STEP	2026-08-14T17:30:41.6439463Z #14 exporting layers 20.3s done
auth-duplicate-login-gate / enforce-single-session	UNKNOWN STEP	2026-08-14T17:30:41.6439868Z #14 writing image sha256:4c617a76202981c23082c085281da53b0463dd958c9c1d44edb1370c98cfd164 done
auth-duplicate-login-gate / enforce-single-session	UNKNOWN STEP	2026-08-14T17:30:41.6440738Z #14 naming to docker.io/library/devanalysis114-backend done
auth-duplicate-login-gate / enforce-single-session	UNKNOWN STEP	2026-08-14T17:30:41.6441162Z #14 DONE 20.3s
auth-duplicate-login-gate / enforce-single-session	UNKNOWN STEP	2026-08-14T17:30:41.6441321Z 
auth-duplicate-login-gate / enforce-single-session	UNKNOWN STEP	2026-08-14T17:30:41.6441571Z #16 [interpreter-service] resolving provenance for metadata file
auth-duplicate-login-gate / enforce-single-session	UNKNOWN STEP	2026-08-14T17:30:41.6442061Z #16 DONE 0.0s
auth-duplicate-login-gate / enforce-single-session	UNKNOWN STEP	2026-08-14T17:30:41.6442228Z 
auth-duplicate-login-gate / enforce-single-session	UNKNOWN STEP	2026-08-14T17:30:41.6442465Z #17 [music-service] resolving provenance for metadata file
auth-duplicate-login-gate / enforce-single-session	UNKNOWN STEP	2026-08-14T17:30:41.6442966Z #17 DONE 0.0s
auth-duplicate-login-gate / enforce-single-session	UNKNOWN STEP	2026-08-14T17:30:41.6443189Z 
auth-duplicate-login-gate / enforce-single-session	UNKNOWN STEP	2026-08-14T17:30:41.6443394Z #18 [backend] resolving provenance for metadata file
auth-duplicate-login-gate / enforce-single-session	UNKNOWN STEP	2026-08-14T17:30:41.6443805Z #18 DONE 0.0s
auth-duplicate-login-gate / enforce-single-session	UNKNOWN STEP	2026-08-14T17:30:41.6533022Z  Network sorisae-ai_devanalysis114-network  Creating
auth-duplicate-login-gate / enforce-single-session	UNKNOWN STEP	2026-08-14T17:30:41.6811799Z  Network sorisae-ai_devanalysis114-network  Created
auth-duplicate-login-gate / enforce-single-session	UNKNOWN STEP	2026-08-14T17:30:41.6879909Z  Volume "sorisae-ai_autonomous-session-data"  Creating
auth-duplicate-login-gate / enforce-single-session	UNKNOWN STEP	2026-08-14T17:30:41.6891734Z  Volume "sorisae-ai_autonomous-session-data"  Created
auth-duplicate-login-gate / enforce-single-session	UNKNOWN STEP	2026-08-14T17:30:41.6895156Z  Volume "sorisae-ai_qdrant-data"  Creating
auth-duplicate-login-gate / enforce-single-session	UNKNOWN STEP	2026-08-14T17:30:41.6902707Z  Volume "sorisae-ai_qdrant-data"  Created
auth-duplicate-login-gate / enforce-single-session	UNKNOWN STEP	2026-08-14T17:30:41.6905809Z  Volume "sorisae-ai_postgres-data"  Creating
auth-duplicate-login-gate / enforce-single-session	UNKNOWN STEP	2026-08-14T17:30:41.6919424Z  Volume "sorisae-ai_postgres-data"  Created
auth-duplicate-login-gate / enforce-single-session	UNKNOWN STEP	2026-08-14T17:30:41.6922085Z  Volume "sorisae-ai_minio-data"  Creating
auth-duplicate-login-gate / enforce-single-session	UNKNOWN STEP	2026-08-14T17:30:41.6932488Z  Volume "sorisae-ai_minio-data"  Created
auth-duplicate-login-gate / enforce-single-session	UNKNOWN STEP	2026-08-14T17:30:41.6938219Z  Container devanalysis114-minio  Creating
auth-duplicate-login-gate / enforce-single-session	UNKNOWN STEP	2026-08-14T17:30:41.6948899Z  Container devanalysis114-redis  Creating
auth-duplicate-login-gate / enforce-single-session	UNKNOWN STEP	2026-08-14T17:30:41.6949276Z  Container devanalysis114-qdrant  Creating
auth-duplicate-login-gate / enforce-single-session	UNKNOWN STEP	2026-08-14T17:30:41.6949631Z  Container devanalysis114-interpreter-service  Creating
auth-duplicate-login-gate / enforce-single-session	UNKNOWN STEP	2026-08-14T17:30:41.6950000Z  Container devanalysis114-postgres  Creating
auth-duplicate-login-gate / enforce-single-session	UNKNOWN STEP	2026-08-14T17:30:41.6982275Z  Container devanalysis114-music-service  Creating
auth-duplicate-login-gate / enforce-single-session	UNKNOWN STEP	2026-08-14T17:30:41.7295768Z  Container devanalysis114-music-service  Created
auth-duplicate-login-gate / enforce-single-session	UNKNOWN STEP	2026-08-14T17:30:41.7296535Z  Container devanalysis114-interpreter-service  Created
auth-duplicate-login-gate / enforce-single-session	UNKNOWN STEP	2026-08-14T17:30:41.7297117Z  Container devanalysis114-minio  Created
auth-duplicate-login-gate / enforce-single-session	UNKNOWN STEP	2026-08-14T17:30:41.7298204Z  Container devanalysis114-qdrant  Created
auth-duplicate-login-gate / enforce-single-session	UNKNOWN STEP	2026-08-14T17:30:41.7299485Z  Container devanalysis114-redis  Created
auth-duplicate-login-gate / enforce-single-session	UNKNOWN STEP	2026-08-14T17:30:41.7302317Z  Container devanalysis114-postgres  Created
auth-duplicate-login-gate / enforce-single-session	UNKNOWN STEP	2026-08-14T17:30:41.7302899Z  Container devanalysis114-backend  Creating
auth-duplicate-login-gate / enforce-single-session	UNKNOWN STEP	2026-08-14T17:30:41.7311429Z  Container devanalysis114-backend  Error response from daemon: range of CPUs is from 0.01 to 4.00, as there are only 4 CPUs available
auth-duplicate-login-gate / enforce-single-session	UNKNOWN STEP	2026-08-14T17:30:41.7312499Z Error response from daemon: range of CPUs is from 0.01 to 4.00, as there are only 4 CPUs available
auth-duplicate-login-gate / enforce-single-session	UNKNOWN STEP	2026-08-14T17:30:41.7378278Z ##[error]Process completed with exit code 1.
auth-duplicate-login-gate / enforce-single-session	UNKNOWN STEP	2026-08-14T17:30:41.7462786Z ##[group]Run docker logs --tail 400 devanalysis114-backend
auth-duplicate-login-gate / enforce-single-session	UNKNOWN STEP	2026-08-14T17:30:41.7463214Z [36;1mdocker logs --tail 400 devanalysis114-backend[0m
auth-duplicate-login-gate / enforce-single-session	UNKNOWN STEP	2026-08-14T17:30:41.7489167Z shell: /usr/bin/bash --noprofile --norc -e -o pipefail {0}
auth-duplicate-login-gate / enforce-single-session	UNKNOWN STEP	2026-08-14T17:30:41.7489511Z env:
auth-duplicate-login-gate / enforce-single-session	UNKNOWN STEP	2026-08-14T17:30:41.7489877Z   AUTH_E2E_EMAIL: ***
auth-duplicate-login-gate / enforce-single-session	UNKNOWN STEP	2026-08-14T17:30:41.7490205Z   AUTH_E2E_PASSWORD: ***
auth-duplicate-login-gate / enforce-single-session	UNKNOWN STEP	2026-08-14T17:30:41.7490475Z   E2E_BASE_URL: http://127.0.0.1:8000
auth-duplicate-login-gate / enforce-single-session	UNKNOWN STEP	2026-08-14T17:30:41.7490814Z   pythonLocation: /opt/hostedtoolcache/Python/3.13.15/x64
auth-duplicate-login-gate / enforce-single-session	UNKNOWN STEP	2026-08-14T17:30:41.7491237Z   PKG_CONFIG_PATH: /opt/hostedtoolcache/Python/3.13.15/x64/lib/pkgconfig
auth-duplicate-login-gate / enforce-single-session	UNKNOWN STEP	2026-08-14T17:30:41.7491654Z   Python_ROOT_DIR: /opt/hostedtoolcache/Python/3.13.15/x64
auth-duplicate-login-gate / enforce-single-session	UNKNOWN STEP	2026-08-14T17:30:41.7492036Z   Python2_ROOT_DIR: /opt/hostedtoolcache/Python/3.13.15/x64
auth-duplicate-login-gate / enforce-single-session	UNKNOWN STEP	2026-08-14T17:30:41.7492404Z   Python3_ROOT_DIR: /opt/hostedtoolcache/Python/3.13.15/x64
auth-duplicate-login-gate / enforce-single-session	UNKNOWN STEP	2026-08-14T17:30:41.7492774Z   LD_LIBRARY_PATH: /opt/hostedtoolcache/Python/3.13.15/x64/lib
auth-duplicate-login-gate / enforce-single-session	UNKNOWN STEP	2026-08-14T17:30:41.7493141Z ##[endgroup]
auth-duplicate-login-gate / enforce-single-session	UNKNOWN STEP	2026-08-14T17:30:41.7672360Z Error response from daemon: No such container: devanalysis114-backend
auth-duplicate-login-gate / enforce-single-session	UNKNOWN STEP	2026-08-14T17:30:41.7684513Z ##[error]Process completed with exit code 1.
auth-duplicate-login-gate / enforce-single-session	UNKNOWN STEP	2026-08-14T17:30:41.7717214Z ##[group]Run docker compose down --remove-orphans
auth-duplicate-login-gate / enforce-single-session	UNKNOWN STEP	2026-08-14T17:30:41.7717823Z [36;1mdocker compose down --remove-orphans[0m
auth-duplicate-login-gate / enforce-single-session	UNKNOWN STEP	2026-08-14T17:30:41.7741991Z shell: /usr/bin/bash --noprofile --norc -e -o pipefail {0}
auth-duplicate-login-gate / enforce-single-session	UNKNOWN STEP	2026-08-14T17:30:41.7742329Z env:
auth-duplicate-login-gate / enforce-single-session	UNKNOWN STEP	2026-08-14T17:30:41.7742647Z   AUTH_E2E_EMAIL: ***
auth-duplicate-login-gate / enforce-single-session	UNKNOWN STEP	2026-08-14T17:30:41.7742960Z   AUTH_E2E_PASSWORD: ***
auth-duplicate-login-gate / enforce-single-session	UNKNOWN STEP	2026-08-14T17:30:41.7743220Z   E2E_BASE_URL: http://127.0.0.1:8000
auth-duplicate-login-gate / enforce-single-session	UNKNOWN STEP	2026-08-14T17:30:41.7743556Z   pythonLocation: /opt/hostedtoolcache/Python/3.13.15/x64
auth-duplicate-login-gate / enforce-single-session	UNKNOWN STEP	2026-08-14T17:30:41.7743974Z   PKG_CONFIG_PATH: /opt/hostedtoolcache/Python/3.13.15/x64/lib/pkgconfig
auth-duplicate-login-gate / enforce-single-session	UNKNOWN STEP	2026-08-14T17:30:41.7744392Z   Python_ROOT_DIR: /opt/hostedtoolcache/Python/3.13.15/x64
auth-duplicate-login-gate / enforce-single-session	UNKNOWN STEP	2026-08-14T17:30:41.7744770Z   Python2_ROOT_DIR: /opt/hostedtoolcache/Python/3.13.15/x64
auth-duplicate-login-gate / enforce-single-session	UNKNOWN STEP	2026-08-14T17:30:41.7745145Z   Python3_ROOT_DIR: /opt/hostedtoolcache/Python/3.13.15/x64
auth-duplicate-login-gate / enforce-single-session	UNKNOWN STEP	2026-08-14T17:30:41.7745517Z   LD_LIBRARY_PATH: /opt/hostedtoolcache/Python/3.13.15/x64/lib
auth-duplicate-login-gate / enforce-single-session	UNKNOWN STEP	2026-08-14T17:30:41.7745882Z ##[endgroup]
auth-duplicate-login-gate / enforce-single-session	UNKNOWN STEP	2026-08-14T17:30:41.8764964Z  Container devanalysis114-interpreter-service  Stopping
auth-duplicate-login-gate / enforce-single-session	UNKNOWN STEP	2026-08-14T17:30:41.8774577Z  Container devanalysis114-music-service  Stopping
auth-duplicate-login-gate / enforce-single-session	UNKNOWN STEP	2026-08-14T17:30:41.8776311Z  Container devanalysis114-qdrant  Stopping
auth-duplicate-login-gate / enforce-single-session	UNKNOWN STEP	2026-08-14T17:30:41.8776894Z  Container devanalysis114-postgres  Stopping
auth-duplicate-login-gate / enforce-single-session	UNKNOWN STEP	2026-08-14T17:30:41.8777608Z  Container devanalysis114-minio  Stopping
auth-duplicate-login-gate / enforce-single-session	UNKNOWN STEP	2026-08-14T17:30:41.8778076Z  Container devanalysis114-redis  Stopping
auth-duplicate-login-gate / enforce-single-session	UNKNOWN STEP	2026-08-14T17:30:41.8778714Z  Container devanalysis114-interpreter-service  Stopped
auth-duplicate-login-gate / enforce-single-session	UNKNOWN STEP	2026-08-14T17:30:41.8779663Z  Container devanalysis114-interpreter-service  Removing
auth-duplicate-login-gate / enforce-single-session	UNKNOWN STEP	2026-08-14T17:30:41.8780853Z  Container devanalysis114-music-service  Stopped
auth-duplicate-login-gate / enforce-single-session	UNKNOWN STEP	2026-08-14T17:30:41.8781366Z  Container devanalysis114-music-service  Removing
auth-duplicate-login-gate / enforce-single-session	UNKNOWN STEP	2026-08-14T17:30:41.8781858Z  Container devanalysis114-redis  Stopped
auth-duplicate-login-gate / enforce-single-session	UNKNOWN STEP	2026-08-14T17:30:41.8782370Z  Container devanalysis114-redis  Removing
auth-duplicate-login-gate / enforce-single-session	UNKNOWN STEP	2026-08-14T17:30:41.8782817Z  Container devanalysis114-minio  Stopped
auth-duplicate-login-gate / enforce-single-session	UNKNOWN STEP	2026-08-14T17:30:41.8783300Z  Container devanalysis114-minio  Removing
auth-duplicate-login-gate / enforce-single-session	UNKNOWN STEP	2026-08-14T17:30:41.8783787Z  Container devanalysis114-postgres  Stopped
auth-duplicate-login-gate / enforce-single-session	UNKNOWN STEP	2026-08-14T17:30:41.8784532Z  Container devanalysis114-postgres  Removing
auth-duplicate-login-gate / enforce-single-session	UNKNOWN STEP	2026-08-14T17:30:41.8785037Z  Container devanalysis114-qdrant  Stopped
auth-duplicate-login-gate / enforce-single-session	UNKNOWN STEP	2026-08-14T17:30:41.8785505Z  Container devanalysis114-qdrant  Removing
auth-duplicate-login-gate / enforce-single-session	UNKNOWN STEP	2026-08-14T17:30:41.8816088Z  Container devanalysis114-interpreter-service  Removed
auth-duplicate-login-gate / enforce-single-session	UNKNOWN STEP	2026-08-14T17:30:41.8816713Z  Container devanalysis114-postgres  Removed
auth-duplicate-login-gate / enforce-single-session	UNKNOWN STEP	2026-08-14T17:30:41.8817692Z  Container devanalysis114-redis  Removed
auth-duplicate-login-gate / enforce-single-session	UNKNOWN STEP	2026-08-14T17:30:41.8819260Z  Container devanalysis114-music-service  Removed
auth-duplicate-login-gate / enforce-single-session	UNKNOWN STEP	2026-08-14T17:30:41.8819714Z  Container devanalysis114-qdrant  Removed
auth-duplicate-login-gate / enforce-single-session	UNKNOWN STEP	2026-08-14T17:30:41.8821907Z  Container devanalysis114-minio  Removed
auth-duplicate-login-gate / enforce-single-session	UNKNOWN STEP	2026-08-14T17:30:41.8826666Z  Network sorisae-ai_devanalysis114-network  Removing
auth-duplicate-login-gate / enforce-single-session	UNKNOWN STEP	2026-08-14T17:30:41.9598613Z  Network sorisae-ai_devanalysis114-network  Removed
auth-duplicate-login-gate / enforce-single-session	UNKNOWN STEP	2026-08-14T17:30:41.9768127Z Node 20 is being deprecated. This workflow is running with Node 24 by default. If you need to temporarily use Node 20, you can set the ACTIONS_ALLOW_USE_UNSECURE_NODE_VERSION=true environment variable. For more information see: https://github.blog/changelog/2025-09-19-deprecation-of-node-20-on-github-actions-runners/
auth-duplicate-login-gate / enforce-single-session	UNKNOWN STEP	2026-08-14T17:30:41.9769293Z Post job cleanup.
auth-duplicate-login-gate / enforce-single-session	UNKNOWN STEP	2026-08-14T17:30:42.1355687Z [command]/usr/bin/git version
auth-duplicate-login-gate / enforce-single-session	UNKNOWN STEP	2026-08-14T17:30:42.1395430Z git version 2.54.0
auth-duplicate-login-gate / enforce-single-session	UNKNOWN STEP	2026-08-14T17:30:42.1434966Z Temporarily overriding HOME='/home/runner/work/_temp/1b9b405a-00d9-4497-80e1-81b161ec23e4' before making global git config changes
auth-duplicate-login-gate / enforce-single-session	UNKNOWN STEP	2026-08-14T17:30:42.1436297Z Adding repository directory to the temporary git global config as a safe directory
auth-duplicate-login-gate / enforce-single-session	UNKNOWN STEP	2026-08-14T17:30:42.1441522Z [command]/usr/bin/git config --global --add safe.directory /home/runner/work/Sorisae-AI/Sorisae-AI
auth-duplicate-login-gate / enforce-single-session	UNKNOWN STEP	2026-08-14T17:30:42.1477175Z [command]/usr/bin/git config --local --name-only --get-regexp core\.sshCommand
auth-duplicate-login-gate / enforce-single-session	UNKNOWN STEP	2026-08-14T17:30:42.1507048Z [command]/usr/bin/git submodule foreach --recursive sh -c "git config --local --name-only --get-regexp 'core\.sshCommand' && git config --local --unset-all 'core.sshCommand' || :"
auth-duplicate-login-gate / enforce-single-session	UNKNOWN STEP	2026-08-14T17:30:42.1731284Z [command]/usr/bin/git config --local --name-only --get-regexp http\.https\:\/\/github\.com\/\.extraheader
auth-duplicate-login-gate / enforce-single-session	UNKNOWN STEP	2026-08-14T17:30:42.1754235Z http.https://github.com/.extraheader
auth-duplicate-login-gate / enforce-single-session	UNKNOWN STEP	2026-08-14T17:30:42.1764557Z [command]/usr/bin/git config --local --unset-all http.https://github.com/.extraheader
auth-duplicate-login-gate / enforce-single-session	UNKNOWN STEP	2026-08-14T17:30:42.1796721Z [command]/usr/bin/git submodule foreach --recursive sh -c "git config --local --name-only --get-regexp 'http\.https\:\/\/github\.com\/\.extraheader' && git config --local --unset-all 'http.https://github.com/.extraheader' || :"
auth-duplicate-login-gate / enforce-single-session	UNKNOWN STEP	2026-08-14T17:30:42.2043961Z [command]/usr/bin/git config --local --name-only --get-regexp ^includeIf\.gitdir:
auth-duplicate-login-gate / enforce-single-session	UNKNOWN STEP	2026-08-14T17:30:42.2098591Z [command]/usr/bin/git submodule foreach --recursive git config --local --show-origin --name-only --get-regexp remote.origin.url
auth-duplicate-login-gate / enforce-single-session	UNKNOWN STEP	2026-08-14T17:30:42.2450639Z Cleaning up orphan processes
auth-duplicate-login-gate / enforce-single-session	UNKNOWN STEP	2026-08-14T17:30:42.3129166Z ##[warning]Node.js 20 is deprecated. The following actions target Node.js 20 but are being forced to run on Node.js 24: actions/checkout@v4, actions/setup-python@v5. For more information see: https://github.blog/changelog/2025-09-19-deprecation-of-node-20-on-github-actions-runners/
