--------- beginning of main
08-16 06:07:13.454 I/ReactNativeJS(32192): '[VoIP] WebRTC module loaded', { module: 'react-native-webrtc',
08-16 06:07:13.454 I/ReactNativeJS(32192):   hasPeerConnection: true,
08-16 06:07:13.454 I/ReactNativeJS(32192):   hasMediaDevices: true }
08-16 06:07:13.468 W/ReactNativeJS(32192): This method is deprecated (as well as all React Native Firebase namespaced API) and will be removed in the next major release as part of move to match Firebase Web modular SDK API. Please see migration guide for more details: https://rnfirebase.io/migrating-to-v22 Please use `getApps()` instead.
08-16 06:07:13.469 W/ReactNativeJS(32192): This method is deprecated (as well as all React Native Firebase namespaced API) and will be removed in the next major release as part of move to match Firebase Web modular SDK API. Please see migration guide for more details: https://rnfirebase.io/migrating-to-v22 Please use `initializeApp()` instead.
08-16 06:07:13.470 W/ReactNativeJS(32192): This method is deprecated (as well as all React Native Firebase namespaced API) and will be removed in the next major release as part of move to match Firebase Web modular SDK API. Please see migration guide for more details: https://rnfirebase.io/migrating-to-v22 Please use `getApps()` instead.
08-16 06:07:13.470 W/ReactNativeJS(32192): This method is deprecated (as well as all React Native Firebase namespaced API) and will be removed in the next major release as part of move to match Firebase Web modular SDK API. Please see migration guide for more details: https://rnfirebase.io/migrating-to-v22 Please use `getApp()` instead.
08-16 06:07:13.487 I/ReactNativeJS(32192): Running "main"
08-16 06:07:13.743 I/ReactNativeJS(32192): '[UI_PRESS_PROBE]', '{"event":"NETWORK_TRANSPORT_CHANGED","timestamp":"2026-08-15T21:07:13.743Z","token_ready":false,"user_ready":false,"show_login":false,"show_voip_tester":false,"selected_call_mode":"pstn_assist","transport":"unknown","cellular_generation":null,"label":"알 수 없음","is_connected":false,"is_internet_reachable":null,"carrier":null,"ssid":null,"is_accurate_voip_test_ready":false,"previous_label":null}'
08-16 06:07:13.746 I/ReactNativeJS(32192): '[WORLDLINGCO_API] base_url', 'https://metanova1004.com'
08-16 06:07:13.750 I/ReactNativeJS(32192): [VoIPToneService] AudioContext not available (React Native environment)
08-16 06:07:13.753 I/ReactNativeJS(32192): '[FACE_CONVERSATION]', '{"event":"silero_probe","supported":false}'
08-16 06:07:13.764 I/ReactNativeJS(32192): '[DEEP_LINK_TRACE]', '{"source":"initial_url","outcome":"empty_url"}'
08-16 06:07:13.976 I/ReactNativeJS(32192): '[DEEP_LINK_TRACE]', '{"source":"active_initial_url","outcome":"empty_url"}'
08-16 06:07:14.456 I/ReactNativeJS(32192): '[WORLDLINGCO_TUNING]', '{"event":"remote_loaded","updated_at":"2026-08-14T06:06:31Z","version":6}'
08-16 06:07:14.458 I/ReactNativeJS(32192): '[DEEP_LINK_TRACE]', '{"source":"bootstrap_initial_url_600","outcome":"empty_url"}'
08-16 06:07:15.448 I/ReactNativeJS(32192): '[DEEP_LINK_TRACE]', '{"source":"bootstrap_initial_url_1600","outcome":"empty_url"}'
08-16 06:07:17.062 I/ReactNativeJS(32192): '[DEEP_LINK_TRACE]', '{"source":"bootstrap_initial_url_3200","outcome":"empty_url"}'
08-16 06:07:19.046 I/ReactNativeJS(32192): '[DEEP_LINK_TRACE]', '{"source":"bootstrap_initial_url_5200","outcome":"empty_url"}'
08-16 06:07:27.524 I/ReactNativeJS(32192): '[DEEP_LINK_TRACE]', '{"source":"initial_url","outcome":"empty_url"}'
08-16 06:07:27.638 I/ReactNativeJS(32192): '[AUTH_FLOW]', '{"event":"AUTH_STORAGE_RESTORE_FOUND","user_id":6,"user_email":"119cash@naver.com"}'
08-16 06:07:27.638 I/ReactNativeJS(32192): '[AUTH_FLOW]', '{"event":"AUTH_STORAGE_RESTORE_APPLIED","user_id":6,"user_email":"119cash@naver.com"}'
08-16 06:07:27.815 W/ReactNativeJS(32192): This method is deprecated (as well as all React Native Firebase namespaced API) and will be removed in the next major release as part of move to match Firebase Web modular SDK API. Please see migration guide for more details: https://rnfirebase.io/migrating-to-v22 Please use `getApps()` instead.
08-16 06:07:27.815 W/ReactNativeJS(32192): This method is deprecated (as well as all React Native Firebase namespaced API) and will be removed in the next major release as part of move to match Firebase Web modular SDK API. Please see migration guide for more details: https://rnfirebase.io/migrating-to-v22 Please use `getApps()` instead.
08-16 06:07:27.815 W/ReactNativeJS(32192): This method is deprecated (as well as all React Native Firebase namespaced API) and will be removed in the next major release as part of move to match Firebase Web modular SDK API. Please see migration guide for more details: https://rnfirebase.io/migrating-to-v22 Please use `getApps()` instead.
08-16 06:07:27.817 W/ReactNativeJS(32192): This method is deprecated (as well as all React Native Firebase namespaced API) and will be removed in the next major release as part of move to match Firebase Web modular SDK API. Please see migration guide for more details: https://rnfirebase.io/migrating-to-v22 Please use `getApps()` instead.
08-16 06:07:27.821 I/ReactNativeJS(32192): '[VoIPPendingIncoming]', '{"event":"REQUEST_START","source":"pending_call_initial","token_summary":"len:30:passke...en_331","user_id":6,"has_pending_call":false,"has_active_call":false}'
08-16 06:07:27.824 I/ReactNativeJS(32192): '[UI_PRESS_PROBE]', '{"event":"VOIP_PRESENCE_CONNECT_ATTEMPT","timestamp":"2026-08-15T21:07:27.824Z","token_ready":true,"user_ready":true,"show_login":false,"show_voip_tester":false,"selected_call_mode":"pstn_assist","voice_id":"nado-000006","token_summary":"len:30:passke...en_331","reason":"effect_start","api_base":"https://metanova1004.com"}'
08-16 06:07:27.863 W/ReactNativeJS(32192): This method is deprecated (as well as all React Native Firebase namespaced API) and will be removed in the next major release as part of move to match Firebase Web modular SDK API. Please see migration guide for more details: https://rnfirebase.io/migrating-to-v22 Please use `getApp()` instead.
08-16 06:07:27.863 W/ReactNativeJS(32192): This method is deprecated (as well as all React Native Firebase namespaced API) and will be removed in the next major release as part of move to match Firebase Web modular SDK API. Please see migration guide for more details: https://rnfirebase.io/migrating-to-v22 Please use `getApp()` instead.
08-16 06:07:27.864 W/ReactNativeJS(32192): This method is deprecated (as well as all React Native Firebase namespaced API) and will be removed in the next major release as part of move to match Firebase Web modular SDK API. Please see migration guide for more details: https://rnfirebase.io/migrating-to-v22 Please use `getApp()` instead.
08-16 06:07:27.865 W/ReactNativeJS(32192): This method is deprecated (as well as all React Native Firebase namespaced API) and will be removed in the next major release as part of move to match Firebase Web modular SDK API. Please see migration guide for more details: https://rnfirebase.io/migrating-to-v22 Please use `getApp()` instead.
08-16 06:07:27.867 I/ReactNativeJS(32192): '[UI_PRESS_PROBE]', '{"event":"VOIP_NOTIFICATION_PERMISSION_STATUS","timestamp":"2026-08-15T21:07:27.866Z","token_ready":true,"user_ready":true,"show_login":false,"show_voip_tester":false,"selected_call_mode":"pstn_assist","notifications_enabled":true}'
08-16 06:07:28.040 I/ReactNativeJS(32192): '[DEEP_LINK_TRACE]', '{"source":"initial_url","outcome":"empty_url"}'
08-16 06:07:28.046 I/ReactNativeJS(32192): '[MISSED_CALL]', '{"event":"fetch","count":0}'
08-16 06:07:28.047 I/ReactNativeJS(32192): '[VoIPPendingIncoming]', '{"event":"REQUEST_RESULT","source":"pending_call_initial","token_summary":"len:30:passke...en_331","user_id":6,"status":401,"ok":false}'
08-16 06:07:28.047 I/ReactNativeJS(32192): '[VoIPPendingIncoming] fetch failed', 401
08-16 06:07:28.050 I/ReactNativeJS(32192): '[UI_PRESS_PROBE]', '{"event":"VOIP_PRESENCE_ERROR","timestamp":"2026-08-15T21:07:28.049Z","token_ready":true,"user_ready":true,"show_login":false,"show_voip_tester":false,"selected_call_mode":"pstn_assist","voice_id":"nado-000006","token_summary":"len:30:passke...en_331","reason":"effect_start"}'
08-16 06:07:28.050 I/ReactNativeJS(32192): '[UI_PRESS_PROBE]', '{"event":"VOIP_PRESENCE_CLOSED","timestamp":"2026-08-15T21:07:28.050Z","token_ready":true,"user_ready":true,"show_login":false,"show_voip_tester":false,"selected_call_mode":"pstn_assist","voice_id":"nado-000006","token_summary":"len:30:passke...en_331","reason":"effect_start","code":1006}'
08-16 06:07:28.051 I/ReactNativeJS(32192): '[UI_PRESS_PROBE]', '{"event":"VOIP_PRESENCE_RETRY_SCHEDULED","timestamp":"2026-08-15T21:07:28.051Z","token_ready":true,"user_ready":true,"show_login":false,"show_voip_tester":false,"selected_call_mode":"pstn_assist","voice_id":"nado-000006","token_summary":"len:30:passke...en_331","reason":"close:1006"}'
08-16 06:07:28.081 I/ReactNativeJS(32192): '[UI_PRESS_PROBE]', '{"event":"NETWORK_TRANSPORT_CHANGED","timestamp":"2026-08-15T21:07:28.080Z","token_ready":true,"user_ready":true,"show_login":false,"show_voip_tester":false,"selected_call_mode":"pstn_assist","transport":"wifi","cellular_generation":null,"label":"WiFi","is_connected":true,"is_internet_reachable":true,"carrier":null,"ssid":"KT_WiFi_7_0A7C","is_accurate_voip_test_ready":false,"previous_label":"알 수 없음"}'
08-16 06:07:28.642 W/ReactNativeJS(32192): This method is deprecated (as well as all React Native Firebase namespaced API) and will be removed in the next major release as part of move to match Firebase Web modular SDK API. Please see migration guide for more details: https://rnfirebase.io/migrating-to-v22 Please use `getApp()` instead.
08-16 06:07:28.840 I/ReactNativeJS(32192): '[DEEP_LINK_TRACE]', '{"source":"bootstrap_initial_url_600","outcome":"empty_url"}'
08-16 06:07:28.878 I/ReactNativeJS(32192): '[UI_PRESS_PROBE]', '{"event":"VOIP_ACTIVE_CALL_RESUME_SKIPPED_AUTH","timestamp":"2026-08-15T21:07:28.877Z","token_ready":true,"user_ready":true,"show_login":false,"show_voip_tester":false,"selected_call_mode":"pstn_assist","source":"app_launch_resume","status":401,"last_call_id":null}'
08-16 06:07:29.471 W/ReactNativeJS(32192): This method is deprecated (as well as all React Native Firebase namespaced API) and will be removed in the next major release as part of move to match Firebase Web modular SDK API. Please see migration guide for more details: https://rnfirebase.io/migrating-to-v22 Please use `getApp()` instead.
08-16 06:07:29.744 I/ReactNativeJS(32192): '[UI_PRESS_PROBE]', '{"event":"VOIP_PRESENCE_CONNECT_ATTEMPT","timestamp":"2026-08-15T21:07:29.743Z","token_ready":true,"user_ready":true,"show_login":false,"show_voip_tester":false,"selected_call_mode":"pstn_assist","voice_id":"nado-000006","token_summary":"len:30:passke...en_331","reason":"retry:close:1006","api_base":"https://metanova1004.com"}'
08-16 06:07:29.806 I/ReactNativeJS(32192): '[DEEP_LINK_TRACE]', '{"source":"bootstrap_initial_url_1600","outcome":"empty_url"}'
08-16 06:07:30.061 I/ReactNativeJS(32192): '[UI_PRESS_PROBE]', '{"event":"VOIP_PRESENCE_ERROR","timestamp":"2026-08-15T21:07:30.060Z","token_ready":true,"user_ready":true,"show_login":false,"show_voip_tester":false,"selected_call_mode":"pstn_assist","voice_id":"nado-000006","token_summary":"len:30:passke...en_331","reason":"retry:close:1006"}'
08-16 06:07:30.061 I/ReactNativeJS(32192): '[UI_PRESS_PROBE]', '{"event":"VOIP_PRESENCE_CLOSED","timestamp":"2026-08-15T21:07:30.061Z","token_ready":true,"user_ready":true,"show_login":false,"show_voip_tester":false,"selected_call_mode":"pstn_assist","voice_id":"nado-000006","token_summary":"len:30:passke...en_331","reason":"retry:close:1006","code":1006}'
08-16 06:07:30.061 I/ReactNativeJS(32192): '[UI_PRESS_PROBE]', '{"event":"VOIP_PRESENCE_RETRY_SCHEDULED","timestamp":"2026-08-15T21:07:30.061Z","token_ready":true,"user_ready":true,"show_login":false,"show_voip_tester":false,"selected_call_mode":"pstn_assist","voice_id":"nado-000006","token_summary":"len:30:passke...en_331","reason":"close:1006"}'
08-16 06:07:30.064 I/ReactNativeJS(32192): '[UI_PRESS_PROBE]', '{"event":"VOIP_FCM_TOPIC_READY","timestamp":"2026-08-15T21:07:30.064Z","token_ready":true,"user_ready":true,"show_login":false,"show_voip_tester":false,"selected_call_mode":"pstn_assist","topic":"worldlingo_voip_nado_000006","push_token_present":true}'
08-16 06:07:30.490 W/ReactNativeJS(32192): This method is deprecated (as well as all React Native Firebase namespaced API) and will be removed in the next major release as part of move to match Firebase Web modular SDK API. Please see migration guide for more details: https://rnfirebase.io/migrating-to-v22 Please use `getApps()` instead.
08-16 06:07:30.517 I/ReactNativeJS(32192): '[VoIPPendingIncoming]', '{"event":"REQUEST_START","source":"pending_call_poll","token_summary":"len:30:passke...en_331","user_id":6,"has_pending_call":false,"has_active_call":false}'
08-16 06:07:30.691 W/ReactNativeJS(32192): This method is deprecated (as well as all React Native Firebase namespaced API) and will be removed in the next major release as part of move to match Firebase Web modular SDK API. Please see migration guide for more details: https://rnfirebase.io/migrating-to-v22 Please use `getApp()` instead.
08-16 06:07:30.691 W/ReactNativeJS(32192): This method is deprecated (as well as all React Native Firebase namespaced API) and will be removed in the next major release as part of move to match Firebase Web modular SDK API. Please see migration guide for more details: https://rnfirebase.io/migrating-to-v22 Please use `getApps()` instead.
08-16 06:07:30.692 W/ReactNativeJS(32192): This method is deprecated (as well as all React Native Firebase namespaced API) and will be removed in the next major release as part of move to match Firebase Web modular SDK API. Please see migration guide for more details: https://rnfirebase.io/migrating-to-v22 Please use `getApp()` instead.
08-16 06:07:30.692 W/ReactNativeJS(32192): This method is deprecated (as well as all React Native Firebase namespaced API) and will be removed in the next major release as part of move to match Firebase Web modular SDK API. Please see migration guide for more details: https://rnfirebase.io/migrating-to-v22 Please use `getApp()` instead.
08-16 06:07:30.770 I/ReactNativeJS(32192): '[VoIPPendingIncoming]', '{"event":"REQUEST_RESULT","source":"pending_call_poll","token_summary":"len:30:passke...en_331","user_id":6,"status":401,"ok":false}'
08-16 06:07:30.770 I/ReactNativeJS(32192): '[VoIPPendingIncoming] fetch failed', 401
08-16 06:07:31.402 I/ReactNativeJS(32192): '[DEEP_LINK_TRACE]', '{"source":"bootstrap_initial_url_3200","outcome":"empty_url"}'
08-16 06:07:31.745 I/ReactNativeJS(32192): '[UI_PRESS_PROBE]', '{"event":"VOIP_PRESENCE_CONNECT_ATTEMPT","timestamp":"2026-08-15T21:07:31.745Z","token_ready":true,"user_ready":true,"show_login":false,"show_voip_tester":false,"selected_call_mode":"pstn_assist","voice_id":"nado-000006","token_summary":"len:30:passke...en_331","reason":"retry:close:1006","api_base":"https://metanova1004.com"}'
08-16 06:07:31.904 I/ReactNativeJS(32192): '[UI_PRESS_PROBE]', '{"event":"VOIP_PRESENCE_ERROR","timestamp":"2026-08-15T21:07:31.904Z","token_ready":true,"user_ready":true,"show_login":false,"show_voip_tester":false,"selected_call_mode":"pstn_assist","voice_id":"nado-000006","token_summary":"len:30:passke...en_331","reason":"retry:close:1006"}'
08-16 06:07:31.905 I/ReactNativeJS(32192): '[UI_PRESS_PROBE]', '{"event":"VOIP_PRESENCE_CLOSED","timestamp":"2026-08-15T21:07:31.905Z","token_ready":true,"user_ready":true,"show_login":false,"show_voip_tester":false,"selected_call_mode":"pstn_assist","voice_id":"nado-000006","token_summary":"len:30:passke...en_331","reason":"retry:close:1006","code":1006}'
08-16 06:07:31.905 I/ReactNativeJS(32192): '[UI_PRESS_PROBE]', '{"event":"VOIP_PRESENCE_RETRY_SCHEDULED","timestamp":"2026-08-15T21:07:31.905Z","token_ready":true,"user_ready":true,"show_login":false,"show_voip_tester":false,"selected_call_mode":"pstn_assist","voice_id":"nado-000006","token_summary":"len:30:passke...en_331","reason":"close:1006"}'
08-16 06:07:33.200 I/ReactNativeJS(32192): '[VoIPPendingIncoming]', '{"event":"REQUEST_START","source":"pending_call_poll","token_summary":"len:30:passke...en_331","user_id":6,"has_pending_call":false,"has_active_call":false}'
08-16 06:07:33.502 I/ReactNativeJS(32192): '[VoIPPendingIncoming]', '{"event":"REQUEST_RESULT","source":"pending_call_poll","token_summary":"len:30:passke...en_331","user_id":6,"status":401,"ok":false}'
08-16 06:07:33.502 I/ReactNativeJS(32192): '[VoIPPendingIncoming] fetch failed', 401
08-16 06:07:33.624 I/ReactNativeJS(32192): '[DEEP_LINK_TRACE]', '{"source":"bootstrap_initial_url_5200","outcome":"empty_url"}'
08-16 06:07:33.693 I/ReactNativeJS(32192): '[UI_PRESS_PROBE]', '{"event":"VOIP_PRESENCE_CONNECT_ATTEMPT","timestamp":"2026-08-15T21:07:33.693Z","token_ready":true,"user_ready":true,"show_login":false,"show_voip_tester":false,"selected_call_mode":"pstn_assist","voice_id":"nado-000006","token_summary":"len:30:passke...en_331","reason":"retry:close:1006","api_base":"https://metanova1004.com"}'
08-16 06:07:33.975 I/ReactNativeJS(32192): '[UI_PRESS_PROBE]', '{"event":"VOIP_PRESENCE_ERROR","timestamp":"2026-08-15T21:07:33.975Z","token_ready":true,"user_ready":true,"show_login":false,"show_voip_tester":false,"selected_call_mode":"pstn_assist","voice_id":"nado-000006","token_summary":"len:30:passke...en_331","reason":"retry:close:1006"}'
08-16 06:07:33.976 I/ReactNativeJS(32192): '[UI_PRESS_PROBE]', '{"event":"VOIP_PRESENCE_CLOSED","timestamp":"2026-08-15T21:07:33.976Z","token_ready":true,"user_ready":true,"show_login":false,"show_voip_tester":false,"selected_call_mode":"pstn_assist","voice_id":"nado-000006","token_summary":"len:30:passke...en_331","reason":"retry:close:1006","code":1006}'
08-16 06:07:33.976 I/ReactNativeJS(32192): '[UI_PRESS_PROBE]', '{"event":"VOIP_PRESENCE_RETRY_SCHEDULED","timestamp":"2026-08-15T21:07:33.976Z","token_ready":true,"user_ready":true,"show_login":false,"show_voip_tester":false,"selected_call_mode":"pstn_assist","voice_id":"nado-000006","token_summary":"len:30:passke...en_331","reason":"close:1006"}'
08-16 06:07:35.652 I/ReactNativeJS(32192): '[VoIPPendingIncoming]', '{"event":"REQUEST_START","source":"pending_call_poll","token_summary":"len:30:passke...en_331","user_id":6,"has_pending_call":false,"has_active_call":false}'
08-16 06:07:35.755 I/ReactNativeJS(32192): '[UI_PRESS_PROBE]', '{"event":"VOIP_PRESENCE_CONNECT_ATTEMPT","timestamp":"2026-08-15T21:07:35.755Z","token_ready":true,"user_ready":true,"show_login":false,"show_voip_tester":false,"selected_call_mode":"pstn_assist","voice_id":"nado-000006","token_summary":"len:30:passke...en_331","reason":"retry:close:1006","api_base":"https://metanova1004.com"}'
08-16 06:07:35.973 I/ReactNativeJS(32192): '[VoIPPendingIncoming]', '{"event":"REQUEST_RESULT","source":"pending_call_poll","token_summary":"len:30:passke...en_331","user_id":6,"status":401,"ok":false}'
08-16 06:07:35.973 I/ReactNativeJS(32192): '[VoIPPendingIncoming] fetch failed', 401
08-16 06:07:36.041 I/ReactNativeJS(32192): '[UI_PRESS_PROBE]', '{"event":"VOIP_PRESENCE_ERROR","timestamp":"2026-08-15T21:07:36.041Z","token_ready":true,"user_ready":true,"show_login":false,"show_voip_tester":false,"selected_call_mode":"pstn_assist","voice_id":"nado-000006","token_summary":"len:30:passke...en_331","reason":"retry:close:1006"}'
08-16 06:07:36.042 I/ReactNativeJS(32192): '[UI_PRESS_PROBE]', '{"event":"VOIP_PRESENCE_CLOSED","timestamp":"2026-08-15T21:07:36.041Z","token_ready":true,"user_ready":true,"show_login":false,"show_voip_tester":false,"selected_call_mode":"pstn_assist","voice_id":"nado-000006","token_summary":"len:30:passke...en_331","reason":"retry:close:1006","code":1006}'
08-16 06:07:36.042 I/ReactNativeJS(32192): '[UI_PRESS_PROBE]', '{"event":"VOIP_PRESENCE_RETRY_SCHEDULED","timestamp":"2026-08-15T21:07:36.042Z","token_ready":true,"user_ready":true,"show_login":false,"show_voip_tester":false,"selected_call_mode":"pstn_assist","voice_id":"nado-000006","token_summary":"len:30:passke...en_331","reason":"close:1006"}'
08-16 06:07:36.866 I/ReactNativeJS(32192): '[DEEP_LINK_TRACE]', '{"source":"initial_url","outcome":"empty_url"}'
08-16 06:07:37.711 I/ReactNativeJS(32192): '[DEEP_LINK_TRACE]', '{"source":"bootstrap_initial_url_600","outcome":"empty_url"}'
08-16 06:07:37.813 I/ReactNativeJS(32192): '[UI_PRESS_PROBE]', '{"event":"VOIP_PRESENCE_CONNECT_ATTEMPT","timestamp":"2026-08-15T21:07:37.812Z","token_ready":true,"user_ready":true,"show_login":false,"show_voip_tester":false,"selected_call_mode":"pstn_assist","voice_id":"nado-000006","token_summary":"len:30:passke...en_331","reason":"retry:close:1006","api_base":"https://metanova1004.com"}'
08-16 06:07:38.102 I/ReactNativeJS(32192): '[UI_PRESS_PROBE]', '{"event":"VOIP_PRESENCE_ERROR","timestamp":"2026-08-15T21:07:38.102Z","token_ready":true,"user_ready":true,"show_login":false,"show_voip_tester":false,"selected_call_mode":"pstn_assist","voice_id":"nado-000006","token_summary":"len:30:passke...en_331","reason":"retry:close:1006"}'
08-16 06:07:38.102 I/ReactNativeJS(32192): '[UI_PRESS_PROBE]', '{"event":"VOIP_PRESENCE_CLOSED","timestamp":"2026-08-15T21:07:38.102Z","token_ready":true,"user_ready":true,"show_login":false,"show_voip_tester":false,"selected_call_mode":"pstn_assist","voice_id":"nado-000006","token_summary":"len:30:passke...en_331","reason":"retry:close:1006","code":1006}'
08-16 06:07:38.103 I/ReactNativeJS(32192): '[UI_PRESS_PROBE]', '{"event":"VOIP_PRESENCE_RETRY_SCHEDULED","timestamp":"2026-08-15T21:07:38.102Z","token_ready":true,"user_ready":true,"show_login":false,"show_voip_tester":false,"selected_call_mode":"pstn_assist","voice_id":"nado-000006","token_summary":"len:30:passke...en_331","reason":"close:1006"}'
08-16 06:07:38.169 I/ReactNativeJS(32192): '[VoIPPendingIncoming]', '{"event":"REQUEST_START","source":"pending_call_poll","token_summary":"len:30:passke...en_331","user_id":6,"has_pending_call":false,"has_active_call":false}'
08-16 06:07:38.449 I/ReactNativeJS(32192): '[VoIPPendingIncoming]', '{"event":"REQUEST_RESULT","source":"pending_call_poll","token_summary":"len:30:passke...en_331","user_id":6,"status":401,"ok":false}'
08-16 06:07:38.449 I/ReactNativeJS(32192): '[VoIPPendingIncoming] fetch failed', 401
08-16 06:07:38.675 I/ReactNativeJS(32192): '[DEEP_LINK_TRACE]', '{"source":"bootstrap_initial_url_1600","outcome":"empty_url"}'
08-16 06:07:39.832 I/ReactNativeJS(32192): '[UI_PRESS_PROBE]', '{"event":"VOIP_PRESENCE_CONNECT_ATTEMPT","timestamp":"2026-08-15T21:07:39.831Z","token_ready":true,"user_ready":true,"show_login":false,"show_voip_tester":false,"selected_call_mode":"pstn_assist","voice_id":"nado-000006","token_summary":"len:30:passke...en_331","reason":"retry:close:1006","api_base":"https://metanova1004.com"}'
08-16 06:07:40.074 I/ReactNativeJS(32192): '[UI_PRESS_PROBE]', '{"event":"VOIP_PRESENCE_ERROR","timestamp":"2026-08-15T21:07:40.074Z","token_ready":true,"user_ready":true,"show_login":false,"show_voip_tester":false,"selected_call_mode":"pstn_assist","voice_id":"nado-000006","token_summary":"len:30:passke...en_331","reason":"retry:close:1006"}'
08-16 06:07:40.074 I/ReactNativeJS(32192): '[UI_PRESS_PROBE]', '{"event":"VOIP_PRESENCE_CLOSED","timestamp":"2026-08-15T21:07:40.074Z","token_ready":true,"user_ready":true,"show_login":false,"show_voip_tester":false,"selected_call_mode":"pstn_assist","voice_id":"nado-000006","token_summary":"len:30:passke...en_331","reason":"retry:close:1006","code":1006}'
08-16 06:07:40.075 I/ReactNativeJS(32192): '[UI_PRESS_PROBE]', '{"event":"VOIP_PRESENCE_RETRY_SCHEDULED","timestamp":"2026-08-15T21:07:40.074Z","token_ready":true,"user_ready":true,"show_login":false,"show_voip_tester":false,"selected_call_mode":"pstn_assist","voice_id":"nado-000006","token_summary":"len:30:passke...en_331","reason":"close:1006"}'
08-16 06:07:40.253 I/ReactNativeJS(32192): '[DEEP_LINK_TRACE]', '{"source":"bootstrap_initial_url_3200","outcome":"empty_url"}'
08-16 06:07:40.662 I/ReactNativeJS(32192): '[VoIPPendingIncoming]', '{"event":"REQUEST_START","source":"pending_call_poll","token_summary":"len:30:passke...en_331","user_id":6,"has_pending_call":false,"has_active_call":false}'
08-16 06:07:40.944 I/ReactNativeJS(32192): '[VoIPPendingIncoming]', '{"event":"REQUEST_RESULT","source":"pending_call_poll","token_summary":"len:30:passke...en_331","user_id":6,"status":401,"ok":false}'
08-16 06:07:40.944 I/ReactNativeJS(32192): '[VoIPPendingIncoming] fetch failed', 401
08-16 06:07:41.848 I/ReactNativeJS(32192): '[UI_PRESS_PROBE]', '{"event":"VOIP_PRESENCE_CONNECT_ATTEMPT","timestamp":"2026-08-15T21:07:41.847Z","token_ready":true,"user_ready":true,"show_login":false,"show_voip_tester":false,"selected_call_mode":"pstn_assist","voice_id":"nado-000006","token_summary":"len:30:passke...en_331","reason":"retry:close:1006","api_base":"https://metanova1004.com"}'
08-16 06:07:42.108 I/ReactNativeJS(32192): '[UI_PRESS_PROBE]', '{"event":"VOIP_PRESENCE_ERROR","timestamp":"2026-08-15T21:07:42.108Z","token_ready":true,"user_ready":true,"show_login":false,"show_voip_tester":false,"selected_call_mode":"pstn_assist","voice_id":"nado-000006","token_summary":"len:30:passke...en_331","reason":"retry:close:1006"}'
08-16 06:07:42.108 I/ReactNativeJS(32192): '[UI_PRESS_PROBE]', '{"event":"VOIP_PRESENCE_CLOSED","timestamp":"2026-08-15T21:07:42.108Z","token_ready":true,"user_ready":true,"show_login":false,"show_voip_tester":false,"selected_call_mode":"pstn_assist","voice_id":"nado-000006","token_summary":"len:30:passke...en_331","reason":"retry:close:1006","code":1006}'
08-16 06:07:42.109 I/ReactNativeJS(32192): '[UI_PRESS_PROBE]', '{"event":"VOIP_PRESENCE_RETRY_SCHEDULED","timestamp":"2026-08-15T21:07:42.108Z","token_ready":true,"user_ready":true,"show_login":false,"show_voip_tester":false,"selected_call_mode":"pstn_assist","voice_id":"nado-000006","token_summary":"len:30:passke...en_331","reason":"close:1006"}'
08-16 06:07:42.282 I/ReactNativeJS(32192): '[DEEP_LINK_TRACE]', '{"source":"bootstrap_initial_url_5200","outcome":"empty_url"}'
08-16 06:07:43.203 I/ReactNativeJS(32192): '[VoIPPendingIncoming]', '{"event":"REQUEST_START","source":"pending_call_poll","token_summary":"len:30:passke...en_331","user_id":6,"has_pending_call":false,"has_active_call":false}'
08-16 06:07:43.519 I/ReactNativeJS(32192): '[VoIPPendingIncoming]', '{"event":"REQUEST_RESULT","source":"pending_call_poll","token_summary":"len:30:passke...en_331","user_id":6,"status":401,"ok":false}'
08-16 06:07:43.520 I/ReactNativeJS(32192): '[VoIPPendingIncoming] fetch failed', 401
08-16 06:07:43.900 I/ReactNativeJS(32192): '[UI_PRESS_PROBE]', '{"event":"VOIP_PRESENCE_CONNECT_ATTEMPT","timestamp":"2026-08-15T21:07:43.900Z","token_ready":true,"user_ready":true,"show_login":false,"show_voip_tester":false,"selected_call_mode":"pstn_assist","voice_id":"nado-000006","token_summary":"len:30:passke...en_331","reason":"retry:close:1006","api_base":"https://metanova1004.com"}'
08-16 06:07:44.193 I/ReactNativeJS(32192): '[UI_PRESS_PROBE]', '{"event":"VOIP_PRESENCE_ERROR","timestamp":"2026-08-15T21:07:44.193Z","token_ready":true,"user_ready":true,"show_login":false,"show_voip_tester":false,"selected_call_mode":"pstn_assist","voice_id":"nado-000006","token_summary":"len:30:passke...en_331","reason":"retry:close:1006"}'
08-16 06:07:44.194 I/ReactNativeJS(32192): '[UI_PRESS_PROBE]', '{"event":"VOIP_PRESENCE_CLOSED","timestamp":"2026-08-15T21:07:44.194Z","token_ready":true,"user_ready":true,"show_login":false,"show_voip_tester":false,"selected_call_mode":"pstn_assist","voice_id":"nado-000006","token_summary":"len:30:passke...en_331","reason":"retry:close:1006","code":1006}'
08-16 06:07:44.195 I/ReactNativeJS(32192): '[UI_PRESS_PROBE]', '{"event":"VOIP_PRESENCE_RETRY_SCHEDULED","timestamp":"2026-08-15T21:07:44.194Z","token_ready":true,"user_ready":true,"show_login":false,"show_voip_tester":false,"selected_call_mode":"pstn_assist","voice_id":"nado-000006","token_summary":"len:30:passke...en_331","reason":"close:1006"}'
08-16 06:07:45.706 I/ReactNativeJS(32192): '[VoIPPendingIncoming]', '{"event":"REQUEST_START","source":"pending_call_poll","token_summary":"len:30:passke...en_331","user_id":6,"has_pending_call":false,"has_active_call":false}'
08-16 06:07:45.959 I/ReactNativeJS(32192): '[UI_PRESS_PROBE]', '{"event":"VOIP_PRESENCE_CONNECT_ATTEMPT","timestamp":"2026-08-15T21:07:45.958Z","token_ready":true,"user_ready":true,"show_login":false,"show_voip_tester":false,"selected_call_mode":"pstn_assist","voice_id":"nado-000006","token_summary":"len:30:passke...en_331","reason":"retry:close:1006","api_base":"https://metanova1004.com"}'
08-16 06:07:46.035 I/ReactNativeJS(32192): '[VoIPPendingIncoming]', '{"event":"REQUEST_RESULT","source":"pending_call_poll","token_summary":"len:30:passke...en_331","user_id":6,"status":401,"ok":false}'
08-16 06:07:46.036 I/ReactNativeJS(32192): '[VoIPPendingIncoming] fetch failed', 401
08-16 06:07:46.240 I/ReactNativeJS(32192): '[UI_PRESS_PROBE]', '{"event":"VOIP_PRESENCE_ERROR","timestamp":"2026-08-15T21:07:46.240Z","token_ready":true,"user_ready":true,"show_login":false,"show_voip_tester":false,"selected_call_mode":"pstn_assist","voice_id":"nado-000006","token_summary":"len:30:passke...en_331","reason":"retry:close:1006"}'
08-16 06:07:46.241 I/ReactNativeJS(32192): '[UI_PRESS_PROBE]', '{"event":"VOIP_PRESENCE_CLOSED","timestamp":"2026-08-15T21:07:46.240Z","token_ready":true,"user_ready":true,"show_login":false,"show_voip_tester":false,"selected_call_mode":"pstn_assist","voice_id":"nado-000006","token_summary":"len:30:passke...en_331","reason":"retry:close:1006","code":1006}'
08-16 06:07:46.241 I/ReactNativeJS(32192): '[UI_PRESS_PROBE]', '{"event":"VOIP_PRESENCE_RETRY_SCHEDULED","timestamp":"2026-08-15T21:07:46.241Z","token_ready":true,"user_ready":true,"show_login":false,"show_voip_tester":false,"selected_call_mode":"pstn_assist","voice_id":"nado-000006","token_summary":"len:30:passke...en_331","reason":"close:1006"}'
08-16 06:07:48.004 I/ReactNativeJS(32192): '[UI_PRESS_PROBE]', '{"event":"VOIP_PRESENCE_CONNECT_ATTEMPT","timestamp":"2026-08-15T21:07:48.004Z","token_ready":true,"user_ready":true,"show_login":false,"show_voip_tester":false,"selected_call_mode":"pstn_assist","voice_id":"nado-000006","token_summary":"len:30:passke...en_331","reason":"retry:close:1006","api_base":"https://metanova1004.com"}'
08-16 06:07:48.228 I/ReactNativeJS(32192): '[VoIPPendingIncoming]', '{"event":"REQUEST_START","source":"pending_call_poll","token_summary":"len:30:passke...en_331","user_id":6,"has_pending_call":false,"has_active_call":false}'
08-16 06:07:48.297 I/ReactNativeJS(32192): '[UI_PRESS_PROBE]', '{"event":"VOIP_PRESENCE_ERROR","timestamp":"2026-08-15T21:07:48.297Z","token_ready":true,"user_ready":true,"show_login":false,"show_voip_tester":false,"selected_call_mode":"pstn_assist","voice_id":"nado-000006","token_summary":"len:30:passke...en_331","reason":"retry:close:1006"}'
08-16 06:07:48.298 I/ReactNativeJS(32192): '[UI_PRESS_PROBE]', '{"event":"VOIP_PRESENCE_CLOSED","timestamp":"2026-08-15T21:07:48.297Z","token_ready":true,"user_ready":true,"show_login":false,"show_voip_tester":false,"selected_call_mode":"pstn_assist","voice_id":"nado-000006","token_summary":"len:30:passke...en_331","reason":"retry:close:1006","code":1006}'
08-16 06:07:48.298 I/ReactNativeJS(32192): '[UI_PRESS_PROBE]', '{"event":"VOIP_PRESENCE_RETRY_SCHEDULED","timestamp":"2026-08-15T21:07:48.298Z","token_ready":true,"user_ready":true,"show_login":false,"show_voip_tester":false,"selected_call_mode":"pstn_assist","voice_id":"nado-000006","token_summary":"len:30:passke...en_331","reason":"close:1006"}'
08-16 06:07:48.559 I/ReactNativeJS(32192): '[VoIPPendingIncoming]', '{"event":"REQUEST_RESULT","source":"pending_call_poll","token_summary":"len:30:passke...en_331","user_id":6,"status":401,"ok":false}'
08-16 06:07:48.559 I/ReactNativeJS(32192): '[VoIPPendingIncoming] fetch failed', 401
08-16 06:07:50.070 I/ReactNativeJS(32192): '[UI_PRESS_PROBE]', '{"event":"VOIP_PRESENCE_CONNECT_ATTEMPT","timestamp":"2026-08-15T21:07:50.069Z","token_ready":true,"user_ready":true,"show_login":false,"show_voip_tester":false,"selected_call_mode":"pstn_assist","voice_id":"nado-000006","token_summary":"len:30:passke...en_331","reason":"retry:close:1006","api_base":"https://metanova1004.com"}'
08-16 06:07:50.351 I/ReactNativeJS(32192): '[UI_PRESS_PROBE]', '{"event":"VOIP_PRESENCE_ERROR","timestamp":"2026-08-15T21:07:50.350Z","token_ready":true,"user_ready":true,"show_login":false,"show_voip_tester":false,"selected_call_mode":"pstn_assist","voice_id":"nado-000006","token_summary":"len:30:passke...en_331","reason":"retry:close:1006"}'
08-16 06:07:50.351 I/ReactNativeJS(32192): '[UI_PRESS_PROBE]', '{"event":"VOIP_PRESENCE_CLOSED","timestamp":"2026-08-15T21:07:50.351Z","token_ready":true,"user_ready":true,"show_login":false,"show_voip_tester":false,"selected_call_mode":"pstn_assist","voice_id":"nado-000006","token_summary":"len:30:passke...en_331","reason":"retry:close:1006","code":1006}'
08-16 06:07:50.352 I/ReactNativeJS(32192): '[UI_PRESS_PROBE]', '{"event":"VOIP_PRESENCE_RETRY_SCHEDULED","timestamp":"2026-08-15T21:07:50.352Z","token_ready":true,"user_ready":true,"show_login":false,"show_voip_tester":false,"selected_call_mode":"pstn_assist","voice_id":"nado-000006","token_summary":"len:30:passke...en_331","reason":"close:1006"}'
08-16 06:07:50.731 I/ReactNativeJS(32192): '[VoIPPendingIncoming]', '{"event":"REQUEST_START","source":"pending_call_poll","token_summary":"len:30:passke...en_331","user_id":6,"has_pending_call":false,"has_active_call":false}'
08-16 06:07:51.076 I/ReactNativeJS(32192): '[VoIPPendingIncoming]', '{"event":"REQUEST_RESULT","source":"pending_call_poll","token_summary":"len:30:passke...en_331","user_id":6,"status":401,"ok":false}'
08-16 06:07:51.076 I/ReactNativeJS(32192): '[VoIPPendingIncoming] fetch failed', 401
08-16 06:07:52.096 I/ReactNativeJS(32192): '[UI_PRESS_PROBE]', '{"event":"VOIP_PRESENCE_CONNECT_ATTEMPT","timestamp":"2026-08-15T21:07:52.096Z","token_ready":true,"user_ready":true,"show_login":false,"show_voip_tester":false,"selected_call_mode":"pstn_assist","voice_id":"nado-000006","token_summary":"len:30:passke...en_331","reason":"retry:close:1006","api_base":"https://metanova1004.com"}'
08-16 06:07:52.341 I/ReactNativeJS(32192): '[UI_PRESS_PROBE]', '{"event":"VOIP_PRESENCE_ERROR","timestamp":"2026-08-15T21:07:52.340Z","token_ready":true,"user_ready":true,"show_login":false,"show_voip_tester":false,"selected_call_mode":"pstn_assist","voice_id":"nado-000006","token_summary":"len:30:passke...en_331","reason":"retry:close:1006"}'
08-16 06:07:52.342 I/ReactNativeJS(32192): '[UI_PRESS_PROBE]', '{"event":"VOIP_PRESENCE_CLOSED","timestamp":"2026-08-15T21:07:52.341Z","token_ready":true,"user_ready":true,"show_login":false,"show_voip_tester":false,"selected_call_mode":"pstn_assist","voice_id":"nado-000006","token_summary":"len:30:passke...en_331","reason":"retry:close:1006","code":1006}'
08-16 06:07:52.342 I/ReactNativeJS(32192): '[UI_PRESS_PROBE]', '{"event":"VOIP_PRESENCE_RETRY_SCHEDULED","timestamp":"2026-08-15T21:07:52.342Z","token_ready":true,"user_ready":true,"show_login":false,"show_voip_tester":false,"selected_call_mode":"pstn_assist","voice_id":"nado-000006","token_summary":"len:30:passke...en_331","reason":"close:1006"}'
08-16 06:07:53.232 I/ReactNativeJS(32192): '[VoIPPendingIncoming]', '{"event":"REQUEST_START","source":"pending_call_poll","token_summary":"len:30:passke...en_331","user_id":6,"has_pending_call":false,"has_active_call":false}'
08-16 06:07:53.528 I/ReactNativeJS(32192): '[VoIPPendingIncoming]', '{"event":"REQUEST_RESULT","source":"pending_call_poll","token_summary":"len:30:passke...en_331","user_id":6,"status":401,"ok":false}'
08-16 06:07:53.528 I/ReactNativeJS(32192): '[VoIPPendingIncoming] fetch failed', 401
08-16 06:07:54.077 I/ReactNativeJS(32192): '[UI_PRESS_PROBE]', '{"event":"VOIP_PRESENCE_CONNECT_ATTEMPT","timestamp":"2026-08-15T21:07:54.077Z","token_ready":true,"user_ready":true,"show_login":false,"show_voip_tester":false,"selected_call_mode":"pstn_assist","voice_id":"nado-000006","token_summary":"len:30:passke...en_331","reason":"retry:close:1006","api_base":"https://metanova1004.com"}'
08-16 06:07:54.333 I/ReactNativeJS(32192): '[UI_PRESS_PROBE]', '{"event":"VOIP_PRESENCE_ERROR","timestamp":"2026-08-15T21:07:54.332Z","token_ready":true,"user_ready":true,"show_login":false,"show_voip_tester":false,"selected_call_mode":"pstn_assist","voice_id":"nado-000006","token_summary":"len:30:passke...en_331","reason":"retry:close:1006"}'
08-16 06:07:54.333 I/ReactNativeJS(32192): '[UI_PRESS_PROBE]', '{"event":"VOIP_PRESENCE_CLOSED","timestamp":"2026-08-15T21:07:54.333Z","token_ready":true,"user_ready":true,"show_login":false,"show_voip_tester":false,"selected_call_mode":"pstn_assist","voice_id":"nado-000006","token_summary":"len:30:passke...en_331","reason":"retry:close:1006","code":1006}'
08-16 06:07:54.333 I/ReactNativeJS(32192): '[UI_PRESS_PROBE]', '{"event":"VOIP_PRESENCE_RETRY_SCHEDULED","timestamp":"2026-08-15T21:07:54.333Z","token_ready":true,"user_ready":true,"show_login":false,"show_voip_tester":false,"selected_call_mode":"pstn_assist","voice_id":"nado-000006","token_summary":"len:30:passke...en_331","reason":"close:1006"}'
08-16 06:07:55.785 I/ReactNativeJS(32192): '[VoIPPendingIncoming]', '{"event":"REQUEST_START","source":"pending_call_poll","token_summary":"len:30:passke...en_331","user_id":6,"has_pending_call":false,"has_active_call":false}'
08-16 06:07:56.111 I/ReactNativeJS(32192): '[UI_PRESS_PROBE]', '{"event":"VOIP_PRESENCE_CONNECT_ATTEMPT","timestamp":"2026-08-15T21:07:56.111Z","token_ready":true,"user_ready":true,"show_login":false,"show_voip_tester":false,"selected_call_mode":"pstn_assist","voice_id":"nado-000006","token_summary":"len:30:passke...en_331","reason":"retry:close:1006","api_base":"https://metanova1004.com"}'
08-16 06:07:56.113 I/ReactNativeJS(32192): '[VoIPPendingIncoming]', '{"event":"REQUEST_RESULT","source":"pending_call_poll","token_summary":"len:30:passke...en_331","user_id":6,"status":401,"ok":false}'
08-16 06:07:56.113 I/ReactNativeJS(32192): '[VoIPPendingIncoming] fetch failed', 401
08-16 06:07:56.376 I/ReactNativeJS(32192): '[UI_PRESS_PROBE]', '{"event":"VOIP_PRESENCE_ERROR","timestamp":"2026-08-15T21:07:56.376Z","token_ready":true,"user_ready":true,"show_login":false,"show_voip_tester":false,"selected_call_mode":"pstn_assist","voice_id":"nado-000006","token_summary":"len:30:passke...en_331","reason":"retry:close:1006"}'
08-16 06:07:56.377 I/ReactNativeJS(32192): '[UI_PRESS_PROBE]', '{"event":"VOIP_PRESENCE_CLOSED","timestamp":"2026-08-15T21:07:56.377Z","token_ready":true,"user_ready":true,"show_login":false,"show_voip_tester":false,"selected_call_mode":"pstn_assist","voice_id":"nado-000006","token_summary":"len:30:passke...en_331","reason":"retry:close:1006","code":1006}'
08-16 06:07:56.377 I/ReactNativeJS(32192): '[UI_PRESS_PROBE]', '{"event":"VOIP_PRESENCE_RETRY_SCHEDULED","timestamp":"2026-08-15T21:07:56.377Z","token_ready":true,"user_ready":true,"show_login":false,"show_voip_tester":false,"selected_call_mode":"pstn_assist","voice_id":"nado-000006","token_summary":"len:30:passke...en_331","reason":"close:1006"}'
08-16 06:07:58.121 I/ReactNativeJS(32192): '[UI_PRESS_PROBE]', '{"event":"VOIP_PRESENCE_CONNECT_ATTEMPT","timestamp":"2026-08-15T21:07:58.121Z","token_ready":true,"user_ready":true,"show_login":false,"show_voip_tester":false,"selected_call_mode":"pstn_assist","voice_id":"nado-000006","token_summary":"len:30:passke...en_331","reason":"retry:close:1006","api_base":"https://metanova1004.com"}'
08-16 06:07:58.253 I/ReactNativeJS(32192): '[VoIPPendingIncoming]', '{"event":"REQUEST_START","source":"pending_call_poll","token_summary":"len:30:passke...en_331","user_id":6,"has_pending_call":false,"has_active_call":false}'
08-16 06:07:58.393 I/ReactNativeJS(32192): '[UI_PRESS_PROBE]', '{"event":"VOIP_PRESENCE_ERROR","timestamp":"2026-08-15T21:07:58.393Z","token_ready":true,"user_ready":true,"show_login":false,"show_voip_tester":false,"selected_call_mode":"pstn_assist","voice_id":"nado-000006","token_summary":"len:30:passke...en_331","reason":"retry:close:1006"}'
08-16 06:07:58.394 I/ReactNativeJS(32192): '[UI_PRESS_PROBE]', '{"event":"VOIP_PRESENCE_CLOSED","timestamp":"2026-08-15T21:07:58.393Z","token_ready":true,"user_ready":true,"show_login":false,"show_voip_tester":false,"selected_call_mode":"pstn_assist","voice_id":"nado-000006","token_summary":"len:30:passke...en_331","reason":"retry:close:1006","code":1006}'
08-16 06:07:58.394 I/ReactNativeJS(32192): '[UI_PRESS_PROBE]', '{"event":"VOIP_PRESENCE_RETRY_SCHEDULED","timestamp":"2026-08-15T21:07:58.394Z","token_ready":true,"user_ready":true,"show_login":false,"show_voip_tester":false,"selected_call_mode":"pstn_assist","voice_id":"nado-000006","token_summary":"len:30:passke...en_331","reason":"close:1006"}'
08-16 06:07:58.541 I/ReactNativeJS(32192): '[VoIPPendingIncoming]', '{"event":"REQUEST_RESULT","source":"pending_call_poll","token_summary":"len:30:passke...en_331","user_id":6,"status":401,"ok":false}'
08-16 06:07:58.541 I/ReactNativeJS(32192): '[VoIPPendingIncoming] fetch failed', 401
08-16 06:08:00.130 I/ReactNativeJS(32192): '[UI_PRESS_PROBE]', '{"event":"VOIP_PRESENCE_CONNECT_ATTEMPT","timestamp":"2026-08-15T21:08:00.129Z","token_ready":true,"user_ready":true,"show_login":false,"show_voip_tester":false,"selected_call_mode":"pstn_assist","voice_id":"nado-000006","token_summary":"len:30:passke...en_331","reason":"retry:close:1006","api_base":"https://metanova1004.com"}'
08-16 06:08:00.374 I/ReactNativeJS(32192): '[UI_PRESS_PROBE]', '{"event":"VOIP_PRESENCE_ERROR","timestamp":"2026-08-15T21:08:00.374Z","token_ready":true,"user_ready":true,"show_login":false,"show_voip_tester":false,"selected_call_mode":"pstn_assist","voice_id":"nado-000006","token_summary":"len:30:passke...en_331","reason":"retry:close:1006"}'
08-16 06:08:00.375 I/ReactNativeJS(32192): '[UI_PRESS_PROBE]', '{"event":"VOIP_PRESENCE_CLOSED","timestamp":"2026-08-15T21:08:00.374Z","token_ready":true,"user_ready":true,"show_login":false,"show_voip_tester":false,"selected_call_mode":"pstn_assist","voice_id":"nado-000006","token_summary":"len:30:passke...en_331","reason":"retry:close:1006","code":1006}'
08-16 06:08:00.375 I/ReactNativeJS(32192): '[UI_PRESS_PROBE]', '{"event":"VOIP_PRESENCE_RETRY_SCHEDULED","timestamp":"2026-08-15T21:08:00.375Z","token_ready":true,"user_ready":true,"show_login":false,"show_voip_tester":false,"selected_call_mode":"pstn_assist","voice_id":"nado-000006","token_summary":"len:30:passke...en_331","reason":"close:1006"}'
08-16 06:08:00.758 I/ReactNativeJS(32192): '[VoIPPendingIncoming]', '{"event":"REQUEST_START","source":"pending_call_poll","token_summary":"len:30:passke...en_331","user_id":6,"has_pending_call":false,"has_active_call":false}'
08-16 06:08:01.082 I/ReactNativeJS(32192): '[VoIPPendingIncoming]', '{"event":"REQUEST_RESULT","source":"pending_call_poll","token_summary":"len:30:passke...en_331","user_id":6,"status":401,"ok":false}'
08-16 06:08:01.082 I/ReactNativeJS(32192): '[VoIPPendingIncoming] fetch failed', 401
08-16 06:08:02.105 I/ReactNativeJS(32192): '[UI_PRESS_PROBE]', '{"event":"VOIP_PRESENCE_CONNECT_ATTEMPT","timestamp":"2026-08-15T21:08:02.105Z","token_ready":true,"user_ready":true,"show_login":false,"show_voip_tester":false,"selected_call_mode":"pstn_assist","voice_id":"nado-000006","token_summary":"len:30:passke...en_331","reason":"retry:close:1006","api_base":"https://metanova1004.com"}'
08-16 06:08:02.353 I/ReactNativeJS(32192): '[UI_PRESS_PROBE]', '{"event":"VOIP_PRESENCE_ERROR","timestamp":"2026-08-15T21:08:02.352Z","token_ready":true,"user_ready":true,"show_login":false,"show_voip_tester":false,"selected_call_mode":"pstn_assist","voice_id":"nado-000006","token_summary":"len:30:passke...en_331","reason":"retry:close:1006"}'
08-16 06:08:02.353 I/ReactNativeJS(32192): '[UI_PRESS_PROBE]', '{"event":"VOIP_PRESENCE_CLOSED","timestamp":"2026-08-15T21:08:02.353Z","token_ready":true,"user_ready":true,"show_login":false,"show_voip_tester":false,"selected_call_mode":"pstn_assist","voice_id":"nado-000006","token_summary":"len:30:passke...en_331","reason":"retry:close:1006","code":1006}'
08-16 06:08:02.353 I/ReactNativeJS(32192): '[UI_PRESS_PROBE]', '{"event":"VOIP_PRESENCE_RETRY_SCHEDULED","timestamp":"2026-08-15T21:08:02.353Z","token_ready":true,"user_ready":true,"show_login":false,"show_voip_tester":false,"selected_call_mode":"pstn_assist","voice_id":"nado-000006","token_summary":"len:30:passke...en_331","reason":"close:1006"}'
08-16 06:08:03.277 I/ReactNativeJS(32192): '[VoIPPendingIncoming]', '{"event":"REQUEST_START","source":"pending_call_poll","token_summary":"len:30:passke...en_331","user_id":6,"has_pending_call":false,"has_active_call":false}'
08-16 06:08:03.588 I/ReactNativeJS(32192): '[VoIPPendingIncoming]', '{"event":"REQUEST_RESULT","source":"pending_call_poll","token_summary":"len:30:passke...en_331","user_id":6,"status":401,"ok":false}'
08-16 06:08:03.588 I/ReactNativeJS(32192): '[VoIPPendingIncoming] fetch failed', 401
08-16 06:08:04.106 I/ReactNativeJS(32192): '[UI_PRESS_PROBE]', '{"event":"VOIP_PRESENCE_CONNECT_ATTEMPT","timestamp":"2026-08-15T21:08:04.105Z","token_ready":true,"user_ready":true,"show_login":false,"show_voip_tester":false,"selected_call_mode":"pstn_assist","voice_id":"nado-000006","token_summary":"len:30:passke...en_331","reason":"retry:close:1006","api_base":"https://metanova1004.com"}'
08-16 06:08:04.378 I/ReactNativeJS(32192): '[UI_PRESS_PROBE]', '{"event":"VOIP_PRESENCE_ERROR","timestamp":"2026-08-15T21:08:04.378Z","token_ready":true,"user_ready":true,"show_login":false,"show_voip_tester":false,"selected_call_mode":"pstn_assist","voice_id":"nado-000006","token_summary":"len:30:passke...en_331","reason":"retry:close:1006"}'
08-16 06:08:04.378 I/ReactNativeJS(32192): '[UI_PRESS_PROBE]', '{"event":"VOIP_PRESENCE_CLOSED","timestamp":"2026-08-15T21:08:04.378Z","token_ready":true,"user_ready":true,"show_login":false,"show_voip_tester":false,"selected_call_mode":"pstn_assist","voice_id":"nado-000006","token_summary":"len:30:passke...en_331","reason":"retry:close:1006","code":1006}'
08-16 06:08:04.379 I/ReactNativeJS(32192): '[UI_PRESS_PROBE]', '{"event":"VOIP_PRESENCE_RETRY_SCHEDULED","timestamp":"2026-08-15T21:08:04.378Z","token_ready":true,"user_ready":true,"show_login":false,"show_voip_tester":false,"selected_call_mode":"pstn_assist","voice_id":"nado-000006","token_summary":"len:30:passke...en_331","reason":"close:1006"}'
08-16 06:08:05.826 I/ReactNativeJS(32192): '[VoIPPendingIncoming]', '{"event":"REQUEST_START","source":"pending_call_poll","token_summary":"len:30:passke...en_331","user_id":6,"has_pending_call":false,"has_active_call":false}'
08-16 06:08:06.112 I/ReactNativeJS(32192): '[VoIPPendingIncoming]', '{"event":"REQUEST_RESULT","source":"pending_call_poll","token_summary":"len:30:passke...en_331","user_id":6,"status":401,"ok":false}'
08-16 06:08:06.112 I/ReactNativeJS(32192): '[VoIPPendingIncoming] fetch failed', 401
08-16 06:08:06.113 I/ReactNativeJS(32192): '[UI_PRESS_PROBE]', '{"event":"VOIP_PRESENCE_CONNECT_ATTEMPT","timestamp":"2026-08-15T21:08:06.113Z","token_ready":true,"user_ready":true,"show_login":false,"show_voip_tester":false,"selected_call_mode":"pstn_assist","voice_id":"nado-000006","token_summary":"len:30:passke...en_331","reason":"retry:close:1006","api_base":"https://metanova1004.com"}'
08-16 06:08:06.362 I/ReactNativeJS(32192): '[UI_PRESS_PROBE]', '{"event":"VOIP_PRESENCE_ERROR","timestamp":"2026-08-15T21:08:06.362Z","token_ready":true,"user_ready":true,"show_login":false,"show_voip_tester":false,"selected_call_mode":"pstn_assist","voice_id":"nado-000006","token_summary":"len:30:passke...en_331","reason":"retry:close:1006"}'
08-16 06:08:06.363 I/ReactNativeJS(32192): '[UI_PRESS_PROBE]', '{"event":"VOIP_PRESENCE_CLOSED","timestamp":"2026-08-15T21:08:06.363Z","token_ready":true,"user_ready":true,"show_login":false,"show_voip_tester":false,"selected_call_mode":"pstn_assist","voice_id":"nado-000006","token_summary":"len:30:passke...en_331","reason":"retry:close:1006","code":1006}'
08-16 06:08:06.363 I/ReactNativeJS(32192): '[UI_PRESS_PROBE]', '{"event":"VOIP_PRESENCE_RETRY_SCHEDULED","timestamp":"2026-08-15T21:08:06.363Z","token_ready":true,"user_ready":true,"show_login":false,"show_voip_tester":false,"selected_call_mode":"pstn_assist","voice_id":"nado-000006","token_summary":"len:30:passke...en_331","reason":"close:1006"}'
08-16 06:08:08.104 I/ReactNativeJS(32192): '[UI_PRESS_PROBE]', '{"event":"VOIP_PRESENCE_CONNECT_ATTEMPT","timestamp":"2026-08-15T21:08:08.104Z","token_ready":true,"user_ready":true,"show_login":false,"show_voip_tester":false,"selected_call_mode":"pstn_assist","voice_id":"nado-000006","token_summary":"len:30:passke...en_331","reason":"retry:close:1006","api_base":"https://metanova1004.com"}'
08-16 06:08:08.307 I/ReactNativeJS(32192): '[VoIPPendingIncoming]', '{"event":"REQUEST_START","source":"pending_call_poll","token_summary":"len:30:passke...en_331","user_id":6,"has_pending_call":false,"has_active_call":false}'
08-16 06:08:08.368 I/ReactNativeJS(32192): '[UI_PRESS_PROBE]', '{"event":"VOIP_PRESENCE_ERROR","timestamp":"2026-08-15T21:08:08.368Z","token_ready":true,"user_ready":true,"show_login":false,"show_voip_tester":false,"selected_call_mode":"pstn_assist","voice_id":"nado-000006","token_summary":"len:30:passke...en_331","reason":"retry:close:1006"}'
08-16 06:08:08.369 I/ReactNativeJS(32192): '[UI_PRESS_PROBE]', '{"event":"VOIP_PRESENCE_CLOSED","timestamp":"2026-08-15T21:08:08.368Z","token_ready":true,"user_ready":true,"show_login":false,"show_voip_tester":false,"selected_call_mode":"pstn_assist","voice_id":"nado-000006","token_summary":"len:30:passke...en_331","reason":"retry:close:1006","code":1006}'
08-16 06:08:08.369 I/ReactNativeJS(32192): '[UI_PRESS_PROBE]', '{"event":"VOIP_PRESENCE_RETRY_SCHEDULED","timestamp":"2026-08-15T21:08:08.369Z","token_ready":true,"user_ready":true,"show_login":false,"show_voip_tester":false,"selected_call_mode":"pstn_assist","voice_id":"nado-000006","token_summary":"len:30:passke...en_331","reason":"close:1006"}'
08-16 06:08:08.634 I/ReactNativeJS(32192): '[VoIPPendingIncoming]', '{"event":"REQUEST_RESULT","source":"pending_call_poll","token_summary":"len:30:passke...en_331","user_id":6,"status":401,"ok":false}'
08-16 06:08:08.634 I/ReactNativeJS(32192): '[VoIPPendingIncoming] fetch failed', 401
08-16 06:08:10.132 I/ReactNativeJS(32192): '[UI_PRESS_PROBE]', '{"event":"VOIP_PRESENCE_CONNECT_ATTEMPT","timestamp":"2026-08-15T21:08:10.131Z","token_ready":true,"user_ready":true,"show_login":false,"show_voip_tester":false,"selected_call_mode":"pstn_assist","voice_id":"nado-000006","token_summary":"len:30:passke...en_331","reason":"retry:close:1006","api_base":"https://metanova1004.com"}'
08-16 06:08:10.414 I/ReactNativeJS(32192): '[UI_PRESS_PROBE]', '{"event":"VOIP_PRESENCE_ERROR","timestamp":"2026-08-15T21:08:10.414Z","token_ready":true,"user_ready":true,"show_login":false,"show_voip_tester":false,"selected_call_mode":"pstn_assist","voice_id":"nado-000006","token_summary":"len:30:passke...en_331","reason":"retry:close:1006"}'
08-16 06:08:10.415 I/ReactNativeJS(32192): '[UI_PRESS_PROBE]', '{"event":"VOIP_PRESENCE_CLOSED","timestamp":"2026-08-15T21:08:10.414Z","token_ready":true,"user_ready":true,"show_login":false,"show_voip_tester":false,"selected_call_mode":"pstn_assist","voice_id":"nado-000006","token_summary":"len:30:passke...en_331","reason":"retry:close:1006","code":1006}'
08-16 06:08:10.415 I/ReactNativeJS(32192): '[UI_PRESS_PROBE]', '{"event":"VOIP_PRESENCE_RETRY_SCHEDULED","timestamp":"2026-08-15T21:08:10.415Z","token_ready":true,"user_ready":true,"show_login":false,"show_voip_tester":false,"selected_call_mode":"pstn_assist","voice_id":"nado-000006","token_summary":"len:30:passke...en_331","reason":"close:1006"}'
08-16 06:08:10.873 I/ReactNativeJS(32192): '[VoIPPendingIncoming]', '{"event":"REQUEST_START","source":"pending_call_poll","token_summary":"len:30:passke...en_331","user_id":6,"has_pending_call":false,"has_active_call":false}'
08-16 06:08:11.163 I/ReactNativeJS(32192): '[VoIPPendingIncoming]', '{"event":"REQUEST_RESULT","source":"pending_call_poll","token_summary":"len:30:passke...en_331","user_id":6,"status":401,"ok":false}'
08-16 06:08:11.163 I/ReactNativeJS(32192): '[VoIPPendingIncoming] fetch failed', 401
08-16 06:08:12.148 I/ReactNativeJS(32192): '[UI_PRESS_PROBE]', '{"event":"VOIP_PRESENCE_CONNECT_ATTEMPT","timestamp":"2026-08-15T21:08:12.148Z","token_ready":true,"user_ready":true,"show_login":false,"show_voip_tester":false,"selected_call_mode":"pstn_assist","voice_id":"nado-000006","token_summary":"len:30:passke...en_331","reason":"retry:close:1006","api_base":"https://metanova1004.com"}'
08-16 06:08:12.372 I/ReactNativeJS(32192): '[UI_PRESS_PROBE]', '{"event":"VOIP_PRESENCE_ERROR","timestamp":"2026-08-15T21:08:12.371Z","token_ready":true,"user_ready":true,"show_login":false,"show_voip_tester":false,"selected_call_mode":"pstn_assist","voice_id":"nado-000006","token_summary":"len:30:passke...en_331","reason":"retry:close:1006"}'
08-16 06:08:12.372 I/ReactNativeJS(32192): '[UI_PRESS_PROBE]', '{"event":"VOIP_PRESENCE_CLOSED","timestamp":"2026-08-15T21:08:12.372Z","token_ready":true,"user_ready":true,"show_login":false,"show_voip_tester":false,"selected_call_mode":"pstn_assist","voice_id":"nado-000006","token_summary":"len:30:passke...en_331","reason":"retry:close:1006","code":1006}'
08-16 06:08:12.372 I/ReactNativeJS(32192): '[UI_PRESS_PROBE]', '{"event":"VOIP_PRESENCE_RETRY_SCHEDULED","timestamp":"2026-08-15T21:08:12.372Z","token_ready":true,"user_ready":true,"show_login":false,"show_voip_tester":false,"selected_call_mode":"pstn_assist","voice_id":"nado-000006","token_summary":"len:30:passke...en_331","reason":"close:1006"}'
08-16 06:08:13.364 I/ReactNativeJS(32192): '[VoIPPendingIncoming]', '{"event":"REQUEST_START","source":"pending_call_poll","token_summary":"len:30:passke...en_331","user_id":6,"has_pending_call":false,"has_active_call":false}'
08-16 06:08:13.648 I/ReactNativeJS(32192): '[VoIPPendingIncoming]', '{"event":"REQUEST_RESULT","source":"pending_call_poll","token_summary":"len:30:passke...en_331","user_id":6,"status":401,"ok":false}'
08-16 06:08:13.648 I/ReactNativeJS(32192): '[VoIPPendingIncoming] fetch failed', 401
08-16 06:08:14.100 I/ReactNativeJS(32192): '[UI_PRESS_PROBE]', '{"event":"VOIP_PRESENCE_CONNECT_ATTEMPT","timestamp":"2026-08-15T21:08:14.099Z","token_ready":true,"user_ready":true,"show_login":false,"show_voip_tester":false,"selected_call_mode":"pstn_assist","voice_id":"nado-000006","token_summary":"len:30:passke...en_331","reason":"retry:close:1006","api_base":"https://metanova1004.com"}'
08-16 06:08:14.382 I/ReactNativeJS(32192): '[UI_PRESS_PROBE]', '{"event":"VOIP_PRESENCE_ERROR","timestamp":"2026-08-15T21:08:14.382Z","token_ready":true,"user_ready":true,"show_login":false,"show_voip_tester":false,"selected_call_mode":"pstn_assist","voice_id":"nado-000006","token_summary":"len:30:passke...en_331","reason":"retry:close:1006"}'
08-16 06:08:14.383 I/ReactNativeJS(32192): '[UI_PRESS_PROBE]', '{"event":"VOIP_PRESENCE_CLOSED","timestamp":"2026-08-15T21:08:14.382Z","token_ready":true,"user_ready":true,"show_login":false,"show_voip_tester":false,"selected_call_mode":"pstn_assist","voice_id":"nado-000006","token_summary":"len:30:passke...en_331","reason":"retry:close:1006","code":1006}'
08-16 06:08:14.383 I/ReactNativeJS(32192): '[UI_PRESS_PROBE]', '{"event":"VOIP_PRESENCE_RETRY_SCHEDULED","timestamp":"2026-08-15T21:08:14.383Z","token_ready":true,"user_ready":true,"show_login":false,"show_voip_tester":false,"selected_call_mode":"pstn_assist","voice_id":"nado-000006","token_summary":"len:30:passke...en_331","reason":"close:1006"}'
08-16 06:08:15.899 I/ReactNativeJS(32192): '[VoIPPendingIncoming]', '{"event":"REQUEST_START","source":"pending_call_poll","token_summary":"len:30:passke...en_331","user_id":6,"has_pending_call":false,"has_active_call":false}'
08-16 06:08:16.151 I/ReactNativeJS(32192): '[UI_PRESS_PROBE]', '{"event":"VOIP_PRESENCE_CONNECT_ATTEMPT","timestamp":"2026-08-15T21:08:16.150Z","token_ready":true,"user_ready":true,"show_login":false,"show_voip_tester":false,"selected_call_mode":"pstn_assist","voice_id":"nado-000006","token_summary":"len:30:passke...en_331","reason":"retry:close:1006","api_base":"https://metanova1004.com"}'
08-16 06:08:16.209 I/ReactNativeJS(32192): '[VoIPPendingIncoming]', '{"event":"REQUEST_RESULT","source":"pending_call_poll","token_summary":"len:30:passke...en_331","user_id":6,"status":401,"ok":false}'
08-16 06:08:16.209 I/ReactNativeJS(32192): '[VoIPPendingIncoming] fetch failed', 401
08-16 06:08:16.418 I/ReactNativeJS(32192): '[UI_PRESS_PROBE]', '{"event":"VOIP_PRESENCE_ERROR","timestamp":"2026-08-15T21:08:16.417Z","token_ready":true,"user_ready":true,"show_login":false,"show_voip_tester":false,"selected_call_mode":"pstn_assist","voice_id":"nado-000006","token_summary":"len:30:passke...en_331","reason":"retry:close:1006"}'
08-16 06:08:16.418 I/ReactNativeJS(32192): '[UI_PRESS_PROBE]', '{"event":"VOIP_PRESENCE_CLOSED","timestamp":"2026-08-15T21:08:16.418Z","token_ready":true,"user_ready":true,"show_login":false,"show_voip_tester":false,"selected_call_mode":"pstn_assist","voice_id":"nado-000006","token_summary":"len:30:passke...en_331","reason":"retry:close:1006","code":1006}'
08-16 06:08:16.419 I/ReactNativeJS(32192): '[UI_PRESS_PROBE]', '{"event":"VOIP_PRESENCE_RETRY_SCHEDULED","timestamp":"2026-08-15T21:08:16.418Z","token_ready":true,"user_ready":true,"show_login":false,"show_voip_tester":false,"selected_call_mode":"pstn_assist","voice_id":"nado-000006","token_summary":"len:30:passke...en_331","reason":"close:1006"}'
08-16 06:08:18.144 I/ReactNativeJS(32192): '[UI_PRESS_PROBE]', '{"event":"VOIP_PRESENCE_CONNECT_ATTEMPT","timestamp":"2026-08-15T21:08:18.144Z","token_ready":true,"user_ready":true,"show_login":false,"show_voip_tester":false,"selected_call_mode":"pstn_assist","voice_id":"nado-000006","token_summary":"len:30:passke...en_331","reason":"retry:close:1006","api_base":"https://metanova1004.com"}'
08-16 06:08:18.368 I/ReactNativeJS(32192): '[VoIPPendingIncoming]', '{"event":"REQUEST_START","source":"pending_call_poll","token_summary":"len:30:passke...en_331","user_id":6,"has_pending_call":false,"has_active_call":false}'
08-16 06:08:18.396 I/ReactNativeJS(32192): '[UI_PRESS_PROBE]', '{"event":"VOIP_PRESENCE_ERROR","timestamp":"2026-08-15T21:08:18.396Z","token_ready":true,"user_ready":true,"show_login":false,"show_voip_tester":false,"selected_call_mode":"pstn_assist","voice_id":"nado-000006","token_summary":"len:30:passke...en_331","reason":"retry:close:1006"}'
08-16 06:08:18.397 I/ReactNativeJS(32192): '[UI_PRESS_PROBE]', '{"event":"VOIP_PRESENCE_CLOSED","timestamp":"2026-08-15T21:08:18.396Z","token_ready":true,"user_ready":true,"show_login":false,"show_voip_tester":false,"selected_call_mode":"pstn_assist","voice_id":"nado-000006","token_summary":"len:30:passke...en_331","reason":"retry:close:1006","code":1006}'
08-16 06:08:18.397 I/ReactNativeJS(32192): '[UI_PRESS_PROBE]', '{"event":"VOIP_PRESENCE_RETRY_SCHEDULED","timestamp":"2026-08-15T21:08:18.397Z","token_ready":true,"user_ready":true,"show_login":false,"show_voip_tester":false,"selected_call_mode":"pstn_assist","voice_id":"nado-000006","token_summary":"len:30:passke...en_331","reason":"close:1006"}'
08-16 06:08:18.674 I/ReactNativeJS(32192): '[VoIPPendingIncoming]', '{"event":"REQUEST_RESULT","source":"pending_call_poll","token_summary":"len:30:passke...en_331","user_id":6,"status":401,"ok":false}'
08-16 06:08:18.674 I/ReactNativeJS(32192): '[VoIPPendingIncoming] fetch failed', 401
08-16 06:08:20.139 I/ReactNativeJS(32192): '[UI_PRESS_PROBE]', '{"event":"VOIP_PRESENCE_CONNECT_ATTEMPT","timestamp":"2026-08-15T21:08:20.138Z","token_ready":true,"user_ready":true,"show_login":false,"show_voip_tester":false,"selected_call_mode":"pstn_assist","voice_id":"nado-000006","token_summary":"len:30:passke...en_331","reason":"retry:close:1006","api_base":"https://metanova1004.com"}'
08-16 06:08:20.399 I/ReactNativeJS(32192): '[UI_PRESS_PROBE]', '{"event":"VOIP_PRESENCE_ERROR","timestamp":"2026-08-15T21:08:20.399Z","token_ready":true,"user_ready":true,"show_login":false,"show_voip_tester":false,"selected_call_mode":"pstn_assist","voice_id":"nado-000006","token_summary":"len:30:passke...en_331","reason":"retry:close:1006"}'
08-16 06:08:20.400 I/ReactNativeJS(32192): '[UI_PRESS_PROBE]', '{"event":"VOIP_PRESENCE_CLOSED","timestamp":"2026-08-15T21:08:20.399Z","token_ready":true,"user_ready":true,"show_login":false,"show_voip_tester":false,"selected_call_mode":"pstn_assist","voice_id":"nado-000006","token_summary":"len:30:passke...en_331","reason":"retry:close:1006","code":1006}'
08-16 06:08:20.400 I/ReactNativeJS(32192): '[UI_PRESS_PROBE]', '{"event":"VOIP_PRESENCE_RETRY_SCHEDULED","timestamp":"2026-08-15T21:08:20.400Z","token_ready":true,"user_ready":true,"show_login":false,"show_voip_tester":false,"selected_call_mode":"pstn_assist","voice_id":"nado-000006","token_summary":"len:30:passke...en_331","reason":"close:1006"}'
08-16 06:08:20.880 I/ReactNativeJS(32192): '[VoIPPendingIncoming]', '{"event":"REQUEST_START","source":"pending_call_poll","token_summary":"len:30:passke...en_331","user_id":6,"has_pending_call":false,"has_active_call":false}'
08-16 06:08:21.162 I/ReactNativeJS(32192): '[VoIPPendingIncoming]', '{"event":"REQUEST_RESULT","source":"pending_call_poll","token_summary":"len:30:passke...en_331","user_id":6,"status":401,"ok":false}'
08-16 06:08:21.162 I/ReactNativeJS(32192): '[VoIPPendingIncoming] fetch failed', 401
08-16 06:08:22.149 I/ReactNativeJS(32192): '[UI_PRESS_PROBE]', '{"event":"VOIP_PRESENCE_CONNECT_ATTEMPT","timestamp":"2026-08-15T21:08:22.149Z","token_ready":true,"user_ready":true,"show_login":false,"show_voip_tester":false,"selected_call_mode":"pstn_assist","voice_id":"nado-000006","token_summary":"len:30:passke...en_331","reason":"retry:close:1006","api_base":"https://metanova1004.com"}'
08-16 06:08:22.402 I/ReactNativeJS(32192): '[UI_PRESS_PROBE]', '{"event":"VOIP_PRESENCE_ERROR","timestamp":"2026-08-15T21:08:22.402Z","token_ready":true,"user_ready":true,"show_login":false,"show_voip_tester":false,"selected_call_mode":"pstn_assist","voice_id":"nado-000006","token_summary":"len:30:passke...en_331","reason":"retry:close:1006"}'
08-16 06:08:22.403 I/ReactNativeJS(32192): '[UI_PRESS_PROBE]', '{"event":"VOIP_PRESENCE_CLOSED","timestamp":"2026-08-15T21:08:22.402Z","token_ready":true,"user_ready":true,"show_login":false,"show_voip_tester":false,"selected_call_mode":"pstn_assist","voice_id":"nado-000006","token_summary":"len:30:passke...en_331","reason":"retry:close:1006","code":1006}'
08-16 06:08:22.403 I/ReactNativeJS(32192): '[UI_PRESS_PROBE]', '{"event":"VOIP_PRESENCE_RETRY_SCHEDULED","timestamp":"2026-08-15T21:08:22.403Z","token_ready":true,"user_ready":true,"show_login":false,"show_voip_tester":false,"selected_call_mode":"pstn_assist","voice_id":"nado-000006","token_summary":"len:30:passke...en_331","reason":"close:1006"}'
08-16 06:08:23.388 I/ReactNativeJS(32192): '[VoIPPendingIncoming]', '{"event":"REQUEST_START","source":"pending_call_poll","token_summary":"len:30:passke...en_331","user_id":6,"has_pending_call":false,"has_active_call":false}'
08-16 06:08:23.672 I/ReactNativeJS(32192): '[VoIPPendingIncoming]', '{"event":"REQUEST_RESULT","source":"pending_call_poll","token_summary":"len:30:passke...en_331","user_id":6,"status":401,"ok":false}'
08-16 06:08:23.672 I/ReactNativeJS(32192): '[VoIPPendingIncoming] fetch failed', 401
08-16 06:08:24.160 I/ReactNativeJS(32192): '[UI_PRESS_PROBE]', '{"event":"VOIP_PRESENCE_CONNECT_ATTEMPT","timestamp":"2026-08-15T21:08:24.160Z","token_ready":true,"user_ready":true,"show_login":false,"show_voip_tester":false,"selected_call_mode":"pstn_assist","voice_id":"nado-000006","token_summary":"len:30:passke...en_331","reason":"retry:close:1006","api_base":"https://metanova1004.com"}'
08-16 06:08:24.413 I/ReactNativeJS(32192): '[UI_PRESS_PROBE]', '{"event":"VOIP_PRESENCE_ERROR","timestamp":"2026-08-15T21:08:24.413Z","token_ready":true,"user_ready":true,"show_login":false,"show_voip_tester":false,"selected_call_mode":"pstn_assist","voice_id":"nado-000006","token_summary":"len:30:passke...en_331","reason":"retry:close:1006"}'
08-16 06:08:24.414 I/ReactNativeJS(32192): '[UI_PRESS_PROBE]', '{"event":"VOIP_PRESENCE_CLOSED","timestamp":"2026-08-15T21:08:24.413Z","token_ready":true,"user_ready":true,"show_login":false,"show_voip_tester":false,"selected_call_mode":"pstn_assist","voice_id":"nado-000006","token_summary":"len:30:passke...en_331","reason":"retry:close:1006","code":1006}'
08-16 06:08:24.414 I/ReactNativeJS(32192): '[UI_PRESS_PROBE]', '{"event":"VOIP_PRESENCE_RETRY_SCHEDULED","timestamp":"2026-08-15T21:08:24.414Z","token_ready":true,"user_ready":true,"show_login":false,"show_voip_tester":false,"selected_call_mode":"pstn_assist","voice_id":"nado-000006","token_summary":"len:30:passke...en_331","reason":"close:1006"}'
08-16 06:08:25.901 I/ReactNativeJS(32192): '[VoIPPendingIncoming]', '{"event":"REQUEST_START","source":"pending_call_poll","token_summary":"len:30:passke...en_331","user_id":6,"has_pending_call":false,"has_active_call":false}'
08-16 06:08:26.174 I/ReactNativeJS(32192): '[UI_PRESS_PROBE]', '{"event":"VOIP_PRESENCE_CONNECT_ATTEMPT","timestamp":"2026-08-15T21:08:26.174Z","token_ready":true,"user_ready":true,"show_login":false,"show_voip_tester":false,"selected_call_mode":"pstn_assist","voice_id":"nado-000006","token_summary":"len:30:passke...en_331","reason":"retry:close:1006","api_base":"https://metanova1004.com"}'
08-16 06:08:26.206 I/ReactNativeJS(32192): '[VoIPPendingIncoming]', '{"event":"REQUEST_RESULT","source":"pending_call_poll","token_summary":"len:30:passke...en_331","user_id":6,"status":401,"ok":false}'
08-16 06:08:26.206 I/ReactNativeJS(32192): '[VoIPPendingIncoming] fetch failed', 401
08-16 06:08:26.446 I/ReactNativeJS(32192): '[UI_PRESS_PROBE]', '{"event":"VOIP_PRESENCE_ERROR","timestamp":"2026-08-15T21:08:26.446Z","token_ready":true,"user_ready":true,"show_login":false,"show_voip_tester":false,"selected_call_mode":"pstn_assist","voice_id":"nado-000006","token_summary":"len:30:passke...en_331","reason":"retry:close:1006"}'
08-16 06:08:26.447 I/ReactNativeJS(32192): '[UI_PRESS_PROBE]', '{"event":"VOIP_PRESENCE_CLOSED","timestamp":"2026-08-15T21:08:26.446Z","token_ready":true,"user_ready":true,"show_login":false,"show_voip_tester":false,"selected_call_mode":"pstn_assist","voice_id":"nado-000006","token_summary":"len:30:passke...en_331","reason":"retry:close:1006","code":1006}'
08-16 06:08:26.447 I/ReactNativeJS(32192): '[UI_PRESS_PROBE]', '{"event":"VOIP_PRESENCE_RETRY_SCHEDULED","timestamp":"2026-08-15T21:08:26.447Z","token_ready":true,"user_ready":true,"show_login":false,"show_voip_tester":false,"selected_call_mode":"pstn_assist","voice_id":"nado-000006","token_summary":"len:30:passke...en_331","reason":"close:1006"}'
08-16 06:08:28.179 I/ReactNativeJS(32192): '[UI_PRESS_PROBE]', '{"event":"VOIP_PRESENCE_CONNECT_ATTEMPT","timestamp":"2026-08-15T21:08:28.179Z","token_ready":true,"user_ready":true,"show_login":false,"show_voip_tester":false,"selected_call_mode":"pstn_assist","voice_id":"nado-000006","token_summary":"len:30:passke...en_331","reason":"retry:close:1006","api_base":"https://metanova1004.com"}'
08-16 06:08:28.433 I/ReactNativeJS(32192): '[VoIPPendingIncoming]', '{"event":"REQUEST_START","source":"pending_call_poll","token_summary":"len:30:passke...en_331","user_id":6,"has_pending_call":false,"has_active_call":false}'
08-16 06:08:28.480 I/ReactNativeJS(32192): '[UI_PRESS_PROBE]', '{"event":"VOIP_PRESENCE_ERROR","timestamp":"2026-08-15T21:08:28.480Z","token_ready":true,"user_ready":true,"show_login":false,"show_voip_tester":false,"selected_call_mode":"pstn_assist","voice_id":"nado-000006","token_summary":"len:30:passke...en_331","reason":"retry:close:1006"}'
08-16 06:08:28.481 I/ReactNativeJS(32192): '[UI_PRESS_PROBE]', '{"event":"VOIP_PRESENCE_CLOSED","timestamp":"2026-08-15T21:08:28.480Z","token_ready":true,"user_ready":true,"show_login":false,"show_voip_tester":false,"selected_call_mode":"pstn_assist","voice_id":"nado-000006","token_summary":"len:30:passke...en_331","reason":"retry:close:1006","code":1006}'
08-16 06:08:28.481 I/ReactNativeJS(32192): '[UI_PRESS_PROBE]', '{"event":"VOIP_PRESENCE_RETRY_SCHEDULED","timestamp":"2026-08-15T21:08:28.481Z","token_ready":true,"user_ready":true,"show_login":false,"show_voip_tester":false,"selected_call_mode":"pstn_assist","voice_id":"nado-000006","token_summary":"len:30:passke...en_331","reason":"close:1006"}'
08-16 06:08:28.710 I/ReactNativeJS(32192): '[VoIPPendingIncoming]', '{"event":"REQUEST_RESULT","source":"pending_call_poll","token_summary":"len:30:passke...en_331","user_id":6,"status":401,"ok":false}'
08-16 06:08:28.710 I/ReactNativeJS(32192): '[VoIPPendingIncoming] fetch failed', 401
08-16 06:08:30.249 I/ReactNativeJS(32192): '[UI_PRESS_PROBE]', '{"event":"VOIP_PRESENCE_CONNECT_ATTEMPT","timestamp":"2026-08-15T21:08:30.248Z","token_ready":true,"user_ready":true,"show_login":false,"show_voip_tester":false,"selected_call_mode":"pstn_assist","voice_id":"nado-000006","token_summary":"len:30:passke...en_331","reason":"retry:close:1006","api_base":"https://metanova1004.com"}'
08-16 06:08:30.509 I/ReactNativeJS(32192): '[UI_PRESS_PROBE]', '{"event":"VOIP_PRESENCE_ERROR","timestamp":"2026-08-15T21:08:30.509Z","token_ready":true,"user_ready":true,"show_login":false,"show_voip_tester":false,"selected_call_mode":"pstn_assist","voice_id":"nado-000006","token_summary":"len:30:passke...en_331","reason":"retry:close:1006"}'
08-16 06:08:30.509 I/ReactNativeJS(32192): '[UI_PRESS_PROBE]', '{"event":"VOIP_PRESENCE_CLOSED","timestamp":"2026-08-15T21:08:30.509Z","token_ready":true,"user_ready":true,"show_login":false,"show_voip_tester":false,"selected_call_mode":"pstn_assist","voice_id":"nado-000006","token_summary":"len:30:passke...en_331","reason":"retry:close:1006","code":1006}'
08-16 06:08:30.510 I/ReactNativeJS(32192): '[UI_PRESS_PROBE]', '{"event":"VOIP_PRESENCE_RETRY_SCHEDULED","timestamp":"2026-08-15T21:08:30.509Z","token_ready":true,"user_ready":true,"show_login":false,"show_voip_tester":false,"selected_call_mode":"pstn_assist","voice_id":"nado-000006","token_summary":"len:30:passke...en_331","reason":"close:1006"}'
08-16 06:08:30.936 I/ReactNativeJS(32192): '[VoIPPendingIncoming]', '{"event":"REQUEST_START","source":"pending_call_poll","token_summary":"len:30:passke...en_331","user_id":6,"has_pending_call":false,"has_active_call":false}'
08-16 06:08:31.217 I/ReactNativeJS(32192): '[VoIPPendingIncoming]', '{"event":"REQUEST_RESULT","source":"pending_call_poll","token_summary":"len:30:passke...en_331","user_id":6,"status":401,"ok":false}'
08-16 06:08:31.217 I/ReactNativeJS(32192): '[VoIPPendingIncoming] fetch failed', 401
08-16 06:08:32.253 I/ReactNativeJS(32192): '[UI_PRESS_PROBE]', '{"event":"VOIP_PRESENCE_CONNECT_ATTEMPT","timestamp":"2026-08-15T21:08:32.253Z","token_ready":true,"user_ready":true,"show_login":false,"show_voip_tester":false,"selected_call_mode":"pstn_assist","voice_id":"nado-000006","token_summary":"len:30:passke...en_331","reason":"retry:close:1006","api_base":"https://metanova1004.com"}'
08-16 06:08:32.508 I/ReactNativeJS(32192): '[UI_PRESS_PROBE]', '{"event":"VOIP_PRESENCE_ERROR","timestamp":"2026-08-15T21:08:32.508Z","token_ready":true,"user_ready":true,"show_login":false,"show_voip_tester":false,"selected_call_mode":"pstn_assist","voice_id":"nado-000006","token_summary":"len:30:passke...en_331","reason":"retry:close:1006"}'
08-16 06:08:32.509 I/ReactNativeJS(32192): '[UI_PRESS_PROBE]', '{"event":"VOIP_PRESENCE_CLOSED","timestamp":"2026-08-15T21:08:32.509Z","token_ready":true,"user_ready":true,"show_login":false,"show_voip_tester":false,"selected_call_mode":"pstn_assist","voice_id":"nado-000006","token_summary":"len:30:passke...en_331","reason":"retry:close:1006","code":1006}'
08-16 06:08:32.509 I/ReactNativeJS(32192): '[UI_PRESS_PROBE]', '{"event":"VOIP_PRESENCE_RETRY_SCHEDULED","timestamp":"2026-08-15T21:08:32.509Z","token_ready":true,"user_ready":true,"show_login":false,"show_voip_tester":false,"selected_call_mode":"pstn_assist","voice_id":"nado-000006","token_summary":"len:30:passke...en_331","reason":"close:1006"}'
08-16 06:08:33.444 I/ReactNativeJS(32192): '[VoIPPendingIncoming]', '{"event":"REQUEST_START","source":"pending_call_poll","token_summary":"len:30:passke...en_331","user_id":6,"has_pending_call":false,"has_active_call":false}'
08-16 06:08:33.724 I/ReactNativeJS(32192): '[VoIPPendingIncoming]', '{"event":"REQUEST_RESULT","source":"pending_call_poll","token_summary":"len:30:passke...en_331","user_id":6,"status":401,"ok":false}'
08-16 06:08:33.724 I/ReactNativeJS(32192): '[VoIPPendingIncoming] fetch failed', 401
08-16 06:08:34.255 I/ReactNativeJS(32192): '[UI_PRESS_PROBE]', '{"event":"VOIP_PRESENCE_CONNECT_ATTEMPT","timestamp":"2026-08-15T21:08:34.254Z","token_ready":true,"user_ready":true,"show_login":false,"show_voip_tester":false,"selected_call_mode":"pstn_assist","voice_id":"nado-000006","token_summary":"len:30:passke...en_331","reason":"retry:close:1006","api_base":"https://metanova1004.com"}'
08-16 06:08:34.509 I/ReactNativeJS(32192): '[UI_PRESS_PROBE]', '{"event":"VOIP_PRESENCE_ERROR","timestamp":"2026-08-15T21:08:34.509Z","token_ready":true,"user_ready":true,"show_login":false,"show_voip_tester":false,"selected_call_mode":"pstn_assist","voice_id":"nado-000006","token_summary":"len:30:passke...en_331","reason":"retry:close:1006"}'
08-16 06:08:34.510 I/ReactNativeJS(32192): '[UI_PRESS_PROBE]', '{"event":"VOIP_PRESENCE_CLOSED","timestamp":"2026-08-15T21:08:34.510Z","token_ready":true,"user_ready":true,"show_login":false,"show_voip_tester":false,"selected_call_mode":"pstn_assist","voice_id":"nado-000006","token_summary":"len:30:passke...en_331","reason":"retry:close:1006","code":1006}'
08-16 06:08:34.510 I/ReactNativeJS(32192): '[UI_PRESS_PROBE]', '{"event":"VOIP_PRESENCE_RETRY_SCHEDULED","timestamp":"2026-08-15T21:08:34.510Z","token_ready":true,"user_ready":true,"show_login":false,"show_voip_tester":false,"selected_call_mode":"pstn_assist","voice_id":"nado-000006","token_summary":"len:30:passke...en_331","reason":"close:1006"}'
08-16 06:08:35.995 I/ReactNativeJS(32192): '[VoIPPendingIncoming]', '{"event":"REQUEST_START","source":"pending_call_poll","token_summary":"len:30:passke...en_331","user_id":6,"has_pending_call":false,"has_active_call":false}'
08-16 06:08:36.287 I/ReactNativeJS(32192): '[UI_PRESS_PROBE]', '{"event":"VOIP_PRESENCE_CONNECT_ATTEMPT","timestamp":"2026-08-15T21:08:36.287Z","token_ready":true,"user_ready":true,"show_login":false,"show_voip_tester":false,"selected_call_mode":"pstn_assist","voice_id":"nado-000006","token_summary":"len:30:passke...en_331","reason":"retry:close:1006","api_base":"https://metanova1004.com"}'
08-16 06:08:36.320 I/ReactNativeJS(32192): '[VoIPPendingIncoming]', '{"event":"REQUEST_RESULT","source":"pending_call_poll","token_summary":"len:30:passke...en_331","user_id":6,"status":401,"ok":false}'
08-16 06:08:36.320 I/ReactNativeJS(32192): '[VoIPPendingIncoming] fetch failed', 401
08-16 06:08:36.569 I/ReactNativeJS(32192): '[UI_PRESS_PROBE]', '{"event":"VOIP_PRESENCE_ERROR","timestamp":"2026-08-15T21:08:36.569Z","token_ready":true,"user_ready":true,"show_login":false,"show_voip_tester":false,"selected_call_mode":"pstn_assist","voice_id":"nado-000006","token_summary":"len:30:passke...en_331","reason":"retry:close:1006"}'
08-16 06:08:36.569 I/ReactNativeJS(32192): '[UI_PRESS_PROBE]', '{"event":"VOIP_PRESENCE_CLOSED","timestamp":"2026-08-15T21:08:36.569Z","token_ready":true,"user_ready":true,"show_login":false,"show_voip_tester":false,"selected_call_mode":"pstn_assist","voice_id":"nado-000006","token_summary":"len:30:passke...en_331","reason":"retry:close:1006","code":1006}'
08-16 06:08:36.570 I/ReactNativeJS(32192): '[UI_PRESS_PROBE]', '{"event":"VOIP_PRESENCE_RETRY_SCHEDULED","timestamp":"2026-08-15T21:08:36.570Z","token_ready":true,"user_ready":true,"show_login":false,"show_voip_tester":false,"selected_call_mode":"pstn_assist","voice_id":"nado-000006","token_summary":"len:30:passke...en_331","reason":"close:1006"}'
08-16 06:08:38.308 I/ReactNativeJS(32192): '[UI_PRESS_PROBE]', '{"event":"VOIP_PRESENCE_CONNECT_ATTEMPT","timestamp":"2026-08-15T21:08:38.308Z","token_ready":true,"user_ready":true,"show_login":false,"show_voip_tester":false,"selected_call_mode":"pstn_assist","voice_id":"nado-000006","token_summary":"len:30:passke...en_331","reason":"retry:close:1006","api_base":"https://metanova1004.com"}'
08-16 06:08:38.480 I/ReactNativeJS(32192): '[VoIPPendingIncoming]', '{"event":"REQUEST_START","source":"pending_call_poll","token_summary":"len:30:passke...en_331","user_id":6,"has_pending_call":false,"has_active_call":false}'
08-16 06:08:38.564 I/ReactNativeJS(32192): '[UI_PRESS_PROBE]', '{"event":"VOIP_PRESENCE_ERROR","timestamp":"2026-08-15T21:08:38.564Z","token_ready":true,"user_ready":true,"show_login":false,"show_voip_tester":false,"selected_call_mode":"pstn_assist","voice_id":"nado-000006","token_summary":"len:30:passke...en_331","reason":"retry:close:1006"}'
08-16 06:08:38.565 I/ReactNativeJS(32192): '[UI_PRESS_PROBE]', '{"event":"VOIP_PRESENCE_CLOSED","timestamp":"2026-08-15T21:08:38.565Z","token_ready":true,"user_ready":true,"show_login":false,"show_voip_tester":false,"selected_call_mode":"pstn_assist","voice_id":"nado-000006","token_summary":"len:30:passke...en_331","reason":"retry:close:1006","code":1006}'
08-16 06:08:38.565 I/ReactNativeJS(32192): '[UI_PRESS_PROBE]', '{"event":"VOIP_PRESENCE_RETRY_SCHEDULED","timestamp":"2026-08-15T21:08:38.565Z","token_ready":true,"user_ready":true,"show_login":false,"show_voip_tester":false,"selected_call_mode":"pstn_assist","voice_id":"nado-000006","token_summary":"len:30:passke...en_331","reason":"close:1006"}'
08-16 06:08:38.763 I/ReactNativeJS(32192): '[VoIPPendingIncoming]', '{"event":"REQUEST_RESULT","source":"pending_call_poll","token_summary":"len:30:passke...en_331","user_id":6,"status":401,"ok":false}'
08-16 06:08:38.763 I/ReactNativeJS(32192): '[VoIPPendingIncoming] fetch failed', 401
08-16 06:08:40.308 I/ReactNativeJS(32192): '[UI_PRESS_PROBE]', '{"event":"VOIP_PRESENCE_CONNECT_ATTEMPT","timestamp":"2026-08-15T21:08:40.307Z","token_ready":true,"user_ready":true,"show_login":false,"show_voip_tester":false,"selected_call_mode":"pstn_assist","voice_id":"nado-000006","token_summary":"len:30:passke...en_331","reason":"retry:close:1006","api_base":"https://metanova1004.com"}'
08-16 06:08:40.563 I/ReactNativeJS(32192): '[UI_PRESS_PROBE]', '{"event":"VOIP_PRESENCE_ERROR","timestamp":"2026-08-15T21:08:40.562Z","token_ready":true,"user_ready":true,"show_login":false,"show_voip_tester":false,"selected_call_mode":"pstn_assist","voice_id":"nado-000006","token_summary":"len:30:passke...en_331","reason":"retry:close:1006"}'
08-16 06:08:40.563 I/ReactNativeJS(32192): '[UI_PRESS_PROBE]', '{"event":"VOIP_PRESENCE_CLOSED","timestamp":"2026-08-15T21:08:40.563Z","token_ready":true,"user_ready":true,"show_login":false,"show_voip_tester":false,"selected_call_mode":"pstn_assist","voice_id":"nado-000006","token_summary":"len:30:passke...en_331","reason":"retry:close:1006","code":1006}'
08-16 06:08:40.563 I/ReactNativeJS(32192): '[UI_PRESS_PROBE]', '{"event":"VOIP_PRESENCE_RETRY_SCHEDULED","timestamp":"2026-08-15T21:08:40.563Z","token_ready":true,"user_ready":true,"show_login":false,"show_voip_tester":false,"selected_call_mode":"pstn_assist","voice_id":"nado-000006","token_summary":"len:30:passke...en_331","reason":"close:1006"}'
08-16 06:08:40.988 I/ReactNativeJS(32192): '[VoIPPendingIncoming]', '{"event":"REQUEST_START","source":"pending_call_poll","token_summary":"len:30:passke...en_331","user_id":6,"has_pending_call":false,"has_active_call":false}'
08-16 06:08:41.269 I/ReactNativeJS(32192): '[VoIPPendingIncoming]', '{"event":"REQUEST_RESULT","source":"pending_call_poll","token_summary":"len:30:passke...en_331","user_id":6,"status":401,"ok":false}'
08-16 06:08:41.270 I/ReactNativeJS(32192): '[VoIPPendingIncoming] fetch failed', 401
08-16 06:08:42.329 I/ReactNativeJS(32192): '[UI_PRESS_PROBE]', '{"event":"VOIP_PRESENCE_CONNECT_ATTEMPT","timestamp":"2026-08-15T21:08:42.329Z","token_ready":true,"user_ready":true,"show_login":false,"show_voip_tester":false,"selected_call_mode":"pstn_assist","voice_id":"nado-000006","token_summary":"len:30:passke...en_331","reason":"retry:close:1006","api_base":"https://metanova1004.com"}'
08-16 06:08:42.598 I/ReactNativeJS(32192): '[UI_PRESS_PROBE]', '{"event":"VOIP_PRESENCE_ERROR","timestamp":"2026-08-15T21:08:42.598Z","token_ready":true,"user_ready":true,"show_login":false,"show_voip_tester":false,"selected_call_mode":"pstn_assist","voice_id":"nado-000006","token_summary":"len:30:passke...en_331","reason":"retry:close:1006"}'
08-16 06:08:42.599 I/ReactNativeJS(32192): '[UI_PRESS_PROBE]', '{"event":"VOIP_PRESENCE_CLOSED","timestamp":"2026-08-15T21:08:42.598Z","token_ready":true,"user_ready":true,"show_login":false,"show_voip_tester":false,"selected_call_mode":"pstn_assist","voice_id":"nado-000006","token_summary":"len:30:passke...en_331","reason":"retry:close:1006","code":1006}'
08-16 06:08:42.599 I/ReactNativeJS(32192): '[UI_PRESS_PROBE]', '{"event":"VOIP_PRESENCE_RETRY_SCHEDULED","timestamp":"2026-08-15T21:08:42.599Z","token_ready":true,"user_ready":true,"show_login":false,"show_voip_tester":false,"selected_call_mode":"pstn_assist","voice_id":"nado-000006","token_summary":"len:30:passke...en_331","reason":"close:1006"}'
08-16 06:08:43.533 I/ReactNativeJS(32192): '[VoIPPendingIncoming]', '{"event":"REQUEST_START","source":"pending_call_poll","token_summary":"len:30:passke...en_331","user_id":6,"has_pending_call":false,"has_active_call":false}'
08-16 06:08:43.851 I/ReactNativeJS(32192): '[VoIPPendingIncoming]', '{"event":"REQUEST_RESULT","source":"pending_call_poll","token_summary":"len:30:passke...en_331","user_id":6,"status":401,"ok":false}'
08-16 06:08:43.851 I/ReactNativeJS(32192): '[VoIPPendingIncoming] fetch failed', 401
08-16 06:08:44.332 I/ReactNativeJS(32192): '[UI_PRESS_PROBE]', '{"event":"VOIP_PRESENCE_CONNECT_ATTEMPT","timestamp":"2026-08-15T21:08:44.332Z","token_ready":true,"user_ready":true,"show_login":false,"show_voip_tester":false,"selected_call_mode":"pstn_assist","voice_id":"nado-000006","token_summary":"len:30:passke...en_331","reason":"retry:close:1006","api_base":"https://metanova1004.com"}'
08-16 06:08:44.594 I/ReactNativeJS(32192): '[UI_PRESS_PROBE]', '{"event":"VOIP_PRESENCE_ERROR","timestamp":"2026-08-15T21:08:44.594Z","token_ready":true,"user_ready":true,"show_login":false,"show_voip_tester":false,"selected_call_mode":"pstn_assist","voice_id":"nado-000006","token_summary":"len:30:passke...en_331","reason":"retry:close:1006"}'
08-16 06:08:44.595 I/ReactNativeJS(32192): '[UI_PRESS_PROBE]', '{"event":"VOIP_PRESENCE_CLOSED","timestamp":"2026-08-15T21:08:44.594Z","token_ready":true,"user_ready":true,"show_login":false,"show_voip_tester":false,"selected_call_mode":"pstn_assist","voice_id":"nado-000006","token_summary":"len:30:passke...en_331","reason":"retry:close:1006","code":1006}'
08-16 06:08:44.595 I/ReactNativeJS(32192): '[UI_PRESS_PROBE]', '{"event":"VOIP_PRESENCE_RETRY_SCHEDULED","timestamp":"2026-08-15T21:08:44.595Z","token_ready":true,"user_ready":true,"show_login":false,"show_voip_tester":false,"selected_call_mode":"pstn_assist","voice_id":"nado-000006","token_summary":"len:30:passke...en_331","reason":"close:1006"}'
08-16 06:08:46.032 I/ReactNativeJS(32192): '[VoIPPendingIncoming]', '{"event":"REQUEST_START","source":"pending_call_poll","token_summary":"len:30:passke...en_331","user_id":6,"has_pending_call":false,"has_active_call":false}'
08-16 06:08:46.314 I/ReactNativeJS(32192): '[VoIPPendingIncoming]', '{"event":"REQUEST_RESULT","source":"pending_call_poll","token_summary":"len:30:passke...en_331","user_id":6,"status":401,"ok":false}'
08-16 06:08:46.314 I/ReactNativeJS(32192): '[VoIPPendingIncoming] fetch failed', 401
08-16 06:08:46.341 I/ReactNativeJS(32192): '[UI_PRESS_PROBE]', '{"event":"VOIP_PRESENCE_CONNECT_ATTEMPT","timestamp":"2026-08-15T21:08:46.341Z","token_ready":true,"user_ready":true,"show_login":false,"show_voip_tester":false,"selected_call_mode":"pstn_assist","voice_id":"nado-000006","token_summary":"len:30:passke...en_331","reason":"retry:close:1006","api_base":"https://metanova1004.com"}'
08-16 06:08:46.595 I/ReactNativeJS(32192): '[UI_PRESS_PROBE]', '{"event":"VOIP_PRESENCE_ERROR","timestamp":"2026-08-15T21:08:46.594Z","token_ready":true,"user_ready":true,"show_login":false,"show_voip_tester":false,"selected_call_mode":"pstn_assist","voice_id":"nado-000006","token_summary":"len:30:passke...en_331","reason":"retry:close:1006"}'
08-16 06:08:46.595 I/ReactNativeJS(32192): '[UI_PRESS_PROBE]', '{"event":"VOIP_PRESENCE_CLOSED","timestamp":"2026-08-15T21:08:46.595Z","token_ready":true,"user_ready":true,"show_login":false,"show_voip_tester":false,"selected_call_mode":"pstn_assist","voice_id":"nado-000006","token_summary":"len:30:passke...en_331","reason":"retry:close:1006","code":1006}'
08-16 06:08:46.596 I/ReactNativeJS(32192): '[UI_PRESS_PROBE]', '{"event":"VOIP_PRESENCE_RETRY_SCHEDULED","timestamp":"2026-08-15T21:08:46.595Z","token_ready":true,"user_ready":true,"show_login":false,"show_voip_tester":false,"selected_call_mode":"pstn_assist","voice_id":"nado-000006","token_summary":"len:30:passke...en_331","reason":"close:1006"}'
08-16 06:08:48.378 I/ReactNativeJS(32192): '[UI_PRESS_PROBE]', '{"event":"VOIP_PRESENCE_CONNECT_ATTEMPT","timestamp":"2026-08-15T21:08:48.378Z","token_ready":true,"user_ready":true,"show_login":false,"show_voip_tester":false,"selected_call_mode":"pstn_assist","voice_id":"nado-000006","token_summary":"len:30:passke...en_331","reason":"retry:close:1006","api_base":"https://metanova1004.com"}'
08-16 06:08:48.562 I/ReactNativeJS(32192): '[VoIPPendingIncoming]', '{"event":"REQUEST_START","source":"pending_call_poll","token_summary":"len:30:passke...en_331","user_id":6,"has_pending_call":false,"has_active_call":false}'
08-16 06:08:48.650 I/ReactNativeJS(32192): '[UI_PRESS_PROBE]', '{"event":"VOIP_PRESENCE_ERROR","timestamp":"2026-08-15T21:08:48.650Z","token_ready":true,"user_ready":true,"show_login":false,"show_voip_tester":false,"selected_call_mode":"pstn_assist","voice_id":"nado-000006","token_summary":"len:30:passke...en_331","reason":"retry:close:1006"}'
08-16 06:08:48.650 I/ReactNativeJS(32192): '[UI_PRESS_PROBE]', '{"event":"VOIP_PRESENCE_CLOSED","timestamp":"2026-08-15T21:08:48.650Z","token_ready":true,"user_ready":true,"show_login":false,"show_voip_tester":false,"selected_call_mode":"pstn_assist","voice_id":"nado-000006","token_summary":"len:30:passke...en_331","reason":"retry:close:1006","code":1006}'
08-16 06:08:48.651 I/ReactNativeJS(32192): '[UI_PRESS_PROBE]', '{"event":"VOIP_PRESENCE_RETRY_SCHEDULED","timestamp":"2026-08-15T21:08:48.650Z","token_ready":true,"user_ready":true,"show_login":false,"show_voip_tester":false,"selected_call_mode":"pstn_assist","voice_id":"nado-000006","token_summary":"len:30:passke...en_331","reason":"close:1006"}'
08-16 06:08:48.863 I/ReactNativeJS(32192): '[VoIPPendingIncoming]', '{"event":"REQUEST_RESULT","source":"pending_call_poll","token_summary":"len:30:passke...en_331","user_id":6,"status":401,"ok":false}'
08-16 06:08:48.863 I/ReactNativeJS(32192): '[VoIPPendingIncoming] fetch failed', 401
08-16 06:08:50.412 I/ReactNativeJS(32192): '[UI_PRESS_PROBE]', '{"event":"VOIP_PRESENCE_CONNECT_ATTEMPT","timestamp":"2026-08-15T21:08:50.411Z","token_ready":true,"user_ready":true,"show_login":false,"show_voip_tester":false,"selected_call_mode":"pstn_assist","voice_id":"nado-000006","token_summary":"len:30:passke...en_331","reason":"retry:close:1006","api_base":"https://metanova1004.com"}'
08-16 06:08:50.672 I/ReactNativeJS(32192): '[UI_PRESS_PROBE]', '{"event":"VOIP_PRESENCE_ERROR","timestamp":"2026-08-15T21:08:50.672Z","token_ready":true,"user_ready":true,"show_login":false,"show_voip_tester":false,"selected_call_mode":"pstn_assist","voice_id":"nado-000006","token_summary":"len:30:passke...en_331","reason":"retry:close:1006"}'
08-16 06:08:50.672 I/ReactNativeJS(32192): '[UI_PRESS_PROBE]', '{"event":"VOIP_PRESENCE_CLOSED","timestamp":"2026-08-15T21:08:50.672Z","token_ready":true,"user_ready":true,"show_login":false,"show_voip_tester":false,"selected_call_mode":"pstn_assist","voice_id":"nado-000006","token_summary":"len:30:passke...en_331","reason":"retry:close:1006","code":1006}'
08-16 06:08:50.673 I/ReactNativeJS(32192): '[UI_PRESS_PROBE]', '{"event":"VOIP_PRESENCE_RETRY_SCHEDULED","timestamp":"2026-08-15T21:08:50.672Z","token_ready":true,"user_ready":true,"show_login":false,"show_voip_tester":false,"selected_call_mode":"pstn_assist","voice_id":"nado-000006","token_summary":"len:30:passke...en_331","reason":"close:1006"}'
08-16 06:08:51.036 I/ReactNativeJS(32192): '[VoIPPendingIncoming]', '{"event":"REQUEST_START","source":"pending_call_poll","token_summary":"len:30:passke...en_331","user_id":6,"has_pending_call":false,"has_active_call":false}'
08-16 06:08:51.392 I/ReactNativeJS(32192): '[VoIPPendingIncoming]', '{"event":"REQUEST_RESULT","source":"pending_call_poll","token_summary":"len:30:passke...en_331","user_id":6,"status":401,"ok":false}'
08-16 06:08:51.393 I/ReactNativeJS(32192): '[VoIPPendingIncoming] fetch failed', 401
08-16 06:08:52.408 I/ReactNativeJS(32192): '[UI_PRESS_PROBE]', '{"event":"VOIP_PRESENCE_CONNECT_ATTEMPT","timestamp":"2026-08-15T21:08:52.407Z","token_ready":true,"user_ready":true,"show_login":false,"show_voip_tester":false,"selected_call_mode":"pstn_assist","voice_id":"nado-000006","token_summary":"len:30:passke...en_331","reason":"retry:close:1006","api_base":"https://metanova1004.com"}'
08-16 06:08:52.666 I/ReactNativeJS(32192): '[UI_PRESS_PROBE]', '{"event":"VOIP_PRESENCE_ERROR","timestamp":"2026-08-15T21:08:52.666Z","token_ready":true,"user_ready":true,"show_login":false,"show_voip_tester":false,"selected_call_mode":"pstn_assist","voice_id":"nado-000006","token_summary":"len:30:passke...en_331","reason":"retry:close:1006"}'
08-16 06:08:52.667 I/ReactNativeJS(32192): '[UI_PRESS_PROBE]', '{"event":"VOIP_PRESENCE_CLOSED","timestamp":"2026-08-15T21:08:52.666Z","token_ready":true,"user_ready":true,"show_login":false,"show_voip_tester":false,"selected_call_mode":"pstn_assist","voice_id":"nado-000006","token_summary":"len:30:passke...en_331","reason":"retry:close:1006","code":1006}'
08-16 06:08:52.667 I/ReactNativeJS(32192): '[UI_PRESS_PROBE]', '{"event":"VOIP_PRESENCE_RETRY_SCHEDULED","timestamp":"2026-08-15T21:08:52.667Z","token_ready":true,"user_ready":true,"show_login":false,"show_voip_tester":false,"selected_call_mode":"pstn_assist","voice_id":"nado-000006","token_summary":"len:30:passke...en_331","reason":"close:1006"}'
08-16 06:08:53.565 I/ReactNativeJS(32192): '[VoIPPendingIncoming]', '{"event":"REQUEST_START","source":"pending_call_poll","token_summary":"len:30:passke...en_331","user_id":6,"has_pending_call":false,"has_active_call":false}'
08-16 06:08:53.845 I/ReactNativeJS(32192): '[VoIPPendingIncoming]', '{"event":"REQUEST_RESULT","source":"pending_call_poll","token_summary":"len:30:passke...en_331","user_id":6,"status":401,"ok":false}'
08-16 06:08:53.845 I/ReactNativeJS(32192): '[VoIPPendingIncoming] fetch failed', 401
08-16 06:08:54.418 I/ReactNativeJS(32192): '[UI_PRESS_PROBE]', '{"event":"VOIP_PRESENCE_CONNECT_ATTEMPT","timestamp":"2026-08-15T21:08:54.418Z","token_ready":true,"user_ready":true,"show_login":false,"show_voip_tester":false,"selected_call_mode":"pstn_assist","voice_id":"nado-000006","token_summary":"len:30:passke...en_331","reason":"retry:close:1006","api_base":"https://metanova1004.com"}'
08-16 06:08:54.700 I/ReactNativeJS(32192): '[UI_PRESS_PROBE]', '{"event":"VOIP_PRESENCE_ERROR","timestamp":"2026-08-15T21:08:54.700Z","token_ready":true,"user_ready":true,"show_login":false,"show_voip_tester":false,"selected_call_mode":"pstn_assist","voice_id":"nado-000006","token_summary":"len:30:passke...en_331","reason":"retry:close:1006"}'
08-16 06:08:54.701 I/ReactNativeJS(32192): '[UI_PRESS_PROBE]', '{"event":"VOIP_PRESENCE_CLOSED","timestamp":"2026-08-15T21:08:54.701Z","token_ready":true,"user_ready":true,"show_login":false,"show_voip_tester":false,"selected_call_mode":"pstn_assist","voice_id":"nado-000006","token_summary":"len:30:passke...en_331","reason":"retry:close:1006","code":1006}'
08-16 06:08:54.701 I/ReactNativeJS(32192): '[UI_PRESS_PROBE]', '{"event":"VOIP_PRESENCE_RETRY_SCHEDULED","timestamp":"2026-08-15T21:08:54.701Z","token_ready":true,"user_ready":true,"show_login":false,"show_voip_tester":false,"selected_call_mode":"pstn_assist","voice_id":"nado-000006","token_summary":"len:30:passke...en_331","reason":"close:1006"}'
08-16 06:08:56.071 I/ReactNativeJS(32192): '[VoIPPendingIncoming]', '{"event":"REQUEST_START","source":"pending_call_poll","token_summary":"len:30:passke...en_331","user_id":6,"has_pending_call":false,"has_active_call":false}'
08-16 06:08:56.357 I/ReactNativeJS(32192): '[VoIPPendingIncoming]', '{"event":"REQUEST_RESULT","source":"pending_call_poll","token_summary":"len:30:passke...en_331","user_id":6,"status":401,"ok":false}'
08-16 06:08:56.357 I/ReactNativeJS(32192): '[VoIPPendingIncoming] fetch failed', 401
08-16 06:08:56.445 I/ReactNativeJS(32192): '[UI_PRESS_PROBE]', '{"event":"VOIP_PRESENCE_CONNECT_ATTEMPT","timestamp":"2026-08-15T21:08:56.445Z","token_ready":true,"user_ready":true,"show_login":false,"show_voip_tester":false,"selected_call_mode":"pstn_assist","voice_id":"nado-000006","token_summary":"len:30:passke...en_331","reason":"retry:close:1006","api_base":"https://metanova1004.com"}'
08-16 06:08:56.715 I/ReactNativeJS(32192): '[UI_PRESS_PROBE]', '{"event":"VOIP_PRESENCE_ERROR","timestamp":"2026-08-15T21:08:56.714Z","token_ready":true,"user_ready":true,"show_login":false,"show_voip_tester":false,"selected_call_mode":"pstn_assist","voice_id":"nado-000006","token_summary":"len:30:passke...en_331","reason":"retry:close:1006"}'
08-16 06:08:56.715 I/ReactNativeJS(32192): '[UI_PRESS_PROBE]', '{"event":"VOIP_PRESENCE_CLOSED","timestamp":"2026-08-15T21:08:56.715Z","token_ready":true,"user_ready":true,"show_login":false,"show_voip_tester":false,"selected_call_mode":"pstn_assist","voice_id":"nado-000006","token_summary":"len:30:passke...en_331","reason":"retry:close:1006","code":1006}'
08-16 06:08:56.716 I/ReactNativeJS(32192): '[UI_PRESS_PROBE]', '{"event":"VOIP_PRESENCE_RETRY_SCHEDULED","timestamp":"2026-08-15T21:08:56.715Z","token_ready":true,"user_ready":true,"show_login":false,"show_voip_tester":false,"selected_call_mode":"pstn_assist","voice_id":"nado-000006","token_summary":"len:30:passke...en_331","reason":"close:1006"}'
08-16 06:08:58.471 I/ReactNativeJS(32192): '[UI_PRESS_PROBE]', '{"event":"VOIP_PRESENCE_CONNECT_ATTEMPT","timestamp":"2026-08-15T21:08:58.463Z","token_ready":true,"user_ready":true,"show_login":false,"show_voip_tester":false,"selected_call_mode":"pstn_assist","voice_id":"nado-000006","token_summary":"len:30:passke...en_331","reason":"retry:close:1006","api_base":"https://metanova1004.com"}'
08-16 06:08:58.583 I/ReactNativeJS(32192): '[VoIPPendingIncoming]', '{"event":"REQUEST_START","source":"pending_call_poll","token_summary":"len:30:passke...en_331","user_id":6,"has_pending_call":false,"has_active_call":false}'
08-16 06:08:58.725 I/ReactNativeJS(32192): '[UI_PRESS_PROBE]', '{"event":"VOIP_PRESENCE_ERROR","timestamp":"2026-08-15T21:08:58.725Z","token_ready":true,"user_ready":true,"show_login":false,"show_voip_tester":false,"selected_call_mode":"pstn_assist","voice_id":"nado-000006","token_summary":"len:30:passke...en_331","reason":"retry:close:1006"}'
08-16 06:08:58.726 I/ReactNativeJS(32192): '[UI_PRESS_PROBE]', '{"event":"VOIP_PRESENCE_CLOSED","timestamp":"2026-08-15T21:08:58.725Z","token_ready":true,"user_ready":true,"show_login":false,"show_voip_tester":false,"selected_call_mode":"pstn_assist","voice_id":"nado-000006","token_summary":"len:30:passke...en_331","reason":"retry:close:1006","code":1006}'
08-16 06:08:58.726 I/ReactNativeJS(32192): '[UI_PRESS_PROBE]', '{"event":"VOIP_PRESENCE_RETRY_SCHEDULED","timestamp":"2026-08-15T21:08:58.726Z","token_ready":true,"user_ready":true,"show_login":false,"show_voip_tester":false,"selected_call_mode":"pstn_assist","voice_id":"nado-000006","token_summary":"len:30:passke...en_331","reason":"close:1006"}'
08-16 06:08:58.864 I/ReactNativeJS(32192): '[VoIPPendingIncoming]', '{"event":"REQUEST_RESULT","source":"pending_call_poll","token_summary":"len:30:passke...en_331","user_id":6,"status":401,"ok":false}'
08-16 06:08:58.864 I/ReactNativeJS(32192): '[VoIPPendingIncoming] fetch failed', 401
08-16 06:09:00.485 I/ReactNativeJS(32192): '[UI_PRESS_PROBE]', '{"event":"VOIP_PRESENCE_CONNECT_ATTEMPT","timestamp":"2026-08-15T21:09:00.485Z","token_ready":true,"user_ready":true,"show_login":false,"show_voip_tester":false,"selected_call_mode":"pstn_assist","voice_id":"nado-000006","token_summary":"len:30:passke...en_331","reason":"retry:close:1006","api_base":"https://metanova1004.com"}'
08-16 06:09:00.757 I/ReactNativeJS(32192): '[UI_PRESS_PROBE]', '{"event":"VOIP_PRESENCE_ERROR","timestamp":"2026-08-15T21:09:00.757Z","token_ready":true,"user_ready":true,"show_login":false,"show_voip_tester":false,"selected_call_mode":"pstn_assist","voice_id":"nado-000006","token_summary":"len:30:passke...en_331","reason":"retry:close:1006"}'
08-16 06:09:00.758 I/ReactNativeJS(32192): '[UI_PRESS_PROBE]', '{"event":"VOIP_PRESENCE_CLOSED","timestamp":"2026-08-15T21:09:00.757Z","token_ready":true,"user_ready":true,"show_login":false,"show_voip_tester":false,"selected_call_mode":"pstn_assist","voice_id":"nado-000006","token_summary":"len:30:passke...en_331","reason":"retry:close:1006","code":1006}'
08-16 06:09:00.758 I/ReactNativeJS(32192): '[UI_PRESS_PROBE]', '{"event":"VOIP_PRESENCE_RETRY_SCHEDULED","timestamp":"2026-08-15T21:09:00.758Z","token_ready":true,"user_ready":true,"show_login":false,"show_voip_tester":false,"selected_call_mode":"pstn_assist","voice_id":"nado-000006","token_summary":"len:30:passke...en_331","reason":"close:1006"}'
08-16 06:09:01.120 I/ReactNativeJS(32192): '[VoIPPendingIncoming]', '{"event":"REQUEST_START","source":"pending_call_poll","token_summary":"len:30:passke...en_331","user_id":6,"has_pending_call":false,"has_active_call":false}'
08-16 06:09:01.439 I/ReactNativeJS(32192): '[VoIPPendingIncoming]', '{"event":"REQUEST_RESULT","source":"pending_call_poll","token_summary":"len:30:passke...en_331","user_id":6,"status":401,"ok":false}'
08-16 06:09:01.439 I/ReactNativeJS(32192): '[VoIPPendingIncoming] fetch failed', 401
08-16 06:09:02.520 I/ReactNativeJS(32192): '[UI_PRESS_PROBE]', '{"event":"VOIP_PRESENCE_CONNECT_ATTEMPT","timestamp":"2026-08-15T21:09:02.519Z","token_ready":true,"user_ready":true,"show_login":false,"show_voip_tester":false,"selected_call_mode":"pstn_assist","voice_id":"nado-000006","token_summary":"len:30:passke...en_331","reason":"retry:close:1006","api_base":"https://metanova1004.com"}'
08-16 06:09:02.770 I/ReactNativeJS(32192): '[UI_PRESS_PROBE]', '{"event":"VOIP_PRESENCE_ERROR","timestamp":"2026-08-15T21:09:02.770Z","token_ready":true,"user_ready":true,"show_login":false,"show_voip_tester":false,"selected_call_mode":"pstn_assist","voice_id":"nado-000006","token_summary":"len:30:passke...en_331","reason":"retry:close:1006"}'
08-16 06:09:02.771 I/ReactNativeJS(32192): '[UI_PRESS_PROBE]', '{"event":"VOIP_PRESENCE_CLOSED","timestamp":"2026-08-15T21:09:02.771Z","token_ready":true,"user_ready":true,"show_login":false,"show_voip_tester":false,"selected_call_mode":"pstn_assist","voice_id":"nado-000006","token_summary":"len:30:passke...en_331","reason":"retry:close:1006","code":1006}'
08-16 06:09:02.771 I/ReactNativeJS(32192): '[UI_PRESS_PROBE]', '{"event":"VOIP_PRESENCE_RETRY_SCHEDULED","timestamp":"2026-08-15T21:09:02.771Z","token_ready":true,"user_ready":true,"show_login":false,"show_voip_tester":false,"selected_call_mode":"pstn_assist","voice_id":"nado-000006","token_summary":"len:30:passke...en_331","reason":"close:1006"}'
08-16 06:09:03.609 I/ReactNativeJS(32192): '[VoIPPendingIncoming]', '{"event":"REQUEST_START","source":"pending_call_poll","token_summary":"len:30:passke...en_331","user_id":6,"has_pending_call":false,"has_active_call":false}'
08-16 06:09:03.896 I/ReactNativeJS(32192): '[VoIPPendingIncoming]', '{"event":"REQUEST_RESULT","source":"pending_call_poll","token_summary":"len:30:passke...en_331","user_id":6,"status":401,"ok":false}'
08-16 06:09:03.896 I/ReactNativeJS(32192): '[VoIPPendingIncoming] fetch failed', 401
08-16 06:09:04.533 I/ReactNativeJS(32192): '[UI_PRESS_PROBE]', '{"event":"VOIP_PRESENCE_CONNECT_ATTEMPT","timestamp":"2026-08-15T21:09:04.533Z","token_ready":true,"user_ready":true,"show_login":false,"show_voip_tester":false,"selected_call_mode":"pstn_assist","voice_id":"nado-000006","token_summary":"len:30:passke...en_331","reason":"retry:close:1006","api_base":"https://metanova1004.com"}'
08-16 06:09:04.792 I/ReactNativeJS(32192): '[UI_PRESS_PROBE]', '{"event":"VOIP_PRESENCE_ERROR","timestamp":"2026-08-15T21:09:04.792Z","token_ready":true,"user_ready":true,"show_login":false,"show_voip_tester":false,"selected_call_mode":"pstn_assist","voice_id":"nado-000006","token_summary":"len:30:passke...en_331","reason":"retry:close:1006"}'
08-16 06:09:04.793 I/ReactNativeJS(32192): '[UI_PRESS_PROBE]', '{"event":"VOIP_PRESENCE_CLOSED","timestamp":"2026-08-15T21:09:04.792Z","token_ready":true,"user_ready":true,"show_login":false,"show_voip_tester":false,"selected_call_mode":"pstn_assist","voice_id":"nado-000006","token_summary":"len:30:passke...en_331","reason":"retry:close:1006","code":1006}'
08-16 06:09:04.793 I/ReactNativeJS(32192): '[UI_PRESS_PROBE]', '{"event":"VOIP_PRESENCE_RETRY_SCHEDULED","timestamp":"2026-08-15T21:09:04.793Z","token_ready":true,"user_ready":true,"show_login":false,"show_voip_tester":false,"selected_call_mode":"pstn_assist","voice_id":"nado-000006","token_summary":"len:30:passke...en_331","reason":"close:1006"}'
08-16 06:09:06.129 I/ReactNativeJS(32192): '[VoIPPendingIncoming]', '{"event":"REQUEST_START","source":"pending_call_poll","token_summary":"len:30:passke...en_331","user_id":6,"has_pending_call":false,"has_active_call":false}'
08-16 06:09:06.411 I/ReactNativeJS(32192): '[VoIPPendingIncoming]', '{"event":"REQUEST_RESULT","source":"pending_call_poll","token_summary":"len:30:passke...en_331","user_id":6,"status":401,"ok":false}'
08-16 06:09:06.411 I/ReactNativeJS(32192): '[VoIPPendingIncoming] fetch failed', 401
08-16 06:09:06.544 I/ReactNativeJS(32192): '[UI_PRESS_PROBE]', '{"event":"VOIP_PRESENCE_CONNECT_ATTEMPT","timestamp":"2026-08-15T21:09:06.544Z","token_ready":true,"user_ready":true,"show_login":false,"show_voip_tester":false,"selected_call_mode":"pstn_assist","voice_id":"nado-000006","token_summary":"len:30:passke...en_331","reason":"retry:close:1006","api_base":"https://metanova1004.com"}'
08-16 06:09:06.797 I/ReactNativeJS(32192): '[UI_PRESS_PROBE]', '{"event":"VOIP_PRESENCE_ERROR","timestamp":"2026-08-15T21:09:06.797Z","token_ready":true,"user_ready":true,"show_login":false,"show_voip_tester":false,"selected_call_mode":"pstn_assist","voice_id":"nado-000006","token_summary":"len:30:passke...en_331","reason":"retry:close:1006"}'
08-16 06:09:06.798 I/ReactNativeJS(32192): '[UI_PRESS_PROBE]', '{"event":"VOIP_PRESENCE_CLOSED","timestamp":"2026-08-15T21:09:06.798Z","token_ready":true,"user_ready":true,"show_login":false,"show_voip_tester":false,"selected_call_mode":"pstn_assist","voice_id":"nado-000006","token_summary":"len:30:passke...en_331","reason":"retry:close:1006","code":1006}'
08-16 06:09:06.798 I/ReactNativeJS(32192): '[UI_PRESS_PROBE]', '{"event":"VOIP_PRESENCE_RETRY_SCHEDULED","timestamp":"2026-08-15T21:09:06.798Z","token_ready":true,"user_ready":true,"show_login":false,"show_voip_tester":false,"selected_call_mode":"pstn_assist","voice_id":"nado-000006","token_summary":"len:30:passke...en_331","reason":"close:1006"}'
08-16 06:09:08.544 I/ReactNativeJS(32192): '[UI_PRESS_PROBE]', '{"event":"VOIP_PRESENCE_CONNECT_ATTEMPT","timestamp":"2026-08-15T21:09:08.544Z","token_ready":true,"user_ready":true,"show_login":false,"show_voip_tester":false,"selected_call_mode":"pstn_assist","voice_id":"nado-000006","token_summary":"len:30:passke...en_331","reason":"retry:close:1006","api_base":"https://metanova1004.com"}'
08-16 06:09:08.626 I/ReactNativeJS(32192): '[VoIPPendingIncoming]', '{"event":"REQUEST_START","source":"pending_call_poll","token_summary":"len:30:passke...en_331","user_id":6,"has_pending_call":false,"has_active_call":false}'
08-16 06:09:08.813 I/ReactNativeJS(32192): '[UI_PRESS_PROBE]', '{"event":"VOIP_PRESENCE_ERROR","timestamp":"2026-08-15T21:09:08.812Z","token_ready":true,"user_ready":true,"show_login":false,"show_voip_tester":false,"selected_call_mode":"pstn_assist","voice_id":"nado-000006","token_summary":"len:30:passke...en_331","reason":"retry:close:1006"}'
08-16 06:09:08.813 I/ReactNativeJS(32192): '[UI_PRESS_PROBE]', '{"event":"VOIP_PRESENCE_CLOSED","timestamp":"2026-08-15T21:09:08.813Z","token_ready":true,"user_ready":true,"show_login":false,"show_voip_tester":false,"selected_call_mode":"pstn_assist","voice_id":"nado-000006","token_summary":"len:30:passke...en_331","reason":"retry:close:1006","code":1006}'
08-16 06:09:08.813 I/ReactNativeJS(32192): '[UI_PRESS_PROBE]', '{"event":"VOIP_PRESENCE_RETRY_SCHEDULED","timestamp":"2026-08-15T21:09:08.813Z","token_ready":true,"user_ready":true,"show_login":false,"show_voip_tester":false,"selected_call_mode":"pstn_assist","voice_id":"nado-000006","token_summary":"len:30:passke...en_331","reason":"close:1006"}'
08-16 06:09:08.932 I/ReactNativeJS(32192): '[VoIPPendingIncoming]', '{"event":"REQUEST_RESULT","source":"pending_call_poll","token_summary":"len:30:passke...en_331","user_id":6,"status":401,"ok":false}'
08-16 06:09:08.932 I/ReactNativeJS(32192): '[VoIPPendingIncoming] fetch failed', 401
08-16 06:09:10.550 I/ReactNativeJS(32192): '[UI_PRESS_PROBE]', '{"event":"VOIP_PRESENCE_CONNECT_ATTEMPT","timestamp":"2026-08-15T21:09:10.550Z","token_ready":true,"user_ready":true,"show_login":false,"show_voip_tester":false,"selected_call_mode":"pstn_assist","voice_id":"nado-000006","token_summary":"len:30:passke...en_331","reason":"retry:close:1006","api_base":"https://metanova1004.com"}'
08-16 06:09:10.802 I/ReactNativeJS(32192): '[UI_PRESS_PROBE]', '{"event":"VOIP_PRESENCE_ERROR","timestamp":"2026-08-15T21:09:10.802Z","token_ready":true,"user_ready":true,"show_login":false,"show_voip_tester":false,"selected_call_mode":"pstn_assist","voice_id":"nado-000006","token_summary":"len:30:passke...en_331","reason":"retry:close:1006"}'
08-16 06:09:10.803 I/ReactNativeJS(32192): '[UI_PRESS_PROBE]', '{"event":"VOIP_PRESENCE_CLOSED","timestamp":"2026-08-15T21:09:10.802Z","token_ready":true,"user_ready":true,"show_login":false,"show_voip_tester":false,"selected_call_mode":"pstn_assist","voice_id":"nado-000006","token_summary":"len:30:passke...en_331","reason":"retry:close:1006","code":1006}'
08-16 06:09:10.803 I/ReactNativeJS(32192): '[UI_PRESS_PROBE]', '{"event":"VOIP_PRESENCE_RETRY_SCHEDULED","timestamp":"2026-08-15T21:09:10.803Z","token_ready":true,"user_ready":true,"show_login":false,"show_voip_tester":false,"selected_call_mode":"pstn_assist","voice_id":"nado-000006","token_summary":"len:30:passke...en_331","reason":"close:1006"}'
08-16 06:09:11.162 I/ReactNativeJS(32192): '[VoIPPendingIncoming]', '{"event":"REQUEST_START","source":"pending_call_poll","token_summary":"len:30:passke...en_331","user_id":6,"has_pending_call":false,"has_active_call":false}'
08-16 06:09:11.423 I/ReactNativeJS(32192): '[VoIPPendingIncoming]', '{"event":"REQUEST_RESULT","source":"pending_call_poll","token_summary":"len:30:passke...en_331","user_id":6,"status":401,"ok":false}'
08-16 06:09:11.424 I/ReactNativeJS(32192): '[VoIPPendingIncoming] fetch failed', 401
08-16 06:09:12.538 I/ReactNativeJS(32192): '[UI_PRESS_PROBE]', '{"event":"VOIP_PRESENCE_CONNECT_ATTEMPT","timestamp":"2026-08-15T21:09:12.538Z","token_ready":true,"user_ready":true,"show_login":false,"show_voip_tester":false,"selected_call_mode":"pstn_assist","voice_id":"nado-000006","token_summary":"len:30:passke...en_331","reason":"retry:close:1006","api_base":"https://metanova1004.com"}'
08-16 06:09:12.789 I/ReactNativeJS(32192): '[UI_PRESS_PROBE]', '{"event":"VOIP_PRESENCE_ERROR","timestamp":"2026-08-15T21:09:12.789Z","token_ready":true,"user_ready":true,"show_login":false,"show_voip_tester":false,"selected_call_mode":"pstn_assist","voice_id":"nado-000006","token_summary":"len:30:passke...en_331","reason":"retry:close:1006"}'
08-16 06:09:12.789 I/ReactNativeJS(32192): '[UI_PRESS_PROBE]', '{"event":"VOIP_PRESENCE_CLOSED","timestamp":"2026-08-15T21:09:12.789Z","token_ready":true,"user_ready":true,"show_login":false,"show_voip_tester":false,"selected_call_mode":"pstn_assist","voice_id":"nado-000006","token_summary":"len:30:passke...en_331","reason":"retry:close:1006","code":1006}'
08-16 06:09:12.789 I/ReactNativeJS(32192): '[UI_PRESS_PROBE]', '{"event":"VOIP_PRESENCE_RETRY_SCHEDULED","timestamp":"2026-08-15T21:09:12.789Z","token_ready":true,"user_ready":true,"show_login":false,"show_voip_tester":false,"selected_call_mode":"pstn_assist","voice_id":"nado-000006","token_summary":"len:30:passke...en_331","reason":"close:1006"}'
08-16 06:09:13.708 I/ReactNativeJS(32192): '[VoIPPendingIncoming]', '{"event":"REQUEST_START","source":"pending_call_poll","token_summary":"len:30:passke...en_331","user_id":6,"has_pending_call":false,"has_active_call":false}'
08-16 06:09:13.995 I/ReactNativeJS(32192): '[VoIPPendingIncoming]', '{"event":"REQUEST_RESULT","source":"pending_call_poll","token_summary":"len:30:passke...en_331","user_id":6,"status":401,"ok":false}'
08-16 06:09:13.995 I/ReactNativeJS(32192): '[VoIPPendingIncoming] fetch failed', 401
08-16 06:09:14.537 I/ReactNativeJS(32192): '[UI_PRESS_PROBE]', '{"event":"VOIP_PRESENCE_CONNECT_ATTEMPT","timestamp":"2026-08-15T21:09:14.537Z","token_ready":true,"user_ready":true,"show_login":false,"show_voip_tester":false,"selected_call_mode":"pstn_assist","voice_id":"nado-000006","token_summary":"len:30:passke...en_331","reason":"retry:close:1006","api_base":"https://metanova1004.com"}'
08-16 06:09:14.807 I/ReactNativeJS(32192): '[UI_PRESS_PROBE]', '{"event":"VOIP_PRESENCE_ERROR","timestamp":"2026-08-15T21:09:14.807Z","token_ready":true,"user_ready":true,"show_login":false,"show_voip_tester":false,"selected_call_mode":"pstn_assist","voice_id":"nado-000006","token_summary":"len:30:passke...en_331","reason":"retry:close:1006"}'
08-16 06:09:14.808 I/ReactNativeJS(32192): '[UI_PRESS_PROBE]', '{"event":"VOIP_PRESENCE_CLOSED","timestamp":"2026-08-15T21:09:14.808Z","token_ready":true,"user_ready":true,"show_login":false,"show_voip_tester":false,"selected_call_mode":"pstn_assist","voice_id":"nado-000006","token_summary":"len:30:passke...en_331","reason":"retry:close:1006","code":1006}'
08-16 06:09:14.808 I/ReactNativeJS(32192): '[UI_PRESS_PROBE]', '{"event":"VOIP_PRESENCE_RETRY_SCHEDULED","timestamp":"2026-08-15T21:09:14.808Z","token_ready":true,"user_ready":true,"show_login":false,"show_voip_tester":false,"selected_call_mode":"pstn_assist","voice_id":"nado-000006","token_summary":"len:30:passke...en_331","reason":"close:1006"}'
