--------- beginning of main
08-16 05:40:25.332  9580  9617 I ReactNativeJS: '[VoIP] WebRTC module loaded', { module: 'react-native-webrtc',
08-16 05:40:25.332  9580  9617 I ReactNativeJS:   hasPeerConnection: true,
08-16 05:40:25.332  9580  9617 I ReactNativeJS:   hasMediaDevices: true }
08-16 05:40:25.349  9580  9617 W ReactNativeJS: This method is deprecated (as well as all React Native Firebase namespaced API) and will be removed in the next major release as part of move to match Firebase Web modular SDK API. Please see migration guide for more details: https://rnfirebase.io/migrating-to-v22 Please use `getApps()` instead.
08-16 05:40:25.350  9580  9617 W ReactNativeJS: This method is deprecated (as well as all React Native Firebase namespaced API) and will be removed in the next major release as part of move to match Firebase Web modular SDK API. Please see migration guide for more details: https://rnfirebase.io/migrating-to-v22 Please use `initializeApp()` instead.
08-16 05:40:25.351  9580  9617 W ReactNativeJS: This method is deprecated (as well as all React Native Firebase namespaced API) and will be removed in the next major release as part of move to match Firebase Web modular SDK API. Please see migration guide for more details: https://rnfirebase.io/migrating-to-v22 Please use `getApps()` instead.
08-16 05:40:25.351  9580  9617 W ReactNativeJS: This method is deprecated (as well as all React Native Firebase namespaced API) and will be removed in the next major release as part of move to match Firebase Web modular SDK API. Please see migration guide for more details: https://rnfirebase.io/migrating-to-v22 Please use `getApp()` instead.
08-16 05:40:25.369  9580  9617 I ReactNativeJS: Running "main"
08-16 05:40:25.589  9580  9617 I ReactNativeJS: '[UI_PRESS_PROBE]', '{"event":"NETWORK_TRANSPORT_CHANGED","timestamp":"2026-08-15T20:40:25.588Z","token_ready":false,"user_ready":false,"show_login":false,"show_voip_tester":false,"selected_call_mode":"pstn_assist","transport":"unknown","cellular_generation":null,"label":"알 수 없음","is_connected":false,"is_internet_reachable":null,"carrier":null,"ssid":null,"is_accurate_voip_test_ready":false,"previous_label":null}'
08-16 05:40:25.591  9580  9617 I ReactNativeJS: '[WORLDLINGCO_API] base_url', 'https://metanova1004.com'
08-16 05:40:25.596  9580  9617 I ReactNativeJS: [VoIPToneService] AudioContext not available (React Native environment)
08-16 05:40:25.599  9580  9617 I ReactNativeJS: '[FACE_CONVERSATION]', '{"event":"silero_probe","supported":false}'
08-16 05:40:25.601  9580  9617 I ReactNativeJS: '[DEEP_LINK_TRACE]', '{"source":"initial_url","outcome":"empty_url"}'
08-16 05:40:25.757  9580  9617 I ReactNativeJS: '[DEEP_LINK_TRACE]', '{"source":"active_initial_url","outcome":"empty_url"}'
08-16 05:40:26.201  9580  9617 I ReactNativeJS: '[WORLDLINGCO_TUNING]', '{"event":"remote_loaded","updated_at":"2026-08-14T06:06:31Z","version":6}'
08-16 05:40:26.287  9580  9617 I ReactNativeJS: '[DEEP_LINK_TRACE]', '{"source":"bootstrap_initial_url_600","outcome":"empty_url"}'
08-16 05:40:27.294  9580  9617 I ReactNativeJS: '[DEEP_LINK_TRACE]', '{"source":"bootstrap_initial_url_1600","outcome":"empty_url"}'
08-16 05:40:28.909  9580  9617 I ReactNativeJS: '[DEEP_LINK_TRACE]', '{"source":"bootstrap_initial_url_3200","outcome":"empty_url"}'
08-16 05:40:30.897  9580  9617 I ReactNativeJS: '[DEEP_LINK_TRACE]', '{"source":"bootstrap_initial_url_5200","outcome":"empty_url"}'
08-16 05:40:36.448  9580  9617 I ReactNativeJS: '[DEEP_LINK_TRACE]', '{"source":"initial_url","outcome":"empty_url"}'
08-16 05:40:36.533  9580  9617 I ReactNativeJS: '[AUTH_FLOW]', '{"event":"AUTH_STORAGE_RESTORE_FOUND","user_id":6,"user_email":"119cash@naver.com"}'
08-16 05:40:36.534  9580  9617 I ReactNativeJS: '[AUTH_FLOW]', '{"event":"AUTH_STORAGE_RESTORE_APPLIED","user_id":6,"user_email":"119cash@naver.com"}'
08-16 05:40:36.706  9580  9617 W ReactNativeJS: This method is deprecated (as well as all React Native Firebase namespaced API) and will be removed in the next major release as part of move to match Firebase Web modular SDK API. Please see migration guide for more details: https://rnfirebase.io/migrating-to-v22 Please use `getApps()` instead.
08-16 05:40:36.706  9580  9617 W ReactNativeJS: This method is deprecated (as well as all React Native Firebase namespaced API) and will be removed in the next major release as part of move to match Firebase Web modular SDK API. Please see migration guide for more details: https://rnfirebase.io/migrating-to-v22 Please use `getApps()` instead.
08-16 05:40:36.706  9580  9617 W ReactNativeJS: This method is deprecated (as well as all React Native Firebase namespaced API) and will be removed in the next major release as part of move to match Firebase Web modular SDK API. Please see migration guide for more details: https://rnfirebase.io/migrating-to-v22 Please use `getApps()` instead.
08-16 05:40:36.708  9580  9617 W ReactNativeJS: This method is deprecated (as well as all React Native Firebase namespaced API) and will be removed in the next major release as part of move to match Firebase Web modular SDK API. Please see migration guide for more details: https://rnfirebase.io/migrating-to-v22 Please use `getApps()` instead.
08-16 05:40:36.711  9580  9617 I ReactNativeJS: '[VoIPPendingIncoming]', '{"event":"REQUEST_START","source":"pending_call_initial","token_summary":"len:30:passke...en_331","user_id":6,"has_pending_call":false,"has_active_call":false}'
08-16 05:40:36.714  9580  9617 I ReactNativeJS: '[UI_PRESS_PROBE]', '{"event":"VOIP_PRESENCE_CONNECT_ATTEMPT","timestamp":"2026-08-15T20:40:36.714Z","token_ready":true,"user_ready":true,"show_login":false,"show_voip_tester":false,"selected_call_mode":"pstn_assist","voice_id":"nado-000006","token_summary":"len:30:passke...en_331","reason":"effect_start","api_base":"https://metanova1004.com"}'
08-16 05:40:36.720  9580  9617 W ReactNativeJS: This method is deprecated (as well as all React Native Firebase namespaced API) and will be removed in the next major release as part of move to match Firebase Web modular SDK API. Please see migration guide for more details: https://rnfirebase.io/migrating-to-v22 Please use `getApp()` instead.
08-16 05:40:36.720  9580  9617 W ReactNativeJS: This method is deprecated (as well as all React Native Firebase namespaced API) and will be removed in the next major release as part of move to match Firebase Web modular SDK API. Please see migration guide for more details: https://rnfirebase.io/migrating-to-v22 Please use `getApp()` instead.
08-16 05:40:36.720  9580  9617 W ReactNativeJS: This method is deprecated (as well as all React Native Firebase namespaced API) and will be removed in the next major release as part of move to match Firebase Web modular SDK API. Please see migration guide for more details: https://rnfirebase.io/migrating-to-v22 Please use `getApp()` instead.
08-16 05:40:36.722  9580  9617 W ReactNativeJS: This method is deprecated (as well as all React Native Firebase namespaced API) and will be removed in the next major release as part of move to match Firebase Web modular SDK API. Please see migration guide for more details: https://rnfirebase.io/migrating-to-v22 Please use `getApp()` instead.
08-16 05:40:36.723  9580  9617 I ReactNativeJS: '[UI_PRESS_PROBE]', '{"event":"VOIP_NOTIFICATION_PERMISSION_STATUS","timestamp":"2026-08-15T20:40:36.723Z","token_ready":true,"user_ready":true,"show_login":false,"show_voip_tester":false,"selected_call_mode":"pstn_assist","notifications_enabled":true}'
08-16 05:40:36.775  9580  9617 I ReactNativeJS: '[UI_PRESS_PROBE]', '{"event":"NETWORK_TRANSPORT_CHANGED","timestamp":"2026-08-15T20:40:36.775Z","token_ready":true,"user_ready":true,"show_login":false,"show_voip_tester":false,"selected_call_mode":"pstn_assist","transport":"wifi","cellular_generation":null,"label":"WiFi","is_connected":true,"is_internet_reachable":true,"carrier":null,"ssid":"KT_WiFi_7_0A7C","is_accurate_voip_test_ready":false,"previous_label":"알 수 없음"}'
08-16 05:40:36.983  9580  9617 I ReactNativeJS: '[DEEP_LINK_TRACE]', '{"source":"initial_url","outcome":"empty_url"}'
08-16 05:40:36.988  9580  9617 I ReactNativeJS: '[VoIPPendingIncoming]', '{"event":"REQUEST_RESULT","source":"pending_call_initial","token_summary":"len:30:passke...en_331","user_id":6,"status":401,"ok":false}'
08-16 05:40:36.989  9580  9617 I ReactNativeJS: '[VoIPPendingIncoming] fetch failed', 401
08-16 05:40:36.991  9580  9617 I ReactNativeJS: '[MISSED_CALL]', '{"event":"fetch","count":0}'
08-16 05:40:36.994  9580  9617 I ReactNativeJS: '[UI_PRESS_PROBE]', '{"event":"VOIP_PRESENCE_ERROR","timestamp":"2026-08-15T20:40:36.993Z","token_ready":true,"user_ready":true,"show_login":false,"show_voip_tester":false,"selected_call_mode":"pstn_assist","voice_id":"nado-000006","token_summary":"len:30:passke...en_331","reason":"effect_start"}'
08-16 05:40:36.994  9580  9617 I ReactNativeJS: '[UI_PRESS_PROBE]', '{"event":"VOIP_PRESENCE_CLOSED","timestamp":"2026-08-15T20:40:36.994Z","token_ready":true,"user_ready":true,"show_login":false,"show_voip_tester":false,"selected_call_mode":"pstn_assist","voice_id":"nado-000006","token_summary":"len:30:passke...en_331","reason":"effect_start","code":1006}'
08-16 05:40:36.995  9580  9617 I ReactNativeJS: '[UI_PRESS_PROBE]', '{"event":"VOIP_PRESENCE_RETRY_SCHEDULED","timestamp":"2026-08-15T20:40:36.994Z","token_ready":true,"user_ready":true,"show_login":false,"show_voip_tester":false,"selected_call_mode":"pstn_assist","voice_id":"nado-000006","token_summary":"len:30:passke...en_331","reason":"close:1006"}'
08-16 05:40:37.229  9580  9617 W ReactNativeJS: This method is deprecated (as well as all React Native Firebase namespaced API) and will be removed in the next major release as part of move to match Firebase Web modular SDK API. Please see migration guide for more details: https://rnfirebase.io/migrating-to-v22 Please use `getApp()` instead.
08-16 05:40:37.666  9580  9617 I ReactNativeJS: '[DEEP_LINK_TRACE]', '{"source":"bootstrap_initial_url_600","outcome":"empty_url"}'
08-16 05:40:37.673  9580  9617 I ReactNativeJS: '[UI_PRESS_PROBE]', '{"event":"VOIP_ACTIVE_CALL_RESUME_SKIPPED_AUTH","timestamp":"2026-08-15T20:40:37.666Z","token_ready":true,"user_ready":true,"show_login":false,"show_voip_tester":false,"selected_call_mode":"pstn_assist","source":"app_launch_resume","status":401,"last_call_id":null}'
08-16 05:40:37.894  9580  9617 W ReactNativeJS: This method is deprecated (as well as all React Native Firebase namespaced API) and will be removed in the next major release as part of move to match Firebase Web modular SDK API. Please see migration guide for more details: https://rnfirebase.io/migrating-to-v22 Please use `getApp()` instead.
08-16 05:40:38.297  9580  9617 I ReactNativeJS: '[UI_PRESS_PROBE]', '{"event":"VOIP_FCM_TOPIC_READY","timestamp":"2026-08-15T20:40:38.296Z","token_ready":true,"user_ready":true,"show_login":false,"show_voip_tester":false,"selected_call_mode":"pstn_assist","topic":"worldlingo_voip_nado_000006","push_token_present":true}'
08-16 05:40:38.633  9580  9617 I ReactNativeJS: '[DEEP_LINK_TRACE]', '{"source":"bootstrap_initial_url_1600","outcome":"empty_url"}'
08-16 05:40:38.665  9580  9617 I ReactNativeJS: '[UI_PRESS_PROBE]', '{"event":"VOIP_PRESENCE_CONNECT_ATTEMPT","timestamp":"2026-08-15T20:40:38.664Z","token_ready":true,"user_ready":true,"show_login":false,"show_voip_tester":false,"selected_call_mode":"pstn_assist","voice_id":"nado-000006","token_summary":"len:30:passke...en_331","reason":"retry:close:1006","api_base":"https://metanova1004.com"}'
08-16 05:40:38.853  9580  9617 I ReactNativeJS: '[UI_PRESS_PROBE]', '{"event":"VOIP_PRESENCE_ERROR","timestamp":"2026-08-15T20:40:38.852Z","token_ready":true,"user_ready":true,"show_login":false,"show_voip_tester":false,"selected_call_mode":"pstn_assist","voice_id":"nado-000006","token_summary":"len:30:passke...en_331","reason":"retry:close:1006"}'
08-16 05:40:38.853  9580  9617 I ReactNativeJS: '[UI_PRESS_PROBE]', '{"event":"VOIP_PRESENCE_CLOSED","timestamp":"2026-08-15T20:40:38.853Z","token_ready":true,"user_ready":true,"show_login":false,"show_voip_tester":false,"selected_call_mode":"pstn_assist","voice_id":"nado-000006","token_summary":"len:30:passke...en_331","reason":"retry:close:1006","code":1006}'
08-16 05:40:38.854  9580  9617 I ReactNativeJS: '[UI_PRESS_PROBE]', '{"event":"VOIP_PRESENCE_RETRY_SCHEDULED","timestamp":"2026-08-15T20:40:38.853Z","token_ready":true,"user_ready":true,"show_login":false,"show_voip_tester":false,"selected_call_mode":"pstn_assist","voice_id":"nado-000006","token_summary":"len:30:passke...en_331","reason":"close:1006"}'
08-16 05:40:39.382  9580  9617 W ReactNativeJS: This method is deprecated (as well as all React Native Firebase namespaced API) and will be removed in the next major release as part of move to match Firebase Web modular SDK API. Please see migration guide for more details: https://rnfirebase.io/migrating-to-v22 Please use `getApps()` instead.
08-16 05:40:39.384  9580  9617 I ReactNativeJS: '[VoIPPendingIncoming]', '{"event":"REQUEST_START","source":"pending_call_poll","token_summary":"len:30:passke...en_331","user_id":6,"has_pending_call":false,"has_active_call":false}'
08-16 05:40:39.601  9580  9617 I ReactNativeJS: '[VoIPPendingIncoming]', '{"event":"REQUEST_RESULT","source":"pending_call_poll","token_summary":"len:30:passke...en_331","user_id":6,"status":401,"ok":false}'
08-16 05:40:39.602  9580  9617 I ReactNativeJS: '[VoIPPendingIncoming] fetch failed', 401
08-16 05:40:39.818  9580  9617 I ReactNativeJS: '[VoIPPendingIncoming]', '{"event":"REQUEST_START","source":"pending_call_background","token_summary":"len:30:passke...en_331","user_id":6,"has_pending_call":false,"has_active_call":false}'
08-16 05:40:39.860  9580  9617 I ReactNativeJS: '[VoIPPendingIncoming]', '{"event":"REQUEST_RESULT","source":"pending_call_background","token_summary":"len:30:passke...en_331","user_id":6,"status":401,"ok":false}'
08-16 05:40:39.860  9580  9617 I ReactNativeJS: '[VoIPPendingIncoming] fetch failed', 401
08-16 05:40:39.866  9580  9617 I ReactNativeJS: '[AUTH_FLOW]', '{"event":"AUTH_STORAGE_RESTORE_FOUND","user_id":6,"user_email":"119cash@naver.com"}'
08-16 05:40:39.866  9580  9617 I ReactNativeJS: '[AUTH_FLOW]', '{"event":"AUTH_STORAGE_RESTORE_APPLIED","user_id":6,"user_email":"119cash@naver.com"}'
08-16 05:40:39.899  9580  9617 W ReactNativeJS: This method is deprecated (as well as all React Native Firebase namespaced API) and will be removed in the next major release as part of move to match Firebase Web modular SDK API. Please see migration guide for more details: https://rnfirebase.io/migrating-to-v22 Please use `getApps()` instead.
08-16 05:40:39.899  9580  9617 W ReactNativeJS: This method is deprecated (as well as all React Native Firebase namespaced API) and will be removed in the next major release as part of move to match Firebase Web modular SDK API. Please see migration guide for more details: https://rnfirebase.io/migrating-to-v22 Please use `getApps()` instead.
08-16 05:40:39.899  9580  9617 W ReactNativeJS: This method is deprecated (as well as all React Native Firebase namespaced API) and will be removed in the next major release as part of move to match Firebase Web modular SDK API. Please see migration guide for more details: https://rnfirebase.io/migrating-to-v22 Please use `getApps()` instead.
08-16 05:40:39.901  9580  9617 W ReactNativeJS: This method is deprecated (as well as all React Native Firebase namespaced API) and will be removed in the next major release as part of move to match Firebase Web modular SDK API. Please see migration guide for more details: https://rnfirebase.io/migrating-to-v22 Please use `getApps()` instead.
08-16 05:40:39.904  9580  9617 I ReactNativeJS: '[VoIPPendingIncoming]', '{"event":"REQUEST_START","source":"pending_call_initial","token_summary":"len:30:passke...en_331","user_id":6,"has_pending_call":false,"has_active_call":false}'
08-16 05:40:39.907  9580  9617 I ReactNativeJS: '[UI_PRESS_PROBE]', '{"event":"VOIP_PRESENCE_CONNECT_ATTEMPT","timestamp":"2026-08-15T20:40:39.906Z","token_ready":true,"user_ready":true,"show_login":false,"show_voip_tester":false,"selected_call_mode":"pstn_assist","voice_id":"nado-000006","token_summary":"len:30:passke...en_331","reason":"effect_start","api_base":"https://metanova1004.com"}'
08-16 05:40:39.909  9580  9617 W ReactNativeJS: This method is deprecated (as well as all React Native Firebase namespaced API) and will be removed in the next major release as part of move to match Firebase Web modular SDK API. Please see migration guide for more details: https://rnfirebase.io/migrating-to-v22 Please use `getApp()` instead.
08-16 05:40:39.909  9580  9617 W ReactNativeJS: This method is deprecated (as well as all React Native Firebase namespaced API) and will be removed in the next major release as part of move to match Firebase Web modular SDK API. Please see migration guide for more details: https://rnfirebase.io/migrating-to-v22 Please use `getApp()` instead.
08-16 05:40:39.910  9580  9617 W ReactNativeJS: This method is deprecated (as well as all React Native Firebase namespaced API) and will be removed in the next major release as part of move to match Firebase Web modular SDK API. Please see migration guide for more details: https://rnfirebase.io/migrating-to-v22 Please use `getApp()` instead.
08-16 05:40:39.912  9580  9617 W ReactNativeJS: This method is deprecated (as well as all React Native Firebase namespaced API) and will be removed in the next major release as part of move to match Firebase Web modular SDK API. Please see migration guide for more details: https://rnfirebase.io/migrating-to-v22 Please use `getApp()` instead.
08-16 05:40:39.913  9580  9617 I ReactNativeJS: '[UI_PRESS_PROBE]', '{"event":"VOIP_NOTIFICATION_PERMISSION_STATUS","timestamp":"2026-08-15T20:40:39.912Z","token_ready":true,"user_ready":true,"show_login":false,"show_voip_tester":false,"selected_call_mode":"pstn_assist","notifications_enabled":true}'
08-16 05:40:39.917  9580  9617 I ReactNativeJS: '[DEEP_LINK_TRACE]', '{"source":"initial_url","outcome":"empty_url"}'
08-16 05:40:39.974  9580  9617 I ReactNativeJS: '[UI_PRESS_PROBE]', '{"event":"VOIP_PRESENCE_ERROR","timestamp":"2026-08-15T20:40:39.973Z","token_ready":true,"user_ready":true,"show_login":false,"show_voip_tester":false,"selected_call_mode":"pstn_assist","voice_id":"nado-000006","token_summary":"len:30:passke...en_331","reason":"effect_start"}'
08-16 05:40:39.974  9580  9617 I ReactNativeJS: '[UI_PRESS_PROBE]', '{"event":"VOIP_PRESENCE_CLOSED","timestamp":"2026-08-15T20:40:39.974Z","token_ready":true,"user_ready":true,"show_login":false,"show_voip_tester":false,"selected_call_mode":"pstn_assist","voice_id":"nado-000006","token_summary":"len:30:passke...en_331","reason":"effect_start","code":1006}'
08-16 05:40:39.975  9580  9617 I ReactNativeJS: '[UI_PRESS_PROBE]', '{"event":"VOIP_PRESENCE_RETRY_SCHEDULED","timestamp":"2026-08-15T20:40:39.974Z","token_ready":true,"user_ready":true,"show_login":false,"show_voip_tester":false,"selected_call_mode":"pstn_assist","voice_id":"nado-000006","token_summary":"len:30:passke...en_331","reason":"close:1006"}'
08-16 05:40:39.978  9580  9617 I ReactNativeJS: '[MISSED_CALL]', '{"event":"fetch","count":0}'
08-16 05:40:39.979  9580  9617 I ReactNativeJS: '[VoIPPendingIncoming]', '{"event":"REQUEST_RESULT","source":"pending_call_initial","token_summary":"len:30:passke...en_331","user_id":6,"status":401,"ok":false}'
08-16 05:40:39.979  9580  9617 I ReactNativeJS: '[VoIPPendingIncoming] fetch failed', 401
08-16 05:40:39.980  9580  9617 W ReactNativeJS: This method is deprecated (as well as all React Native Firebase namespaced API) and will be removed in the next major release as part of move to match Firebase Web modular SDK API. Please see migration guide for more details: https://rnfirebase.io/migrating-to-v22 Please use `getApp()` instead.
08-16 05:40:39.984  9580  9617 I ReactNativeJS: '[UI_PRESS_PROBE]', '{"event":"VOIP_ACTIVE_CALL_RESUME_SKIPPED_AUTH","timestamp":"2026-08-15T20:40:39.984Z","token_ready":true,"user_ready":true,"show_login":false,"show_voip_tester":false,"selected_call_mode":"pstn_assist","source":"app_launch_resume","status":401,"last_call_id":null}'
08-16 05:40:40.017  9580  9617 I ReactNativeJS: '[AUTH_FLOW]', '{"event":"AUTH_STORAGE_RESTORE_FOUND","user_id":6,"user_email":"119cash@naver.com"}'
08-16 05:40:40.017  9580  9617 I ReactNativeJS: '[AUTH_FLOW]', '{"event":"AUTH_STORAGE_RESTORE_APPLIED","user_id":6,"user_email":"119cash@naver.com"}'
08-16 05:40:40.044  9580  9617 W ReactNativeJS: This method is deprecated (as well as all React Native Firebase namespaced API) and will be removed in the next major release as part of move to match Firebase Web modular SDK API. Please see migration guide for more details: https://rnfirebase.io/migrating-to-v22 Please use `getApps()` instead.
08-16 05:40:40.044  9580  9617 W ReactNativeJS: This method is deprecated (as well as all React Native Firebase namespaced API) and will be removed in the next major release as part of move to match Firebase Web modular SDK API. Please see migration guide for more details: https://rnfirebase.io/migrating-to-v22 Please use `getApps()` instead.
08-16 05:40:40.045  9580  9617 W ReactNativeJS: This method is deprecated (as well as all React Native Firebase namespaced API) and will be removed in the next major release as part of move to match Firebase Web modular SDK API. Please see migration guide for more details: https://rnfirebase.io/migrating-to-v22 Please use `getApps()` instead.
08-16 05:40:40.045  9580  9617 W ReactNativeJS: This method is deprecated (as well as all React Native Firebase namespaced API) and will be removed in the next major release as part of move to match Firebase Web modular SDK API. Please see migration guide for more details: https://rnfirebase.io/migrating-to-v22 Please use `getApps()` instead.
08-16 05:40:40.047  9580  9617 I ReactNativeJS: '[VoIPPendingIncoming]', '{"event":"REQUEST_START","source":"pending_call_initial","token_summary":"len:30:passke...en_331","user_id":6,"has_pending_call":false,"has_active_call":false}'
08-16 05:40:40.048  9580  9617 I ReactNativeJS: '[UI_PRESS_PROBE]', '{"event":"VOIP_PRESENCE_CONNECT_ATTEMPT","timestamp":"2026-08-15T20:40:40.048Z","token_ready":true,"user_ready":true,"show_login":false,"show_voip_tester":false,"selected_call_mode":"pstn_assist","voice_id":"nado-000006","token_summary":"len:30:passke...en_331","reason":"effect_start","api_base":"https://metanova1004.com"}'
08-16 05:40:40.050  9580  9617 W ReactNativeJS: This method is deprecated (as well as all React Native Firebase namespaced API) and will be removed in the next major release as part of move to match Firebase Web modular SDK API. Please see migration guide for more details: https://rnfirebase.io/migrating-to-v22 Please use `getApp()` instead.
08-16 05:40:40.050  9580  9617 W ReactNativeJS: This method is deprecated (as well as all React Native Firebase namespaced API) and will be removed in the next major release as part of move to match Firebase Web modular SDK API. Please see migration guide for more details: https://rnfirebase.io/migrating-to-v22 Please use `getApp()` instead.
08-16 05:40:40.050  9580  9617 W ReactNativeJS: This method is deprecated (as well as all React Native Firebase namespaced API) and will be removed in the next major release as part of move to match Firebase Web modular SDK API. Please see migration guide for more details: https://rnfirebase.io/migrating-to-v22 Please use `getApp()` instead.
08-16 05:40:40.052  9580  9617 W ReactNativeJS: This method is deprecated (as well as all React Native Firebase namespaced API) and will be removed in the next major release as part of move to match Firebase Web modular SDK API. Please see migration guide for more details: https://rnfirebase.io/migrating-to-v22 Please use `getApp()` instead.
08-16 05:40:40.053  9580  9617 I ReactNativeJS: '[UI_PRESS_PROBE]', '{"event":"VOIP_NOTIFICATION_PERMISSION_STATUS","timestamp":"2026-08-15T20:40:40.053Z","token_ready":true,"user_ready":true,"show_login":false,"show_voip_tester":false,"selected_call_mode":"pstn_assist","notifications_enabled":true}'
08-16 05:40:40.059  9580  9617 I ReactNativeJS: '[DEEP_LINK_TRACE]', '{"source":"initial_url","outcome":"empty_url"}'
08-16 05:40:40.086  9580  9617 I ReactNativeJS: '[UI_PRESS_PROBE]', '{"event":"VOIP_PRESENCE_ERROR","timestamp":"2026-08-15T20:40:40.086Z","token_ready":true,"user_ready":true,"show_login":false,"show_voip_tester":false,"selected_call_mode":"pstn_assist","voice_id":"nado-000006","token_summary":"len:30:passke...en_331","reason":"effect_start"}'
08-16 05:40:40.086  9580  9617 I ReactNativeJS: '[UI_PRESS_PROBE]', '{"event":"VOIP_PRESENCE_CLOSED","timestamp":"2026-08-15T20:40:40.086Z","token_ready":true,"user_ready":true,"show_login":false,"show_voip_tester":false,"selected_call_mode":"pstn_assist","voice_id":"nado-000006","token_summary":"len:30:passke...en_331","reason":"effect_start","code":1006}'
08-16 05:40:40.087  9580  9617 I ReactNativeJS: '[UI_PRESS_PROBE]', '{"event":"VOIP_PRESENCE_RETRY_SCHEDULED","timestamp":"2026-08-15T20:40:40.086Z","token_ready":true,"user_ready":true,"show_login":false,"show_voip_tester":false,"selected_call_mode":"pstn_assist","voice_id":"nado-000006","token_summary":"len:30:passke...en_331","reason":"close:1006"}'
08-16 05:40:40.115  9580  9617 I ReactNativeJS: '[MISSED_CALL]', '{"event":"fetch","count":0}'
08-16 05:40:40.116  9580  9617 I ReactNativeJS: '[VoIPPendingIncoming]', '{"event":"REQUEST_RESULT","source":"pending_call_initial","token_summary":"len:30:passke...en_331","user_id":6,"status":401,"ok":false}'
08-16 05:40:40.116  9580  9617 I ReactNativeJS: '[VoIPPendingIncoming] fetch failed', 401
08-16 05:40:40.120  9580  9617 W ReactNativeJS: This method is deprecated (as well as all React Native Firebase namespaced API) and will be removed in the next major release as part of move to match Firebase Web modular SDK API. Please see migration guide for more details: https://rnfirebase.io/migrating-to-v22 Please use `getApp()` instead.
08-16 05:40:40.163  9580  9617 I ReactNativeJS: '[AUTH_FLOW]', '{"event":"AUTH_STORAGE_RESTORE_FOUND","user_id":6,"user_email":"119cash@naver.com"}'
08-16 05:40:40.164  9580  9617 I ReactNativeJS: '[AUTH_FLOW]', '{"event":"AUTH_STORAGE_RESTORE_APPLIED","user_id":6,"user_email":"119cash@naver.com"}'
08-16 05:40:40.166  9580  9617 I ReactNativeJS: '[UI_PRESS_PROBE]', '{"event":"VOIP_ACTIVE_CALL_RESUME_SKIPPED_AUTH","timestamp":"2026-08-15T20:40:40.166Z","token_ready":true,"user_ready":true,"show_login":false,"show_voip_tester":false,"selected_call_mode":"pstn_assist","source":"app_launch_resume","status":401,"last_call_id":null}'
08-16 05:40:40.191  9580  9617 W ReactNativeJS: This method is deprecated (as well as all React Native Firebase namespaced API) and will be removed in the next major release as part of move to match Firebase Web modular SDK API. Please see migration guide for more details: https://rnfirebase.io/migrating-to-v22 Please use `getApps()` instead.
08-16 05:40:40.191  9580  9617 W ReactNativeJS: This method is deprecated (as well as all React Native Firebase namespaced API) and will be removed in the next major release as part of move to match Firebase Web modular SDK API. Please see migration guide for more details: https://rnfirebase.io/migrating-to-v22 Please use `getApps()` instead.
08-16 05:40:40.191  9580  9617 W ReactNativeJS: This method is deprecated (as well as all React Native Firebase namespaced API) and will be removed in the next major release as part of move to match Firebase Web modular SDK API. Please see migration guide for more details: https://rnfirebase.io/migrating-to-v22 Please use `getApps()` instead.
08-16 05:40:40.192  9580  9617 W ReactNativeJS: This method is deprecated (as well as all React Native Firebase namespaced API) and will be removed in the next major release as part of move to match Firebase Web modular SDK API. Please see migration guide for more details: https://rnfirebase.io/migrating-to-v22 Please use `getApps()` instead.
08-16 05:40:40.194  9580  9617 I ReactNativeJS: '[VoIPPendingIncoming]', '{"event":"REQUEST_START","source":"pending_call_initial","token_summary":"len:30:passke...en_331","user_id":6,"has_pending_call":false,"has_active_call":false}'
08-16 05:40:40.195  9580  9617 I ReactNativeJS: '[UI_PRESS_PROBE]', '{"event":"VOIP_PRESENCE_CONNECT_ATTEMPT","timestamp":"2026-08-15T20:40:40.195Z","token_ready":true,"user_ready":true,"show_login":false,"show_voip_tester":false,"selected_call_mode":"pstn_assist","voice_id":"nado-000006","token_summary":"len:30:passke...en_331","reason":"effect_start","api_base":"https://metanova1004.com"}'
08-16 05:40:40.196  9580  9617 W ReactNativeJS: This method is deprecated (as well as all React Native Firebase namespaced API) and will be removed in the next major release as part of move to match Firebase Web modular SDK API. Please see migration guide for more details: https://rnfirebase.io/migrating-to-v22 Please use `getApp()` instead.
08-16 05:40:40.196  9580  9617 W ReactNativeJS: This method is deprecated (as well as all React Native Firebase namespaced API) and will be removed in the next major release as part of move to match Firebase Web modular SDK API. Please see migration guide for more details: https://rnfirebase.io/migrating-to-v22 Please use `getApp()` instead.
08-16 05:40:40.196  9580  9617 W ReactNativeJS: This method is deprecated (as well as all React Native Firebase namespaced API) and will be removed in the next major release as part of move to match Firebase Web modular SDK API. Please see migration guide for more details: https://rnfirebase.io/migrating-to-v22 Please use `getApp()` instead.
08-16 05:40:40.198  9580  9617 W ReactNativeJS: This method is deprecated (as well as all React Native Firebase namespaced API) and will be removed in the next major release as part of move to match Firebase Web modular SDK API. Please see migration guide for more details: https://rnfirebase.io/migrating-to-v22 Please use `getApp()` instead.
08-16 05:40:40.198  9580  9617 I ReactNativeJS: '[UI_PRESS_PROBE]', '{"event":"VOIP_NOTIFICATION_PERMISSION_STATUS","timestamp":"2026-08-15T20:40:40.198Z","token_ready":true,"user_ready":true,"show_login":false,"show_voip_tester":false,"selected_call_mode":"pstn_assist","notifications_enabled":true}'
08-16 05:40:40.227  9580  9617 I ReactNativeJS: '[DEEP_LINK_TRACE]', '{"source":"initial_url","outcome":"empty_url"}'
08-16 05:40:40.230  9580  9617 I ReactNativeJS: '[UI_PRESS_PROBE]', '{"event":"VOIP_PRESENCE_ERROR","timestamp":"2026-08-15T20:40:40.230Z","token_ready":true,"user_ready":true,"show_login":false,"show_voip_tester":false,"selected_call_mode":"pstn_assist","voice_id":"nado-000006","token_summary":"len:30:passke...en_331","reason":"effect_start"}'
08-16 05:40:40.231  9580  9617 I ReactNativeJS: '[UI_PRESS_PROBE]', '{"event":"VOIP_PRESENCE_CLOSED","timestamp":"2026-08-15T20:40:40.230Z","token_ready":true,"user_ready":true,"show_login":false,"show_voip_tester":false,"selected_call_mode":"pstn_assist","voice_id":"nado-000006","token_summary":"len:30:passke...en_331","reason":"effect_start","code":1006}'
08-16 05:40:40.231  9580  9617 I ReactNativeJS: '[UI_PRESS_PROBE]', '{"event":"VOIP_PRESENCE_RETRY_SCHEDULED","timestamp":"2026-08-15T20:40:40.231Z","token_ready":true,"user_ready":true,"show_login":false,"show_voip_tester":false,"selected_call_mode":"pstn_assist","voice_id":"nado-000006","token_summary":"len:30:passke...en_331","reason":"close:1006"}'
08-16 05:40:40.261  9580  9617 I ReactNativeJS: '[MISSED_CALL]', '{"event":"fetch","count":0}'
08-16 05:40:40.261  9580  9617 I ReactNativeJS: '[VoIPPendingIncoming]', '{"event":"REQUEST_RESULT","source":"pending_call_initial","token_summary":"len:30:passke...en_331","user_id":6,"status":401,"ok":false}'
08-16 05:40:40.262  9580  9617 I ReactNativeJS: '[VoIPPendingIncoming] fetch failed', 401
08-16 05:40:40.263  9580  9617 W ReactNativeJS: This method is deprecated (as well as all React Native Firebase namespaced API) and will be removed in the next major release as part of move to match Firebase Web modular SDK API. Please see migration guide for more details: https://rnfirebase.io/migrating-to-v22 Please use `getApp()` instead.
08-16 05:40:40.277  9580  9617 I ReactNativeJS: '[UI_PRESS_PROBE]', '{"event":"VOIP_ACTIVE_CALL_RESUME_SKIPPED_AUTH","timestamp":"2026-08-15T20:40:40.277Z","token_ready":true,"user_ready":true,"show_login":false,"show_voip_tester":false,"selected_call_mode":"pstn_assist","source":"app_launch_resume","status":401,"last_call_id":null}'
08-16 05:40:40.327  9580  9617 I ReactNativeJS: '[AUTH_FLOW]', '{"event":"AUTH_STORAGE_RESTORE_FOUND","user_id":6,"user_email":"119cash@naver.com"}'
08-16 05:40:40.327  9580  9617 I ReactNativeJS: '[AUTH_FLOW]', '{"event":"AUTH_STORAGE_RESTORE_APPLIED","user_id":6,"user_email":"119cash@naver.com"}'
08-16 05:40:40.359  9580  9617 W ReactNativeJS: This method is deprecated (as well as all React Native Firebase namespaced API) and will be removed in the next major release as part of move to match Firebase Web modular SDK API. Please see migration guide for more details: https://rnfirebase.io/migrating-to-v22 Please use `getApps()` instead.
08-16 05:40:40.359  9580  9617 W ReactNativeJS: This method is deprecated (as well as all React Native Firebase namespaced API) and will be removed in the next major release as part of move to match Firebase Web modular SDK API. Please see migration guide for more details: https://rnfirebase.io/migrating-to-v22 Please use `getApps()` instead.
08-16 05:40:40.359  9580  9617 W ReactNativeJS: This method is deprecated (as well as all React Native Firebase namespaced API) and will be removed in the next major release as part of move to match Firebase Web modular SDK API. Please see migration guide for more details: https://rnfirebase.io/migrating-to-v22 Please use `getApps()` instead.
08-16 05:40:40.360  9580  9617 W ReactNativeJS: This method is deprecated (as well as all React Native Firebase namespaced API) and will be removed in the next major release as part of move to match Firebase Web modular SDK API. Please see migration guide for more details: https://rnfirebase.io/migrating-to-v22 Please use `getApps()` instead.
08-16 05:40:40.361  9580  9617 I ReactNativeJS: '[VoIPPendingIncoming]', '{"event":"REQUEST_START","source":"pending_call_initial","token_summary":"len:30:passke...en_331","user_id":6,"has_pending_call":false,"has_active_call":false}'
08-16 05:40:40.363  9580  9617 I ReactNativeJS: '[UI_PRESS_PROBE]', '{"event":"VOIP_PRESENCE_CONNECT_ATTEMPT","timestamp":"2026-08-15T20:40:40.362Z","token_ready":true,"user_ready":true,"show_login":false,"show_voip_tester":false,"selected_call_mode":"pstn_assist","voice_id":"nado-000006","token_summary":"len:30:passke...en_331","reason":"effect_start","api_base":"https://metanova1004.com"}'
08-16 05:40:40.364  9580  9617 W ReactNativeJS: This method is deprecated (as well as all React Native Firebase namespaced API) and will be removed in the next major release as part of move to match Firebase Web modular SDK API. Please see migration guide for more details: https://rnfirebase.io/migrating-to-v22 Please use `getApp()` instead.
08-16 05:40:40.364  9580  9617 W ReactNativeJS: This method is deprecated (as well as all React Native Firebase namespaced API) and will be removed in the next major release as part of move to match Firebase Web modular SDK API. Please see migration guide for more details: https://rnfirebase.io/migrating-to-v22 Please use `getApp()` instead.
08-16 05:40:40.364  9580  9617 W ReactNativeJS: This method is deprecated (as well as all React Native Firebase namespaced API) and will be removed in the next major release as part of move to match Firebase Web modular SDK API. Please see migration guide for more details: https://rnfirebase.io/migrating-to-v22 Please use `getApp()` instead.
08-16 05:40:40.366  9580  9617 W ReactNativeJS: This method is deprecated (as well as all React Native Firebase namespaced API) and will be removed in the next major release as part of move to match Firebase Web modular SDK API. Please see migration guide for more details: https://rnfirebase.io/migrating-to-v22 Please use `getApp()` instead.
08-16 05:40:40.367  9580  9617 I ReactNativeJS: '[UI_PRESS_PROBE]', '{"event":"VOIP_NOTIFICATION_PERMISSION_STATUS","timestamp":"2026-08-15T20:40:40.367Z","token_ready":true,"user_ready":true,"show_login":false,"show_voip_tester":false,"selected_call_mode":"pstn_assist","notifications_enabled":true}'
08-16 05:40:40.369  9580  9617 I ReactNativeJS: '[DEEP_LINK_TRACE]', '{"source":"initial_url","outcome":"empty_url"}'
08-16 05:40:40.395  9580  9617 I ReactNativeJS: '[UI_PRESS_PROBE]', '{"event":"VOIP_PRESENCE_ERROR","timestamp":"2026-08-15T20:40:40.395Z","token_ready":true,"user_ready":true,"show_login":false,"show_voip_tester":false,"selected_call_mode":"pstn_assist","voice_id":"nado-000006","token_summary":"len:30:passke...en_331","reason":"effect_start"}'
08-16 05:40:40.395  9580  9617 I ReactNativeJS: '[UI_PRESS_PROBE]', '{"event":"VOIP_PRESENCE_CLOSED","timestamp":"2026-08-15T20:40:40.395Z","token_ready":true,"user_ready":true,"show_login":false,"show_voip_tester":false,"selected_call_mode":"pstn_assist","voice_id":"nado-000006","token_summary":"len:30:passke...en_331","reason":"effect_start","code":1006}'
08-16 05:40:40.396  9580  9617 I ReactNativeJS: '[UI_PRESS_PROBE]', '{"event":"VOIP_PRESENCE_RETRY_SCHEDULED","timestamp":"2026-08-15T20:40:40.395Z","token_ready":true,"user_ready":true,"show_login":false,"show_voip_tester":false,"selected_call_mode":"pstn_assist","voice_id":"nado-000006","token_summary":"len:30:passke...en_331","reason":"close:1006"}'
08-16 05:40:40.400  9580  9617 I ReactNativeJS: '[MISSED_CALL]', '{"event":"fetch","count":0}'
08-16 05:40:40.400  9580  9617 I ReactNativeJS: '[VoIPPendingIncoming]', '{"event":"REQUEST_RESULT","source":"pending_call_initial","token_summary":"len:30:passke...en_331","user_id":6,"status":401,"ok":false}'
08-16 05:40:40.401  9580  9617 I ReactNativeJS: '[VoIPPendingIncoming] fetch failed', 401
08-16 05:40:40.424  9580  9617 W ReactNativeJS: This method is deprecated (as well as all React Native Firebase namespaced API) and will be removed in the next major release as part of move to match Firebase Web modular SDK API. Please see migration guide for more details: https://rnfirebase.io/migrating-to-v22 Please use `getApp()` instead.
08-16 05:40:40.439  9580  9617 W ReactNativeJS: This method is deprecated (as well as all React Native Firebase namespaced API) and will be removed in the next major release as part of move to match Firebase Web modular SDK API. Please see migration guide for more details: https://rnfirebase.io/migrating-to-v22 Please use `getApp()` instead.
08-16 05:40:40.442  9580  9617 I ReactNativeJS: '[UI_PRESS_PROBE]', '{"event":"VOIP_ACTIVE_CALL_RESUME_SKIPPED_AUTH","timestamp":"2026-08-15T20:40:40.442Z","token_ready":true,"user_ready":true,"show_login":false,"show_voip_tester":false,"selected_call_mode":"pstn_assist","source":"app_launch_resume","status":401,"last_call_id":null}'
08-16 05:40:40.490  9580  9617 I ReactNativeJS: '[AUTH_FLOW]', '{"event":"AUTH_STORAGE_RESTORE_FOUND","user_id":6,"user_email":"119cash@naver.com"}'
08-16 05:40:40.490  9580  9617 I ReactNativeJS: '[AUTH_FLOW]', '{"event":"AUTH_STORAGE_RESTORE_APPLIED","user_id":6,"user_email":"119cash@naver.com"}'
08-16 05:40:40.516  9580  9617 W ReactNativeJS: This method is deprecated (as well as all React Native Firebase namespaced API) and will be removed in the next major release as part of move to match Firebase Web modular SDK API. Please see migration guide for more details: https://rnfirebase.io/migrating-to-v22 Please use `getApps()` instead.
08-16 05:40:40.516  9580  9617 W ReactNativeJS: This method is deprecated (as well as all React Native Firebase namespaced API) and will be removed in the next major release as part of move to match Firebase Web modular SDK API. Please see migration guide for more details: https://rnfirebase.io/migrating-to-v22 Please use `getApps()` instead.
08-16 05:40:40.516  9580  9617 W ReactNativeJS: This method is deprecated (as well as all React Native Firebase namespaced API) and will be removed in the next major release as part of move to match Firebase Web modular SDK API. Please see migration guide for more details: https://rnfirebase.io/migrating-to-v22 Please use `getApps()` instead.
08-16 05:40:40.517  9580  9617 W ReactNativeJS: This method is deprecated (as well as all React Native Firebase namespaced API) and will be removed in the next major release as part of move to match Firebase Web modular SDK API. Please see migration guide for more details: https://rnfirebase.io/migrating-to-v22 Please use `getApps()` instead.
08-16 05:40:40.518  9580  9617 I ReactNativeJS: '[VoIPPendingIncoming]', '{"event":"REQUEST_START","source":"pending_call_initial","token_summary":"len:30:passke...en_331","user_id":6,"has_pending_call":false,"has_active_call":false}'
08-16 05:40:40.520  9580  9617 I ReactNativeJS: '[UI_PRESS_PROBE]', '{"event":"VOIP_PRESENCE_CONNECT_ATTEMPT","timestamp":"2026-08-15T20:40:40.520Z","token_ready":true,"user_ready":true,"show_login":false,"show_voip_tester":false,"selected_call_mode":"pstn_assist","voice_id":"nado-000006","token_summary":"len:30:passke...en_331","reason":"effect_start","api_base":"https://metanova1004.com"}'
08-16 05:40:40.521  9580  9617 W ReactNativeJS: This method is deprecated (as well as all React Native Firebase namespaced API) and will be removed in the next major release as part of move to match Firebase Web modular SDK API. Please see migration guide for more details: https://rnfirebase.io/migrating-to-v22 Please use `getApp()` instead.
08-16 05:40:40.522  9580  9617 W ReactNativeJS: This method is deprecated (as well as all React Native Firebase namespaced API) and will be removed in the next major release as part of move to match Firebase Web modular SDK API. Please see migration guide for more details: https://rnfirebase.io/migrating-to-v22 Please use `getApp()` instead.
08-16 05:40:40.522  9580  9617 W ReactNativeJS: This method is deprecated (as well as all React Native Firebase namespaced API) and will be removed in the next major release as part of move to match Firebase Web modular SDK API. Please see migration guide for more details: https://rnfirebase.io/migrating-to-v22 Please use `getApp()` instead.
08-16 05:40:40.523  9580  9617 W ReactNativeJS: This method is deprecated (as well as all React Native Firebase namespaced API) and will be removed in the next major release as part of move to match Firebase Web modular SDK API. Please see migration guide for more details: https://rnfirebase.io/migrating-to-v22 Please use `getApp()` instead.
08-16 05:40:40.524  9580  9617 I ReactNativeJS: '[UI_PRESS_PROBE]', '{"event":"VOIP_NOTIFICATION_PERMISSION_STATUS","timestamp":"2026-08-15T20:40:40.524Z","token_ready":true,"user_ready":true,"show_login":false,"show_voip_tester":false,"selected_call_mode":"pstn_assist","notifications_enabled":true}'
08-16 05:40:40.530  9580  9617 I ReactNativeJS: '[DEEP_LINK_TRACE]', '{"source":"initial_url","outcome":"empty_url"}'
08-16 05:40:40.555  9580  9617 I ReactNativeJS: '[UI_PRESS_PROBE]', '{"event":"VOIP_PRESENCE_ERROR","timestamp":"2026-08-15T20:40:40.555Z","token_ready":true,"user_ready":true,"show_login":false,"show_voip_tester":false,"selected_call_mode":"pstn_assist","voice_id":"nado-000006","token_summary":"len:30:passke...en_331","reason":"effect_start"}'
08-16 05:40:40.556  9580  9617 I ReactNativeJS: '[UI_PRESS_PROBE]', '{"event":"VOIP_PRESENCE_CLOSED","timestamp":"2026-08-15T20:40:40.556Z","token_ready":true,"user_ready":true,"show_login":false,"show_voip_tester":false,"selected_call_mode":"pstn_assist","voice_id":"nado-000006","token_summary":"len:30:passke...en_331","reason":"effect_start","code":1006}'
08-16 05:40:40.556  9580  9617 I ReactNativeJS: '[UI_PRESS_PROBE]', '{"event":"VOIP_PRESENCE_RETRY_SCHEDULED","timestamp":"2026-08-15T20:40:40.556Z","token_ready":true,"user_ready":true,"show_login":false,"show_voip_tester":false,"selected_call_mode":"pstn_assist","voice_id":"nado-000006","token_summary":"len:30:passke...en_331","reason":"close:1006"}'
08-16 05:40:40.583  9580  9617 I ReactNativeJS: '[MISSED_CALL]', '{"event":"fetch","count":0}'
08-16 05:40:40.584  9580  9617 I ReactNativeJS: '[VoIPPendingIncoming]', '{"event":"REQUEST_RESULT","source":"pending_call_initial","token_summary":"len:30:passke...en_331","user_id":6,"status":401,"ok":false}'
08-16 05:40:40.584  9580  9617 I ReactNativeJS: '[VoIPPendingIncoming] fetch failed', 401
08-16 05:40:40.585  9580  9617 W ReactNativeJS: This method is deprecated (as well as all React Native Firebase namespaced API) and will be removed in the next major release as part of move to match Firebase Web modular SDK API. Please see migration guide for more details: https://rnfirebase.io/migrating-to-v22 Please use `getApp()` instead.
08-16 05:40:40.593  9580  9617 I ReactNativeJS: '[UI_PRESS_PROBE]', '{"event":"VOIP_ACTIVE_CALL_RESUME_SKIPPED_AUTH","timestamp":"2026-08-15T20:40:40.592Z","token_ready":true,"user_ready":true,"show_login":false,"show_voip_tester":false,"selected_call_mode":"pstn_assist","source":"app_launch_resume","status":401,"last_call_id":null}'
08-16 05:40:40.647  9580  9617 I ReactNativeJS: '[AUTH_FLOW]', '{"event":"AUTH_STORAGE_RESTORE_FOUND","user_id":6,"user_email":"119cash@naver.com"}'
08-16 05:40:40.647  9580  9617 I ReactNativeJS: '[AUTH_FLOW]', '{"event":"AUTH_STORAGE_RESTORE_APPLIED","user_id":6,"user_email":"119cash@naver.com"}'
08-16 05:40:40.673  9580  9617 W ReactNativeJS: This method is deprecated (as well as all React Native Firebase namespaced API) and will be removed in the next major release as part of move to match Firebase Web modular SDK API. Please see migration guide for more details: https://rnfirebase.io/migrating-to-v22 Please use `getApps()` instead.
08-16 05:40:40.673  9580  9617 W ReactNativeJS: This method is deprecated (as well as all React Native Firebase namespaced API) and will be removed in the next major release as part of move to match Firebase Web modular SDK API. Please see migration guide for more details: https://rnfirebase.io/migrating-to-v22 Please use `getApps()` instead.
08-16 05:40:40.673  9580  9617 W ReactNativeJS: This method is deprecated (as well as all React Native Firebase namespaced API) and will be removed in the next major release as part of move to match Firebase Web modular SDK API. Please see migration guide for more details: https://rnfirebase.io/migrating-to-v22 Please use `getApps()` instead.
08-16 05:40:40.674  9580  9617 W ReactNativeJS: This method is deprecated (as well as all React Native Firebase namespaced API) and will be removed in the next major release as part of move to match Firebase Web modular SDK API. Please see migration guide for more details: https://rnfirebase.io/migrating-to-v22 Please use `getApps()` instead.
08-16 05:40:40.675  9580  9617 I ReactNativeJS: '[VoIPPendingIncoming]', '{"event":"REQUEST_START","source":"pending_call_initial","token_summary":"len:30:passke...en_331","user_id":6,"has_pending_call":false,"has_active_call":false}'
08-16 05:40:40.677  9580  9617 I ReactNativeJS: '[UI_PRESS_PROBE]', '{"event":"VOIP_PRESENCE_CONNECT_ATTEMPT","timestamp":"2026-08-15T20:40:40.676Z","token_ready":true,"user_ready":true,"show_login":false,"show_voip_tester":false,"selected_call_mode":"pstn_assist","voice_id":"nado-000006","token_summary":"len:30:passke...en_331","reason":"effect_start","api_base":"https://metanova1004.com"}'
08-16 05:40:40.678  9580  9617 W ReactNativeJS: This method is deprecated (as well as all React Native Firebase namespaced API) and will be removed in the next major release as part of move to match Firebase Web modular SDK API. Please see migration guide for more details: https://rnfirebase.io/migrating-to-v22 Please use `getApp()` instead.
08-16 05:40:40.678  9580  9617 W ReactNativeJS: This method is deprecated (as well as all React Native Firebase namespaced API) and will be removed in the next major release as part of move to match Firebase Web modular SDK API. Please see migration guide for more details: https://rnfirebase.io/migrating-to-v22 Please use `getApp()` instead.
08-16 05:40:40.678  9580  9617 W ReactNativeJS: This method is deprecated (as well as all React Native Firebase namespaced API) and will be removed in the next major release as part of move to match Firebase Web modular SDK API. Please see migration guide for more details: https://rnfirebase.io/migrating-to-v22 Please use `getApp()` instead.
08-16 05:40:40.680  9580  9617 W ReactNativeJS: This method is deprecated (as well as all React Native Firebase namespaced API) and will be removed in the next major release as part of move to match Firebase Web modular SDK API. Please see migration guide for more details: https://rnfirebase.io/migrating-to-v22 Please use `getApp()` instead.
08-16 05:40:40.680  9580  9617 I ReactNativeJS: '[UI_PRESS_PROBE]', '{"event":"VOIP_NOTIFICATION_PERMISSION_STATUS","timestamp":"2026-08-15T20:40:40.680Z","token_ready":true,"user_ready":true,"show_login":false,"show_voip_tester":false,"selected_call_mode":"pstn_assist","notifications_enabled":true}'
08-16 05:40:40.683  9580  9617 I ReactNativeJS: '[DEEP_LINK_TRACE]', '{"source":"initial_url","outcome":"empty_url"}'
08-16 05:40:40.711  9580  9617 I ReactNativeJS: '[UI_PRESS_PROBE]', '{"event":"VOIP_PRESENCE_ERROR","timestamp":"2026-08-15T20:40:40.711Z","token_ready":true,"user_ready":true,"show_login":false,"show_voip_tester":false,"selected_call_mode":"pstn_assist","voice_id":"nado-000006","token_summary":"len:30:passke...en_331","reason":"effect_start"}'
08-16 05:40:40.712  9580  9617 I ReactNativeJS: '[UI_PRESS_PROBE]', '{"event":"VOIP_PRESENCE_CLOSED","timestamp":"2026-08-15T20:40:40.712Z","token_ready":true,"user_ready":true,"show_login":false,"show_voip_tester":false,"selected_call_mode":"pstn_assist","voice_id":"nado-000006","token_summary":"len:30:passke...en_331","reason":"effect_start","code":1006}'
08-16 05:40:40.712  9580  9617 I ReactNativeJS: '[UI_PRESS_PROBE]', '{"event":"VOIP_PRESENCE_RETRY_SCHEDULED","timestamp":"2026-08-15T20:40:40.712Z","token_ready":true,"user_ready":true,"show_login":false,"show_voip_tester":false,"selected_call_mode":"pstn_assist","voice_id":"nado-000006","token_summary":"len:30:passke...en_331","reason":"close:1006"}'
08-16 05:40:40.740  9580  9617 I ReactNativeJS: '[MISSED_CALL]', '{"event":"fetch","count":0}'
08-16 05:40:40.741  9580  9617 I ReactNativeJS: '[VoIPPendingIncoming]', '{"event":"REQUEST_RESULT","source":"pending_call_initial","token_summary":"len:30:passke...en_331","user_id":6,"status":401,"ok":false}'
08-16 05:40:40.741  9580  9617 I ReactNativeJS: '[VoIPPendingIncoming] fetch failed', 401
08-16 05:40:40.742  9580  9617 W ReactNativeJS: This method is deprecated (as well as all React Native Firebase namespaced API) and will be removed in the next major release as part of move to match Firebase Web modular SDK API. Please see migration guide for more details: https://rnfirebase.io/migrating-to-v22 Please use `getApp()` instead.
08-16 05:40:40.751  9580  9617 I ReactNativeJS: '[UI_PRESS_PROBE]', '{"event":"VOIP_ACTIVE_CALL_RESUME_SKIPPED_AUTH","timestamp":"2026-08-15T20:40:40.751Z","token_ready":true,"user_ready":true,"show_login":false,"show_voip_tester":false,"selected_call_mode":"pstn_assist","source":"app_launch_resume","status":401,"last_call_id":null}'
08-16 05:40:40.803  9580  9617 I ReactNativeJS: '[AUTH_FLOW]', '{"event":"AUTH_STORAGE_RESTORE_FOUND","user_id":6,"user_email":"119cash@naver.com"}'
08-16 05:40:40.803  9580  9617 I ReactNativeJS: '[AUTH_FLOW]', '{"event":"AUTH_STORAGE_RESTORE_APPLIED","user_id":6,"user_email":"119cash@naver.com"}'
08-16 05:40:40.830  9580  9617 W ReactNativeJS: This method is deprecated (as well as all React Native Firebase namespaced API) and will be removed in the next major release as part of move to match Firebase Web modular SDK API. Please see migration guide for more details: https://rnfirebase.io/migrating-to-v22 Please use `getApps()` instead.
08-16 05:40:40.830  9580  9617 W ReactNativeJS: This method is deprecated (as well as all React Native Firebase namespaced API) and will be removed in the next major release as part of move to match Firebase Web modular SDK API. Please see migration guide for more details: https://rnfirebase.io/migrating-to-v22 Please use `getApps()` instead.
08-16 05:40:40.831  9580  9617 W ReactNativeJS: This method is deprecated (as well as all React Native Firebase namespaced API) and will be removed in the next major release as part of move to match Firebase Web modular SDK API. Please see migration guide for more details: https://rnfirebase.io/migrating-to-v22 Please use `getApps()` instead.
08-16 05:40:40.832  9580  9617 W ReactNativeJS: This method is deprecated (as well as all React Native Firebase namespaced API) and will be removed in the next major release as part of move to match Firebase Web modular SDK API. Please see migration guide for more details: https://rnfirebase.io/migrating-to-v22 Please use `getApps()` instead.
08-16 05:40:40.833  9580  9617 I ReactNativeJS: '[VoIPPendingIncoming]', '{"event":"REQUEST_START","source":"pending_call_initial","token_summary":"len:30:passke...en_331","user_id":6,"has_pending_call":false,"has_active_call":false}'
08-16 05:40:40.835  9580  9617 I ReactNativeJS: '[UI_PRESS_PROBE]', '{"event":"VOIP_PRESENCE_CONNECT_ATTEMPT","timestamp":"2026-08-15T20:40:40.834Z","token_ready":true,"user_ready":true,"show_login":false,"show_voip_tester":false,"selected_call_mode":"pstn_assist","voice_id":"nado-000006","token_summary":"len:30:passke...en_331","reason":"effect_start","api_base":"https://metanova1004.com"}'
08-16 05:40:40.836  9580  9617 W ReactNativeJS: This method is deprecated (as well as all React Native Firebase namespaced API) and will be removed in the next major release as part of move to match Firebase Web modular SDK API. Please see migration guide for more details: https://rnfirebase.io/migrating-to-v22 Please use `getApp()` instead.
08-16 05:40:40.836  9580  9617 W ReactNativeJS: This method is deprecated (as well as all React Native Firebase namespaced API) and will be removed in the next major release as part of move to match Firebase Web modular SDK API. Please see migration guide for more details: https://rnfirebase.io/migrating-to-v22 Please use `getApp()` instead.
08-16 05:40:40.837  9580  9617 W ReactNativeJS: This method is deprecated (as well as all React Native Firebase namespaced API) and will be removed in the next major release as part of move to match Firebase Web modular SDK API. Please see migration guide for more details: https://rnfirebase.io/migrating-to-v22 Please use `getApp()` instead.
08-16 05:40:40.838  9580  9617 W ReactNativeJS: This method is deprecated (as well as all React Native Firebase namespaced API) and will be removed in the next major release as part of move to match Firebase Web modular SDK API. Please see migration guide for more details: https://rnfirebase.io/migrating-to-v22 Please use `getApp()` instead.
08-16 05:40:40.839  9580  9617 I ReactNativeJS: '[UI_PRESS_PROBE]', '{"event":"VOIP_NOTIFICATION_PERMISSION_STATUS","timestamp":"2026-08-15T20:40:40.839Z","token_ready":true,"user_ready":true,"show_login":false,"show_voip_tester":false,"selected_call_mode":"pstn_assist","notifications_enabled":true}'
08-16 05:40:40.843  9580  9617 I ReactNativeJS: '[DEEP_LINK_TRACE]', '{"source":"initial_url","outcome":"empty_url"}'
08-16 05:40:40.873  9580  9617 I ReactNativeJS: '[UI_PRESS_PROBE]', '{"event":"VOIP_PRESENCE_ERROR","timestamp":"2026-08-15T20:40:40.873Z","token_ready":true,"user_ready":true,"show_login":false,"show_voip_tester":false,"selected_call_mode":"pstn_assist","voice_id":"nado-000006","token_summary":"len:30:passke...en_331","reason":"effect_start"}'
08-16 05:40:40.874  9580  9617 I ReactNativeJS: '[UI_PRESS_PROBE]', '{"event":"VOIP_PRESENCE_CLOSED","timestamp":"2026-08-15T20:40:40.874Z","token_ready":true,"user_ready":true,"show_login":false,"show_voip_tester":false,"selected_call_mode":"pstn_assist","voice_id":"nado-000006","token_summary":"len:30:passke...en_331","reason":"effect_start","code":1006}'
08-16 05:40:40.874  9580  9617 I ReactNativeJS: '[UI_PRESS_PROBE]', '{"event":"VOIP_PRESENCE_RETRY_SCHEDULED","timestamp":"2026-08-15T20:40:40.874Z","token_ready":true,"user_ready":true,"show_login":false,"show_voip_tester":false,"selected_call_mode":"pstn_assist","voice_id":"nado-000006","token_summary":"len:30:passke...en_331","reason":"close:1006"}'
08-16 05:40:40.878  9580  9617 W ReactNativeJS: This method is deprecated (as well as all React Native Firebase namespaced API) and will be removed in the next major release as part of move to match Firebase Web modular SDK API. Please see migration guide for more details: https://rnfirebase.io/migrating-to-v22 Please use `getApp()` instead.
08-16 05:40:40.909  9580  9617 I ReactNativeJS: '[MISSED_CALL]', '{"event":"fetch","count":0}'
08-16 05:40:40.910  9580  9617 I ReactNativeJS: '[VoIPPendingIncoming]', '{"event":"REQUEST_RESULT","source":"pending_call_initial","token_summary":"len:30:passke...en_331","user_id":6,"status":401,"ok":false}'
08-16 05:40:40.910  9580  9617 I ReactNativeJS: '[VoIPPendingIncoming] fetch failed', 401
08-16 05:40:40.911  9580  9617 W ReactNativeJS: This method is deprecated (as well as all React Native Firebase namespaced API) and will be removed in the next major release as part of move to match Firebase Web modular SDK API. Please see migration guide for more details: https://rnfirebase.io/migrating-to-v22 Please use `getApp()` instead.
08-16 05:40:40.937  9580  9617 I ReactNativeJS: '[UI_PRESS_PROBE]', '{"event":"VOIP_ACTIVE_CALL_RESUME_SKIPPED_AUTH","timestamp":"2026-08-15T20:40:40.937Z","token_ready":true,"user_ready":true,"show_login":false,"show_voip_tester":false,"selected_call_mode":"pstn_assist","source":"app_launch_resume","status":401,"last_call_id":null}'
08-16 05:40:40.968  9580  9617 I ReactNativeJS: '[AUTH_FLOW]', '{"event":"AUTH_STORAGE_RESTORE_FOUND","user_id":6,"user_email":"119cash@naver.com"}'
08-16 05:40:40.968  9580  9617 I ReactNativeJS: '[AUTH_FLOW]', '{"event":"AUTH_STORAGE_RESTORE_APPLIED","user_id":6,"user_email":"119cash@naver.com"}'
08-16 05:40:40.998  9580  9617 W ReactNativeJS: This method is deprecated (as well as all React Native Firebase namespaced API) and will be removed in the next major release as part of move to match Firebase Web modular SDK API. Please see migration guide for more details: https://rnfirebase.io/migrating-to-v22 Please use `getApps()` instead.
08-16 05:40:40.998  9580  9617 W ReactNativeJS: This method is deprecated (as well as all React Native Firebase namespaced API) and will be removed in the next major release as part of move to match Firebase Web modular SDK API. Please see migration guide for more details: https://rnfirebase.io/migrating-to-v22 Please use `getApps()` instead.
08-16 05:40:40.998  9580  9617 W ReactNativeJS: This method is deprecated (as well as all React Native Firebase namespaced API) and will be removed in the next major release as part of move to match Firebase Web modular SDK API. Please see migration guide for more details: https://rnfirebase.io/migrating-to-v22 Please use `getApps()` instead.
08-16 05:40:41.000  9580  9617 W ReactNativeJS: This method is deprecated (as well as all React Native Firebase namespaced API) and will be removed in the next major release as part of move to match Firebase Web modular SDK API. Please see migration guide for more details: https://rnfirebase.io/migrating-to-v22 Please use `getApps()` instead.
08-16 05:40:41.002  9580  9617 I ReactNativeJS: '[VoIPPendingIncoming]', '{"event":"REQUEST_START","source":"pending_call_initial","token_summary":"len:30:passke...en_331","user_id":6,"has_pending_call":false,"has_active_call":false}'
08-16 05:40:41.004  9580  9617 I ReactNativeJS: '[UI_PRESS_PROBE]', '{"event":"VOIP_PRESENCE_CONNECT_ATTEMPT","timestamp":"2026-08-15T20:40:41.004Z","token_ready":true,"user_ready":true,"show_login":false,"show_voip_tester":false,"selected_call_mode":"pstn_assist","voice_id":"nado-000006","token_summary":"len:30:passke...en_331","reason":"effect_start","api_base":"https://metanova1004.com"}'
08-16 05:40:41.006  9580  9617 W ReactNativeJS: This method is deprecated (as well as all React Native Firebase namespaced API) and will be removed in the next major release as part of move to match Firebase Web modular SDK API. Please see migration guide for more details: https://rnfirebase.io/migrating-to-v22 Please use `getApp()` instead.
08-16 05:40:41.006  9580  9617 W ReactNativeJS: This method is deprecated (as well as all React Native Firebase namespaced API) and will be removed in the next major release as part of move to match Firebase Web modular SDK API. Please see migration guide for more details: https://rnfirebase.io/migrating-to-v22 Please use `getApp()` instead.
08-16 05:40:41.006  9580  9617 W ReactNativeJS: This method is deprecated (as well as all React Native Firebase namespaced API) and will be removed in the next major release as part of move to match Firebase Web modular SDK API. Please see migration guide for more details: https://rnfirebase.io/migrating-to-v22 Please use `getApp()` instead.
08-16 05:40:41.008  9580  9617 W ReactNativeJS: This method is deprecated (as well as all React Native Firebase namespaced API) and will be removed in the next major release as part of move to match Firebase Web modular SDK API. Please see migration guide for more details: https://rnfirebase.io/migrating-to-v22 Please use `getApp()` instead.
08-16 05:40:41.009  9580  9617 I ReactNativeJS: '[UI_PRESS_PROBE]', '{"event":"VOIP_NOTIFICATION_PERMISSION_STATUS","timestamp":"2026-08-15T20:40:41.008Z","token_ready":true,"user_ready":true,"show_login":false,"show_voip_tester":false,"selected_call_mode":"pstn_assist","notifications_enabled":true}'
08-16 05:40:41.013  9580  9617 I ReactNativeJS: '[DEEP_LINK_TRACE]', '{"source":"initial_url","outcome":"empty_url"}'
08-16 05:40:41.039  9580  9617 I ReactNativeJS: '[UI_PRESS_PROBE]', '{"event":"VOIP_PRESENCE_ERROR","timestamp":"2026-08-15T20:40:41.038Z","token_ready":true,"user_ready":true,"show_login":false,"show_voip_tester":false,"selected_call_mode":"pstn_assist","voice_id":"nado-000006","token_summary":"len:30:passke...en_331","reason":"effect_start"}'
08-16 05:40:41.039  9580  9617 I ReactNativeJS: '[UI_PRESS_PROBE]', '{"event":"VOIP_PRESENCE_CLOSED","timestamp":"2026-08-15T20:40:41.039Z","token_ready":true,"user_ready":true,"show_login":false,"show_voip_tester":false,"selected_call_mode":"pstn_assist","voice_id":"nado-000006","token_summary":"len:30:passke...en_331","reason":"effect_start","code":1006}'
08-16 05:40:41.040  9580  9617 I ReactNativeJS: '[UI_PRESS_PROBE]', '{"event":"VOIP_PRESENCE_RETRY_SCHEDULED","timestamp":"2026-08-15T20:40:41.040Z","token_ready":true,"user_ready":true,"show_login":false,"show_voip_tester":false,"selected_call_mode":"pstn_assist","voice_id":"nado-000006","token_summary":"len:30:passke...en_331","reason":"close:1006"}'
08-16 05:40:41.074  9580  9617 I ReactNativeJS: '[MISSED_CALL]', '{"event":"fetch","count":0}'
08-16 05:40:41.074  9580  9617 I ReactNativeJS: '[VoIPPendingIncoming]', '{"event":"REQUEST_RESULT","source":"pending_call_initial","token_summary":"len:30:passke...en_331","user_id":6,"status":401,"ok":false}'
08-16 05:40:41.074  9580  9617 I ReactNativeJS: '[VoIPPendingIncoming] fetch failed', 401
08-16 05:40:41.075  9580  9617 W ReactNativeJS: This method is deprecated (as well as all React Native Firebase namespaced API) and will be removed in the next major release as part of move to match Firebase Web modular SDK API. Please see migration guide for more details: https://rnfirebase.io/migrating-to-v22 Please use `getApp()` instead.
08-16 05:40:41.089  9580  9617 I ReactNativeJS: '[UI_PRESS_PROBE]', '{"event":"VOIP_ACTIVE_CALL_RESUME_SKIPPED_AUTH","timestamp":"2026-08-15T20:40:41.088Z","token_ready":true,"user_ready":true,"show_login":false,"show_voip_tester":false,"selected_call_mode":"pstn_assist","source":"app_launch_resume","status":401,"last_call_id":null}'
08-16 05:40:41.113  9580  9617 I ReactNativeJS: '[AUTH_FLOW]', '{"event":"AUTH_STORAGE_RESTORE_FOUND","user_id":6,"user_email":"119cash@naver.com"}'
08-16 05:40:41.113  9580  9617 I ReactNativeJS: '[AUTH_FLOW]', '{"event":"AUTH_STORAGE_RESTORE_APPLIED","user_id":6,"user_email":"119cash@naver.com"}'
08-16 05:40:41.140  9580  9617 W ReactNativeJS: This method is deprecated (as well as all React Native Firebase namespaced API) and will be removed in the next major release as part of move to match Firebase Web modular SDK API. Please see migration guide for more details: https://rnfirebase.io/migrating-to-v22 Please use `getApps()` instead.
08-16 05:40:41.140  9580  9617 W ReactNativeJS: This method is deprecated (as well as all React Native Firebase namespaced API) and will be removed in the next major release as part of move to match Firebase Web modular SDK API. Please see migration guide for more details: https://rnfirebase.io/migrating-to-v22 Please use `getApps()` instead.
08-16 05:40:41.141  9580  9617 W ReactNativeJS: This method is deprecated (as well as all React Native Firebase namespaced API) and will be removed in the next major release as part of move to match Firebase Web modular SDK API. Please see migration guide for more details: https://rnfirebase.io/migrating-to-v22 Please use `getApps()` instead.
08-16 05:40:41.142  9580  9617 W ReactNativeJS: This method is deprecated (as well as all React Native Firebase namespaced API) and will be removed in the next major release as part of move to match Firebase Web modular SDK API. Please see migration guide for more details: https://rnfirebase.io/migrating-to-v22 Please use `getApps()` instead.
08-16 05:40:41.144  9580  9617 I ReactNativeJS: '[VoIPPendingIncoming]', '{"event":"REQUEST_START","source":"pending_call_initial","token_summary":"len:30:passke...en_331","user_id":6,"has_pending_call":false,"has_active_call":false}'
08-16 05:40:41.146  9580  9617 I ReactNativeJS: '[UI_PRESS_PROBE]', '{"event":"VOIP_PRESENCE_CONNECT_ATTEMPT","timestamp":"2026-08-15T20:40:41.146Z","token_ready":true,"user_ready":true,"show_login":false,"show_voip_tester":false,"selected_call_mode":"pstn_assist","voice_id":"nado-000006","token_summary":"len:30:passke...en_331","reason":"effect_start","api_base":"https://metanova1004.com"}'
08-16 05:40:41.148  9580  9617 W ReactNativeJS: This method is deprecated (as well as all React Native Firebase namespaced API) and will be removed in the next major release as part of move to match Firebase Web modular SDK API. Please see migration guide for more details: https://rnfirebase.io/migrating-to-v22 Please use `getApp()` instead.
08-16 05:40:41.148  9580  9617 W ReactNativeJS: This method is deprecated (as well as all React Native Firebase namespaced API) and will be removed in the next major release as part of move to match Firebase Web modular SDK API. Please see migration guide for more details: https://rnfirebase.io/migrating-to-v22 Please use `getApp()` instead.
08-16 05:40:41.149  9580  9617 W ReactNativeJS: This method is deprecated (as well as all React Native Firebase namespaced API) and will be removed in the next major release as part of move to match Firebase Web modular SDK API. Please see migration guide for more details: https://rnfirebase.io/migrating-to-v22 Please use `getApp()` instead.
08-16 05:40:41.151  9580  9617 W ReactNativeJS: This method is deprecated (as well as all React Native Firebase namespaced API) and will be removed in the next major release as part of move to match Firebase Web modular SDK API. Please see migration guide for more details: https://rnfirebase.io/migrating-to-v22 Please use `getApp()` instead.
08-16 05:40:41.152  9580  9617 I ReactNativeJS: '[UI_PRESS_PROBE]', '{"event":"VOIP_NOTIFICATION_PERMISSION_STATUS","timestamp":"2026-08-15T20:40:41.151Z","token_ready":true,"user_ready":true,"show_login":false,"show_voip_tester":false,"selected_call_mode":"pstn_assist","notifications_enabled":true}'
08-16 05:40:41.156  9580  9617 I ReactNativeJS: '[DEEP_LINK_TRACE]', '{"source":"initial_url","outcome":"empty_url"}'
08-16 05:40:41.183  9580  9617 I ReactNativeJS: '[UI_PRESS_PROBE]', '{"event":"VOIP_PRESENCE_ERROR","timestamp":"2026-08-15T20:40:41.183Z","token_ready":true,"user_ready":true,"show_login":false,"show_voip_tester":false,"selected_call_mode":"pstn_assist","voice_id":"nado-000006","token_summary":"len:30:passke...en_331","reason":"effect_start"}'
08-16 05:40:41.183  9580  9617 I ReactNativeJS: '[UI_PRESS_PROBE]', '{"event":"VOIP_PRESENCE_CLOSED","timestamp":"2026-08-15T20:40:41.183Z","token_ready":true,"user_ready":true,"show_login":false,"show_voip_tester":false,"selected_call_mode":"pstn_assist","voice_id":"nado-000006","token_summary":"len:30:passke...en_331","reason":"effect_start","code":1006}'
08-16 05:40:41.184  9580  9617 I ReactNativeJS: '[UI_PRESS_PROBE]', '{"event":"VOIP_PRESENCE_RETRY_SCHEDULED","timestamp":"2026-08-15T20:40:41.183Z","token_ready":true,"user_ready":true,"show_login":false,"show_voip_tester":false,"selected_call_mode":"pstn_assist","voice_id":"nado-000006","token_summary":"len:30:passke...en_331","reason":"close:1006"}'
08-16 05:40:41.211  9580  9617 W ReactNativeJS: This method is deprecated (as well as all React Native Firebase namespaced API) and will be removed in the next major release as part of move to match Firebase Web modular SDK API. Please see migration guide for more details: https://rnfirebase.io/migrating-to-v22 Please use `getApp()` instead.
08-16 05:40:41.224  9580  9617 I ReactNativeJS: '[MISSED_CALL]', '{"event":"fetch","count":0}'
08-16 05:40:41.225  9580  9617 I ReactNativeJS: '[VoIPPendingIncoming]', '{"event":"REQUEST_RESULT","source":"pending_call_initial","token_summary":"len:30:passke...en_331","user_id":6,"status":401,"ok":false}'
08-16 05:40:41.225  9580  9617 I ReactNativeJS: '[VoIPPendingIncoming] fetch failed', 401
08-16 05:40:41.230  9580  9617 W ReactNativeJS: This method is deprecated (as well as all React Native Firebase namespaced API) and will be removed in the next major release as part of move to match Firebase Web modular SDK API. Please see migration guide for more details: https://rnfirebase.io/migrating-to-v22 Please use `getApp()` instead.
08-16 05:40:41.270  9580  9617 I ReactNativeJS: '[AUTH_FLOW]', '{"event":"AUTH_STORAGE_RESTORE_FOUND","user_id":6,"user_email":"119cash@naver.com"}'
08-16 05:40:41.270  9580  9617 I ReactNativeJS: '[AUTH_FLOW]', '{"event":"AUTH_STORAGE_RESTORE_APPLIED","user_id":6,"user_email":"119cash@naver.com"}'
08-16 05:40:41.273  9580  9617 I ReactNativeJS: '[UI_PRESS_PROBE]', '{"event":"VOIP_ACTIVE_CALL_RESUME_SKIPPED_AUTH","timestamp":"2026-08-15T20:40:41.272Z","token_ready":true,"user_ready":true,"show_login":false,"show_voip_tester":false,"selected_call_mode":"pstn_assist","source":"app_launch_resume","status":401,"last_call_id":null}'
08-16 05:40:41.302  9580  9617 W ReactNativeJS: This method is deprecated (as well as all React Native Firebase namespaced API) and will be removed in the next major release as part of move to match Firebase Web modular SDK API. Please see migration guide for more details: https://rnfirebase.io/migrating-to-v22 Please use `getApps()` instead.
08-16 05:40:41.302  9580  9617 W ReactNativeJS: This method is deprecated (as well as all React Native Firebase namespaced API) and will be removed in the next major release as part of move to match Firebase Web modular SDK API. Please see migration guide for more details: https://rnfirebase.io/migrating-to-v22 Please use `getApps()` instead.
08-16 05:40:41.303  9580  9617 W ReactNativeJS: This method is deprecated (as well as all React Native Firebase namespaced API) and will be removed in the next major release as part of move to match Firebase Web modular SDK API. Please see migration guide for more details: https://rnfirebase.io/migrating-to-v22 Please use `getApps()` instead.
08-16 05:40:41.304  9580  9617 W ReactNativeJS: This method is deprecated (as well as all React Native Firebase namespaced API) and will be removed in the next major release as part of move to match Firebase Web modular SDK API. Please see migration guide for more details: https://rnfirebase.io/migrating-to-v22 Please use `getApps()` instead.
08-16 05:40:41.305  9580  9617 I ReactNativeJS: '[VoIPPendingIncoming]', '{"event":"REQUEST_START","source":"pending_call_initial","token_summary":"len:30:passke...en_331","user_id":6,"has_pending_call":false,"has_active_call":false}'
08-16 05:40:41.307  9580  9617 I ReactNativeJS: '[UI_PRESS_PROBE]', '{"event":"VOIP_PRESENCE_CONNECT_ATTEMPT","timestamp":"2026-08-15T20:40:41.306Z","token_ready":true,"user_ready":true,"show_login":false,"show_voip_tester":false,"selected_call_mode":"pstn_assist","voice_id":"nado-000006","token_summary":"len:30:passke...en_331","reason":"effect_start","api_base":"https://metanova1004.com"}'
08-16 05:40:41.308  9580  9617 W ReactNativeJS: This method is deprecated (as well as all React Native Firebase namespaced API) and will be removed in the next major release as part of move to match Firebase Web modular SDK API. Please see migration guide for more details: https://rnfirebase.io/migrating-to-v22 Please use `getApp()` instead.
08-16 05:40:41.308  9580  9617 W ReactNativeJS: This method is deprecated (as well as all React Native Firebase namespaced API) and will be removed in the next major release as part of move to match Firebase Web modular SDK API. Please see migration guide for more details: https://rnfirebase.io/migrating-to-v22 Please use `getApp()` instead.
08-16 05:40:41.308  9580  9617 W ReactNativeJS: This method is deprecated (as well as all React Native Firebase namespaced API) and will be removed in the next major release as part of move to match Firebase Web modular SDK API. Please see migration guide for more details: https://rnfirebase.io/migrating-to-v22 Please use `getApp()` instead.
08-16 05:40:41.310  9580  9617 W ReactNativeJS: This method is deprecated (as well as all React Native Firebase namespaced API) and will be removed in the next major release as part of move to match Firebase Web modular SDK API. Please see migration guide for more details: https://rnfirebase.io/migrating-to-v22 Please use `getApp()` instead.
08-16 05:40:41.310  9580  9617 I ReactNativeJS: '[UI_PRESS_PROBE]', '{"event":"VOIP_NOTIFICATION_PERMISSION_STATUS","timestamp":"2026-08-15T20:40:41.310Z","token_ready":true,"user_ready":true,"show_login":false,"show_voip_tester":false,"selected_call_mode":"pstn_assist","notifications_enabled":true}'
08-16 05:40:41.314  9580  9617 I ReactNativeJS: '[DEEP_LINK_TRACE]', '{"source":"initial_url","outcome":"empty_url"}'
08-16 05:40:41.339  9580  9617 I ReactNativeJS: '[UI_PRESS_PROBE]', '{"event":"VOIP_PRESENCE_ERROR","timestamp":"2026-08-15T20:40:41.338Z","token_ready":true,"user_ready":true,"show_login":false,"show_voip_tester":false,"selected_call_mode":"pstn_assist","voice_id":"nado-000006","token_summary":"len:30:passke...en_331","reason":"effect_start"}'
08-16 05:40:41.339  9580  9617 I ReactNativeJS: '[UI_PRESS_PROBE]', '{"event":"VOIP_PRESENCE_CLOSED","timestamp":"2026-08-15T20:40:41.339Z","token_ready":true,"user_ready":true,"show_login":false,"show_voip_tester":false,"selected_call_mode":"pstn_assist","voice_id":"nado-000006","token_summary":"len:30:passke...en_331","reason":"effect_start","code":1006}'
08-16 05:40:41.340  9580  9617 I ReactNativeJS: '[UI_PRESS_PROBE]', '{"event":"VOIP_PRESENCE_RETRY_SCHEDULED","timestamp":"2026-08-15T20:40:41.339Z","token_ready":true,"user_ready":true,"show_login":false,"show_voip_tester":false,"selected_call_mode":"pstn_assist","voice_id":"nado-000006","token_summary":"len:30:passke...en_331","reason":"close:1006"}'
08-16 05:40:41.368  9580  9617 I ReactNativeJS: '[MISSED_CALL]', '{"event":"fetch","count":0}'
08-16 05:40:41.368  9580  9617 I ReactNativeJS: '[VoIPPendingIncoming]', '{"event":"REQUEST_RESULT","source":"pending_call_initial","token_summary":"len:30:passke...en_331","user_id":6,"status":401,"ok":false}'
08-16 05:40:41.369  9580  9617 I ReactNativeJS: '[VoIPPendingIncoming] fetch failed', 401
08-16 05:40:41.370  9580  9617 W ReactNativeJS: This method is deprecated (as well as all React Native Firebase namespaced API) and will be removed in the next major release as part of move to match Firebase Web modular SDK API. Please see migration guide for more details: https://rnfirebase.io/migrating-to-v22 Please use `getApp()` instead.
08-16 05:40:41.377  9580  9617 I ReactNativeJS: '[UI_PRESS_PROBE]', '{"event":"VOIP_ACTIVE_CALL_RESUME_SKIPPED_AUTH","timestamp":"2026-08-15T20:40:41.377Z","token_ready":true,"user_ready":true,"show_login":false,"show_voip_tester":false,"selected_call_mode":"pstn_assist","source":"app_launch_resume","status":401,"last_call_id":null}'
08-16 05:40:41.423  9580  9617 I ReactNativeJS: '[AUTH_FLOW]', '{"event":"AUTH_STORAGE_RESTORE_FOUND","user_id":6,"user_email":"119cash@naver.com"}'
08-16 05:40:41.423  9580  9617 I ReactNativeJS: '[AUTH_FLOW]', '{"event":"AUTH_STORAGE_RESTORE_APPLIED","user_id":6,"user_email":"119cash@naver.com"}'
08-16 05:40:41.450  9580  9617 W ReactNativeJS: This method is deprecated (as well as all React Native Firebase namespaced API) and will be removed in the next major release as part of move to match Firebase Web modular SDK API. Please see migration guide for more details: https://rnfirebase.io/migrating-to-v22 Please use `getApps()` instead.
08-16 05:40:41.450  9580  9617 W ReactNativeJS: This method is deprecated (as well as all React Native Firebase namespaced API) and will be removed in the next major release as part of move to match Firebase Web modular SDK API. Please see migration guide for more details: https://rnfirebase.io/migrating-to-v22 Please use `getApps()` instead.
08-16 05:40:41.450  9580  9617 W ReactNativeJS: This method is deprecated (as well as all React Native Firebase namespaced API) and will be removed in the next major release as part of move to match Firebase Web modular SDK API. Please see migration guide for more details: https://rnfirebase.io/migrating-to-v22 Please use `getApps()` instead.
08-16 05:40:41.451  9580  9617 W ReactNativeJS: This method is deprecated (as well as all React Native Firebase namespaced API) and will be removed in the next major release as part of move to match Firebase Web modular SDK API. Please see migration guide for more details: https://rnfirebase.io/migrating-to-v22 Please use `getApps()` instead.
08-16 05:40:41.453  9580  9617 I ReactNativeJS: '[VoIPPendingIncoming]', '{"event":"REQUEST_START","source":"pending_call_initial","token_summary":"len:30:passke...en_331","user_id":6,"has_pending_call":false,"has_active_call":false}'
08-16 05:40:41.454  9580  9617 I ReactNativeJS: '[UI_PRESS_PROBE]', '{"event":"VOIP_PRESENCE_CONNECT_ATTEMPT","timestamp":"2026-08-15T20:40:41.454Z","token_ready":true,"user_ready":true,"show_login":false,"show_voip_tester":false,"selected_call_mode":"pstn_assist","voice_id":"nado-000006","token_summary":"len:30:passke...en_331","reason":"effect_start","api_base":"https://metanova1004.com"}'
08-16 05:40:41.455  9580  9617 W ReactNativeJS: This method is deprecated (as well as all React Native Firebase namespaced API) and will be removed in the next major release as part of move to match Firebase Web modular SDK API. Please see migration guide for more details: https://rnfirebase.io/migrating-to-v22 Please use `getApp()` instead.
08-16 05:40:41.455  9580  9617 W ReactNativeJS: This method is deprecated (as well as all React Native Firebase namespaced API) and will be removed in the next major release as part of move to match Firebase Web modular SDK API. Please see migration guide for more details: https://rnfirebase.io/migrating-to-v22 Please use `getApp()` instead.
08-16 05:40:41.455  9580  9617 W ReactNativeJS: This method is deprecated (as well as all React Native Firebase namespaced API) and will be removed in the next major release as part of move to match Firebase Web modular SDK API. Please see migration guide for more details: https://rnfirebase.io/migrating-to-v22 Please use `getApp()` instead.
08-16 05:40:41.457  9580  9617 W ReactNativeJS: This method is deprecated (as well as all React Native Firebase namespaced API) and will be removed in the next major release as part of move to match Firebase Web modular SDK API. Please see migration guide for more details: https://rnfirebase.io/migrating-to-v22 Please use `getApp()` instead.
08-16 05:40:41.458  9580  9617 I ReactNativeJS: '[UI_PRESS_PROBE]', '{"event":"VOIP_NOTIFICATION_PERMISSION_STATUS","timestamp":"2026-08-15T20:40:41.457Z","token_ready":true,"user_ready":true,"show_login":false,"show_voip_tester":false,"selected_call_mode":"pstn_assist","notifications_enabled":true}'
08-16 05:40:41.461  9580  9617 I ReactNativeJS: '[DEEP_LINK_TRACE]', '{"source":"initial_url","outcome":"empty_url"}'
08-16 05:40:41.489  9580  9617 I ReactNativeJS: '[UI_PRESS_PROBE]', '{"event":"VOIP_PRESENCE_ERROR","timestamp":"2026-08-15T20:40:41.488Z","token_ready":true,"user_ready":true,"show_login":false,"show_voip_tester":false,"selected_call_mode":"pstn_assist","voice_id":"nado-000006","token_summary":"len:30:passke...en_331","reason":"effect_start"}'
08-16 05:40:41.489  9580  9617 I ReactNativeJS: '[UI_PRESS_PROBE]', '{"event":"VOIP_PRESENCE_CLOSED","timestamp":"2026-08-15T20:40:41.489Z","token_ready":true,"user_ready":true,"show_login":false,"show_voip_tester":false,"selected_call_mode":"pstn_assist","voice_id":"nado-000006","token_summary":"len:30:passke...en_331","reason":"effect_start","code":1006}'
08-16 05:40:41.489  9580  9617 I ReactNativeJS: '[UI_PRESS_PROBE]', '{"event":"VOIP_PRESENCE_RETRY_SCHEDULED","timestamp":"2026-08-15T20:40:41.489Z","token_ready":true,"user_ready":true,"show_login":false,"show_voip_tester":false,"selected_call_mode":"pstn_assist","voice_id":"nado-000006","token_summary":"len:30:passke...en_331","reason":"close:1006"}'
08-16 05:40:41.493  9580  9617 I ReactNativeJS: '[MISSED_CALL]', '{"event":"fetch","count":0}'
08-16 05:40:41.493  9580  9617 I ReactNativeJS: '[VoIPPendingIncoming]', '{"event":"REQUEST_RESULT","source":"pending_call_initial","token_summary":"len:30:passke...en_331","user_id":6,"status":401,"ok":false}'
08-16 05:40:41.494  9580  9617 I ReactNativeJS: '[VoIPPendingIncoming] fetch failed', 401
08-16 05:40:41.518  9580  9617 W ReactNativeJS: This method is deprecated (as well as all React Native Firebase namespaced API) and will be removed in the next major release as part of move to match Firebase Web modular SDK API. Please see migration guide for more details: https://rnfirebase.io/migrating-to-v22 Please use `getApp()` instead.
08-16 05:40:41.522  9580  9617 I ReactNativeJS: '[AUTH_FLOW]', '{"event":"AUTH_STORAGE_RESTORE_FOUND","user_id":6,"user_email":"119cash@naver.com"}'
08-16 05:40:41.522  9580  9617 I ReactNativeJS: '[AUTH_FLOW]', '{"event":"AUTH_STORAGE_RESTORE_APPLIED","user_id":6,"user_email":"119cash@naver.com"}'
08-16 05:40:41.525  9580  9617 W ReactNativeJS: This method is deprecated (as well as all React Native Firebase namespaced API) and will be removed in the next major release as part of move to match Firebase Web modular SDK API. Please see migration guide for more details: https://rnfirebase.io/migrating-to-v22 Please use `getApp()` instead.
08-16 05:40:41.530  9580  9617 I ReactNativeJS: '[UI_PRESS_PROBE]', '{"event":"VOIP_ACTIVE_CALL_RESUME_SKIPPED_AUTH","timestamp":"2026-08-15T20:40:41.529Z","token_ready":true,"user_ready":true,"show_login":false,"show_voip_tester":false,"selected_call_mode":"pstn_assist","source":"app_launch_resume","status":401,"last_call_id":null}'
08-16 05:40:41.558  9580  9617 W ReactNativeJS: This method is deprecated (as well as all React Native Firebase namespaced API) and will be removed in the next major release as part of move to match Firebase Web modular SDK API. Please see migration guide for more details: https://rnfirebase.io/migrating-to-v22 Please use `getApps()` instead.
08-16 05:40:41.558  9580  9617 W ReactNativeJS: This method is deprecated (as well as all React Native Firebase namespaced API) and will be removed in the next major release as part of move to match Firebase Web modular SDK API. Please see migration guide for more details: https://rnfirebase.io/migrating-to-v22 Please use `getApps()` instead.
08-16 05:40:41.558  9580  9617 W ReactNativeJS: This method is deprecated (as well as all React Native Firebase namespaced API) and will be removed in the next major release as part of move to match Firebase Web modular SDK API. Please see migration guide for more details: https://rnfirebase.io/migrating-to-v22 Please use `getApps()` instead.
08-16 05:40:41.559  9580  9617 W ReactNativeJS: This method is deprecated (as well as all React Native Firebase namespaced API) and will be removed in the next major release as part of move to match Firebase Web modular SDK API. Please see migration guide for more details: https://rnfirebase.io/migrating-to-v22 Please use `getApps()` instead.
08-16 05:40:41.561  9580  9617 I ReactNativeJS: '[VoIPPendingIncoming]', '{"event":"REQUEST_START","source":"pending_call_initial","token_summary":"len:30:passke...en_331","user_id":6,"has_pending_call":false,"has_active_call":false}'
08-16 05:40:41.562  9580  9617 I ReactNativeJS: '[UI_PRESS_PROBE]', '{"event":"VOIP_PRESENCE_CONNECT_ATTEMPT","timestamp":"2026-08-15T20:40:41.562Z","token_ready":true,"user_ready":true,"show_login":false,"show_voip_tester":false,"selected_call_mode":"pstn_assist","voice_id":"nado-000006","token_summary":"len:30:passke...en_331","reason":"effect_start","api_base":"https://metanova1004.com"}'
08-16 05:40:41.563  9580  9617 W ReactNativeJS: This method is deprecated (as well as all React Native Firebase namespaced API) and will be removed in the next major release as part of move to match Firebase Web modular SDK API. Please see migration guide for more details: https://rnfirebase.io/migrating-to-v22 Please use `getApp()` instead.
08-16 05:40:41.564  9580  9617 W ReactNativeJS: This method is deprecated (as well as all React Native Firebase namespaced API) and will be removed in the next major release as part of move to match Firebase Web modular SDK API. Please see migration guide for more details: https://rnfirebase.io/migrating-to-v22 Please use `getApp()` instead.
08-16 05:40:41.564  9580  9617 W ReactNativeJS: This method is deprecated (as well as all React Native Firebase namespaced API) and will be removed in the next major release as part of move to match Firebase Web modular SDK API. Please see migration guide for more details: https://rnfirebase.io/migrating-to-v22 Please use `getApp()` instead.
08-16 05:40:41.565  9580  9617 W ReactNativeJS: This method is deprecated (as well as all React Native Firebase namespaced API) and will be removed in the next major release as part of move to match Firebase Web modular SDK API. Please see migration guide for more details: https://rnfirebase.io/migrating-to-v22 Please use `getApp()` instead.
08-16 05:40:41.566  9580  9617 I ReactNativeJS: '[UI_PRESS_PROBE]', '{"event":"VOIP_NOTIFICATION_PERMISSION_STATUS","timestamp":"2026-08-15T20:40:41.566Z","token_ready":true,"user_ready":true,"show_login":false,"show_voip_tester":false,"selected_call_mode":"pstn_assist","notifications_enabled":true}'
08-16 05:40:41.569  9580  9617 I ReactNativeJS: '[DEEP_LINK_TRACE]', '{"source":"initial_url","outcome":"empty_url"}'
08-16 05:40:41.605  9580  9617 I ReactNativeJS: '[UI_PRESS_PROBE]', '{"event":"VOIP_PRESENCE_ERROR","timestamp":"2026-08-15T20:40:41.605Z","token_ready":true,"user_ready":true,"show_login":false,"show_voip_tester":false,"selected_call_mode":"pstn_assist","voice_id":"nado-000006","token_summary":"len:30:passke...en_331","reason":"effect_start"}'
08-16 05:40:41.606  9580  9617 I ReactNativeJS: '[UI_PRESS_PROBE]', '{"event":"VOIP_PRESENCE_CLOSED","timestamp":"2026-08-15T20:40:41.605Z","token_ready":true,"user_ready":true,"show_login":false,"show_voip_tester":false,"selected_call_mode":"pstn_assist","voice_id":"nado-000006","token_summary":"len:30:passke...en_331","reason":"effect_start","code":1006}'
08-16 05:40:41.606  9580  9617 I ReactNativeJS: '[UI_PRESS_PROBE]', '{"event":"VOIP_PRESENCE_RETRY_SCHEDULED","timestamp":"2026-08-15T20:40:41.606Z","token_ready":true,"user_ready":true,"show_login":false,"show_voip_tester":false,"selected_call_mode":"pstn_assist","voice_id":"nado-000006","token_summary":"len:30:passke...en_331","reason":"close:1006"}'
08-16 05:40:41.635  9580  9617 I ReactNativeJS: '[MISSED_CALL]', '{"event":"fetch","count":0}'
08-16 05:40:41.636  9580  9617 I ReactNativeJS: '[VoIPPendingIncoming]', '{"event":"REQUEST_RESULT","source":"pending_call_initial","token_summary":"len:30:passke...en_331","user_id":6,"status":401,"ok":false}'
08-16 05:40:41.636  9580  9617 I ReactNativeJS: '[VoIPPendingIncoming] fetch failed', 401
08-16 05:40:41.637  9580  9617 W ReactNativeJS: This method is deprecated (as well as all React Native Firebase namespaced API) and will be removed in the next major release as part of move to match Firebase Web modular SDK API. Please see migration guide for more details: https://rnfirebase.io/migrating-to-v22 Please use `getApp()` instead.
08-16 05:40:41.655  9580  9617 I ReactNativeJS: '[UI_PRESS_PROBE]', '{"event":"VOIP_ACTIVE_CALL_RESUME_SKIPPED_AUTH","timestamp":"2026-08-15T20:40:41.654Z","token_ready":true,"user_ready":true,"show_login":false,"show_voip_tester":false,"selected_call_mode":"pstn_assist","source":"app_launch_resume","status":401,"last_call_id":null}'
08-16 05:40:41.682  9580  9617 I ReactNativeJS: '[AUTH_FLOW]', '{"event":"AUTH_STORAGE_RESTORE_FOUND","user_id":6,"user_email":"119cash@naver.com"}'
08-16 05:40:41.682  9580  9617 I ReactNativeJS: '[AUTH_FLOW]', '{"event":"AUTH_STORAGE_RESTORE_APPLIED","user_id":6,"user_email":"119cash@naver.com"}'
08-16 05:40:41.710  9580  9617 W ReactNativeJS: This method is deprecated (as well as all React Native Firebase namespaced API) and will be removed in the next major release as part of move to match Firebase Web modular SDK API. Please see migration guide for more details: https://rnfirebase.io/migrating-to-v22 Please use `getApps()` instead.
08-16 05:40:41.710  9580  9617 W ReactNativeJS: This method is deprecated (as well as all React Native Firebase namespaced API) and will be removed in the next major release as part of move to match Firebase Web modular SDK API. Please see migration guide for more details: https://rnfirebase.io/migrating-to-v22 Please use `getApps()` instead.
08-16 05:40:41.710  9580  9617 W ReactNativeJS: This method is deprecated (as well as all React Native Firebase namespaced API) and will be removed in the next major release as part of move to match Firebase Web modular SDK API. Please see migration guide for more details: https://rnfirebase.io/migrating-to-v22 Please use `getApps()` instead.
08-16 05:40:41.711  9580  9617 W ReactNativeJS: This method is deprecated (as well as all React Native Firebase namespaced API) and will be removed in the next major release as part of move to match Firebase Web modular SDK API. Please see migration guide for more details: https://rnfirebase.io/migrating-to-v22 Please use `getApps()` instead.
08-16 05:40:41.713  9580  9617 I ReactNativeJS: '[VoIPPendingIncoming]', '{"event":"REQUEST_START","source":"pending_call_initial","token_summary":"len:30:passke...en_331","user_id":6,"has_pending_call":false,"has_active_call":false}'
08-16 05:40:41.715  9580  9617 I ReactNativeJS: '[UI_PRESS_PROBE]', '{"event":"VOIP_PRESENCE_CONNECT_ATTEMPT","timestamp":"2026-08-15T20:40:41.715Z","token_ready":true,"user_ready":true,"show_login":false,"show_voip_tester":false,"selected_call_mode":"pstn_assist","voice_id":"nado-000006","token_summary":"len:30:passke...en_331","reason":"effect_start","api_base":"https://metanova1004.com"}'
08-16 05:40:41.718  9580  9617 W ReactNativeJS: This method is deprecated (as well as all React Native Firebase namespaced API) and will be removed in the next major release as part of move to match Firebase Web modular SDK API. Please see migration guide for more details: https://rnfirebase.io/migrating-to-v22 Please use `getApp()` instead.
08-16 05:40:41.718  9580  9617 W ReactNativeJS: This method is deprecated (as well as all React Native Firebase namespaced API) and will be removed in the next major release as part of move to match Firebase Web modular SDK API. Please see migration guide for more details: https://rnfirebase.io/migrating-to-v22 Please use `getApp()` instead.
08-16 05:40:41.718  9580  9617 W ReactNativeJS: This method is deprecated (as well as all React Native Firebase namespaced API) and will be removed in the next major release as part of move to match Firebase Web modular SDK API. Please see migration guide for more details: https://rnfirebase.io/migrating-to-v22 Please use `getApp()` instead.
08-16 05:40:41.720  9580  9617 W ReactNativeJS: This method is deprecated (as well as all React Native Firebase namespaced API) and will be removed in the next major release as part of move to match Firebase Web modular SDK API. Please see migration guide for more details: https://rnfirebase.io/migrating-to-v22 Please use `getApp()` instead.
08-16 05:40:41.721  9580  9617 I ReactNativeJS: '[UI_PRESS_PROBE]', '{"event":"VOIP_NOTIFICATION_PERMISSION_STATUS","timestamp":"2026-08-15T20:40:41.721Z","token_ready":true,"user_ready":true,"show_login":false,"show_voip_tester":false,"selected_call_mode":"pstn_assist","notifications_enabled":true}'
08-16 05:40:41.726  9580  9617 I ReactNativeJS: '[DEEP_LINK_TRACE]', '{"source":"initial_url","outcome":"empty_url"}'
08-16 05:40:41.759  9580  9617 I ReactNativeJS: '[UI_PRESS_PROBE]', '{"event":"VOIP_PRESENCE_ERROR","timestamp":"2026-08-15T20:40:41.758Z","token_ready":true,"user_ready":true,"show_login":false,"show_voip_tester":false,"selected_call_mode":"pstn_assist","voice_id":"nado-000006","token_summary":"len:30:passke...en_331","reason":"effect_start"}'
08-16 05:40:41.760  9580  9617 I ReactNativeJS: '[UI_PRESS_PROBE]', '{"event":"VOIP_PRESENCE_CLOSED","timestamp":"2026-08-15T20:40:41.759Z","token_ready":true,"user_ready":true,"show_login":false,"show_voip_tester":false,"selected_call_mode":"pstn_assist","voice_id":"nado-000006","token_summary":"len:30:passke...en_331","reason":"effect_start","code":1006}'
08-16 05:40:41.760  9580  9617 I ReactNativeJS: '[UI_PRESS_PROBE]', '{"event":"VOIP_PRESENCE_RETRY_SCHEDULED","timestamp":"2026-08-15T20:40:41.760Z","token_ready":true,"user_ready":true,"show_login":false,"show_voip_tester":false,"selected_call_mode":"pstn_assist","voice_id":"nado-000006","token_summary":"len:30:passke...en_331","reason":"close:1006"}'
08-16 05:40:41.791  9580  9617 I ReactNativeJS: '[MISSED_CALL]', '{"event":"fetch","count":0}'
08-16 05:40:41.792  9580  9617 I ReactNativeJS: '[VoIPPendingIncoming]', '{"event":"REQUEST_RESULT","source":"pending_call_initial","token_summary":"len:30:passke...en_331","user_id":6,"status":401,"ok":false}'
08-16 05:40:41.792  9580  9617 I ReactNativeJS: '[VoIPPendingIncoming] fetch failed', 401
08-16 05:40:41.793  9580  9617 W ReactNativeJS: This method is deprecated (as well as all React Native Firebase namespaced API) and will be removed in the next major release as part of move to match Firebase Web modular SDK API. Please see migration guide for more details: https://rnfirebase.io/migrating-to-v22 Please use `getApp()` instead.
08-16 05:40:41.814  9580  9617 I ReactNativeJS: '[UI_PRESS_PROBE]', '{"event":"VOIP_ACTIVE_CALL_RESUME_SKIPPED_AUTH","timestamp":"2026-08-15T20:40:41.813Z","token_ready":true,"user_ready":true,"show_login":false,"show_voip_tester":false,"selected_call_mode":"pstn_assist","source":"app_launch_resume","status":401,"last_call_id":null}'
08-16 05:40:41.841  9580  9617 I ReactNativeJS: '[AUTH_FLOW]', '{"event":"AUTH_STORAGE_RESTORE_FOUND","user_id":6,"user_email":"119cash@naver.com"}'
08-16 05:40:41.841  9580  9617 I ReactNativeJS: '[AUTH_FLOW]', '{"event":"AUTH_STORAGE_RESTORE_APPLIED","user_id":6,"user_email":"119cash@naver.com"}'
08-16 05:40:41.872  9580  9617 W ReactNativeJS: This method is deprecated (as well as all React Native Firebase namespaced API) and will be removed in the next major release as part of move to match Firebase Web modular SDK API. Please see migration guide for more details: https://rnfirebase.io/migrating-to-v22 Please use `getApps()` instead.
08-16 05:40:41.872  9580  9617 W ReactNativeJS: This method is deprecated (as well as all React Native Firebase namespaced API) and will be removed in the next major release as part of move to match Firebase Web modular SDK API. Please see migration guide for more details: https://rnfirebase.io/migrating-to-v22 Please use `getApps()` instead.
08-16 05:40:41.872  9580  9617 W ReactNativeJS: This method is deprecated (as well as all React Native Firebase namespaced API) and will be removed in the next major release as part of move to match Firebase Web modular SDK API. Please see migration guide for more details: https://rnfirebase.io/migrating-to-v22 Please use `getApps()` instead.
08-16 05:40:41.873  9580  9617 W ReactNativeJS: This method is deprecated (as well as all React Native Firebase namespaced API) and will be removed in the next major release as part of move to match Firebase Web modular SDK API. Please see migration guide for more details: https://rnfirebase.io/migrating-to-v22 Please use `getApps()` instead.
08-16 05:40:41.879  9580  9617 I ReactNativeJS: '[VoIPPendingIncoming]', '{"event":"REQUEST_START","source":"pending_call_initial","token_summary":"len:30:passke...en_331","user_id":6,"has_pending_call":false,"has_active_call":false}'
08-16 05:40:41.881  9580  9617 I ReactNativeJS: '[UI_PRESS_PROBE]', '{"event":"VOIP_PRESENCE_CONNECT_ATTEMPT","timestamp":"2026-08-15T20:40:41.880Z","token_ready":true,"user_ready":true,"show_login":false,"show_voip_tester":false,"selected_call_mode":"pstn_assist","voice_id":"nado-000006","token_summary":"len:30:passke...en_331","reason":"effect_start","api_base":"https://metanova1004.com"}'
08-16 05:40:41.882  9580  9617 W ReactNativeJS: This method is deprecated (as well as all React Native Firebase namespaced API) and will be removed in the next major release as part of move to match Firebase Web modular SDK API. Please see migration guide for more details: https://rnfirebase.io/migrating-to-v22 Please use `getApp()` instead.
08-16 05:40:41.882  9580  9617 W ReactNativeJS: This method is deprecated (as well as all React Native Firebase namespaced API) and will be removed in the next major release as part of move to match Firebase Web modular SDK API. Please see migration guide for more details: https://rnfirebase.io/migrating-to-v22 Please use `getApp()` instead.
08-16 05:40:41.882  9580  9617 W ReactNativeJS: This method is deprecated (as well as all React Native Firebase namespaced API) and will be removed in the next major release as part of move to match Firebase Web modular SDK API. Please see migration guide for more details: https://rnfirebase.io/migrating-to-v22 Please use `getApp()` instead.
08-16 05:40:41.886  9580  9617 W ReactNativeJS: This method is deprecated (as well as all React Native Firebase namespaced API) and will be removed in the next major release as part of move to match Firebase Web modular SDK API. Please see migration guide for more details: https://rnfirebase.io/migrating-to-v22 Please use `getApp()` instead.
08-16 05:40:41.888  9580  9617 I ReactNativeJS: '[UI_PRESS_PROBE]', '{"event":"VOIP_NOTIFICATION_PERMISSION_STATUS","timestamp":"2026-08-15T20:40:41.887Z","token_ready":true,"user_ready":true,"show_login":false,"show_voip_tester":false,"selected_call_mode":"pstn_assist","notifications_enabled":true}'
08-16 05:40:41.891  9580  9617 I ReactNativeJS: '[DEEP_LINK_TRACE]', '{"source":"initial_url","outcome":"empty_url"}'
08-16 05:40:41.930  9580  9617 I ReactNativeJS: '[UI_PRESS_PROBE]', '{"event":"VOIP_PRESENCE_ERROR","timestamp":"2026-08-15T20:40:41.929Z","token_ready":true,"user_ready":true,"show_login":false,"show_voip_tester":false,"selected_call_mode":"pstn_assist","voice_id":"nado-000006","token_summary":"len:30:passke...en_331","reason":"effect_start"}'
08-16 05:40:41.930  9580  9617 I ReactNativeJS: '[UI_PRESS_PROBE]', '{"event":"VOIP_PRESENCE_CLOSED","timestamp":"2026-08-15T20:40:41.930Z","token_ready":true,"user_ready":true,"show_login":false,"show_voip_tester":false,"selected_call_mode":"pstn_assist","voice_id":"nado-000006","token_summary":"len:30:passke...en_331","reason":"effect_start","code":1006}'
08-16 05:40:41.931  9580  9617 I ReactNativeJS: '[UI_PRESS_PROBE]', '{"event":"VOIP_PRESENCE_RETRY_SCHEDULED","timestamp":"2026-08-15T20:40:41.930Z","token_ready":true,"user_ready":true,"show_login":false,"show_voip_tester":false,"selected_call_mode":"pstn_assist","voice_id":"nado-000006","token_summary":"len:30:passke...en_331","reason":"close:1006"}'
08-16 05:40:41.964  9580  9617 I ReactNativeJS: '[MISSED_CALL]', '{"event":"fetch","count":0}'
08-16 05:40:41.965  9580  9617 I ReactNativeJS: '[VoIPPendingIncoming]', '{"event":"REQUEST_RESULT","source":"pending_call_initial","token_summary":"len:30:passke...en_331","user_id":6,"status":401,"ok":false}'
08-16 05:40:41.965  9580  9617 I ReactNativeJS: '[VoIPPendingIncoming] fetch failed', 401
08-16 05:40:41.966  9580  9617 W ReactNativeJS: This method is deprecated (as well as all React Native Firebase namespaced API) and will be removed in the next major release as part of move to match Firebase Web modular SDK API. Please see migration guide for more details: https://rnfirebase.io/migrating-to-v22 Please use `getApp()` instead.
08-16 05:40:41.969  9580  9617 I ReactNativeJS: '[AUTH_FLOW]', '{"event":"AUTH_STORAGE_RESTORE_FOUND","user_id":6,"user_email":"119cash@naver.com"}'
08-16 05:40:41.970  9580  9617 I ReactNativeJS: '[AUTH_FLOW]', '{"event":"AUTH_STORAGE_RESTORE_APPLIED","user_id":6,"user_email":"119cash@naver.com"}'
08-16 05:40:41.973  9580  9617 I ReactNativeJS: '[UI_PRESS_PROBE]', '{"event":"VOIP_ACTIVE_CALL_RESUME_SKIPPED_AUTH","timestamp":"2026-08-15T20:40:41.972Z","token_ready":true,"user_ready":true,"show_login":false,"show_voip_tester":false,"selected_call_mode":"pstn_assist","source":"app_launch_resume","status":401,"last_call_id":null}'
08-16 05:40:42.005  9580  9617 W ReactNativeJS: This method is deprecated (as well as all React Native Firebase namespaced API) and will be removed in the next major release as part of move to match Firebase Web modular SDK API. Please see migration guide for more details: https://rnfirebase.io/migrating-to-v22 Please use `getApps()` instead.
08-16 05:40:42.005  9580  9617 W ReactNativeJS: This method is deprecated (as well as all React Native Firebase namespaced API) and will be removed in the next major release as part of move to match Firebase Web modular SDK API. Please see migration guide for more details: https://rnfirebase.io/migrating-to-v22 Please use `getApps()` instead.
08-16 05:40:42.005  9580  9617 W ReactNativeJS: This method is deprecated (as well as all React Native Firebase namespaced API) and will be removed in the next major release as part of move to match Firebase Web modular SDK API. Please see migration guide for more details: https://rnfirebase.io/migrating-to-v22 Please use `getApps()` instead.
08-16 05:40:42.006  9580  9617 W ReactNativeJS: This method is deprecated (as well as all React Native Firebase namespaced API) and will be removed in the next major release as part of move to match Firebase Web modular SDK API. Please see migration guide for more details: https://rnfirebase.io/migrating-to-v22 Please use `getApps()` instead.
08-16 05:40:42.008  9580  9617 I ReactNativeJS: '[VoIPPendingIncoming]', '{"event":"REQUEST_START","source":"pending_call_initial","token_summary":"len:30:passke...en_331","user_id":6,"has_pending_call":false,"has_active_call":false}'
08-16 05:40:42.010  9580  9617 I ReactNativeJS: '[UI_PRESS_PROBE]', '{"event":"VOIP_PRESENCE_CONNECT_ATTEMPT","timestamp":"2026-08-15T20:40:42.009Z","token_ready":true,"user_ready":true,"show_login":false,"show_voip_tester":false,"selected_call_mode":"pstn_assist","voice_id":"nado-000006","token_summary":"len:30:passke...en_331","reason":"effect_start","api_base":"https://metanova1004.com"}'
08-16 05:40:42.012  9580  9617 W ReactNativeJS: This method is deprecated (as well as all React Native Firebase namespaced API) and will be removed in the next major release as part of move to match Firebase Web modular SDK API. Please see migration guide for more details: https://rnfirebase.io/migrating-to-v22 Please use `getApp()` instead.
08-16 05:40:42.012  9580  9617 W ReactNativeJS: This method is deprecated (as well as all React Native Firebase namespaced API) and will be removed in the next major release as part of move to match Firebase Web modular SDK API. Please see migration guide for more details: https://rnfirebase.io/migrating-to-v22 Please use `getApp()` instead.
08-16 05:40:42.012  9580  9617 W ReactNativeJS: This method is deprecated (as well as all React Native Firebase namespaced API) and will be removed in the next major release as part of move to match Firebase Web modular SDK API. Please see migration guide for more details: https://rnfirebase.io/migrating-to-v22 Please use `getApp()` instead.
08-16 05:40:42.014  9580  9617 W ReactNativeJS: This method is deprecated (as well as all React Native Firebase namespaced API) and will be removed in the next major release as part of move to match Firebase Web modular SDK API. Please see migration guide for more details: https://rnfirebase.io/migrating-to-v22 Please use `getApp()` instead.
08-16 05:40:42.015  9580  9617 I ReactNativeJS: '[UI_PRESS_PROBE]', '{"event":"VOIP_NOTIFICATION_PERMISSION_STATUS","timestamp":"2026-08-15T20:40:42.015Z","token_ready":true,"user_ready":true,"show_login":false,"show_voip_tester":false,"selected_call_mode":"pstn_assist","notifications_enabled":true}'
08-16 05:40:42.019  9580  9617 W ReactNativeJS: This method is deprecated (as well as all React Native Firebase namespaced API) and will be removed in the next major release as part of move to match Firebase Web modular SDK API. Please see migration guide for more details: https://rnfirebase.io/migrating-to-v22 Please use `getApp()` instead.
08-16 05:40:42.022  9580  9617 I ReactNativeJS: '[DEEP_LINK_TRACE]', '{"source":"initial_url","outcome":"empty_url"}'
08-16 05:40:42.027  9580  9617 I ReactNativeJS: '[UI_PRESS_PROBE]', '{"event":"VOIP_PRESENCE_ERROR","timestamp":"2026-08-15T20:40:42.026Z","token_ready":true,"user_ready":true,"show_login":false,"show_voip_tester":false,"selected_call_mode":"pstn_assist","voice_id":"nado-000006","token_summary":"len:30:passke...en_331","reason":"effect_start"}'
08-16 05:40:42.027  9580  9617 I ReactNativeJS: '[UI_PRESS_PROBE]', '{"event":"VOIP_PRESENCE_CLOSED","timestamp":"2026-08-15T20:40:42.027Z","token_ready":true,"user_ready":true,"show_login":false,"show_voip_tester":false,"selected_call_mode":"pstn_assist","voice_id":"nado-000006","token_summary":"len:30:passke...en_331","reason":"effect_start","code":1006}'
08-16 05:40:42.027  9580  9617 I ReactNativeJS: '[UI_PRESS_PROBE]', '{"event":"VOIP_PRESENCE_RETRY_SCHEDULED","timestamp":"2026-08-15T20:40:42.027Z","token_ready":true,"user_ready":true,"show_login":false,"show_voip_tester":false,"selected_call_mode":"pstn_assist","voice_id":"nado-000006","token_summary":"len:30:passke...en_331","reason":"close:1006"}'
08-16 05:40:42.077  9580  9617 W ReactNativeJS: This method is deprecated (as well as all React Native Firebase namespaced API) and will be removed in the next major release as part of move to match Firebase Web modular SDK API. Please see migration guide for more details: https://rnfirebase.io/migrating-to-v22 Please use `getApp()` instead.
08-16 05:40:42.079  9580  9617 I ReactNativeJS: '[VoIPPendingIncoming]', '{"event":"REQUEST_RESULT","source":"pending_call_initial","token_summary":"len:30:passke...en_331","user_id":6,"status":401,"ok":false}'
08-16 05:40:42.080  9580  9617 I ReactNativeJS: '[VoIPPendingIncoming] fetch failed', 401
08-16 05:40:42.081  9580  9617 I ReactNativeJS: '[MISSED_CALL]', '{"event":"fetch","count":0}'
08-16 05:40:42.101  9580  9617 I ReactNativeJS: '[AUTH_FLOW]', '{"event":"AUTH_STORAGE_RESTORE_FOUND","user_id":6,"user_email":"119cash@naver.com"}'
08-16 05:40:42.101  9580  9617 I ReactNativeJS: '[AUTH_FLOW]', '{"event":"AUTH_STORAGE_RESTORE_APPLIED","user_id":6,"user_email":"119cash@naver.com"}'
08-16 05:40:42.105  9580  9617 I ReactNativeJS: '[UI_PRESS_PROBE]', '{"event":"VOIP_ACTIVE_CALL_RESUME_SKIPPED_AUTH","timestamp":"2026-08-15T20:40:42.104Z","token_ready":true,"user_ready":true,"show_login":false,"show_voip_tester":false,"selected_call_mode":"pstn_assist","source":"app_launch_resume","status":401,"last_call_id":null}'
08-16 05:40:42.138  9580  9617 W ReactNativeJS: This method is deprecated (as well as all React Native Firebase namespaced API) and will be removed in the next major release as part of move to match Firebase Web modular SDK API. Please see migration guide for more details: https://rnfirebase.io/migrating-to-v22 Please use `getApps()` instead.
08-16 05:40:42.138  9580  9617 W ReactNativeJS: This method is deprecated (as well as all React Native Firebase namespaced API) and will be removed in the next major release as part of move to match Firebase Web modular SDK API. Please see migration guide for more details: https://rnfirebase.io/migrating-to-v22 Please use `getApps()` instead.
08-16 05:40:42.138  9580  9617 W ReactNativeJS: This method is deprecated (as well as all React Native Firebase namespaced API) and will be removed in the next major release as part of move to match Firebase Web modular SDK API. Please see migration guide for more details: https://rnfirebase.io/migrating-to-v22 Please use `getApps()` instead.
08-16 05:40:42.139  9580  9617 W ReactNativeJS: This method is deprecated (as well as all React Native Firebase namespaced API) and will be removed in the next major release as part of move to match Firebase Web modular SDK API. Please see migration guide for more details: https://rnfirebase.io/migrating-to-v22 Please use `getApps()` instead.
08-16 05:40:42.141  9580  9617 I ReactNativeJS: '[VoIPPendingIncoming]', '{"event":"REQUEST_START","source":"pending_call_initial","token_summary":"len:30:passke...en_331","user_id":6,"has_pending_call":false,"has_active_call":false}'
08-16 05:40:42.143  9580  9617 I ReactNativeJS: '[UI_PRESS_PROBE]', '{"event":"VOIP_PRESENCE_CONNECT_ATTEMPT","timestamp":"2026-08-15T20:40:42.142Z","token_ready":true,"user_ready":true,"show_login":false,"show_voip_tester":false,"selected_call_mode":"pstn_assist","voice_id":"nado-000006","token_summary":"len:30:passke...en_331","reason":"effect_start","api_base":"https://metanova1004.com"}'
08-16 05:40:42.144  9580  9617 W ReactNativeJS: This method is deprecated (as well as all React Native Firebase namespaced API) and will be removed in the next major release as part of move to match Firebase Web modular SDK API. Please see migration guide for more details: https://rnfirebase.io/migrating-to-v22 Please use `getApp()` instead.
08-16 05:40:42.144  9580  9617 W ReactNativeJS: This method is deprecated (as well as all React Native Firebase namespaced API) and will be removed in the next major release as part of move to match Firebase Web modular SDK API. Please see migration guide for more details: https://rnfirebase.io/migrating-to-v22 Please use `getApp()` instead.
08-16 05:40:42.144  9580  9617 W ReactNativeJS: This method is deprecated (as well as all React Native Firebase namespaced API) and will be removed in the next major release as part of move to match Firebase Web modular SDK API. Please see migration guide for more details: https://rnfirebase.io/migrating-to-v22 Please use `getApp()` instead.
08-16 05:40:42.146  9580  9617 W ReactNativeJS: This method is deprecated (as well as all React Native Firebase namespaced API) and will be removed in the next major release as part of move to match Firebase Web modular SDK API. Please see migration guide for more details: https://rnfirebase.io/migrating-to-v22 Please use `getApp()` instead.
08-16 05:40:42.147  9580  9617 I ReactNativeJS: '[UI_PRESS_PROBE]', '{"event":"VOIP_NOTIFICATION_PERMISSION_STATUS","timestamp":"2026-08-15T20:40:42.146Z","token_ready":true,"user_ready":true,"show_login":false,"show_voip_tester":false,"selected_call_mode":"pstn_assist","notifications_enabled":true}'
08-16 05:40:42.149  9580  9617 I ReactNativeJS: '[DEEP_LINK_TRACE]', '{"source":"initial_url","outcome":"empty_url"}'
08-16 05:40:42.176  9580  9617 I ReactNativeJS: '[UI_PRESS_PROBE]', '{"event":"VOIP_PRESENCE_ERROR","timestamp":"2026-08-15T20:40:42.176Z","token_ready":true,"user_ready":true,"show_login":false,"show_voip_tester":false,"selected_call_mode":"pstn_assist","voice_id":"nado-000006","token_summary":"len:30:passke...en_331","reason":"effect_start"}'
08-16 05:40:42.177  9580  9617 I ReactNativeJS: '[UI_PRESS_PROBE]', '{"event":"VOIP_PRESENCE_CLOSED","timestamp":"2026-08-15T20:40:42.177Z","token_ready":true,"user_ready":true,"show_login":false,"show_voip_tester":false,"selected_call_mode":"pstn_assist","voice_id":"nado-000006","token_summary":"len:30:passke...en_331","reason":"effect_start","code":1006}'
08-16 05:40:42.177  9580  9617 I ReactNativeJS: '[UI_PRESS_PROBE]', '{"event":"VOIP_PRESENCE_RETRY_SCHEDULED","timestamp":"2026-08-15T20:40:42.177Z","token_ready":true,"user_ready":true,"show_login":false,"show_voip_tester":false,"selected_call_mode":"pstn_assist","voice_id":"nado-000006","token_summary":"len:30:passke...en_331","reason":"close:1006"}'
08-16 05:40:42.181  9580  9617 I ReactNativeJS: '[VoIPPendingIncoming]', '{"event":"REQUEST_RESULT","source":"pending_call_initial","token_summary":"len:30:passke...en_331","user_id":6,"status":401,"ok":false}'
08-16 05:40:42.182  9580  9617 I ReactNativeJS: '[VoIPPendingIncoming] fetch failed', 401
08-16 05:40:42.183  9580  9617 I ReactNativeJS: '[MISSED_CALL]', '{"event":"fetch","count":0}'
08-16 05:40:42.211  9580  9617 W ReactNativeJS: This method is deprecated (as well as all React Native Firebase namespaced API) and will be removed in the next major release as part of move to match Firebase Web modular SDK API. Please see migration guide for more details: https://rnfirebase.io/migrating-to-v22 Please use `getApp()` instead.
08-16 05:40:42.215  9580  9617 I ReactNativeJS: '[AUTH_FLOW]', '{"event":"AUTH_STORAGE_RESTORE_FOUND","user_id":6,"user_email":"119cash@naver.com"}'
08-16 05:40:42.215  9580  9617 I ReactNativeJS: '[AUTH_FLOW]', '{"event":"AUTH_STORAGE_RESTORE_APPLIED","user_id":6,"user_email":"119cash@naver.com"}'
08-16 05:40:42.218  9580  9617 I ReactNativeJS: '[UI_PRESS_PROBE]', '{"event":"VOIP_ACTIVE_CALL_RESUME_SKIPPED_AUTH","timestamp":"2026-08-15T20:40:42.217Z","token_ready":true,"user_ready":true,"show_login":false,"show_voip_tester":false,"selected_call_mode":"pstn_assist","source":"app_launch_resume","status":401,"last_call_id":null}'
08-16 05:40:42.251  9580  9617 W ReactNativeJS: This method is deprecated (as well as all React Native Firebase namespaced API) and will be removed in the next major release as part of move to match Firebase Web modular SDK API. Please see migration guide for more details: https://rnfirebase.io/migrating-to-v22 Please use `getApps()` instead.
08-16 05:40:42.252  9580  9617 W ReactNativeJS: This method is deprecated (as well as all React Native Firebase namespaced API) and will be removed in the next major release as part of move to match Firebase Web modular SDK API. Please see migration guide for more details: https://rnfirebase.io/migrating-to-v22 Please use `getApps()` instead.
08-16 05:40:42.252  9580  9617 W ReactNativeJS: This method is deprecated (as well as all React Native Firebase namespaced API) and will be removed in the next major release as part of move to match Firebase Web modular SDK API. Please see migration guide for more details: https://rnfirebase.io/migrating-to-v22 Please use `getApps()` instead.
08-16 05:40:42.253  9580  9617 W ReactNativeJS: This method is deprecated (as well as all React Native Firebase namespaced API) and will be removed in the next major release as part of move to match Firebase Web modular SDK API. Please see migration guide for more details: https://rnfirebase.io/migrating-to-v22 Please use `getApps()` instead.
08-16 05:40:42.256  9580  9617 I ReactNativeJS: '[VoIPPendingIncoming]', '{"event":"REQUEST_START","source":"pending_call_initial","token_summary":"len:30:passke...en_331","user_id":6,"has_pending_call":false,"has_active_call":false}'
08-16 05:40:42.258  9580  9617 I ReactNativeJS: '[UI_PRESS_PROBE]', '{"event":"VOIP_PRESENCE_CONNECT_ATTEMPT","timestamp":"2026-08-15T20:40:42.257Z","token_ready":true,"user_ready":true,"show_login":false,"show_voip_tester":false,"selected_call_mode":"pstn_assist","voice_id":"nado-000006","token_summary":"len:30:passke...en_331","reason":"effect_start","api_base":"https://metanova1004.com"}'
08-16 05:40:42.261  9580  9617 W ReactNativeJS: This method is deprecated (as well as all React Native Firebase namespaced API) and will be removed in the next major release as part of move to match Firebase Web modular SDK API. Please see migration guide for more details: https://rnfirebase.io/migrating-to-v22 Please use `getApp()` instead.
08-16 05:40:42.261  9580  9617 W ReactNativeJS: This method is deprecated (as well as all React Native Firebase namespaced API) and will be removed in the next major release as part of move to match Firebase Web modular SDK API. Please see migration guide for more details: https://rnfirebase.io/migrating-to-v22 Please use `getApp()` instead.
08-16 05:40:42.261  9580  9617 W ReactNativeJS: This method is deprecated (as well as all React Native Firebase namespaced API) and will be removed in the next major release as part of move to match Firebase Web modular SDK API. Please see migration guide for more details: https://rnfirebase.io/migrating-to-v22 Please use `getApp()` instead.
08-16 05:40:42.263  9580  9617 W ReactNativeJS: This method is deprecated (as well as all React Native Firebase namespaced API) and will be removed in the next major release as part of move to match Firebase Web modular SDK API. Please see migration guide for more details: https://rnfirebase.io/migrating-to-v22 Please use `getApp()` instead.
08-16 05:40:42.264  9580  9617 I ReactNativeJS: '[UI_PRESS_PROBE]', '{"event":"VOIP_NOTIFICATION_PERMISSION_STATUS","timestamp":"2026-08-15T20:40:42.264Z","token_ready":true,"user_ready":true,"show_login":false,"show_voip_tester":false,"selected_call_mode":"pstn_assist","notifications_enabled":true}'
08-16 05:40:42.270  9580  9617 I ReactNativeJS: '[DEEP_LINK_TRACE]', '{"source":"initial_url","outcome":"empty_url"}'
08-16 05:40:42.301  9580  9617 I ReactNativeJS: '[UI_PRESS_PROBE]', '{"event":"VOIP_PRESENCE_ERROR","timestamp":"2026-08-15T20:40:42.300Z","token_ready":true,"user_ready":true,"show_login":false,"show_voip_tester":false,"selected_call_mode":"pstn_assist","voice_id":"nado-000006","token_summary":"len:30:passke...en_331","reason":"effect_start"}'
08-16 05:40:42.301  9580  9617 I ReactNativeJS: '[UI_PRESS_PROBE]', '{"event":"VOIP_PRESENCE_CLOSED","timestamp":"2026-08-15T20:40:42.301Z","token_ready":true,"user_ready":true,"show_login":false,"show_voip_tester":false,"selected_call_mode":"pstn_assist","voice_id":"nado-000006","token_summary":"len:30:passke...en_331","reason":"effect_start","code":1006}'
08-16 05:40:42.301  9580  9617 I ReactNativeJS: '[UI_PRESS_PROBE]', '{"event":"VOIP_PRESENCE_RETRY_SCHEDULED","timestamp":"2026-08-15T20:40:42.301Z","token_ready":true,"user_ready":true,"show_login":false,"show_voip_tester":false,"selected_call_mode":"pstn_assist","voice_id":"nado-000006","token_summary":"len:30:passke...en_331","reason":"close:1006"}'
08-16 05:40:42.336  9580  9617 W ReactNativeJS: This method is deprecated (as well as all React Native Firebase namespaced API) and will be removed in the next major release as part of move to match Firebase Web modular SDK API. Please see migration guide for more details: https://rnfirebase.io/migrating-to-v22 Please use `getApp()` instead.
08-16 05:40:42.338  9580  9617 I ReactNativeJS: '[MISSED_CALL]', '{"event":"fetch","count":0}'
08-16 05:40:42.339  9580  9617 I ReactNativeJS: '[VoIPPendingIncoming]', '{"event":"REQUEST_RESULT","source":"pending_call_initial","token_summary":"len:30:passke...en_331","user_id":6,"status":401,"ok":false}'
08-16 05:40:42.339  9580  9617 I ReactNativeJS: '[VoIPPendingIncoming] fetch failed', 401
08-16 05:40:42.352  9580  9617 I ReactNativeJS: '[UI_PRESS_PROBE]', '{"event":"VOIP_ACTIVE_CALL_RESUME_SKIPPED_AUTH","timestamp":"2026-08-15T20:40:42.352Z","token_ready":true,"user_ready":true,"show_login":false,"show_voip_tester":false,"selected_call_mode":"pstn_assist","source":"app_launch_resume","status":401,"last_call_id":null}'
08-16 05:40:42.403  9580  9617 I ReactNativeJS: '[AUTH_FLOW]', '{"event":"AUTH_STORAGE_RESTORE_FOUND","user_id":6,"user_email":"119cash@naver.com"}'
08-16 05:40:42.403  9580  9617 I ReactNativeJS: '[AUTH_FLOW]', '{"event":"AUTH_STORAGE_RESTORE_APPLIED","user_id":6,"user_email":"119cash@naver.com"}'
08-16 05:40:42.432  9580  9617 W ReactNativeJS: This method is deprecated (as well as all React Native Firebase namespaced API) and will be removed in the next major release as part of move to match Firebase Web modular SDK API. Please see migration guide for more details: https://rnfirebase.io/migrating-to-v22 Please use `getApps()` instead.
08-16 05:40:42.432  9580  9617 W ReactNativeJS: This method is deprecated (as well as all React Native Firebase namespaced API) and will be removed in the next major release as part of move to match Firebase Web modular SDK API. Please see migration guide for more details: https://rnfirebase.io/migrating-to-v22 Please use `getApps()` instead.
08-16 05:40:42.432  9580  9617 W ReactNativeJS: This method is deprecated (as well as all React Native Firebase namespaced API) and will be removed in the next major release as part of move to match Firebase Web modular SDK API. Please see migration guide for more details: https://rnfirebase.io/migrating-to-v22 Please use `getApps()` instead.
08-16 05:40:42.433  9580  9617 W ReactNativeJS: This method is deprecated (as well as all React Native Firebase namespaced API) and will be removed in the next major release as part of move to match Firebase Web modular SDK API. Please see migration guide for more details: https://rnfirebase.io/migrating-to-v22 Please use `getApps()` instead.
08-16 05:40:42.434  9580  9617 I ReactNativeJS: '[VoIPPendingIncoming]', '{"event":"REQUEST_START","source":"pending_call_initial","token_summary":"len:30:passke...en_331","user_id":6,"has_pending_call":false,"has_active_call":false}'
08-16 05:40:42.436  9580  9617 I ReactNativeJS: '[UI_PRESS_PROBE]', '{"event":"VOIP_PRESENCE_CONNECT_ATTEMPT","timestamp":"2026-08-15T20:40:42.436Z","token_ready":true,"user_ready":true,"show_login":false,"show_voip_tester":false,"selected_call_mode":"pstn_assist","voice_id":"nado-000006","token_summary":"len:30:passke...en_331","reason":"effect_start","api_base":"https://metanova1004.com"}'
08-16 05:40:42.437  9580  9617 W ReactNativeJS: This method is deprecated (as well as all React Native Firebase namespaced API) and will be removed in the next major release as part of move to match Firebase Web modular SDK API. Please see migration guide for more details: https://rnfirebase.io/migrating-to-v22 Please use `getApp()` instead.
08-16 05:40:42.438  9580  9617 W ReactNativeJS: This method is deprecated (as well as all React Native Firebase namespaced API) and will be removed in the next major release as part of move to match Firebase Web modular SDK API. Please see migration guide for more details: https://rnfirebase.io/migrating-to-v22 Please use `getApp()` instead.
08-16 05:40:42.438  9580  9617 W ReactNativeJS: This method is deprecated (as well as all React Native Firebase namespaced API) and will be removed in the next major release as part of move to match Firebase Web modular SDK API. Please see migration guide for more details: https://rnfirebase.io/migrating-to-v22 Please use `getApp()` instead.
08-16 05:40:42.439  9580  9617 W ReactNativeJS: This method is deprecated (as well as all React Native Firebase namespaced API) and will be removed in the next major release as part of move to match Firebase Web modular SDK API. Please see migration guide for more details: https://rnfirebase.io/migrating-to-v22 Please use `getApp()` instead.
08-16 05:40:42.440  9580  9617 I ReactNativeJS: '[UI_PRESS_PROBE]', '{"event":"VOIP_NOTIFICATION_PERMISSION_STATUS","timestamp":"2026-08-15T20:40:42.440Z","token_ready":true,"user_ready":true,"show_login":false,"show_voip_tester":false,"selected_call_mode":"pstn_assist","notifications_enabled":true}'
08-16 05:40:42.444  9580  9617 I ReactNativeJS: '[DEEP_LINK_TRACE]', '{"source":"initial_url","outcome":"empty_url"}'
08-16 05:40:42.472  9580  9617 I ReactNativeJS: '[UI_PRESS_PROBE]', '{"event":"VOIP_PRESENCE_ERROR","timestamp":"2026-08-15T20:40:42.472Z","token_ready":true,"user_ready":true,"show_login":false,"show_voip_tester":false,"selected_call_mode":"pstn_assist","voice_id":"nado-000006","token_summary":"len:30:passke...en_331","reason":"effect_start"}'
08-16 05:40:42.473  9580  9617 I ReactNativeJS: '[UI_PRESS_PROBE]', '{"event":"VOIP_PRESENCE_CLOSED","timestamp":"2026-08-15T20:40:42.472Z","token_ready":true,"user_ready":true,"show_login":false,"show_voip_tester":false,"selected_call_mode":"pstn_assist","voice_id":"nado-000006","token_summary":"len:30:passke...en_331","reason":"effect_start","code":1006}'
08-16 05:40:42.473  9580  9617 I ReactNativeJS: '[UI_PRESS_PROBE]', '{"event":"VOIP_PRESENCE_RETRY_SCHEDULED","timestamp":"2026-08-15T20:40:42.473Z","token_ready":true,"user_ready":true,"show_login":false,"show_voip_tester":false,"selected_call_mode":"pstn_assist","voice_id":"nado-000006","token_summary":"len:30:passke...en_331","reason":"close:1006"}'
08-16 05:40:42.474  9580  9617 W ReactNativeJS: This method is deprecated (as well as all React Native Firebase namespaced API) and will be removed in the next major release as part of move to match Firebase Web modular SDK API. Please see migration guide for more details: https://rnfirebase.io/migrating-to-v22 Please use `getApp()` instead.
08-16 05:40:42.530  9580  9617 I ReactNativeJS: '[MISSED_CALL]', '{"event":"fetch","count":0}'
08-16 05:40:42.531  9580  9617 I ReactNativeJS: '[VoIPPendingIncoming]', '{"event":"REQUEST_RESULT","source":"pending_call_initial","token_summary":"len:30:passke...en_331","user_id":6,"status":401,"ok":false}'
08-16 05:40:42.531  9580  9617 I ReactNativeJS: '[VoIPPendingIncoming] fetch failed', 401
08-16 05:40:42.533  9580  9617 W ReactNativeJS: This method is deprecated (as well as all React Native Firebase namespaced API) and will be removed in the next major release as part of move to match Firebase Web modular SDK API. Please see migration guide for more details: https://rnfirebase.io/migrating-to-v22 Please use `getApp()` instead.
08-16 05:40:42.573  9580  9617 I ReactNativeJS: '[AUTH_FLOW]', '{"event":"AUTH_STORAGE_RESTORE_FOUND","user_id":6,"user_email":"119cash@naver.com"}'
08-16 05:40:42.574  9580  9617 I ReactNativeJS: '[AUTH_FLOW]', '{"event":"AUTH_STORAGE_RESTORE_APPLIED","user_id":6,"user_email":"119cash@naver.com"}'
08-16 05:40:42.576  9580  9617 I ReactNativeJS: '[UI_PRESS_PROBE]', '{"event":"VOIP_ACTIVE_CALL_RESUME_SKIPPED_AUTH","timestamp":"2026-08-15T20:40:42.576Z","token_ready":true,"user_ready":true,"show_login":false,"show_voip_tester":false,"selected_call_mode":"pstn_assist","source":"app_launch_resume","status":401,"last_call_id":null}'
08-16 05:40:42.601  9580  9617 W ReactNativeJS: This method is deprecated (as well as all React Native Firebase namespaced API) and will be removed in the next major release as part of move to match Firebase Web modular SDK API. Please see migration guide for more details: https://rnfirebase.io/migrating-to-v22 Please use `getApps()` instead.
08-16 05:40:42.601  9580  9617 W ReactNativeJS: This method is deprecated (as well as all React Native Firebase namespaced API) and will be removed in the next major release as part of move to match Firebase Web modular SDK API. Please see migration guide for more details: https://rnfirebase.io/migrating-to-v22 Please use `getApps()` instead.
08-16 05:40:42.601  9580  9617 W ReactNativeJS: This method is deprecated (as well as all React Native Firebase namespaced API) and will be removed in the next major release as part of move to match Firebase Web modular SDK API. Please see migration guide for more details: https://rnfirebase.io/migrating-to-v22 Please use `getApps()` instead.
08-16 05:40:42.602  9580  9617 W ReactNativeJS: This method is deprecated (as well as all React Native Firebase namespaced API) and will be removed in the next major release as part of move to match Firebase Web modular SDK API. Please see migration guide for more details: https://rnfirebase.io/migrating-to-v22 Please use `getApps()` instead.
08-16 05:40:42.603  9580  9617 I ReactNativeJS: '[VoIPPendingIncoming]', '{"event":"REQUEST_START","source":"pending_call_initial","token_summary":"len:30:passke...en_331","user_id":6,"has_pending_call":false,"has_active_call":false}'
08-16 05:40:42.605  9580  9617 I ReactNativeJS: '[UI_PRESS_PROBE]', '{"event":"VOIP_PRESENCE_CONNECT_ATTEMPT","timestamp":"2026-08-15T20:40:42.604Z","token_ready":true,"user_ready":true,"show_login":false,"show_voip_tester":false,"selected_call_mode":"pstn_assist","voice_id":"nado-000006","token_summary":"len:30:passke...en_331","reason":"effect_start","api_base":"https://metanova1004.com"}'
08-16 05:40:42.606  9580  9617 W ReactNativeJS: This method is deprecated (as well as all React Native Firebase namespaced API) and will be removed in the next major release as part of move to match Firebase Web modular SDK API. Please see migration guide for more details: https://rnfirebase.io/migrating-to-v22 Please use `getApp()` instead.
08-16 05:40:42.606  9580  9617 W ReactNativeJS: This method is deprecated (as well as all React Native Firebase namespaced API) and will be removed in the next major release as part of move to match Firebase Web modular SDK API. Please see migration guide for more details: https://rnfirebase.io/migrating-to-v22 Please use `getApp()` instead.
08-16 05:40:42.606  9580  9617 W ReactNativeJS: This method is deprecated (as well as all React Native Firebase namespaced API) and will be removed in the next major release as part of move to match Firebase Web modular SDK API. Please see migration guide for more details: https://rnfirebase.io/migrating-to-v22 Please use `getApp()` instead.
08-16 05:40:42.608  9580  9617 W ReactNativeJS: This method is deprecated (as well as all React Native Firebase namespaced API) and will be removed in the next major release as part of move to match Firebase Web modular SDK API. Please see migration guide for more details: https://rnfirebase.io/migrating-to-v22 Please use `getApp()` instead.
08-16 05:40:42.609  9580  9617 I ReactNativeJS: '[UI_PRESS_PROBE]', '{"event":"VOIP_NOTIFICATION_PERMISSION_STATUS","timestamp":"2026-08-15T20:40:42.608Z","token_ready":true,"user_ready":true,"show_login":false,"show_voip_tester":false,"selected_call_mode":"pstn_assist","notifications_enabled":true}'
08-16 05:40:42.610  9580  9617 I ReactNativeJS: '[DEEP_LINK_TRACE]', '{"source":"initial_url","outcome":"empty_url"}'
08-16 05:40:42.656  9580  9617 I ReactNativeJS: '[UI_PRESS_PROBE]', '{"event":"VOIP_PRESENCE_ERROR","timestamp":"2026-08-15T20:40:42.655Z","token_ready":true,"user_ready":true,"show_login":false,"show_voip_tester":false,"selected_call_mode":"pstn_assist","voice_id":"nado-000006","token_summary":"len:30:passke...en_331","reason":"effect_start"}'
08-16 05:40:42.656  9580  9617 I ReactNativeJS: '[UI_PRESS_PROBE]', '{"event":"VOIP_PRESENCE_CLOSED","timestamp":"2026-08-15T20:40:42.656Z","token_ready":true,"user_ready":true,"show_login":false,"show_voip_tester":false,"selected_call_mode":"pstn_assist","voice_id":"nado-000006","token_summary":"len:30:passke...en_331","reason":"effect_start","code":1006}'
08-16 05:40:42.656  9580  9617 I ReactNativeJS: '[UI_PRESS_PROBE]', '{"event":"VOIP_PRESENCE_RETRY_SCHEDULED","timestamp":"2026-08-15T20:40:42.656Z","token_ready":true,"user_ready":true,"show_login":false,"show_voip_tester":false,"selected_call_mode":"pstn_assist","voice_id":"nado-000006","token_summary":"len:30:passke...en_331","reason":"close:1006"}'
08-16 05:40:42.667  9580  9617 I ReactNativeJS: '[MISSED_CALL]', '{"event":"fetch","count":0}'
08-16 05:40:42.668  9580  9617 I ReactNativeJS: '[VoIPPendingIncoming]', '{"event":"REQUEST_RESULT","source":"pending_call_initial","token_summary":"len:30:passke...en_331","user_id":6,"status":401,"ok":false}'
08-16 05:40:42.668  9580  9617 I ReactNativeJS: '[VoIPPendingIncoming] fetch failed', 401
08-16 05:40:42.670  9580  9617 W ReactNativeJS: This method is deprecated (as well as all React Native Firebase namespaced API) and will be removed in the next major release as part of move to match Firebase Web modular SDK API. Please see migration guide for more details: https://rnfirebase.io/migrating-to-v22 Please use `getApp()` instead.
08-16 05:40:42.674  9580  9617 I ReactNativeJS: '[UI_PRESS_PROBE]', '{"event":"VOIP_ACTIVE_CALL_RESUME_SKIPPED_AUTH","timestamp":"2026-08-15T20:40:42.674Z","token_ready":true,"user_ready":true,"show_login":false,"show_voip_tester":false,"selected_call_mode":"pstn_assist","source":"app_launch_resume","status":401,"last_call_id":null}'
08-16 05:40:42.699  9580  9617 I ReactNativeJS: '[AUTH_FLOW]', '{"event":"AUTH_STORAGE_RESTORE_FOUND","user_id":6,"user_email":"119cash@naver.com"}'
08-16 05:40:42.699  9580  9617 I ReactNativeJS: '[AUTH_FLOW]', '{"event":"AUTH_STORAGE_RESTORE_APPLIED","user_id":6,"user_email":"119cash@naver.com"}'
08-16 05:40:42.728  9580  9617 W ReactNativeJS: This method is deprecated (as well as all React Native Firebase namespaced API) and will be removed in the next major release as part of move to match Firebase Web modular SDK API. Please see migration guide for more details: https://rnfirebase.io/migrating-to-v22 Please use `getApps()` instead.
08-16 05:40:42.728  9580  9617 W ReactNativeJS: This method is deprecated (as well as all React Native Firebase namespaced API) and will be removed in the next major release as part of move to match Firebase Web modular SDK API. Please see migration guide for more details: https://rnfirebase.io/migrating-to-v22 Please use `getApps()` instead.
08-16 05:40:42.728  9580  9617 W ReactNativeJS: This method is deprecated (as well as all React Native Firebase namespaced API) and will be removed in the next major release as part of move to match Firebase Web modular SDK API. Please see migration guide for more details: https://rnfirebase.io/migrating-to-v22 Please use `getApps()` instead.
08-16 05:40:42.729  9580  9617 W ReactNativeJS: This method is deprecated (as well as all React Native Firebase namespaced API) and will be removed in the next major release as part of move to match Firebase Web modular SDK API. Please see migration guide for more details: https://rnfirebase.io/migrating-to-v22 Please use `getApps()` instead.
08-16 05:40:42.731  9580  9617 I ReactNativeJS: '[VoIPPendingIncoming]', '{"event":"REQUEST_START","source":"pending_call_initial","token_summary":"len:30:passke...en_331","user_id":6,"has_pending_call":false,"has_active_call":false}'
08-16 05:40:42.732  9580  9617 I ReactNativeJS: '[UI_PRESS_PROBE]', '{"event":"VOIP_PRESENCE_CONNECT_ATTEMPT","timestamp":"2026-08-15T20:40:42.732Z","token_ready":true,"user_ready":true,"show_login":false,"show_voip_tester":false,"selected_call_mode":"pstn_assist","voice_id":"nado-000006","token_summary":"len:30:passke...en_331","reason":"effect_start","api_base":"https://metanova1004.com"}'
08-16 05:40:42.733  9580  9617 W ReactNativeJS: This method is deprecated (as well as all React Native Firebase namespaced API) and will be removed in the next major release as part of move to match Firebase Web modular SDK API. Please see migration guide for more details: https://rnfirebase.io/migrating-to-v22 Please use `getApp()` instead.
08-16 05:40:42.734  9580  9617 W ReactNativeJS: This method is deprecated (as well as all React Native Firebase namespaced API) and will be removed in the next major release as part of move to match Firebase Web modular SDK API. Please see migration guide for more details: https://rnfirebase.io/migrating-to-v22 Please use `getApp()` instead.
08-16 05:40:42.734  9580  9617 W ReactNativeJS: This method is deprecated (as well as all React Native Firebase namespaced API) and will be removed in the next major release as part of move to match Firebase Web modular SDK API. Please see migration guide for more details: https://rnfirebase.io/migrating-to-v22 Please use `getApp()` instead.
08-16 05:40:42.736  9580  9617 W ReactNativeJS: This method is deprecated (as well as all React Native Firebase namespaced API) and will be removed in the next major release as part of move to match Firebase Web modular SDK API. Please see migration guide for more details: https://rnfirebase.io/migrating-to-v22 Please use `getApp()` instead.
08-16 05:40:42.737  9580  9617 I ReactNativeJS: '[UI_PRESS_PROBE]', '{"event":"VOIP_NOTIFICATION_PERMISSION_STATUS","timestamp":"2026-08-15T20:40:42.736Z","token_ready":true,"user_ready":true,"show_login":false,"show_voip_tester":false,"selected_call_mode":"pstn_assist","notifications_enabled":true}'
08-16 05:40:42.738  9580  9617 I ReactNativeJS: '[DEEP_LINK_TRACE]', '{"source":"initial_url","outcome":"empty_url"}'
08-16 05:40:42.765  9580  9617 I ReactNativeJS: '[UI_PRESS_PROBE]', '{"event":"VOIP_PRESENCE_ERROR","timestamp":"2026-08-15T20:40:42.764Z","token_ready":true,"user_ready":true,"show_login":false,"show_voip_tester":false,"selected_call_mode":"pstn_assist","voice_id":"nado-000006","token_summary":"len:30:passke...en_331","reason":"effect_start"}'
08-16 05:40:42.765  9580  9617 I ReactNativeJS: '[UI_PRESS_PROBE]', '{"event":"VOIP_PRESENCE_CLOSED","timestamp":"2026-08-15T20:40:42.765Z","token_ready":true,"user_ready":true,"show_login":false,"show_voip_tester":false,"selected_call_mode":"pstn_assist","voice_id":"nado-000006","token_summary":"len:30:passke...en_331","reason":"effect_start","code":1006}'
08-16 05:40:42.766  9580  9617 I ReactNativeJS: '[UI_PRESS_PROBE]', '{"event":"VOIP_PRESENCE_RETRY_SCHEDULED","timestamp":"2026-08-15T20:40:42.765Z","token_ready":true,"user_ready":true,"show_login":false,"show_voip_tester":false,"selected_call_mode":"pstn_assist","voice_id":"nado-000006","token_summary":"len:30:passke...en_331","reason":"close:1006"}'
08-16 05:40:42.793  9580  9617 I ReactNativeJS: '[MISSED_CALL]', '{"event":"fetch","count":0}'
08-16 05:40:42.794  9580  9617 I ReactNativeJS: '[VoIPPendingIncoming]', '{"event":"REQUEST_RESULT","source":"pending_call_initial","token_summary":"len:30:passke...en_331","user_id":6,"status":401,"ok":false}'
08-16 05:40:42.794  9580  9617 I ReactNativeJS: '[VoIPPendingIncoming] fetch failed', 401
08-16 05:40:42.802  9580  9617 W ReactNativeJS: This method is deprecated (as well as all React Native Firebase namespaced API) and will be removed in the next major release as part of move to match Firebase Web modular SDK API. Please see migration guide for more details: https://rnfirebase.io/migrating-to-v22 Please use `getApp()` instead.
08-16 05:40:42.849  9580  9617 I ReactNativeJS: '[AUTH_FLOW]', '{"event":"AUTH_STORAGE_RESTORE_FOUND","user_id":6,"user_email":"119cash@naver.com"}'
08-16 05:40:42.849  9580  9617 I ReactNativeJS: '[AUTH_FLOW]', '{"event":"AUTH_STORAGE_RESTORE_APPLIED","user_id":6,"user_email":"119cash@naver.com"}'
08-16 05:40:42.852  9580  9617 I ReactNativeJS: '[UI_PRESS_PROBE]', '{"event":"VOIP_ACTIVE_CALL_RESUME_SKIPPED_AUTH","timestamp":"2026-08-15T20:40:42.851Z","token_ready":true,"user_ready":true,"show_login":false,"show_voip_tester":false,"selected_call_mode":"pstn_assist","source":"app_launch_resume","status":401,"last_call_id":null}'
08-16 05:40:42.876  9580  9617 W ReactNativeJS: This method is deprecated (as well as all React Native Firebase namespaced API) and will be removed in the next major release as part of move to match Firebase Web modular SDK API. Please see migration guide for more details: https://rnfirebase.io/migrating-to-v22 Please use `getApps()` instead.
08-16 05:40:42.877  9580  9617 W ReactNativeJS: This method is deprecated (as well as all React Native Firebase namespaced API) and will be removed in the next major release as part of move to match Firebase Web modular SDK API. Please see migration guide for more details: https://rnfirebase.io/migrating-to-v22 Please use `getApps()` instead.
08-16 05:40:42.877  9580  9617 W ReactNativeJS: This method is deprecated (as well as all React Native Firebase namespaced API) and will be removed in the next major release as part of move to match Firebase Web modular SDK API. Please see migration guide for more details: https://rnfirebase.io/migrating-to-v22 Please use `getApps()` instead.
08-16 05:40:42.878  9580  9617 W ReactNativeJS: This method is deprecated (as well as all React Native Firebase namespaced API) and will be removed in the next major release as part of move to match Firebase Web modular SDK API. Please see migration guide for more details: https://rnfirebase.io/migrating-to-v22 Please use `getApps()` instead.
08-16 05:40:42.880  9580  9617 I ReactNativeJS: '[VoIPPendingIncoming]', '{"event":"REQUEST_START","source":"pending_call_initial","token_summary":"len:30:passke...en_331","user_id":6,"has_pending_call":false,"has_active_call":false}'
08-16 05:40:42.881  9580  9617 I ReactNativeJS: '[UI_PRESS_PROBE]', '{"event":"VOIP_PRESENCE_CONNECT_ATTEMPT","timestamp":"2026-08-15T20:40:42.881Z","token_ready":true,"user_ready":true,"show_login":false,"show_voip_tester":false,"selected_call_mode":"pstn_assist","voice_id":"nado-000006","token_summary":"len:30:passke...en_331","reason":"effect_start","api_base":"https://metanova1004.com"}'
08-16 05:40:42.882  9580  9617 W ReactNativeJS: This method is deprecated (as well as all React Native Firebase namespaced API) and will be removed in the next major release as part of move to match Firebase Web modular SDK API. Please see migration guide for more details: https://rnfirebase.io/migrating-to-v22 Please use `getApp()` instead.
08-16 05:40:42.882  9580  9617 W ReactNativeJS: This method is deprecated (as well as all React Native Firebase namespaced API) and will be removed in the next major release as part of move to match Firebase Web modular SDK API. Please see migration guide for more details: https://rnfirebase.io/migrating-to-v22 Please use `getApp()` instead.
08-16 05:40:42.882  9580  9617 W ReactNativeJS: This method is deprecated (as well as all React Native Firebase namespaced API) and will be removed in the next major release as part of move to match Firebase Web modular SDK API. Please see migration guide for more details: https://rnfirebase.io/migrating-to-v22 Please use `getApp()` instead.
08-16 05:40:42.884  9580  9617 W ReactNativeJS: This method is deprecated (as well as all React Native Firebase namespaced API) and will be removed in the next major release as part of move to match Firebase Web modular SDK API. Please see migration guide for more details: https://rnfirebase.io/migrating-to-v22 Please use `getApp()` instead.
08-16 05:40:42.885  9580  9617 I ReactNativeJS: '[UI_PRESS_PROBE]', '{"event":"VOIP_NOTIFICATION_PERMISSION_STATUS","timestamp":"2026-08-15T20:40:42.885Z","token_ready":true,"user_ready":true,"show_login":false,"show_voip_tester":false,"selected_call_mode":"pstn_assist","notifications_enabled":true}'
08-16 05:40:42.887  9580  9617 I ReactNativeJS: '[DEEP_LINK_TRACE]', '{"source":"initial_url","outcome":"empty_url"}'
08-16 05:40:42.914  9580  9617 I ReactNativeJS: '[UI_PRESS_PROBE]', '{"event":"VOIP_PRESENCE_ERROR","timestamp":"2026-08-15T20:40:42.914Z","token_ready":true,"user_ready":true,"show_login":false,"show_voip_tester":false,"selected_call_mode":"pstn_assist","voice_id":"nado-000006","token_summary":"len:30:passke...en_331","reason":"effect_start"}'
08-16 05:40:42.914  9580  9617 I ReactNativeJS: '[UI_PRESS_PROBE]', '{"event":"VOIP_PRESENCE_CLOSED","timestamp":"2026-08-15T20:40:42.914Z","token_ready":true,"user_ready":true,"show_login":false,"show_voip_tester":false,"selected_call_mode":"pstn_assist","voice_id":"nado-000006","token_summary":"len:30:passke...en_331","reason":"effect_start","code":1006}'
08-16 05:40:42.915  9580  9617 I ReactNativeJS: '[UI_PRESS_PROBE]', '{"event":"VOIP_PRESENCE_RETRY_SCHEDULED","timestamp":"2026-08-15T20:40:42.914Z","token_ready":true,"user_ready":true,"show_login":false,"show_voip_tester":false,"selected_call_mode":"pstn_assist","voice_id":"nado-000006","token_summary":"len:30:passke...en_331","reason":"close:1006"}'
08-16 05:40:42.944  9580  9617 I ReactNativeJS: '[MISSED_CALL]', '{"event":"fetch","count":0}'
08-16 05:40:42.945  9580  9617 I ReactNativeJS: '[VoIPPendingIncoming]', '{"event":"REQUEST_RESULT","source":"pending_call_initial","token_summary":"len:30:passke...en_331","user_id":6,"status":401,"ok":false}'
08-16 05:40:42.945  9580  9617 I ReactNativeJS: '[VoIPPendingIncoming] fetch failed', 401
08-16 05:40:42.946  9580  9617 W ReactNativeJS: This method is deprecated (as well as all React Native Firebase namespaced API) and will be removed in the next major release as part of move to match Firebase Web modular SDK API. Please see migration guide for more details: https://rnfirebase.io/migrating-to-v22 Please use `getApp()` instead.
08-16 05:40:42.947  9580  9617 W ReactNativeJS: This method is deprecated (as well as all React Native Firebase namespaced API) and will be removed in the next major release as part of move to match Firebase Web modular SDK API. Please see migration guide for more details: https://rnfirebase.io/migrating-to-v22 Please use `getApp()` instead.
08-16 05:40:42.971  9580  9617 I ReactNativeJS: '[UI_PRESS_PROBE]', '{"event":"VOIP_ACTIVE_CALL_RESUME_SKIPPED_AUTH","timestamp":"2026-08-15T20:40:42.971Z","token_ready":true,"user_ready":true,"show_login":false,"show_voip_tester":false,"selected_call_mode":"pstn_assist","source":"app_launch_resume","status":401,"last_call_id":null}'
08-16 05:40:43.015  9580  9617 I ReactNativeJS: '[AUTH_FLOW]', '{"event":"AUTH_STORAGE_RESTORE_FOUND","user_id":6,"user_email":"119cash@naver.com"}'
08-16 05:40:43.016  9580  9617 I ReactNativeJS: '[AUTH_FLOW]', '{"event":"AUTH_STORAGE_RESTORE_APPLIED","user_id":6,"user_email":"119cash@naver.com"}'
08-16 05:40:43.043  9580  9617 W ReactNativeJS: This method is deprecated (as well as all React Native Firebase namespaced API) and will be removed in the next major release as part of move to match Firebase Web modular SDK API. Please see migration guide for more details: https://rnfirebase.io/migrating-to-v22 Please use `getApps()` instead.
08-16 05:40:43.043  9580  9617 W ReactNativeJS: This method is deprecated (as well as all React Native Firebase namespaced API) and will be removed in the next major release as part of move to match Firebase Web modular SDK API. Please see migration guide for more details: https://rnfirebase.io/migrating-to-v22 Please use `getApps()` instead.
08-16 05:40:43.044  9580  9617 W ReactNativeJS: This method is deprecated (as well as all React Native Firebase namespaced API) and will be removed in the next major release as part of move to match Firebase Web modular SDK API. Please see migration guide for more details: https://rnfirebase.io/migrating-to-v22 Please use `getApps()` instead.
08-16 05:40:43.044  9580  9617 W ReactNativeJS: This method is deprecated (as well as all React Native Firebase namespaced API) and will be removed in the next major release as part of move to match Firebase Web modular SDK API. Please see migration guide for more details: https://rnfirebase.io/migrating-to-v22 Please use `getApps()` instead.
08-16 05:40:43.046  9580  9617 I ReactNativeJS: '[VoIPPendingIncoming]', '{"event":"REQUEST_START","source":"pending_call_initial","token_summary":"len:30:passke...en_331","user_id":6,"has_pending_call":false,"has_active_call":false}'
08-16 05:40:43.048  9580  9617 I ReactNativeJS: '[UI_PRESS_PROBE]', '{"event":"VOIP_PRESENCE_CONNECT_ATTEMPT","timestamp":"2026-08-15T20:40:43.047Z","token_ready":true,"user_ready":true,"show_login":false,"show_voip_tester":false,"selected_call_mode":"pstn_assist","voice_id":"nado-000006","token_summary":"len:30:passke...en_331","reason":"effect_start","api_base":"https://metanova1004.com"}'
08-16 05:40:43.049  9580  9617 W ReactNativeJS: This method is deprecated (as well as all React Native Firebase namespaced API) and will be removed in the next major release as part of move to match Firebase Web modular SDK API. Please see migration guide for more details: https://rnfirebase.io/migrating-to-v22 Please use `getApp()` instead.
08-16 05:40:43.049  9580  9617 W ReactNativeJS: This method is deprecated (as well as all React Native Firebase namespaced API) and will be removed in the next major release as part of move to match Firebase Web modular SDK API. Please see migration guide for more details: https://rnfirebase.io/migrating-to-v22 Please use `getApp()` instead.
08-16 05:40:43.049  9580  9617 W ReactNativeJS: This method is deprecated (as well as all React Native Firebase namespaced API) and will be removed in the next major release as part of move to match Firebase Web modular SDK API. Please see migration guide for more details: https://rnfirebase.io/migrating-to-v22 Please use `getApp()` instead.
08-16 05:40:43.051  9580  9617 W ReactNativeJS: This method is deprecated (as well as all React Native Firebase namespaced API) and will be removed in the next major release as part of move to match Firebase Web modular SDK API. Please see migration guide for more details: https://rnfirebase.io/migrating-to-v22 Please use `getApp()` instead.
08-16 05:40:43.052  9580  9617 I ReactNativeJS: '[UI_PRESS_PROBE]', '{"event":"VOIP_NOTIFICATION_PERMISSION_STATUS","timestamp":"2026-08-15T20:40:43.052Z","token_ready":true,"user_ready":true,"show_login":false,"show_voip_tester":false,"selected_call_mode":"pstn_assist","notifications_enabled":true}'
08-16 05:40:43.054  9580  9617 I ReactNativeJS: '[DEEP_LINK_TRACE]', '{"source":"initial_url","outcome":"empty_url"}'
08-16 05:40:43.081  9580  9617 I ReactNativeJS: '[UI_PRESS_PROBE]', '{"event":"VOIP_PRESENCE_ERROR","timestamp":"2026-08-15T20:40:43.081Z","token_ready":true,"user_ready":true,"show_login":false,"show_voip_tester":false,"selected_call_mode":"pstn_assist","voice_id":"nado-000006","token_summary":"len:30:passke...en_331","reason":"effect_start"}'
08-16 05:40:43.081  9580  9617 I ReactNativeJS: '[UI_PRESS_PROBE]', '{"event":"VOIP_PRESENCE_CLOSED","timestamp":"2026-08-15T20:40:43.081Z","token_ready":true,"user_ready":true,"show_login":false,"show_voip_tester":false,"selected_call_mode":"pstn_assist","voice_id":"nado-000006","token_summary":"len:30:passke...en_331","reason":"effect_start","code":1006}'
08-16 05:40:43.082  9580  9617 I ReactNativeJS: '[UI_PRESS_PROBE]', '{"event":"VOIP_PRESENCE_RETRY_SCHEDULED","timestamp":"2026-08-15T20:40:43.081Z","token_ready":true,"user_ready":true,"show_login":false,"show_voip_tester":false,"selected_call_mode":"pstn_assist","voice_id":"nado-000006","token_summary":"len:30:passke...en_331","reason":"close:1006"}'
08-16 05:40:43.113  9580  9617 I ReactNativeJS: '[MISSED_CALL]', '{"event":"fetch","count":0}'
08-16 05:40:43.114  9580  9617 I ReactNativeJS: '[VoIPPendingIncoming]', '{"event":"REQUEST_RESULT","source":"pending_call_initial","token_summary":"len:30:passke...en_331","user_id":6,"status":401,"ok":false}'
08-16 05:40:43.114  9580  9617 I ReactNativeJS: '[VoIPPendingIncoming] fetch failed', 401
08-16 05:40:43.125  9580  9617 W ReactNativeJS: This method is deprecated (as well as all React Native Firebase namespaced API) and will be removed in the next major release as part of move to match Firebase Web modular SDK API. Please see migration guide for more details: https://rnfirebase.io/migrating-to-v22 Please use `getApp()` instead.
08-16 05:40:43.178  9580  9617 I ReactNativeJS: '[AUTH_FLOW]', '{"event":"AUTH_STORAGE_RESTORE_FOUND","user_id":6,"user_email":"119cash@naver.com"}'
08-16 05:40:43.179  9580  9617 I ReactNativeJS: '[AUTH_FLOW]', '{"event":"AUTH_STORAGE_RESTORE_APPLIED","user_id":6,"user_email":"119cash@naver.com"}'
08-16 05:40:43.182  9580  9617 I ReactNativeJS: '[UI_PRESS_PROBE]', '{"event":"VOIP_ACTIVE_CALL_RESUME_SKIPPED_AUTH","timestamp":"2026-08-15T20:40:43.182Z","token_ready":true,"user_ready":true,"show_login":false,"show_voip_tester":false,"selected_call_mode":"pstn_assist","source":"app_launch_resume","status":401,"last_call_id":null}'
08-16 05:40:43.209  9580  9617 W ReactNativeJS: This method is deprecated (as well as all React Native Firebase namespaced API) and will be removed in the next major release as part of move to match Firebase Web modular SDK API. Please see migration guide for more details: https://rnfirebase.io/migrating-to-v22 Please use `getApps()` instead.
08-16 05:40:43.209  9580  9617 W ReactNativeJS: This method is deprecated (as well as all React Native Firebase namespaced API) and will be removed in the next major release as part of move to match Firebase Web modular SDK API. Please see migration guide for more details: https://rnfirebase.io/migrating-to-v22 Please use `getApps()` instead.
08-16 05:40:43.209  9580  9617 W ReactNativeJS: This method is deprecated (as well as all React Native Firebase namespaced API) and will be removed in the next major release as part of move to match Firebase Web modular SDK API. Please see migration guide for more details: https://rnfirebase.io/migrating-to-v22 Please use `getApps()` instead.
08-16 05:40:43.210  9580  9617 W ReactNativeJS: This method is deprecated (as well as all React Native Firebase namespaced API) and will be removed in the next major release as part of move to match Firebase Web modular SDK API. Please see migration guide for more details: https://rnfirebase.io/migrating-to-v22 Please use `getApps()` instead.
08-16 05:40:43.212  9580  9617 I ReactNativeJS: '[VoIPPendingIncoming]', '{"event":"REQUEST_START","source":"pending_call_initial","token_summary":"len:30:passke...en_331","user_id":6,"has_pending_call":false,"has_active_call":false}'
08-16 05:40:43.214  9580  9617 I ReactNativeJS: '[UI_PRESS_PROBE]', '{"event":"VOIP_PRESENCE_CONNECT_ATTEMPT","timestamp":"2026-08-15T20:40:43.213Z","token_ready":true,"user_ready":true,"show_login":false,"show_voip_tester":false,"selected_call_mode":"pstn_assist","voice_id":"nado-000006","token_summary":"len:30:passke...en_331","reason":"effect_start","api_base":"https://metanova1004.com"}'
08-16 05:40:43.215  9580  9617 W ReactNativeJS: This method is deprecated (as well as all React Native Firebase namespaced API) and will be removed in the next major release as part of move to match Firebase Web modular SDK API. Please see migration guide for more details: https://rnfirebase.io/migrating-to-v22 Please use `getApp()` instead.
08-16 05:40:43.216  9580  9617 W ReactNativeJS: This method is deprecated (as well as all React Native Firebase namespaced API) and will be removed in the next major release as part of move to match Firebase Web modular SDK API. Please see migration guide for more details: https://rnfirebase.io/migrating-to-v22 Please use `getApp()` instead.
08-16 05:40:43.216  9580  9617 W ReactNativeJS: This method is deprecated (as well as all React Native Firebase namespaced API) and will be removed in the next major release as part of move to match Firebase Web modular SDK API. Please see migration guide for more details: https://rnfirebase.io/migrating-to-v22 Please use `getApp()` instead.
08-16 05:40:43.218  9580  9617 W ReactNativeJS: This method is deprecated (as well as all React Native Firebase namespaced API) and will be removed in the next major release as part of move to match Firebase Web modular SDK API. Please see migration guide for more details: https://rnfirebase.io/migrating-to-v22 Please use `getApp()` instead.
08-16 05:40:43.219  9580  9617 I ReactNativeJS: '[UI_PRESS_PROBE]', '{"event":"VOIP_NOTIFICATION_PERMISSION_STATUS","timestamp":"2026-08-15T20:40:43.218Z","token_ready":true,"user_ready":true,"show_login":false,"show_voip_tester":false,"selected_call_mode":"pstn_assist","notifications_enabled":true}'
08-16 05:40:43.221  9580  9617 I ReactNativeJS: '[DEEP_LINK_TRACE]', '{"source":"initial_url","outcome":"empty_url"}'
08-16 05:40:43.253  9580  9617 I ReactNativeJS: '[UI_PRESS_PROBE]', '{"event":"VOIP_PRESENCE_ERROR","timestamp":"2026-08-15T20:40:43.253Z","token_ready":true,"user_ready":true,"show_login":false,"show_voip_tester":false,"selected_call_mode":"pstn_assist","voice_id":"nado-000006","token_summary":"len:30:passke...en_331","reason":"effect_start"}'
08-16 05:40:43.254  9580  9617 I ReactNativeJS: '[UI_PRESS_PROBE]', '{"event":"VOIP_PRESENCE_CLOSED","timestamp":"2026-08-15T20:40:43.253Z","token_ready":true,"user_ready":true,"show_login":false,"show_voip_tester":false,"selected_call_mode":"pstn_assist","voice_id":"nado-000006","token_summary":"len:30:passke...en_331","reason":"effect_start","code":1006}'
08-16 05:40:43.254  9580  9617 I ReactNativeJS: '[UI_PRESS_PROBE]', '{"event":"VOIP_PRESENCE_RETRY_SCHEDULED","timestamp":"2026-08-15T20:40:43.254Z","token_ready":true,"user_ready":true,"show_login":false,"show_voip_tester":false,"selected_call_mode":"pstn_assist","voice_id":"nado-000006","token_summary":"len:30:passke...en_331","reason":"close:1006"}'
08-16 05:40:43.257  9580  9617 W ReactNativeJS: This method is deprecated (as well as all React Native Firebase namespaced API) and will be removed in the next major release as part of move to match Firebase Web modular SDK API. Please see migration guide for more details: https://rnfirebase.io/migrating-to-v22 Please use `getApp()` instead.
08-16 05:40:43.293  9580  9617 I ReactNativeJS: '[MISSED_CALL]', '{"event":"fetch","count":0}'
08-16 05:40:43.294  9580  9617 I ReactNativeJS: '[VoIPPendingIncoming]', '{"event":"REQUEST_RESULT","source":"pending_call_initial","token_summary":"len:30:passke...en_331","user_id":6,"status":401,"ok":false}'
08-16 05:40:43.294  9580  9617 I ReactNativeJS: '[VoIPPendingIncoming] fetch failed', 401
08-16 05:40:43.295  9580  9617 W ReactNativeJS: This method is deprecated (as well as all React Native Firebase namespaced API) and will be removed in the next major release as part of move to match Firebase Web modular SDK API. Please see migration guide for more details: https://rnfirebase.io/migrating-to-v22 Please use `getApp()` instead.
08-16 05:40:43.313  9580  9617 I ReactNativeJS: '[UI_PRESS_PROBE]', '{"event":"VOIP_ACTIVE_CALL_RESUME_SKIPPED_AUTH","timestamp":"2026-08-15T20:40:43.312Z","token_ready":true,"user_ready":true,"show_login":false,"show_voip_tester":false,"selected_call_mode":"pstn_assist","source":"app_launch_resume","status":401,"last_call_id":null}'
08-16 05:40:43.372  9580  9617 I ReactNativeJS: '[AUTH_FLOW]', '{"event":"AUTH_STORAGE_RESTORE_FOUND","user_id":6,"user_email":"119cash@naver.com"}'
08-16 05:40:43.372  9580  9617 I ReactNativeJS: '[AUTH_FLOW]', '{"event":"AUTH_STORAGE_RESTORE_APPLIED","user_id":6,"user_email":"119cash@naver.com"}'
08-16 05:40:43.406  9580  9617 W ReactNativeJS: This method is deprecated (as well as all React Native Firebase namespaced API) and will be removed in the next major release as part of move to match Firebase Web modular SDK API. Please see migration guide for more details: https://rnfirebase.io/migrating-to-v22 Please use `getApps()` instead.
08-16 05:40:43.406  9580  9617 W ReactNativeJS: This method is deprecated (as well as all React Native Firebase namespaced API) and will be removed in the next major release as part of move to match Firebase Web modular SDK API. Please see migration guide for more details: https://rnfirebase.io/migrating-to-v22 Please use `getApps()` instead.
08-16 05:40:43.407  9580  9617 W ReactNativeJS: This method is deprecated (as well as all React Native Firebase namespaced API) and will be removed in the next major release as part of move to match Firebase Web modular SDK API. Please see migration guide for more details: https://rnfirebase.io/migrating-to-v22 Please use `getApps()` instead.
08-16 05:40:43.408  9580  9617 W ReactNativeJS: This method is deprecated (as well as all React Native Firebase namespaced API) and will be removed in the next major release as part of move to match Firebase Web modular SDK API. Please see migration guide for more details: https://rnfirebase.io/migrating-to-v22 Please use `getApps()` instead.
08-16 05:40:43.409  9580  9617 I ReactNativeJS: '[VoIPPendingIncoming]', '{"event":"REQUEST_START","source":"pending_call_initial","token_summary":"len:30:passke...en_331","user_id":6,"has_pending_call":false,"has_active_call":false}'
08-16 05:40:43.411  9580  9617 I ReactNativeJS: '[UI_PRESS_PROBE]', '{"event":"VOIP_PRESENCE_CONNECT_ATTEMPT","timestamp":"2026-08-15T20:40:43.410Z","token_ready":true,"user_ready":true,"show_login":false,"show_voip_tester":false,"selected_call_mode":"pstn_assist","voice_id":"nado-000006","token_summary":"len:30:passke...en_331","reason":"effect_start","api_base":"https://metanova1004.com"}'
08-16 05:40:43.412  9580  9617 W ReactNativeJS: This method is deprecated (as well as all React Native Firebase namespaced API) and will be removed in the next major release as part of move to match Firebase Web modular SDK API. Please see migration guide for more details: https://rnfirebase.io/migrating-to-v22 Please use `getApp()` instead.
08-16 05:40:43.412  9580  9617 W ReactNativeJS: This method is deprecated (as well as all React Native Firebase namespaced API) and will be removed in the next major release as part of move to match Firebase Web modular SDK API. Please see migration guide for more details: https://rnfirebase.io/migrating-to-v22 Please use `getApp()` instead.
08-16 05:40:43.412  9580  9617 W ReactNativeJS: This method is deprecated (as well as all React Native Firebase namespaced API) and will be removed in the next major release as part of move to match Firebase Web modular SDK API. Please see migration guide for more details: https://rnfirebase.io/migrating-to-v22 Please use `getApp()` instead.
08-16 05:40:43.414  9580  9617 W ReactNativeJS: This method is deprecated (as well as all React Native Firebase namespaced API) and will be removed in the next major release as part of move to match Firebase Web modular SDK API. Please see migration guide for more details: https://rnfirebase.io/migrating-to-v22 Please use `getApp()` instead.
08-16 05:40:43.415  9580  9617 I ReactNativeJS: '[UI_PRESS_PROBE]', '{"event":"VOIP_NOTIFICATION_PERMISSION_STATUS","timestamp":"2026-08-15T20:40:43.414Z","token_ready":true,"user_ready":true,"show_login":false,"show_voip_tester":false,"selected_call_mode":"pstn_assist","notifications_enabled":true}'
08-16 05:40:43.416  9580  9617 I ReactNativeJS: '[DEEP_LINK_TRACE]', '{"source":"initial_url","outcome":"empty_url"}'
08-16 05:40:43.454  9580  9617 I ReactNativeJS: '[UI_PRESS_PROBE]', '{"event":"VOIP_PRESENCE_ERROR","timestamp":"2026-08-15T20:40:43.453Z","token_ready":true,"user_ready":true,"show_login":false,"show_voip_tester":false,"selected_call_mode":"pstn_assist","voice_id":"nado-000006","token_summary":"len:30:passke...en_331","reason":"effect_start"}'
08-16 05:40:43.455  9580  9617 I ReactNativeJS: '[UI_PRESS_PROBE]', '{"event":"VOIP_PRESENCE_CLOSED","timestamp":"2026-08-15T20:40:43.454Z","token_ready":true,"user_ready":true,"show_login":false,"show_voip_tester":false,"selected_call_mode":"pstn_assist","voice_id":"nado-000006","token_summary":"len:30:passke...en_331","reason":"effect_start","code":1006}'
08-16 05:40:43.455  9580  9617 I ReactNativeJS: '[UI_PRESS_PROBE]', '{"event":"VOIP_PRESENCE_RETRY_SCHEDULED","timestamp":"2026-08-15T20:40:43.455Z","token_ready":true,"user_ready":true,"show_login":false,"show_voip_tester":false,"selected_call_mode":"pstn_assist","voice_id":"nado-000006","token_summary":"len:30:passke...en_331","reason":"close:1006"}'
08-16 05:40:43.480  9580  9617 W ReactNativeJS: This method is deprecated (as well as all React Native Firebase namespaced API) and will be removed in the next major release as part of move to match Firebase Web modular SDK API. Please see migration guide for more details: https://rnfirebase.io/migrating-to-v22 Please use `getApp()` instead.
08-16 05:40:43.486  9580  9617 I ReactNativeJS: '[MISSED_CALL]', '{"event":"fetch","count":0}'
08-16 05:40:43.487  9580  9617 I ReactNativeJS: '[VoIPPendingIncoming]', '{"event":"REQUEST_RESULT","source":"pending_call_initial","token_summary":"len:30:passke...en_331","user_id":6,"status":401,"ok":false}'
08-16 05:40:43.487  9580  9617 I ReactNativeJS: '[VoIPPendingIncoming] fetch failed', 401
08-16 05:40:43.512  9580  9617 I ReactNativeJS: '[AUTH_FLOW]', '{"event":"AUTH_STORAGE_RESTORE_FOUND","user_id":6,"user_email":"119cash@naver.com"}'
08-16 05:40:43.513  9580  9617 I ReactNativeJS: '[AUTH_FLOW]', '{"event":"AUTH_STORAGE_RESTORE_APPLIED","user_id":6,"user_email":"119cash@naver.com"}'
08-16 05:40:43.515  9580  9617 I ReactNativeJS: '[UI_PRESS_PROBE]', '{"event":"VOIP_ACTIVE_CALL_RESUME_SKIPPED_AUTH","timestamp":"2026-08-15T20:40:43.515Z","token_ready":true,"user_ready":true,"show_login":false,"show_voip_tester":false,"selected_call_mode":"pstn_assist","source":"app_launch_resume","status":401,"last_call_id":null}'
08-16 05:40:43.540  9580  9617 W ReactNativeJS: This method is deprecated (as well as all React Native Firebase namespaced API) and will be removed in the next major release as part of move to match Firebase Web modular SDK API. Please see migration guide for more details: https://rnfirebase.io/migrating-to-v22 Please use `getApps()` instead.
08-16 05:40:43.540  9580  9617 W ReactNativeJS: This method is deprecated (as well as all React Native Firebase namespaced API) and will be removed in the next major release as part of move to match Firebase Web modular SDK API. Please see migration guide for more details: https://rnfirebase.io/migrating-to-v22 Please use `getApps()` instead.
08-16 05:40:43.540  9580  9617 W ReactNativeJS: This method is deprecated (as well as all React Native Firebase namespaced API) and will be removed in the next major release as part of move to match Firebase Web modular SDK API. Please see migration guide for more details: https://rnfirebase.io/migrating-to-v22 Please use `getApps()` instead.
08-16 05:40:43.541  9580  9617 W ReactNativeJS: This method is deprecated (as well as all React Native Firebase namespaced API) and will be removed in the next major release as part of move to match Firebase Web modular SDK API. Please see migration guide for more details: https://rnfirebase.io/migrating-to-v22 Please use `getApps()` instead.
08-16 05:40:43.543  9580  9617 I ReactNativeJS: '[VoIPPendingIncoming]', '{"event":"REQUEST_START","source":"pending_call_initial","token_summary":"len:30:passke...en_331","user_id":6,"has_pending_call":false,"has_active_call":false}'
08-16 05:40:43.545  9580  9617 I ReactNativeJS: '[UI_PRESS_PROBE]', '{"event":"VOIP_PRESENCE_CONNECT_ATTEMPT","timestamp":"2026-08-15T20:40:43.544Z","token_ready":true,"user_ready":true,"show_login":false,"show_voip_tester":false,"selected_call_mode":"pstn_assist","voice_id":"nado-000006","token_summary":"len:30:passke...en_331","reason":"effect_start","api_base":"https://metanova1004.com"}'
08-16 05:40:43.546  9580  9617 W ReactNativeJS: This method is deprecated (as well as all React Native Firebase namespaced API) and will be removed in the next major release as part of move to match Firebase Web modular SDK API. Please see migration guide for more details: https://rnfirebase.io/migrating-to-v22 Please use `getApp()` instead.
08-16 05:40:43.546  9580  9617 W ReactNativeJS: This method is deprecated (as well as all React Native Firebase namespaced API) and will be removed in the next major release as part of move to match Firebase Web modular SDK API. Please see migration guide for more details: https://rnfirebase.io/migrating-to-v22 Please use `getApp()` instead.
08-16 05:40:43.546  9580  9617 W ReactNativeJS: This method is deprecated (as well as all React Native Firebase namespaced API) and will be removed in the next major release as part of move to match Firebase Web modular SDK API. Please see migration guide for more details: https://rnfirebase.io/migrating-to-v22 Please use `getApp()` instead.
08-16 05:40:43.548  9580  9617 W ReactNativeJS: This method is deprecated (as well as all React Native Firebase namespaced API) and will be removed in the next major release as part of move to match Firebase Web modular SDK API. Please see migration guide for more details: https://rnfirebase.io/migrating-to-v22 Please use `getApp()` instead.
08-16 05:40:43.549  9580  9617 I ReactNativeJS: '[UI_PRESS_PROBE]', '{"event":"VOIP_NOTIFICATION_PERMISSION_STATUS","timestamp":"2026-08-15T20:40:43.549Z","token_ready":true,"user_ready":true,"show_login":false,"show_voip_tester":false,"selected_call_mode":"pstn_assist","notifications_enabled":true}'
08-16 05:40:43.551  9580  9617 I ReactNativeJS: '[DEEP_LINK_TRACE]', '{"source":"initial_url","outcome":"empty_url"}'
08-16 05:40:43.577  9580  9617 I ReactNativeJS: '[UI_PRESS_PROBE]', '{"event":"VOIP_PRESENCE_ERROR","timestamp":"2026-08-15T20:40:43.577Z","token_ready":true,"user_ready":true,"show_login":false,"show_voip_tester":false,"selected_call_mode":"pstn_assist","voice_id":"nado-000006","token_summary":"len:30:passke...en_331","reason":"effect_start"}'
08-16 05:40:43.578  9580  9617 I ReactNativeJS: '[UI_PRESS_PROBE]', '{"event":"VOIP_PRESENCE_CLOSED","timestamp":"2026-08-15T20:40:43.578Z","token_ready":true,"user_ready":true,"show_login":false,"show_voip_tester":false,"selected_call_mode":"pstn_assist","voice_id":"nado-000006","token_summary":"len:30:passke...en_331","reason":"effect_start","code":1006}'
08-16 05:40:43.578  9580  9617 I ReactNativeJS: '[UI_PRESS_PROBE]', '{"event":"VOIP_PRESENCE_RETRY_SCHEDULED","timestamp":"2026-08-15T20:40:43.578Z","token_ready":true,"user_ready":true,"show_login":false,"show_voip_tester":false,"selected_call_mode":"pstn_assist","voice_id":"nado-000006","token_summary":"len:30:passke...en_331","reason":"close:1006"}'
08-16 05:40:43.608  9580  9617 I ReactNativeJS: '[MISSED_CALL]', '{"event":"fetch","count":0}'
08-16 05:40:43.608  9580  9617 W ReactNativeJS: This method is deprecated (as well as all React Native Firebase namespaced API) and will be removed in the next major release as part of move to match Firebase Web modular SDK API. Please see migration guide for more details: https://rnfirebase.io/migrating-to-v22 Please use `getApp()` instead.
08-16 05:40:43.619  9580  9617 I ReactNativeJS: '[VoIPPendingIncoming]', '{"event":"REQUEST_RESULT","source":"pending_call_initial","token_summary":"len:30:passke...en_331","user_id":6,"status":401,"ok":false}'
08-16 05:40:43.619  9580  9617 I ReactNativeJS: '[VoIPPendingIncoming] fetch failed', 401
08-16 05:40:43.623  9580  9617 I ReactNativeJS: '[UI_PRESS_PROBE]', '{"event":"VOIP_ACTIVE_CALL_RESUME_SKIPPED_AUTH","timestamp":"2026-08-15T20:40:43.622Z","token_ready":true,"user_ready":true,"show_login":false,"show_voip_tester":false,"selected_call_mode":"pstn_assist","source":"app_launch_resume","status":401,"last_call_id":null}'
08-16 05:40:43.648  9580  9617 I ReactNativeJS: '[AUTH_FLOW]', '{"event":"AUTH_STORAGE_RESTORE_FOUND","user_id":6,"user_email":"119cash@naver.com"}'
08-16 05:40:43.648  9580  9617 I ReactNativeJS: '[AUTH_FLOW]', '{"event":"AUTH_STORAGE_RESTORE_APPLIED","user_id":6,"user_email":"119cash@naver.com"}'
08-16 05:40:43.675  9580  9617 W ReactNativeJS: This method is deprecated (as well as all React Native Firebase namespaced API) and will be removed in the next major release as part of move to match Firebase Web modular SDK API. Please see migration guide for more details: https://rnfirebase.io/migrating-to-v22 Please use `getApps()` instead.
08-16 05:40:43.675  9580  9617 W ReactNativeJS: This method is deprecated (as well as all React Native Firebase namespaced API) and will be removed in the next major release as part of move to match Firebase Web modular SDK API. Please see migration guide for more details: https://rnfirebase.io/migrating-to-v22 Please use `getApps()` instead.
08-16 05:40:43.675  9580  9617 W ReactNativeJS: This method is deprecated (as well as all React Native Firebase namespaced API) and will be removed in the next major release as part of move to match Firebase Web modular SDK API. Please see migration guide for more details: https://rnfirebase.io/migrating-to-v22 Please use `getApps()` instead.
08-16 05:40:43.676  9580  9617 W ReactNativeJS: This method is deprecated (as well as all React Native Firebase namespaced API) and will be removed in the next major release as part of move to match Firebase Web modular SDK API. Please see migration guide for more details: https://rnfirebase.io/migrating-to-v22 Please use `getApps()` instead.
08-16 05:40:43.678  9580  9617 I ReactNativeJS: '[VoIPPendingIncoming]', '{"event":"REQUEST_START","source":"pending_call_initial","token_summary":"len:30:passke...en_331","user_id":6,"has_pending_call":false,"has_active_call":false}'
08-16 05:40:43.680  9580  9617 I ReactNativeJS: '[UI_PRESS_PROBE]', '{"event":"VOIP_PRESENCE_CONNECT_ATTEMPT","timestamp":"2026-08-15T20:40:43.679Z","token_ready":true,"user_ready":true,"show_login":false,"show_voip_tester":false,"selected_call_mode":"pstn_assist","voice_id":"nado-000006","token_summary":"len:30:passke...en_331","reason":"effect_start","api_base":"https://metanova1004.com"}'
08-16 05:40:43.681  9580  9617 W ReactNativeJS: This method is deprecated (as well as all React Native Firebase namespaced API) and will be removed in the next major release as part of move to match Firebase Web modular SDK API. Please see migration guide for more details: https://rnfirebase.io/migrating-to-v22 Please use `getApp()` instead.
08-16 05:40:43.681  9580  9617 W ReactNativeJS: This method is deprecated (as well as all React Native Firebase namespaced API) and will be removed in the next major release as part of move to match Firebase Web modular SDK API. Please see migration guide for more details: https://rnfirebase.io/migrating-to-v22 Please use `getApp()` instead.
08-16 05:40:43.681  9580  9617 W ReactNativeJS: This method is deprecated (as well as all React Native Firebase namespaced API) and will be removed in the next major release as part of move to match Firebase Web modular SDK API. Please see migration guide for more details: https://rnfirebase.io/migrating-to-v22 Please use `getApp()` instead.
08-16 05:40:43.682  9580  9617 W ReactNativeJS: This method is deprecated (as well as all React Native Firebase namespaced API) and will be removed in the next major release as part of move to match Firebase Web modular SDK API. Please see migration guide for more details: https://rnfirebase.io/migrating-to-v22 Please use `getApp()` instead.
08-16 05:40:43.683  9580  9617 I ReactNativeJS: '[UI_PRESS_PROBE]', '{"event":"VOIP_NOTIFICATION_PERMISSION_STATUS","timestamp":"2026-08-15T20:40:43.683Z","token_ready":true,"user_ready":true,"show_login":false,"show_voip_tester":false,"selected_call_mode":"pstn_assist","notifications_enabled":true}'
08-16 05:40:43.685  9580  9617 I ReactNativeJS: '[DEEP_LINK_TRACE]', '{"source":"initial_url","outcome":"empty_url"}'
08-16 05:40:43.722  9580  9617 I ReactNativeJS: '[UI_PRESS_PROBE]', '{"event":"VOIP_PRESENCE_ERROR","timestamp":"2026-08-15T20:40:43.722Z","token_ready":true,"user_ready":true,"show_login":false,"show_voip_tester":false,"selected_call_mode":"pstn_assist","voice_id":"nado-000006","token_summary":"len:30:passke...en_331","reason":"effect_start"}'
08-16 05:40:43.722  9580  9617 I ReactNativeJS: '[UI_PRESS_PROBE]', '{"event":"VOIP_PRESENCE_CLOSED","timestamp":"2026-08-15T20:40:43.722Z","token_ready":true,"user_ready":true,"show_login":false,"show_voip_tester":false,"selected_call_mode":"pstn_assist","voice_id":"nado-000006","token_summary":"len:30:passke...en_331","reason":"effect_start","code":1006}'
08-16 05:40:43.723  9580  9617 I ReactNativeJS: '[UI_PRESS_PROBE]', '{"event":"VOIP_PRESENCE_RETRY_SCHEDULED","timestamp":"2026-08-15T20:40:43.722Z","token_ready":true,"user_ready":true,"show_login":false,"show_voip_tester":false,"selected_call_mode":"pstn_assist","voice_id":"nado-000006","token_summary":"len:30:passke...en_331","reason":"close:1006"}'
08-16 05:40:43.724  9580  9617 W ReactNativeJS: This method is deprecated (as well as all React Native Firebase namespaced API) and will be removed in the next major release as part of move to match Firebase Web modular SDK API. Please see migration guide for more details: https://rnfirebase.io/migrating-to-v22 Please use `getApp()` instead.
08-16 05:40:43.758  9580  9617 I ReactNativeJS: '[MISSED_CALL]', '{"event":"fetch","count":0}'
08-16 05:40:43.759  9580  9617 I ReactNativeJS: '[VoIPPendingIncoming]', '{"event":"REQUEST_RESULT","source":"pending_call_initial","token_summary":"len:30:passke...en_331","user_id":6,"status":401,"ok":false}'
08-16 05:40:43.759  9580  9617 I ReactNativeJS: '[VoIPPendingIncoming] fetch failed', 401
08-16 05:40:43.767  9580  9617 W ReactNativeJS: This method is deprecated (as well as all React Native Firebase namespaced API) and will be removed in the next major release as part of move to match Firebase Web modular SDK API. Please see migration guide for more details: https://rnfirebase.io/migrating-to-v22 Please use `getApp()` instead.
08-16 05:40:43.821  9580  9617 I ReactNativeJS: '[AUTH_FLOW]', '{"event":"AUTH_STORAGE_RESTORE_FOUND","user_id":6,"user_email":"119cash@naver.com"}'
08-16 05:40:43.822  9580  9617 I ReactNativeJS: '[AUTH_FLOW]', '{"event":"AUTH_STORAGE_RESTORE_APPLIED","user_id":6,"user_email":"119cash@naver.com"}'
08-16 05:40:43.826  9580  9617 I ReactNativeJS: '[UI_PRESS_PROBE]', '{"event":"VOIP_ACTIVE_CALL_RESUME_SKIPPED_AUTH","timestamp":"2026-08-15T20:40:43.825Z","token_ready":true,"user_ready":true,"show_login":false,"show_voip_tester":false,"selected_call_mode":"pstn_assist","source":"app_launch_resume","status":401,"last_call_id":null}'
08-16 05:40:43.858  9580  9617 W ReactNativeJS: This method is deprecated (as well as all React Native Firebase namespaced API) and will be removed in the next major release as part of move to match Firebase Web modular SDK API. Please see migration guide for more details: https://rnfirebase.io/migrating-to-v22 Please use `getApps()` instead.
08-16 05:40:43.858  9580  9617 W ReactNativeJS: This method is deprecated (as well as all React Native Firebase namespaced API) and will be removed in the next major release as part of move to match Firebase Web modular SDK API. Please see migration guide for more details: https://rnfirebase.io/migrating-to-v22 Please use `getApps()` instead.
08-16 05:40:43.859  9580  9617 W ReactNativeJS: This method is deprecated (as well as all React Native Firebase namespaced API) and will be removed in the next major release as part of move to match Firebase Web modular SDK API. Please see migration guide for more details: https://rnfirebase.io/migrating-to-v22 Please use `getApps()` instead.
08-16 05:40:43.860  9580  9617 W ReactNativeJS: This method is deprecated (as well as all React Native Firebase namespaced API) and will be removed in the next major release as part of move to match Firebase Web modular SDK API. Please see migration guide for more details: https://rnfirebase.io/migrating-to-v22 Please use `getApps()` instead.
08-16 05:40:43.861  9580  9617 I ReactNativeJS: '[VoIPPendingIncoming]', '{"event":"REQUEST_START","source":"pending_call_initial","token_summary":"len:30:passke...en_331","user_id":6,"has_pending_call":false,"has_active_call":false}'
08-16 05:40:43.863  9580  9617 I ReactNativeJS: '[UI_PRESS_PROBE]', '{"event":"VOIP_PRESENCE_CONNECT_ATTEMPT","timestamp":"2026-08-15T20:40:43.863Z","token_ready":true,"user_ready":true,"show_login":false,"show_voip_tester":false,"selected_call_mode":"pstn_assist","voice_id":"nado-000006","token_summary":"len:30:passke...en_331","reason":"effect_start","api_base":"https://metanova1004.com"}'
08-16 05:40:43.864  9580  9617 W ReactNativeJS: This method is deprecated (as well as all React Native Firebase namespaced API) and will be removed in the next major release as part of move to match Firebase Web modular SDK API. Please see migration guide for more details: https://rnfirebase.io/migrating-to-v22 Please use `getApp()` instead.
08-16 05:40:43.864  9580  9617 W ReactNativeJS: This method is deprecated (as well as all React Native Firebase namespaced API) and will be removed in the next major release as part of move to match Firebase Web modular SDK API. Please see migration guide for more details: https://rnfirebase.io/migrating-to-v22 Please use `getApp()` instead.
08-16 05:40:43.864  9580  9617 W ReactNativeJS: This method is deprecated (as well as all React Native Firebase namespaced API) and will be removed in the next major release as part of move to match Firebase Web modular SDK API. Please see migration guide for more details: https://rnfirebase.io/migrating-to-v22 Please use `getApp()` instead.
08-16 05:40:43.866  9580  9617 W ReactNativeJS: This method is deprecated (as well as all React Native Firebase namespaced API) and will be removed in the next major release as part of move to match Firebase Web modular SDK API. Please see migration guide for more details: https://rnfirebase.io/migrating-to-v22 Please use `getApp()` instead.
08-16 05:40:43.868  9580  9617 I ReactNativeJS: '[UI_PRESS_PROBE]', '{"event":"VOIP_NOTIFICATION_PERMISSION_STATUS","timestamp":"2026-08-15T20:40:43.867Z","token_ready":true,"user_ready":true,"show_login":false,"show_voip_tester":false,"selected_call_mode":"pstn_assist","notifications_enabled":true}'
08-16 05:40:43.869  9580  9617 I ReactNativeJS: '[DEEP_LINK_TRACE]', '{"source":"initial_url","outcome":"empty_url"}'
08-16 05:40:43.900  9580  9617 I ReactNativeJS: '[UI_PRESS_PROBE]', '{"event":"VOIP_PRESENCE_ERROR","timestamp":"2026-08-15T20:40:43.899Z","token_ready":true,"user_ready":true,"show_login":false,"show_voip_tester":false,"selected_call_mode":"pstn_assist","voice_id":"nado-000006","token_summary":"len:30:passke...en_331","reason":"effect_start"}'
08-16 05:40:43.900  9580  9617 I ReactNativeJS: '[UI_PRESS_PROBE]', '{"event":"VOIP_PRESENCE_CLOSED","timestamp":"2026-08-15T20:40:43.900Z","token_ready":true,"user_ready":true,"show_login":false,"show_voip_tester":false,"selected_call_mode":"pstn_assist","voice_id":"nado-000006","token_summary":"len:30:passke...en_331","reason":"effect_start","code":1006}'
08-16 05:40:43.900  9580  9617 I ReactNativeJS: '[UI_PRESS_PROBE]', '{"event":"VOIP_PRESENCE_RETRY_SCHEDULED","timestamp":"2026-08-15T20:40:43.900Z","token_ready":true,"user_ready":true,"show_login":false,"show_voip_tester":false,"selected_call_mode":"pstn_assist","voice_id":"nado-000006","token_summary":"len:30:passke...en_331","reason":"close:1006"}'
08-16 05:40:43.931  9580  9617 I ReactNativeJS: '[MISSED_CALL]', '{"event":"fetch","count":0}'
08-16 05:40:43.931  9580  9617 I ReactNativeJS: '[VoIPPendingIncoming]', '{"event":"REQUEST_RESULT","source":"pending_call_initial","token_summary":"len:30:passke...en_331","user_id":6,"status":401,"ok":false}'
08-16 05:40:43.931  9580  9617 I ReactNativeJS: '[VoIPPendingIncoming] fetch failed', 401
08-16 05:40:43.932  9580  9617 W ReactNativeJS: This method is deprecated (as well as all React Native Firebase namespaced API) and will be removed in the next major release as part of move to match Firebase Web modular SDK API. Please see migration guide for more details: https://rnfirebase.io/migrating-to-v22 Please use `getApp()` instead.
08-16 05:40:43.952  9580  9617 I ReactNativeJS: '[UI_PRESS_PROBE]', '{"event":"VOIP_ACTIVE_CALL_RESUME_SKIPPED_AUTH","timestamp":"2026-08-15T20:40:43.952Z","token_ready":true,"user_ready":true,"show_login":false,"show_voip_tester":false,"selected_call_mode":"pstn_assist","source":"app_launch_resume","status":401,"last_call_id":null}'
08-16 05:40:43.977  9580  9617 I ReactNativeJS: '[AUTH_FLOW]', '{"event":"AUTH_STORAGE_RESTORE_FOUND","user_id":6,"user_email":"119cash@naver.com"}'
08-16 05:40:43.978  9580  9617 I ReactNativeJS: '[AUTH_FLOW]', '{"event":"AUTH_STORAGE_RESTORE_APPLIED","user_id":6,"user_email":"119cash@naver.com"}'
08-16 05:40:44.011  9580  9617 W ReactNativeJS: This method is deprecated (as well as all React Native Firebase namespaced API) and will be removed in the next major release as part of move to match Firebase Web modular SDK API. Please see migration guide for more details: https://rnfirebase.io/migrating-to-v22 Please use `getApps()` instead.
08-16 05:40:44.011  9580  9617 W ReactNativeJS: This method is deprecated (as well as all React Native Firebase namespaced API) and will be removed in the next major release as part of move to match Firebase Web modular SDK API. Please see migration guide for more details: https://rnfirebase.io/migrating-to-v22 Please use `getApps()` instead.
08-16 05:40:44.011  9580  9617 W ReactNativeJS: This method is deprecated (as well as all React Native Firebase namespaced API) and will be removed in the next major release as part of move to match Firebase Web modular SDK API. Please see migration guide for more details: https://rnfirebase.io/migrating-to-v22 Please use `getApps()` instead.
08-16 05:40:44.012  9580  9617 W ReactNativeJS: This method is deprecated (as well as all React Native Firebase namespaced API) and will be removed in the next major release as part of move to match Firebase Web modular SDK API. Please see migration guide for more details: https://rnfirebase.io/migrating-to-v22 Please use `getApps()` instead.
08-16 05:40:44.014  9580  9617 I ReactNativeJS: '[VoIPPendingIncoming]', '{"event":"REQUEST_START","source":"pending_call_initial","token_summary":"len:30:passke...en_331","user_id":6,"has_pending_call":false,"has_active_call":false}'
08-16 05:40:44.015  9580  9617 I ReactNativeJS: '[UI_PRESS_PROBE]', '{"event":"VOIP_PRESENCE_CONNECT_ATTEMPT","timestamp":"2026-08-15T20:40:44.015Z","token_ready":true,"user_ready":true,"show_login":false,"show_voip_tester":false,"selected_call_mode":"pstn_assist","voice_id":"nado-000006","token_summary":"len:30:passke...en_331","reason":"effect_start","api_base":"https://metanova1004.com"}'
08-16 05:40:44.017  9580  9617 W ReactNativeJS: This method is deprecated (as well as all React Native Firebase namespaced API) and will be removed in the next major release as part of move to match Firebase Web modular SDK API. Please see migration guide for more details: https://rnfirebase.io/migrating-to-v22 Please use `getApp()` instead.
08-16 05:40:44.017  9580  9617 W ReactNativeJS: This method is deprecated (as well as all React Native Firebase namespaced API) and will be removed in the next major release as part of move to match Firebase Web modular SDK API. Please see migration guide for more details: https://rnfirebase.io/migrating-to-v22 Please use `getApp()` instead.
08-16 05:40:44.017  9580  9617 W ReactNativeJS: This method is deprecated (as well as all React Native Firebase namespaced API) and will be removed in the next major release as part of move to match Firebase Web modular SDK API. Please see migration guide for more details: https://rnfirebase.io/migrating-to-v22 Please use `getApp()` instead.
08-16 05:40:44.018  9580  9617 W ReactNativeJS: This method is deprecated (as well as all React Native Firebase namespaced API) and will be removed in the next major release as part of move to match Firebase Web modular SDK API. Please see migration guide for more details: https://rnfirebase.io/migrating-to-v22 Please use `getApp()` instead.
08-16 05:40:44.019  9580  9617 I ReactNativeJS: '[UI_PRESS_PROBE]', '{"event":"VOIP_NOTIFICATION_PERMISSION_STATUS","timestamp":"2026-08-15T20:40:44.019Z","token_ready":true,"user_ready":true,"show_login":false,"show_voip_tester":false,"selected_call_mode":"pstn_assist","notifications_enabled":true}'
08-16 05:40:44.021  9580  9617 I ReactNativeJS: '[DEEP_LINK_TRACE]', '{"source":"initial_url","outcome":"empty_url"}'
08-16 05:40:44.049  9580  9617 I ReactNativeJS: '[UI_PRESS_PROBE]', '{"event":"VOIP_PRESENCE_ERROR","timestamp":"2026-08-15T20:40:44.048Z","token_ready":true,"user_ready":true,"show_login":false,"show_voip_tester":false,"selected_call_mode":"pstn_assist","voice_id":"nado-000006","token_summary":"len:30:passke...en_331","reason":"effect_start"}'
08-16 05:40:44.049  9580  9617 I ReactNativeJS: '[UI_PRESS_PROBE]', '{"event":"VOIP_PRESENCE_CLOSED","timestamp":"2026-08-15T20:40:44.049Z","token_ready":true,"user_ready":true,"show_login":false,"show_voip_tester":false,"selected_call_mode":"pstn_assist","voice_id":"nado-000006","token_summary":"len:30:passke...en_331","reason":"effect_start","code":1006}'
08-16 05:40:44.049  9580  9617 I ReactNativeJS: '[UI_PRESS_PROBE]', '{"event":"VOIP_PRESENCE_RETRY_SCHEDULED","timestamp":"2026-08-15T20:40:44.049Z","token_ready":true,"user_ready":true,"show_login":false,"show_voip_tester":false,"selected_call_mode":"pstn_assist","voice_id":"nado-000006","token_summary":"len:30:passke...en_331","reason":"close:1006"}'
08-16 05:40:44.107  9580  9617 I ReactNativeJS: '[MISSED_CALL]', '{"event":"fetch","count":0}'
08-16 05:40:44.111  9580  9617 W ReactNativeJS: This method is deprecated (as well as all React Native Firebase namespaced API) and will be removed in the next major release as part of move to match Firebase Web modular SDK API. Please see migration guide for more details: https://rnfirebase.io/migrating-to-v22 Please use `getApp()` instead.
08-16 05:40:44.143  9580  9617 I ReactNativeJS: '[VoIPPendingIncoming]', '{"event":"REQUEST_RESULT","source":"pending_call_initial","token_summary":"len:30:passke...en_331","user_id":6,"status":401,"ok":false}'
08-16 05:40:44.144  9580  9617 I ReactNativeJS: '[VoIPPendingIncoming] fetch failed', 401
08-16 05:40:44.153  9580  9617 W ReactNativeJS: This method is deprecated (as well as all React Native Firebase namespaced API) and will be removed in the next major release as part of move to match Firebase Web modular SDK API. Please see migration guide for more details: https://rnfirebase.io/migrating-to-v22 Please use `getApp()` instead.
08-16 05:40:44.166  9580  9617 I ReactNativeJS: '[AUTH_FLOW]', '{"event":"AUTH_STORAGE_RESTORE_FOUND","user_id":6,"user_email":"119cash@naver.com"}'
08-16 05:40:44.166  9580  9617 I ReactNativeJS: '[AUTH_FLOW]', '{"event":"AUTH_STORAGE_RESTORE_APPLIED","user_id":6,"user_email":"119cash@naver.com"}'
08-16 05:40:44.206  9580  9617 I ReactNativeJS: '[UI_PRESS_PROBE]', '{"event":"VOIP_ACTIVE_CALL_RESUME_SKIPPED_AUTH","timestamp":"2026-08-15T20:40:44.206Z","token_ready":true,"user_ready":true,"show_login":false,"show_voip_tester":false,"selected_call_mode":"pstn_assist","source":"app_launch_resume","status":401,"last_call_id":null}'
08-16 05:40:44.212  9580  9617 W ReactNativeJS: This method is deprecated (as well as all React Native Firebase namespaced API) and will be removed in the next major release as part of move to match Firebase Web modular SDK API. Please see migration guide for more details: https://rnfirebase.io/migrating-to-v22 Please use `getApps()` instead.
08-16 05:40:44.212  9580  9617 W ReactNativeJS: This method is deprecated (as well as all React Native Firebase namespaced API) and will be removed in the next major release as part of move to match Firebase Web modular SDK API. Please see migration guide for more details: https://rnfirebase.io/migrating-to-v22 Please use `getApps()` instead.
08-16 05:40:44.212  9580  9617 W ReactNativeJS: This method is deprecated (as well as all React Native Firebase namespaced API) and will be removed in the next major release as part of move to match Firebase Web modular SDK API. Please see migration guide for more details: https://rnfirebase.io/migrating-to-v22 Please use `getApps()` instead.
08-16 05:40:44.213  9580  9617 W ReactNativeJS: This method is deprecated (as well as all React Native Firebase namespaced API) and will be removed in the next major release as part of move to match Firebase Web modular SDK API. Please see migration guide for more details: https://rnfirebase.io/migrating-to-v22 Please use `getApps()` instead.
08-16 05:40:44.216  9580  9617 I ReactNativeJS: '[VoIPPendingIncoming]', '{"event":"REQUEST_START","source":"pending_call_initial","token_summary":"len:30:passke...en_331","user_id":6,"has_pending_call":false,"has_active_call":false}'
08-16 05:40:44.218  9580  9617 I ReactNativeJS: '[UI_PRESS_PROBE]', '{"event":"VOIP_PRESENCE_CONNECT_ATTEMPT","timestamp":"2026-08-15T20:40:44.218Z","token_ready":true,"user_ready":true,"show_login":false,"show_voip_tester":false,"selected_call_mode":"pstn_assist","voice_id":"nado-000006","token_summary":"len:30:passke...en_331","reason":"effect_start","api_base":"https://metanova1004.com"}'
08-16 05:40:44.220  9580  9617 W ReactNativeJS: This method is deprecated (as well as all React Native Firebase namespaced API) and will be removed in the next major release as part of move to match Firebase Web modular SDK API. Please see migration guide for more details: https://rnfirebase.io/migrating-to-v22 Please use `getApp()` instead.
08-16 05:40:44.220  9580  9617 W ReactNativeJS: This method is deprecated (as well as all React Native Firebase namespaced API) and will be removed in the next major release as part of move to match Firebase Web modular SDK API. Please see migration guide for more details: https://rnfirebase.io/migrating-to-v22 Please use `getApp()` instead.
08-16 05:40:44.220  9580  9617 W ReactNativeJS: This method is deprecated (as well as all React Native Firebase namespaced API) and will be removed in the next major release as part of move to match Firebase Web modular SDK API. Please see migration guide for more details: https://rnfirebase.io/migrating-to-v22 Please use `getApp()` instead.
08-16 05:40:44.222  9580  9617 W ReactNativeJS: This method is deprecated (as well as all React Native Firebase namespaced API) and will be removed in the next major release as part of move to match Firebase Web modular SDK API. Please see migration guide for more details: https://rnfirebase.io/migrating-to-v22 Please use `getApp()` instead.
08-16 05:40:44.223  9580  9617 I ReactNativeJS: '[UI_PRESS_PROBE]', '{"event":"VOIP_NOTIFICATION_PERMISSION_STATUS","timestamp":"2026-08-15T20:40:44.223Z","token_ready":true,"user_ready":true,"show_login":false,"show_voip_tester":false,"selected_call_mode":"pstn_assist","notifications_enabled":true}'
08-16 05:40:44.225  9580  9617 I ReactNativeJS: '[DEEP_LINK_TRACE]', '{"source":"initial_url","outcome":"empty_url"}'
08-16 05:40:44.256  9580  9617 I ReactNativeJS: '[UI_PRESS_PROBE]', '{"event":"VOIP_PRESENCE_ERROR","timestamp":"2026-08-15T20:40:44.255Z","token_ready":true,"user_ready":true,"show_login":false,"show_voip_tester":false,"selected_call_mode":"pstn_assist","voice_id":"nado-000006","token_summary":"len:30:passke...en_331","reason":"effect_start"}'
08-16 05:40:44.256  9580  9617 I ReactNativeJS: '[UI_PRESS_PROBE]', '{"event":"VOIP_PRESENCE_CLOSED","timestamp":"2026-08-15T20:40:44.256Z","token_ready":true,"user_ready":true,"show_login":false,"show_voip_tester":false,"selected_call_mode":"pstn_assist","voice_id":"nado-000006","token_summary":"len:30:passke...en_331","reason":"effect_start","code":1006}'
08-16 05:40:44.257  9580  9617 I ReactNativeJS: '[UI_PRESS_PROBE]', '{"event":"VOIP_PRESENCE_RETRY_SCHEDULED","timestamp":"2026-08-15T20:40:44.257Z","token_ready":true,"user_ready":true,"show_login":false,"show_voip_tester":false,"selected_call_mode":"pstn_assist","voice_id":"nado-000006","token_summary":"len:30:passke...en_331","reason":"close:1006"}'
08-16 05:40:44.261  9580  9617 I ReactNativeJS: '[MISSED_CALL]', '{"event":"fetch","count":0}'
08-16 05:40:44.261  9580  9617 I ReactNativeJS: '[VoIPPendingIncoming]', '{"event":"REQUEST_RESULT","source":"pending_call_initial","token_summary":"len:30:passke...en_331","user_id":6,"status":401,"ok":false}'
08-16 05:40:44.261  9580  9617 I ReactNativeJS: '[VoIPPendingIncoming] fetch failed', 401
08-16 05:40:44.262  9580  9617 W ReactNativeJS: This method is deprecated (as well as all React Native Firebase namespaced API) and will be removed in the next major release as part of move to match Firebase Web modular SDK API. Please see migration guide for more details: https://rnfirebase.io/migrating-to-v22 Please use `getApp()` instead.
08-16 05:40:44.298  9580  9617 I ReactNativeJS: '[UI_PRESS_PROBE]', '{"event":"VOIP_ACTIVE_CALL_RESUME_SKIPPED_AUTH","timestamp":"2026-08-15T20:40:44.298Z","token_ready":true,"user_ready":true,"show_login":false,"show_voip_tester":false,"selected_call_mode":"pstn_assist","source":"app_launch_resume","status":401,"last_call_id":null}'
08-16 05:40:44.352  9580  9617 I ReactNativeJS: '[AUTH_FLOW]', '{"event":"AUTH_STORAGE_RESTORE_FOUND","user_id":6,"user_email":"119cash@naver.com"}'
08-16 05:40:44.353  9580  9617 I ReactNativeJS: '[AUTH_FLOW]', '{"event":"AUTH_STORAGE_RESTORE_APPLIED","user_id":6,"user_email":"119cash@naver.com"}'
08-16 05:40:44.381  9580  9617 W ReactNativeJS: This method is deprecated (as well as all React Native Firebase namespaced API) and will be removed in the next major release as part of move to match Firebase Web modular SDK API. Please see migration guide for more details: https://rnfirebase.io/migrating-to-v22 Please use `getApps()` instead.
08-16 05:40:44.382  9580  9617 W ReactNativeJS: This method is deprecated (as well as all React Native Firebase namespaced API) and will be removed in the next major release as part of move to match Firebase Web modular SDK API. Please see migration guide for more details: https://rnfirebase.io/migrating-to-v22 Please use `getApps()` instead.
08-16 05:40:44.382  9580  9617 W ReactNativeJS: This method is deprecated (as well as all React Native Firebase namespaced API) and will be removed in the next major release as part of move to match Firebase Web modular SDK API. Please see migration guide for more details: https://rnfirebase.io/migrating-to-v22 Please use `getApps()` instead.
08-16 05:40:44.383  9580  9617 W ReactNativeJS: This method is deprecated (as well as all React Native Firebase namespaced API) and will be removed in the next major release as part of move to match Firebase Web modular SDK API. Please see migration guide for more details: https://rnfirebase.io/migrating-to-v22 Please use `getApps()` instead.
08-16 05:40:44.385  9580  9617 I ReactNativeJS: '[VoIPPendingIncoming]', '{"event":"REQUEST_START","source":"pending_call_initial","token_summary":"len:30:passke...en_331","user_id":6,"has_pending_call":false,"has_active_call":false}'
08-16 05:40:44.387  9580  9617 I ReactNativeJS: '[UI_PRESS_PROBE]', '{"event":"VOIP_PRESENCE_CONNECT_ATTEMPT","timestamp":"2026-08-15T20:40:44.386Z","token_ready":true,"user_ready":true,"show_login":false,"show_voip_tester":false,"selected_call_mode":"pstn_assist","voice_id":"nado-000006","token_summary":"len:30:passke...en_331","reason":"effect_start","api_base":"https://metanova1004.com"}'
08-16 05:40:44.388  9580  9617 W ReactNativeJS: This method is deprecated (as well as all React Native Firebase namespaced API) and will be removed in the next major release as part of move to match Firebase Web modular SDK API. Please see migration guide for more details: https://rnfirebase.io/migrating-to-v22 Please use `getApp()` instead.
08-16 05:40:44.388  9580  9617 W ReactNativeJS: This method is deprecated (as well as all React Native Firebase namespaced API) and will be removed in the next major release as part of move to match Firebase Web modular SDK API. Please see migration guide for more details: https://rnfirebase.io/migrating-to-v22 Please use `getApp()` instead.
08-16 05:40:44.388  9580  9617 W ReactNativeJS: This method is deprecated (as well as all React Native Firebase namespaced API) and will be removed in the next major release as part of move to match Firebase Web modular SDK API. Please see migration guide for more details: https://rnfirebase.io/migrating-to-v22 Please use `getApp()` instead.
08-16 05:40:44.390  9580  9617 W ReactNativeJS: This method is deprecated (as well as all React Native Firebase namespaced API) and will be removed in the next major release as part of move to match Firebase Web modular SDK API. Please see migration guide for more details: https://rnfirebase.io/migrating-to-v22 Please use `getApp()` instead.
08-16 05:40:44.391  9580  9617 I ReactNativeJS: '[UI_PRESS_PROBE]', '{"event":"VOIP_NOTIFICATION_PERMISSION_STATUS","timestamp":"2026-08-15T20:40:44.391Z","token_ready":true,"user_ready":true,"show_login":false,"show_voip_tester":false,"selected_call_mode":"pstn_assist","notifications_enabled":true}'
08-16 05:40:44.394  9580  9617 I ReactNativeJS: '[DEEP_LINK_TRACE]', '{"source":"initial_url","outcome":"empty_url"}'
08-16 05:40:44.423  9580  9617 I ReactNativeJS: '[UI_PRESS_PROBE]', '{"event":"VOIP_PRESENCE_ERROR","timestamp":"2026-08-15T20:40:44.423Z","token_ready":true,"user_ready":true,"show_login":false,"show_voip_tester":false,"selected_call_mode":"pstn_assist","voice_id":"nado-000006","token_summary":"len:30:passke...en_331","reason":"effect_start"}'
08-16 05:40:44.424  9580  9617 I ReactNativeJS: '[UI_PRESS_PROBE]', '{"event":"VOIP_PRESENCE_CLOSED","timestamp":"2026-08-15T20:40:44.423Z","token_ready":true,"user_ready":true,"show_login":false,"show_voip_tester":false,"selected_call_mode":"pstn_assist","voice_id":"nado-000006","token_summary":"len:30:passke...en_331","reason":"effect_start","code":1006}'
08-16 05:40:44.424  9580  9617 I ReactNativeJS: '[UI_PRESS_PROBE]', '{"event":"VOIP_PRESENCE_RETRY_SCHEDULED","timestamp":"2026-08-15T20:40:44.424Z","token_ready":true,"user_ready":true,"show_login":false,"show_voip_tester":false,"selected_call_mode":"pstn_assist","voice_id":"nado-000006","token_summary":"len:30:passke...en_331","reason":"close:1006"}'
08-16 05:40:44.466  9580  9617 I ReactNativeJS: '[VoIPPendingIncoming]', '{"event":"REQUEST_RESULT","source":"pending_call_initial","token_summary":"len:30:passke...en_331","user_id":6,"status":401,"ok":false}'
08-16 05:40:44.467  9580  9617 I ReactNativeJS: '[VoIPPendingIncoming] fetch failed', 401
08-16 05:40:44.468  9580  9617 I ReactNativeJS: '[MISSED_CALL]', '{"event":"fetch","count":0}'
08-16 05:40:44.469  9580  9617 W ReactNativeJS: This method is deprecated (as well as all React Native Firebase namespaced API) and will be removed in the next major release as part of move to match Firebase Web modular SDK API. Please see migration guide for more details: https://rnfirebase.io/migrating-to-v22 Please use `getApp()` instead.
08-16 05:40:44.473  9580  9617 I ReactNativeJS: '[AUTH_FLOW]', '{"event":"AUTH_STORAGE_RESTORE_FOUND","user_id":6,"user_email":"119cash@naver.com"}'
08-16 05:40:44.473  9580  9617 I ReactNativeJS: '[AUTH_FLOW]', '{"event":"AUTH_STORAGE_RESTORE_APPLIED","user_id":6,"user_email":"119cash@naver.com"}'
08-16 05:40:44.476  9580  9617 I ReactNativeJS: '[UI_PRESS_PROBE]', '{"event":"VOIP_ACTIVE_CALL_RESUME_SKIPPED_AUTH","timestamp":"2026-08-15T20:40:44.476Z","token_ready":true,"user_ready":true,"show_login":false,"show_voip_tester":false,"selected_call_mode":"pstn_assist","source":"app_launch_resume","status":401,"last_call_id":null}'
08-16 05:40:44.503  9580  9617 W ReactNativeJS: This method is deprecated (as well as all React Native Firebase namespaced API) and will be removed in the next major release as part of move to match Firebase Web modular SDK API. Please see migration guide for more details: https://rnfirebase.io/migrating-to-v22 Please use `getApps()` instead.
08-16 05:40:44.503  9580  9617 W ReactNativeJS: This method is deprecated (as well as all React Native Firebase namespaced API) and will be removed in the next major release as part of move to match Firebase Web modular SDK API. Please see migration guide for more details: https://rnfirebase.io/migrating-to-v22 Please use `getApps()` instead.
08-16 05:40:44.503  9580  9617 W ReactNativeJS: This method is deprecated (as well as all React Native Firebase namespaced API) and will be removed in the next major release as part of move to match Firebase Web modular SDK API. Please see migration guide for more details: https://rnfirebase.io/migrating-to-v22 Please use `getApps()` instead.
08-16 05:40:44.504  9580  9617 W ReactNativeJS: This method is deprecated (as well as all React Native Firebase namespaced API) and will be removed in the next major release as part of move to match Firebase Web modular SDK API. Please see migration guide for more details: https://rnfirebase.io/migrating-to-v22 Please use `getApps()` instead.
08-16 05:40:44.506  9580  9617 I ReactNativeJS: '[VoIPPendingIncoming]', '{"event":"REQUEST_START","source":"pending_call_initial","token_summary":"len:30:passke...en_331","user_id":6,"has_pending_call":false,"has_active_call":false}'
08-16 05:40:44.508  9580  9617 I ReactNativeJS: '[UI_PRESS_PROBE]', '{"event":"VOIP_PRESENCE_CONNECT_ATTEMPT","timestamp":"2026-08-15T20:40:44.508Z","token_ready":true,"user_ready":true,"show_login":false,"show_voip_tester":false,"selected_call_mode":"pstn_assist","voice_id":"nado-000006","token_summary":"len:30:passke...en_331","reason":"effect_start","api_base":"https://metanova1004.com"}'
08-16 05:40:44.509  9580  9617 W ReactNativeJS: This method is deprecated (as well as all React Native Firebase namespaced API) and will be removed in the next major release as part of move to match Firebase Web modular SDK API. Please see migration guide for more details: https://rnfirebase.io/migrating-to-v22 Please use `getApp()` instead.
08-16 05:40:44.509  9580  9617 W ReactNativeJS: This method is deprecated (as well as all React Native Firebase namespaced API) and will be removed in the next major release as part of move to match Firebase Web modular SDK API. Please see migration guide for more details: https://rnfirebase.io/migrating-to-v22 Please use `getApp()` instead.
08-16 05:40:44.510  9580  9617 W ReactNativeJS: This method is deprecated (as well as all React Native Firebase namespaced API) and will be removed in the next major release as part of move to match Firebase Web modular SDK API. Please see migration guide for more details: https://rnfirebase.io/migrating-to-v22 Please use `getApp()` instead.
08-16 05:40:44.511  9580  9617 W ReactNativeJS: This method is deprecated (as well as all React Native Firebase namespaced API) and will be removed in the next major release as part of move to match Firebase Web modular SDK API. Please see migration guide for more details: https://rnfirebase.io/migrating-to-v22 Please use `getApp()` instead.
08-16 05:40:44.512  9580  9617 I ReactNativeJS: '[UI_PRESS_PROBE]', '{"event":"VOIP_NOTIFICATION_PERMISSION_STATUS","timestamp":"2026-08-15T20:40:44.512Z","token_ready":true,"user_ready":true,"show_login":false,"show_voip_tester":false,"selected_call_mode":"pstn_assist","notifications_enabled":true}'
08-16 05:40:44.516  9580  9617 I ReactNativeJS: '[DEEP_LINK_TRACE]', '{"source":"initial_url","outcome":"empty_url"}'
08-16 05:40:44.545  9580  9617 I ReactNativeJS: '[UI_PRESS_PROBE]', '{"event":"VOIP_PRESENCE_ERROR","timestamp":"2026-08-15T20:40:44.545Z","token_ready":true,"user_ready":true,"show_login":false,"show_voip_tester":false,"selected_call_mode":"pstn_assist","voice_id":"nado-000006","token_summary":"len:30:passke...en_331","reason":"effect_start"}'
08-16 05:40:44.546  9580  9617 I ReactNativeJS: '[UI_PRESS_PROBE]', '{"event":"VOIP_PRESENCE_CLOSED","timestamp":"2026-08-15T20:40:44.545Z","token_ready":true,"user_ready":true,"show_login":false,"show_voip_tester":false,"selected_call_mode":"pstn_assist","voice_id":"nado-000006","token_summary":"len:30:passke...en_331","reason":"effect_start","code":1006}'
08-16 05:40:44.546  9580  9617 I ReactNativeJS: '[UI_PRESS_PROBE]', '{"event":"VOIP_PRESENCE_RETRY_SCHEDULED","timestamp":"2026-08-15T20:40:44.546Z","token_ready":true,"user_ready":true,"show_login":false,"show_voip_tester":false,"selected_call_mode":"pstn_assist","voice_id":"nado-000006","token_summary":"len:30:passke...en_331","reason":"close:1006"}'
08-16 05:40:44.576  9580  9617 I ReactNativeJS: '[MISSED_CALL]', '{"event":"fetch","count":0}'
08-16 05:40:44.577  9580  9617 I ReactNativeJS: '[VoIPPendingIncoming]', '{"event":"REQUEST_RESULT","source":"pending_call_initial","token_summary":"len:30:passke...en_331","user_id":6,"status":401,"ok":false}'
08-16 05:40:44.577  9580  9617 I ReactNativeJS: '[VoIPPendingIncoming] fetch failed', 401
08-16 05:40:44.586  9580  9617 W ReactNativeJS: This method is deprecated (as well as all React Native Firebase namespaced API) and will be removed in the next major release as part of move to match Firebase Web modular SDK API. Please see migration guide for more details: https://rnfirebase.io/migrating-to-v22 Please use `getApp()` instead.
08-16 05:40:44.615  9580  9617 W ReactNativeJS: This method is deprecated (as well as all React Native Firebase namespaced API) and will be removed in the next major release as part of move to match Firebase Web modular SDK API. Please see migration guide for more details: https://rnfirebase.io/migrating-to-v22 Please use `getApp()` instead.
08-16 05:40:44.637  9580  9617 I ReactNativeJS: '[AUTH_FLOW]', '{"event":"AUTH_STORAGE_RESTORE_FOUND","user_id":6,"user_email":"119cash@naver.com"}'
08-16 05:40:44.638  9580  9617 I ReactNativeJS: '[AUTH_FLOW]', '{"event":"AUTH_STORAGE_RESTORE_APPLIED","user_id":6,"user_email":"119cash@naver.com"}'
08-16 05:40:44.643  9580  9617 I ReactNativeJS: '[UI_PRESS_PROBE]', '{"event":"VOIP_ACTIVE_CALL_RESUME_SKIPPED_AUTH","timestamp":"2026-08-15T20:40:44.642Z","token_ready":true,"user_ready":true,"show_login":false,"show_voip_tester":false,"selected_call_mode":"pstn_assist","source":"app_launch_resume","status":401,"last_call_id":null}'
08-16 05:40:44.681  9580  9617 W ReactNativeJS: This method is deprecated (as well as all React Native Firebase namespaced API) and will be removed in the next major release as part of move to match Firebase Web modular SDK API. Please see migration guide for more details: https://rnfirebase.io/migrating-to-v22 Please use `getApps()` instead.
08-16 05:40:44.681  9580  9617 W ReactNativeJS: This method is deprecated (as well as all React Native Firebase namespaced API) and will be removed in the next major release as part of move to match Firebase Web modular SDK API. Please see migration guide for more details: https://rnfirebase.io/migrating-to-v22 Please use `getApps()` instead.
08-16 05:40:44.681  9580  9617 W ReactNativeJS: This method is deprecated (as well as all React Native Firebase namespaced API) and will be removed in the next major release as part of move to match Firebase Web modular SDK API. Please see migration guide for more details: https://rnfirebase.io/migrating-to-v22 Please use `getApps()` instead.
08-16 05:40:44.682  9580  9617 W ReactNativeJS: This method is deprecated (as well as all React Native Firebase namespaced API) and will be removed in the next major release as part of move to match Firebase Web modular SDK API. Please see migration guide for more details: https://rnfirebase.io/migrating-to-v22 Please use `getApps()` instead.
08-16 05:40:44.684  9580  9617 I ReactNativeJS: '[VoIPPendingIncoming]', '{"event":"REQUEST_START","source":"pending_call_initial","token_summary":"len:30:passke...en_331","user_id":6,"has_pending_call":false,"has_active_call":false}'
08-16 05:40:44.686  9580  9617 I ReactNativeJS: '[UI_PRESS_PROBE]', '{"event":"VOIP_PRESENCE_CONNECT_ATTEMPT","timestamp":"2026-08-15T20:40:44.685Z","token_ready":true,"user_ready":true,"show_login":false,"show_voip_tester":false,"selected_call_mode":"pstn_assist","voice_id":"nado-000006","token_summary":"len:30:passke...en_331","reason":"effect_start","api_base":"https://metanova1004.com"}'
08-16 05:40:44.687  9580  9617 W ReactNativeJS: This method is deprecated (as well as all React Native Firebase namespaced API) and will be removed in the next major release as part of move to match Firebase Web modular SDK API. Please see migration guide for more details: https://rnfirebase.io/migrating-to-v22 Please use `getApp()` instead.
08-16 05:40:44.687  9580  9617 W ReactNativeJS: This method is deprecated (as well as all React Native Firebase namespaced API) and will be removed in the next major release as part of move to match Firebase Web modular SDK API. Please see migration guide for more details: https://rnfirebase.io/migrating-to-v22 Please use `getApp()` instead.
08-16 05:40:44.687  9580  9617 W ReactNativeJS: This method is deprecated (as well as all React Native Firebase namespaced API) and will be removed in the next major release as part of move to match Firebase Web modular SDK API. Please see migration guide for more details: https://rnfirebase.io/migrating-to-v22 Please use `getApp()` instead.
08-16 05:40:44.689  9580  9617 W ReactNativeJS: This method is deprecated (as well as all React Native Firebase namespaced API) and will be removed in the next major release as part of move to match Firebase Web modular SDK API. Please see migration guide for more details: https://rnfirebase.io/migrating-to-v22 Please use `getApp()` instead.
08-16 05:40:44.690  9580  9617 I ReactNativeJS: '[UI_PRESS_PROBE]', '{"event":"VOIP_NOTIFICATION_PERMISSION_STATUS","timestamp":"2026-08-15T20:40:44.689Z","token_ready":true,"user_ready":true,"show_login":false,"show_voip_tester":false,"selected_call_mode":"pstn_assist","notifications_enabled":true}'
08-16 05:40:44.693  9580  9617 I ReactNativeJS: '[DEEP_LINK_TRACE]', '{"source":"initial_url","outcome":"empty_url"}'
08-16 05:40:44.723  9580  9617 I ReactNativeJS: '[UI_PRESS_PROBE]', '{"event":"VOIP_PRESENCE_ERROR","timestamp":"2026-08-15T20:40:44.722Z","token_ready":true,"user_ready":true,"show_login":false,"show_voip_tester":false,"selected_call_mode":"pstn_assist","voice_id":"nado-000006","token_summary":"len:30:passke...en_331","reason":"effect_start"}'
08-16 05:40:44.724  9580  9617 I ReactNativeJS: '[UI_PRESS_PROBE]', '{"event":"VOIP_PRESENCE_CLOSED","timestamp":"2026-08-15T20:40:44.723Z","token_ready":true,"user_ready":true,"show_login":false,"show_voip_tester":false,"selected_call_mode":"pstn_assist","voice_id":"nado-000006","token_summary":"len:30:passke...en_331","reason":"effect_start","code":1006}'
08-16 05:40:44.724  9580  9617 I ReactNativeJS: '[UI_PRESS_PROBE]', '{"event":"VOIP_PRESENCE_RETRY_SCHEDULED","timestamp":"2026-08-15T20:40:44.724Z","token_ready":true,"user_ready":true,"show_login":false,"show_voip_tester":false,"selected_call_mode":"pstn_assist","voice_id":"nado-000006","token_summary":"len:30:passke...en_331","reason":"close:1006"}'
08-16 05:40:44.756  9580  9617 I ReactNativeJS: '[MISSED_CALL]', '{"event":"fetch","count":0}'
08-16 05:40:44.756  9580  9617 I ReactNativeJS: '[VoIPPendingIncoming]', '{"event":"REQUEST_RESULT","source":"pending_call_initial","token_summary":"len:30:passke...en_331","user_id":6,"status":401,"ok":false}'
08-16 05:40:44.756  9580  9617 I ReactNativeJS: '[VoIPPendingIncoming] fetch failed', 401
08-16 05:40:44.757  9580  9617 W ReactNativeJS: This method is deprecated (as well as all React Native Firebase namespaced API) and will be removed in the next major release as part of move to match Firebase Web modular SDK API. Please see migration guide for more details: https://rnfirebase.io/migrating-to-v22 Please use `getApp()` instead.
08-16 05:40:44.770  9580  9617 I ReactNativeJS: '[UI_PRESS_PROBE]', '{"event":"VOIP_ACTIVE_CALL_RESUME_SKIPPED_AUTH","timestamp":"2026-08-15T20:40:44.770Z","token_ready":true,"user_ready":true,"show_login":false,"show_voip_tester":false,"selected_call_mode":"pstn_assist","source":"app_launch_resume","status":401,"last_call_id":null}'
08-16 05:40:44.821  9580  9617 I ReactNativeJS: '[AUTH_FLOW]', '{"event":"AUTH_STORAGE_RESTORE_FOUND","user_id":6,"user_email":"119cash@naver.com"}'
08-16 05:40:44.821  9580  9617 I ReactNativeJS: '[AUTH_FLOW]', '{"event":"AUTH_STORAGE_RESTORE_APPLIED","user_id":6,"user_email":"119cash@naver.com"}'
08-16 05:40:44.856  9580  9617 W ReactNativeJS: This method is deprecated (as well as all React Native Firebase namespaced API) and will be removed in the next major release as part of move to match Firebase Web modular SDK API. Please see migration guide for more details: https://rnfirebase.io/migrating-to-v22 Please use `getApps()` instead.
08-16 05:40:44.857  9580  9617 W ReactNativeJS: This method is deprecated (as well as all React Native Firebase namespaced API) and will be removed in the next major release as part of move to match Firebase Web modular SDK API. Please see migration guide for more details: https://rnfirebase.io/migrating-to-v22 Please use `getApps()` instead.
08-16 05:40:44.857  9580  9617 W ReactNativeJS: This method is deprecated (as well as all React Native Firebase namespaced API) and will be removed in the next major release as part of move to match Firebase Web modular SDK API. Please see migration guide for more details: https://rnfirebase.io/migrating-to-v22 Please use `getApps()` instead.
08-16 05:40:44.858  9580  9617 W ReactNativeJS: This method is deprecated (as well as all React Native Firebase namespaced API) and will be removed in the next major release as part of move to match Firebase Web modular SDK API. Please see migration guide for more details: https://rnfirebase.io/migrating-to-v22 Please use `getApps()` instead.
08-16 05:40:44.860  9580  9617 I ReactNativeJS: '[VoIPPendingIncoming]', '{"event":"REQUEST_START","source":"pending_call_initial","token_summary":"len:30:passke...en_331","user_id":6,"has_pending_call":false,"has_active_call":false}'
08-16 05:40:44.861  9580  9617 I ReactNativeJS: '[UI_PRESS_PROBE]', '{"event":"VOIP_PRESENCE_CONNECT_ATTEMPT","timestamp":"2026-08-15T20:40:44.861Z","token_ready":true,"user_ready":true,"show_login":false,"show_voip_tester":false,"selected_call_mode":"pstn_assist","voice_id":"nado-000006","token_summary":"len:30:passke...en_331","reason":"effect_start","api_base":"https://metanova1004.com"}'
08-16 05:40:44.863  9580  9617 W ReactNativeJS: This method is deprecated (as well as all React Native Firebase namespaced API) and will be removed in the next major release as part of move to match Firebase Web modular SDK API. Please see migration guide for more details: https://rnfirebase.io/migrating-to-v22 Please use `getApp()` instead.
08-16 05:40:44.863  9580  9617 W ReactNativeJS: This method is deprecated (as well as all React Native Firebase namespaced API) and will be removed in the next major release as part of move to match Firebase Web modular SDK API. Please see migration guide for more details: https://rnfirebase.io/migrating-to-v22 Please use `getApp()` instead.
08-16 05:40:44.863  9580  9617 W ReactNativeJS: This method is deprecated (as well as all React Native Firebase namespaced API) and will be removed in the next major release as part of move to match Firebase Web modular SDK API. Please see migration guide for more details: https://rnfirebase.io/migrating-to-v22 Please use `getApp()` instead.
08-16 05:40:44.865  9580  9617 W ReactNativeJS: This method is deprecated (as well as all React Native Firebase namespaced API) and will be removed in the next major release as part of move to match Firebase Web modular SDK API. Please see migration guide for more details: https://rnfirebase.io/migrating-to-v22 Please use `getApp()` instead.
08-16 05:40:44.866  9580  9617 I ReactNativeJS: '[UI_PRESS_PROBE]', '{"event":"VOIP_NOTIFICATION_PERMISSION_STATUS","timestamp":"2026-08-15T20:40:44.866Z","token_ready":true,"user_ready":true,"show_login":false,"show_voip_tester":false,"selected_call_mode":"pstn_assist","notifications_enabled":true}'
08-16 05:40:44.870  9580  9617 I ReactNativeJS: '[DEEP_LINK_TRACE]', '{"source":"initial_url","outcome":"empty_url"}'
08-16 05:40:44.898  9580  9617 I ReactNativeJS: '[UI_PRESS_PROBE]', '{"event":"VOIP_PRESENCE_ERROR","timestamp":"2026-08-15T20:40:44.898Z","token_ready":true,"user_ready":true,"show_login":false,"show_voip_tester":false,"selected_call_mode":"pstn_assist","voice_id":"nado-000006","token_summary":"len:30:passke...en_331","reason":"effect_start"}'
08-16 05:40:44.899  9580  9617 I ReactNativeJS: '[UI_PRESS_PROBE]', '{"event":"VOIP_PRESENCE_CLOSED","timestamp":"2026-08-15T20:40:44.899Z","token_ready":true,"user_ready":true,"show_login":false,"show_voip_tester":false,"selected_call_mode":"pstn_assist","voice_id":"nado-000006","token_summary":"len:30:passke...en_331","reason":"effect_start","code":1006}'
08-16 05:40:44.899  9580  9617 I ReactNativeJS: '[UI_PRESS_PROBE]', '{"event":"VOIP_PRESENCE_RETRY_SCHEDULED","timestamp":"2026-08-15T20:40:44.899Z","token_ready":true,"user_ready":true,"show_login":false,"show_voip_tester":false,"selected_call_mode":"pstn_assist","voice_id":"nado-000006","token_summary":"len:30:passke...en_331","reason":"close:1006"}'
08-16 05:40:44.930  9580  9617 I ReactNativeJS: '[MISSED_CALL]', '{"event":"fetch","count":0}'
08-16 05:40:44.930  9580  9617 I ReactNativeJS: '[VoIPPendingIncoming]', '{"event":"REQUEST_RESULT","source":"pending_call_initial","token_summary":"len:30:passke...en_331","user_id":6,"status":401,"ok":false}'
08-16 05:40:44.931  9580  9617 I ReactNativeJS: '[VoIPPendingIncoming] fetch failed', 401
08-16 05:40:44.932  9580  9617 W ReactNativeJS: This method is deprecated (as well as all React Native Firebase namespaced API) and will be removed in the next major release as part of move to match Firebase Web modular SDK API. Please see migration guide for more details: https://rnfirebase.io/migrating-to-v22 Please use `getApp()` instead.
08-16 05:40:44.949  9580  9617 I ReactNativeJS: '[UI_PRESS_PROBE]', '{"event":"VOIP_ACTIVE_CALL_RESUME_SKIPPED_AUTH","timestamp":"2026-08-15T20:40:44.949Z","token_ready":true,"user_ready":true,"show_login":false,"show_voip_tester":false,"selected_call_mode":"pstn_assist","source":"app_launch_resume","status":401,"last_call_id":null}'
08-16 05:40:44.975  9580  9617 I ReactNativeJS: '[AUTH_FLOW]', '{"event":"AUTH_STORAGE_RESTORE_FOUND","user_id":6,"user_email":"119cash@naver.com"}'
08-16 05:40:44.976  9580  9617 I ReactNativeJS: '[AUTH_FLOW]', '{"event":"AUTH_STORAGE_RESTORE_APPLIED","user_id":6,"user_email":"119cash@naver.com"}'
08-16 05:40:45.005  9580  9617 W ReactNativeJS: This method is deprecated (as well as all React Native Firebase namespaced API) and will be removed in the next major release as part of move to match Firebase Web modular SDK API. Please see migration guide for more details: https://rnfirebase.io/migrating-to-v22 Please use `getApps()` instead.
08-16 05:40:45.005  9580  9617 W ReactNativeJS: This method is deprecated (as well as all React Native Firebase namespaced API) and will be removed in the next major release as part of move to match Firebase Web modular SDK API. Please see migration guide for more details: https://rnfirebase.io/migrating-to-v22 Please use `getApps()` instead.
08-16 05:40:45.005  9580  9617 W ReactNativeJS: This method is deprecated (as well as all React Native Firebase namespaced API) and will be removed in the next major release as part of move to match Firebase Web modular SDK API. Please see migration guide for more details: https://rnfirebase.io/migrating-to-v22 Please use `getApps()` instead.
08-16 05:40:45.006  9580  9617 W ReactNativeJS: This method is deprecated (as well as all React Native Firebase namespaced API) and will be removed in the next major release as part of move to match Firebase Web modular SDK API. Please see migration guide for more details: https://rnfirebase.io/migrating-to-v22 Please use `getApps()` instead.
08-16 05:40:45.008  9580  9617 I ReactNativeJS: '[VoIPPendingIncoming]', '{"event":"REQUEST_START","source":"pending_call_initial","token_summary":"len:30:passke...en_331","user_id":6,"has_pending_call":false,"has_active_call":false}'
08-16 05:40:45.010  9580  9617 I ReactNativeJS: '[UI_PRESS_PROBE]', '{"event":"VOIP_PRESENCE_CONNECT_ATTEMPT","timestamp":"2026-08-15T20:40:45.009Z","token_ready":true,"user_ready":true,"show_login":false,"show_voip_tester":false,"selected_call_mode":"pstn_assist","voice_id":"nado-000006","token_summary":"len:30:passke...en_331","reason":"effect_start","api_base":"https://metanova1004.com"}'
08-16 05:40:45.011  9580  9617 W ReactNativeJS: This method is deprecated (as well as all React Native Firebase namespaced API) and will be removed in the next major release as part of move to match Firebase Web modular SDK API. Please see migration guide for more details: https://rnfirebase.io/migrating-to-v22 Please use `getApp()` instead.
08-16 05:40:45.011  9580  9617 W ReactNativeJS: This method is deprecated (as well as all React Native Firebase namespaced API) and will be removed in the next major release as part of move to match Firebase Web modular SDK API. Please see migration guide for more details: https://rnfirebase.io/migrating-to-v22 Please use `getApp()` instead.
08-16 05:40:45.012  9580  9617 W ReactNativeJS: This method is deprecated (as well as all React Native Firebase namespaced API) and will be removed in the next major release as part of move to match Firebase Web modular SDK API. Please see migration guide for more details: https://rnfirebase.io/migrating-to-v22 Please use `getApp()` instead.
08-16 05:40:45.013  9580  9617 W ReactNativeJS: This method is deprecated (as well as all React Native Firebase namespaced API) and will be removed in the next major release as part of move to match Firebase Web modular SDK API. Please see migration guide for more details: https://rnfirebase.io/migrating-to-v22 Please use `getApp()` instead.
08-16 05:40:45.014  9580  9617 I ReactNativeJS: '[UI_PRESS_PROBE]', '{"event":"VOIP_NOTIFICATION_PERMISSION_STATUS","timestamp":"2026-08-15T20:40:45.014Z","token_ready":true,"user_ready":true,"show_login":false,"show_voip_tester":false,"selected_call_mode":"pstn_assist","notifications_enabled":true}'
08-16 05:40:45.018  9580  9617 I ReactNativeJS: '[DEEP_LINK_TRACE]', '{"source":"initial_url","outcome":"empty_url"}'
08-16 05:40:45.047  9580  9617 I ReactNativeJS: '[UI_PRESS_PROBE]', '{"event":"VOIP_PRESENCE_ERROR","timestamp":"2026-08-15T20:40:45.047Z","token_ready":true,"user_ready":true,"show_login":false,"show_voip_tester":false,"selected_call_mode":"pstn_assist","voice_id":"nado-000006","token_summary":"len:30:passke...en_331","reason":"effect_start"}'
08-16 05:40:45.048  9580  9617 I ReactNativeJS: '[UI_PRESS_PROBE]', '{"event":"VOIP_PRESENCE_CLOSED","timestamp":"2026-08-15T20:40:45.047Z","token_ready":true,"user_ready":true,"show_login":false,"show_voip_tester":false,"selected_call_mode":"pstn_assist","voice_id":"nado-000006","token_summary":"len:30:passke...en_331","reason":"effect_start","code":1006}'
08-16 05:40:45.048  9580  9617 I ReactNativeJS: '[UI_PRESS_PROBE]', '{"event":"VOIP_PRESENCE_RETRY_SCHEDULED","timestamp":"2026-08-15T20:40:45.048Z","token_ready":true,"user_ready":true,"show_login":false,"show_voip_tester":false,"selected_call_mode":"pstn_assist","voice_id":"nado-000006","token_summary":"len:30:passke...en_331","reason":"close:1006"}'
08-16 05:40:45.049  9580  9617 W ReactNativeJS: This method is deprecated (as well as all React Native Firebase namespaced API) and will be removed in the next major release as part of move to match Firebase Web modular SDK API. Please see migration guide for more details: https://rnfirebase.io/migrating-to-v22 Please use `getApp()` instead.
08-16 05:40:45.087  9580  9617 I ReactNativeJS: '[MISSED_CALL]', '{"event":"fetch","count":0}'
08-16 05:40:45.088  9580  9617 I ReactNativeJS: '[VoIPPendingIncoming]', '{"event":"REQUEST_RESULT","source":"pending_call_initial","token_summary":"len:30:passke...en_331","user_id":6,"status":401,"ok":false}'
08-16 05:40:45.088  9580  9617 I ReactNativeJS: '[VoIPPendingIncoming] fetch failed', 401
08-16 05:40:45.097  9580  9617 W ReactNativeJS: This method is deprecated (as well as all React Native Firebase namespaced API) and will be removed in the next major release as part of move to match Firebase Web modular SDK API. Please see migration guide for more details: https://rnfirebase.io/migrating-to-v22 Please use `getApp()` instead.
08-16 05:40:45.139  9580  9617 I ReactNativeJS: '[AUTH_FLOW]', '{"event":"AUTH_STORAGE_RESTORE_FOUND","user_id":6,"user_email":"119cash@naver.com"}'
08-16 05:40:45.139  9580  9617 I ReactNativeJS: '[AUTH_FLOW]', '{"event":"AUTH_STORAGE_RESTORE_APPLIED","user_id":6,"user_email":"119cash@naver.com"}'
08-16 05:40:45.142  9580  9617 I ReactNativeJS: '[UI_PRESS_PROBE]', '{"event":"VOIP_ACTIVE_CALL_RESUME_SKIPPED_AUTH","timestamp":"2026-08-15T20:40:45.142Z","token_ready":true,"user_ready":true,"show_login":false,"show_voip_tester":false,"selected_call_mode":"pstn_assist","source":"app_launch_resume","status":401,"last_call_id":null}'
08-16 05:40:45.169  9580  9617 W ReactNativeJS: This method is deprecated (as well as all React Native Firebase namespaced API) and will be removed in the next major release as part of move to match Firebase Web modular SDK API. Please see migration guide for more details: https://rnfirebase.io/migrating-to-v22 Please use `getApps()` instead.
08-16 05:40:45.169  9580  9617 W ReactNativeJS: This method is deprecated (as well as all React Native Firebase namespaced API) and will be removed in the next major release as part of move to match Firebase Web modular SDK API. Please see migration guide for more details: https://rnfirebase.io/migrating-to-v22 Please use `getApps()` instead.
08-16 05:40:45.169  9580  9617 W ReactNativeJS: This method is deprecated (as well as all React Native Firebase namespaced API) and will be removed in the next major release as part of move to match Firebase Web modular SDK API. Please see migration guide for more details: https://rnfirebase.io/migrating-to-v22 Please use `getApps()` instead.
08-16 05:40:45.170  9580  9617 W ReactNativeJS: This method is deprecated (as well as all React Native Firebase namespaced API) and will be removed in the next major release as part of move to match Firebase Web modular SDK API. Please see migration guide for more details: https://rnfirebase.io/migrating-to-v22 Please use `getApps()` instead.
08-16 05:40:45.172  9580  9617 I ReactNativeJS: '[VoIPPendingIncoming]', '{"event":"REQUEST_START","source":"pending_call_initial","token_summary":"len:30:passke...en_331","user_id":6,"has_pending_call":false,"has_active_call":false}'
08-16 05:40:45.175  9580  9617 I ReactNativeJS: '[UI_PRESS_PROBE]', '{"event":"VOIP_PRESENCE_CONNECT_ATTEMPT","timestamp":"2026-08-15T20:40:45.174Z","token_ready":true,"user_ready":true,"show_login":false,"show_voip_tester":false,"selected_call_mode":"pstn_assist","voice_id":"nado-000006","token_summary":"len:30:passke...en_331","reason":"effect_start","api_base":"https://metanova1004.com"}'
08-16 05:40:45.176  9580  9617 W ReactNativeJS: This method is deprecated (as well as all React Native Firebase namespaced API) and will be removed in the next major release as part of move to match Firebase Web modular SDK API. Please see migration guide for more details: https://rnfirebase.io/migrating-to-v22 Please use `getApp()` instead.
08-16 05:40:45.176  9580  9617 W ReactNativeJS: This method is deprecated (as well as all React Native Firebase namespaced API) and will be removed in the next major release as part of move to match Firebase Web modular SDK API. Please see migration guide for more details: https://rnfirebase.io/migrating-to-v22 Please use `getApp()` instead.
08-16 05:40:45.176  9580  9617 W ReactNativeJS: This method is deprecated (as well as all React Native Firebase namespaced API) and will be removed in the next major release as part of move to match Firebase Web modular SDK API. Please see migration guide for more details: https://rnfirebase.io/migrating-to-v22 Please use `getApp()` instead.
08-16 05:40:45.178  9580  9617 W ReactNativeJS: This method is deprecated (as well as all React Native Firebase namespaced API) and will be removed in the next major release as part of move to match Firebase Web modular SDK API. Please see migration guide for more details: https://rnfirebase.io/migrating-to-v22 Please use `getApp()` instead.
08-16 05:40:45.179  9580  9617 I ReactNativeJS: '[UI_PRESS_PROBE]', '{"event":"VOIP_NOTIFICATION_PERMISSION_STATUS","timestamp":"2026-08-15T20:40:45.179Z","token_ready":true,"user_ready":true,"show_login":false,"show_voip_tester":false,"selected_call_mode":"pstn_assist","notifications_enabled":true}'
08-16 05:40:45.184  9580  9617 I ReactNativeJS: '[DEEP_LINK_TRACE]', '{"source":"initial_url","outcome":"empty_url"}'
08-16 05:40:45.218  9580  9617 I ReactNativeJS: '[UI_PRESS_PROBE]', '{"event":"VOIP_PRESENCE_ERROR","timestamp":"2026-08-15T20:40:45.218Z","token_ready":true,"user_ready":true,"show_login":false,"show_voip_tester":false,"selected_call_mode":"pstn_assist","voice_id":"nado-000006","token_summary":"len:30:passke...en_331","reason":"effect_start"}'
08-16 05:40:45.218  9580  9617 I ReactNativeJS: '[UI_PRESS_PROBE]', '{"event":"VOIP_PRESENCE_CLOSED","timestamp":"2026-08-15T20:40:45.218Z","token_ready":true,"user_ready":true,"show_login":false,"show_voip_tester":false,"selected_call_mode":"pstn_assist","voice_id":"nado-000006","token_summary":"len:30:passke...en_331","reason":"effect_start","code":1006}'
08-16 05:40:45.219  9580  9617 I ReactNativeJS: '[UI_PRESS_PROBE]', '{"event":"VOIP_PRESENCE_RETRY_SCHEDULED","timestamp":"2026-08-15T20:40:45.218Z","token_ready":true,"user_ready":true,"show_login":false,"show_voip_tester":false,"selected_call_mode":"pstn_assist","voice_id":"nado-000006","token_summary":"len:30:passke...en_331","reason":"close:1006"}'
08-16 05:40:45.248  9580  9617 I ReactNativeJS: '[MISSED_CALL]', '{"event":"fetch","count":0}'
08-16 05:40:45.248  9580  9617 I ReactNativeJS: '[VoIPPendingIncoming]', '{"event":"REQUEST_RESULT","source":"pending_call_initial","token_summary":"len:30:passke...en_331","user_id":6,"status":401,"ok":false}'
08-16 05:40:45.248  9580  9617 I ReactNativeJS: '[VoIPPendingIncoming] fetch failed', 401
08-16 05:40:45.249  9580  9617 W ReactNativeJS: This method is deprecated (as well as all React Native Firebase namespaced API) and will be removed in the next major release as part of move to match Firebase Web modular SDK API. Please see migration guide for more details: https://rnfirebase.io/migrating-to-v22 Please use `getApp()` instead.
08-16 05:40:45.266  9580  9617 I ReactNativeJS: '[UI_PRESS_PROBE]', '{"event":"VOIP_ACTIVE_CALL_RESUME_SKIPPED_AUTH","timestamp":"2026-08-15T20:40:45.266Z","token_ready":true,"user_ready":true,"show_login":false,"show_voip_tester":false,"selected_call_mode":"pstn_assist","source":"app_launch_resume","status":401,"last_call_id":null}'
08-16 05:40:45.325  9580  9617 I ReactNativeJS: '[AUTH_FLOW]', '{"event":"AUTH_STORAGE_RESTORE_FOUND","user_id":6,"user_email":"119cash@naver.com"}'
08-16 05:40:45.325  9580  9617 I ReactNativeJS: '[AUTH_FLOW]', '{"event":"AUTH_STORAGE_RESTORE_APPLIED","user_id":6,"user_email":"119cash@naver.com"}'
08-16 05:40:45.357  9580  9617 W ReactNativeJS: This method is deprecated (as well as all React Native Firebase namespaced API) and will be removed in the next major release as part of move to match Firebase Web modular SDK API. Please see migration guide for more details: https://rnfirebase.io/migrating-to-v22 Please use `getApps()` instead.
08-16 05:40:45.357  9580  9617 W ReactNativeJS: This method is deprecated (as well as all React Native Firebase namespaced API) and will be removed in the next major release as part of move to match Firebase Web modular SDK API. Please see migration guide for more details: https://rnfirebase.io/migrating-to-v22 Please use `getApps()` instead.
08-16 05:40:45.357  9580  9617 W ReactNativeJS: This method is deprecated (as well as all React Native Firebase namespaced API) and will be removed in the next major release as part of move to match Firebase Web modular SDK API. Please see migration guide for more details: https://rnfirebase.io/migrating-to-v22 Please use `getApps()` instead.
08-16 05:40:45.358  9580  9617 W ReactNativeJS: This method is deprecated (as well as all React Native Firebase namespaced API) and will be removed in the next major release as part of move to match Firebase Web modular SDK API. Please see migration guide for more details: https://rnfirebase.io/migrating-to-v22 Please use `getApps()` instead.
08-16 05:40:45.360  9580  9617 I ReactNativeJS: '[VoIPPendingIncoming]', '{"event":"REQUEST_START","source":"pending_call_initial","token_summary":"len:30:passke...en_331","user_id":6,"has_pending_call":false,"has_active_call":false}'
08-16 05:40:45.361  9580  9617 I ReactNativeJS: '[UI_PRESS_PROBE]', '{"event":"VOIP_PRESENCE_CONNECT_ATTEMPT","timestamp":"2026-08-15T20:40:45.361Z","token_ready":true,"user_ready":true,"show_login":false,"show_voip_tester":false,"selected_call_mode":"pstn_assist","voice_id":"nado-000006","token_summary":"len:30:passke...en_331","reason":"effect_start","api_base":"https://metanova1004.com"}'
08-16 05:40:45.362  9580  9617 W ReactNativeJS: This method is deprecated (as well as all React Native Firebase namespaced API) and will be removed in the next major release as part of move to match Firebase Web modular SDK API. Please see migration guide for more details: https://rnfirebase.io/migrating-to-v22 Please use `getApp()` instead.
08-16 05:40:45.362  9580  9617 W ReactNativeJS: This method is deprecated (as well as all React Native Firebase namespaced API) and will be removed in the next major release as part of move to match Firebase Web modular SDK API. Please see migration guide for more details: https://rnfirebase.io/migrating-to-v22 Please use `getApp()` instead.
08-16 05:40:45.362  9580  9617 W ReactNativeJS: This method is deprecated (as well as all React Native Firebase namespaced API) and will be removed in the next major release as part of move to match Firebase Web modular SDK API. Please see migration guide for more details: https://rnfirebase.io/migrating-to-v22 Please use `getApp()` instead.
08-16 05:40:45.364  9580  9617 W ReactNativeJS: This method is deprecated (as well as all React Native Firebase namespaced API) and will be removed in the next major release as part of move to match Firebase Web modular SDK API. Please see migration guide for more details: https://rnfirebase.io/migrating-to-v22 Please use `getApp()` instead.
08-16 05:40:45.365  9580  9617 I ReactNativeJS: '[UI_PRESS_PROBE]', '{"event":"VOIP_NOTIFICATION_PERMISSION_STATUS","timestamp":"2026-08-15T20:40:45.365Z","token_ready":true,"user_ready":true,"show_login":false,"show_voip_tester":false,"selected_call_mode":"pstn_assist","notifications_enabled":true}'
08-16 05:40:45.367  9580  9617 I ReactNativeJS: '[DEEP_LINK_TRACE]', '{"source":"initial_url","outcome":"empty_url"}'
08-16 05:40:45.394  9580  9617 I ReactNativeJS: '[UI_PRESS_PROBE]', '{"event":"VOIP_PRESENCE_ERROR","timestamp":"2026-08-15T20:40:45.394Z","token_ready":true,"user_ready":true,"show_login":false,"show_voip_tester":false,"selected_call_mode":"pstn_assist","voice_id":"nado-000006","token_summary":"len:30:passke...en_331","reason":"effect_start"}'
08-16 05:40:45.394  9580  9617 I ReactNativeJS: '[UI_PRESS_PROBE]', '{"event":"VOIP_PRESENCE_CLOSED","timestamp":"2026-08-15T20:40:45.394Z","token_ready":true,"user_ready":true,"show_login":false,"show_voip_tester":false,"selected_call_mode":"pstn_assist","voice_id":"nado-000006","token_summary":"len:30:passke...en_331","reason":"effect_start","code":1006}'
08-16 05:40:45.395  9580  9617 I ReactNativeJS: '[UI_PRESS_PROBE]', '{"event":"VOIP_PRESENCE_RETRY_SCHEDULED","timestamp":"2026-08-15T20:40:45.394Z","token_ready":true,"user_ready":true,"show_login":false,"show_voip_tester":false,"selected_call_mode":"pstn_assist","voice_id":"nado-000006","token_summary":"len:30:passke...en_331","reason":"close:1006"}'
08-16 05:40:45.425  9580  9617 I ReactNativeJS: '[MISSED_CALL]', '{"event":"fetch","count":0}'
08-16 05:40:45.425  9580  9617 I ReactNativeJS: '[VoIPPendingIncoming]', '{"event":"REQUEST_RESULT","source":"pending_call_initial","token_summary":"len:30:passke...en_331","user_id":6,"status":401,"ok":false}'
08-16 05:40:45.425  9580  9617 I ReactNativeJS: '[VoIPPendingIncoming] fetch failed', 401
08-16 05:40:45.426  9580  9617 W ReactNativeJS: This method is deprecated (as well as all React Native Firebase namespaced API) and will be removed in the next major release as part of move to match Firebase Web modular SDK API. Please see migration guide for more details: https://rnfirebase.io/migrating-to-v22 Please use `getApp()` instead.
08-16 05:40:45.449  9580  9617 I ReactNativeJS: '[UI_PRESS_PROBE]', '{"event":"VOIP_ACTIVE_CALL_RESUME_SKIPPED_AUTH","timestamp":"2026-08-15T20:40:45.449Z","token_ready":true,"user_ready":true,"show_login":false,"show_voip_tester":false,"selected_call_mode":"pstn_assist","source":"app_launch_resume","status":401,"last_call_id":null}'
08-16 05:40:45.474  9580  9617 W ReactNativeJS: This method is deprecated (as well as all React Native Firebase namespaced API) and will be removed in the next major release as part of move to match Firebase Web modular SDK API. Please see migration guide for more details: https://rnfirebase.io/migrating-to-v22 Please use `getApp()` instead.
08-16 05:40:45.477  9580  9617 I ReactNativeJS: '[AUTH_FLOW]', '{"event":"AUTH_STORAGE_RESTORE_FOUND","user_id":6,"user_email":"119cash@naver.com"}'
08-16 05:40:45.477  9580  9617 I ReactNativeJS: '[AUTH_FLOW]', '{"event":"AUTH_STORAGE_RESTORE_APPLIED","user_id":6,"user_email":"119cash@naver.com"}'
08-16 05:40:45.509  9580  9617 W ReactNativeJS: This method is deprecated (as well as all React Native Firebase namespaced API) and will be removed in the next major release as part of move to match Firebase Web modular SDK API. Please see migration guide for more details: https://rnfirebase.io/migrating-to-v22 Please use `getApps()` instead.
08-16 05:40:45.509  9580  9617 W ReactNativeJS: This method is deprecated (as well as all React Native Firebase namespaced API) and will be removed in the next major release as part of move to match Firebase Web modular SDK API. Please see migration guide for more details: https://rnfirebase.io/migrating-to-v22 Please use `getApps()` instead.
08-16 05:40:45.509  9580  9617 W ReactNativeJS: This method is deprecated (as well as all React Native Firebase namespaced API) and will be removed in the next major release as part of move to match Firebase Web modular SDK API. Please see migration guide for more details: https://rnfirebase.io/migrating-to-v22 Please use `getApps()` instead.
08-16 05:40:45.510  9580  9617 W ReactNativeJS: This method is deprecated (as well as all React Native Firebase namespaced API) and will be removed in the next major release as part of move to match Firebase Web modular SDK API. Please see migration guide for more details: https://rnfirebase.io/migrating-to-v22 Please use `getApps()` instead.
08-16 05:40:45.513  9580  9617 I ReactNativeJS: '[VoIPPendingIncoming]', '{"event":"REQUEST_START","source":"pending_call_initial","token_summary":"len:30:passke...en_331","user_id":6,"has_pending_call":false,"has_active_call":false}'
08-16 05:40:45.515  9580  9617 I ReactNativeJS: '[UI_PRESS_PROBE]', '{"event":"VOIP_PRESENCE_CONNECT_ATTEMPT","timestamp":"2026-08-15T20:40:45.514Z","token_ready":true,"user_ready":true,"show_login":false,"show_voip_tester":false,"selected_call_mode":"pstn_assist","voice_id":"nado-000006","token_summary":"len:30:passke...en_331","reason":"effect_start","api_base":"https://metanova1004.com"}'
08-16 05:40:45.517  9580  9617 W ReactNativeJS: This method is deprecated (as well as all React Native Firebase namespaced API) and will be removed in the next major release as part of move to match Firebase Web modular SDK API. Please see migration guide for more details: https://rnfirebase.io/migrating-to-v22 Please use `getApp()` instead.
08-16 05:40:45.517  9580  9617 W ReactNativeJS: This method is deprecated (as well as all React Native Firebase namespaced API) and will be removed in the next major release as part of move to match Firebase Web modular SDK API. Please see migration guide for more details: https://rnfirebase.io/migrating-to-v22 Please use `getApp()` instead.
08-16 05:40:45.517  9580  9617 W ReactNativeJS: This method is deprecated (as well as all React Native Firebase namespaced API) and will be removed in the next major release as part of move to match Firebase Web modular SDK API. Please see migration guide for more details: https://rnfirebase.io/migrating-to-v22 Please use `getApp()` instead.
08-16 05:40:45.519  9580  9617 W ReactNativeJS: This method is deprecated (as well as all React Native Firebase namespaced API) and will be removed in the next major release as part of move to match Firebase Web modular SDK API. Please see migration guide for more details: https://rnfirebase.io/migrating-to-v22 Please use `getApp()` instead.
08-16 05:40:45.520  9580  9617 I ReactNativeJS: '[UI_PRESS_PROBE]', '{"event":"VOIP_NOTIFICATION_PERMISSION_STATUS","timestamp":"2026-08-15T20:40:45.520Z","token_ready":true,"user_ready":true,"show_login":false,"show_voip_tester":false,"selected_call_mode":"pstn_assist","notifications_enabled":true}'
08-16 05:40:45.526  9580  9617 I ReactNativeJS: '[DEEP_LINK_TRACE]', '{"source":"initial_url","outcome":"empty_url"}'
08-16 05:40:45.563  9580  9617 I ReactNativeJS: '[UI_PRESS_PROBE]', '{"event":"VOIP_PRESENCE_ERROR","timestamp":"2026-08-15T20:40:45.562Z","token_ready":true,"user_ready":true,"show_login":false,"show_voip_tester":false,"selected_call_mode":"pstn_assist","voice_id":"nado-000006","token_summary":"len:30:passke...en_331","reason":"effect_start"}'
08-16 05:40:45.563  9580  9617 I ReactNativeJS: '[UI_PRESS_PROBE]', '{"event":"VOIP_PRESENCE_CLOSED","timestamp":"2026-08-15T20:40:45.563Z","token_ready":true,"user_ready":true,"show_login":false,"show_voip_tester":false,"selected_call_mode":"pstn_assist","voice_id":"nado-000006","token_summary":"len:30:passke...en_331","reason":"effect_start","code":1006}'
08-16 05:40:45.563  9580  9617 I ReactNativeJS: '[UI_PRESS_PROBE]', '{"event":"VOIP_PRESENCE_RETRY_SCHEDULED","timestamp":"2026-08-15T20:40:45.563Z","token_ready":true,"user_ready":true,"show_login":false,"show_voip_tester":false,"selected_call_mode":"pstn_assist","voice_id":"nado-000006","token_summary":"len:30:passke...en_331","reason":"close:1006"}'
08-16 05:40:45.603  9580  9617 I ReactNativeJS: '[MISSED_CALL]', '{"event":"fetch","count":0}'
08-16 05:40:45.604  9580  9617 I ReactNativeJS: '[VoIPPendingIncoming]', '{"event":"REQUEST_RESULT","source":"pending_call_initial","token_summary":"len:30:passke...en_331","user_id":6,"status":401,"ok":false}'
08-16 05:40:45.604  9580  9617 I ReactNativeJS: '[VoIPPendingIncoming] fetch failed', 401
08-16 05:40:45.607  9580  9617 W ReactNativeJS: This method is deprecated (as well as all React Native Firebase namespaced API) and will be removed in the next major release as part of move to match Firebase Web modular SDK API. Please see migration guide for more details: https://rnfirebase.io/migrating-to-v22 Please use `getApp()` instead.
08-16 05:40:45.656  9580  9617 I ReactNativeJS: '[AUTH_FLOW]', '{"event":"AUTH_STORAGE_RESTORE_FOUND","user_id":6,"user_email":"119cash@naver.com"}'
08-16 05:40:45.656  9580  9617 I ReactNativeJS: '[AUTH_FLOW]', '{"event":"AUTH_STORAGE_RESTORE_APPLIED","user_id":6,"user_email":"119cash@naver.com"}'
08-16 05:40:45.659  9580  9617 I ReactNativeJS: '[UI_PRESS_PROBE]', '{"event":"VOIP_ACTIVE_CALL_RESUME_SKIPPED_AUTH","timestamp":"2026-08-15T20:40:45.659Z","token_ready":true,"user_ready":true,"show_login":false,"show_voip_tester":false,"selected_call_mode":"pstn_assist","source":"app_launch_resume","status":401,"last_call_id":null}'
08-16 05:40:45.686  9580  9617 W ReactNativeJS: This method is deprecated (as well as all React Native Firebase namespaced API) and will be removed in the next major release as part of move to match Firebase Web modular SDK API. Please see migration guide for more details: https://rnfirebase.io/migrating-to-v22 Please use `getApps()` instead.
08-16 05:40:45.686  9580  9617 W ReactNativeJS: This method is deprecated (as well as all React Native Firebase namespaced API) and will be removed in the next major release as part of move to match Firebase Web modular SDK API. Please see migration guide for more details: https://rnfirebase.io/migrating-to-v22 Please use `getApps()` instead.
08-16 05:40:45.686  9580  9617 W ReactNativeJS: This method is deprecated (as well as all React Native Firebase namespaced API) and will be removed in the next major release as part of move to match Firebase Web modular SDK API. Please see migration guide for more details: https://rnfirebase.io/migrating-to-v22 Please use `getApps()` instead.
08-16 05:40:45.687  9580  9617 W ReactNativeJS: This method is deprecated (as well as all React Native Firebase namespaced API) and will be removed in the next major release as part of move to match Firebase Web modular SDK API. Please see migration guide for more details: https://rnfirebase.io/migrating-to-v22 Please use `getApps()` instead.
08-16 05:40:45.688  9580  9617 I ReactNativeJS: '[VoIPPendingIncoming]', '{"event":"REQUEST_START","source":"pending_call_initial","token_summary":"len:30:passke...en_331","user_id":6,"has_pending_call":false,"has_active_call":false}'
08-16 05:40:45.690  9580  9617 I ReactNativeJS: '[UI_PRESS_PROBE]', '{"event":"VOIP_PRESENCE_CONNECT_ATTEMPT","timestamp":"2026-08-15T20:40:45.689Z","token_ready":true,"user_ready":true,"show_login":false,"show_voip_tester":false,"selected_call_mode":"pstn_assist","voice_id":"nado-000006","token_summary":"len:30:passke...en_331","reason":"effect_start","api_base":"https://metanova1004.com"}'
08-16 05:40:45.691  9580  9617 W ReactNativeJS: This method is deprecated (as well as all React Native Firebase namespaced API) and will be removed in the next major release as part of move to match Firebase Web modular SDK API. Please see migration guide for more details: https://rnfirebase.io/migrating-to-v22 Please use `getApp()` instead.
08-16 05:40:45.691  9580  9617 W ReactNativeJS: This method is deprecated (as well as all React Native Firebase namespaced API) and will be removed in the next major release as part of move to match Firebase Web modular SDK API. Please see migration guide for more details: https://rnfirebase.io/migrating-to-v22 Please use `getApp()` instead.
08-16 05:40:45.691  9580  9617 W ReactNativeJS: This method is deprecated (as well as all React Native Firebase namespaced API) and will be removed in the next major release as part of move to match Firebase Web modular SDK API. Please see migration guide for more details: https://rnfirebase.io/migrating-to-v22 Please use `getApp()` instead.
08-16 05:40:45.693  9580  9617 W ReactNativeJS: This method is deprecated (as well as all React Native Firebase namespaced API) and will be removed in the next major release as part of move to match Firebase Web modular SDK API. Please see migration guide for more details: https://rnfirebase.io/migrating-to-v22 Please use `getApp()` instead.
08-16 05:40:45.694  9580  9617 I ReactNativeJS: '[UI_PRESS_PROBE]', '{"event":"VOIP_NOTIFICATION_PERMISSION_STATUS","timestamp":"2026-08-15T20:40:45.693Z","token_ready":true,"user_ready":true,"show_login":false,"show_voip_tester":false,"selected_call_mode":"pstn_assist","notifications_enabled":true}'
08-16 05:40:45.697  9580  9617 I ReactNativeJS: '[DEEP_LINK_TRACE]', '{"source":"initial_url","outcome":"empty_url"}'
08-16 05:40:45.723  9580  9617 I ReactNativeJS: '[UI_PRESS_PROBE]', '{"event":"VOIP_PRESENCE_ERROR","timestamp":"2026-08-15T20:40:45.722Z","token_ready":true,"user_ready":true,"show_login":false,"show_voip_tester":false,"selected_call_mode":"pstn_assist","voice_id":"nado-000006","token_summary":"len:30:passke...en_331","reason":"effect_start"}'
08-16 05:40:45.723  9580  9617 I ReactNativeJS: '[UI_PRESS_PROBE]', '{"event":"VOIP_PRESENCE_CLOSED","timestamp":"2026-08-15T20:40:45.723Z","token_ready":true,"user_ready":true,"show_login":false,"show_voip_tester":false,"selected_call_mode":"pstn_assist","voice_id":"nado-000006","token_summary":"len:30:passke...en_331","reason":"effect_start","code":1006}'
08-16 05:40:45.724  9580  9617 I ReactNativeJS: '[UI_PRESS_PROBE]', '{"event":"VOIP_PRESENCE_RETRY_SCHEDULED","timestamp":"2026-08-15T20:40:45.724Z","token_ready":true,"user_ready":true,"show_login":false,"show_voip_tester":false,"selected_call_mode":"pstn_assist","voice_id":"nado-000006","token_summary":"len:30:passke...en_331","reason":"close:1006"}'
08-16 05:40:45.753  9580  9617 I ReactNativeJS: '[VoIPPendingIncoming]', '{"event":"REQUEST_RESULT","source":"pending_call_initial","token_summary":"len:30:passke...en_331","user_id":6,"status":401,"ok":false}'
08-16 05:40:45.753  9580  9617 I ReactNativeJS: '[VoIPPendingIncoming] fetch failed', 401
08-16 05:40:45.754  9580  9617 I ReactNativeJS: '[MISSED_CALL]', '{"event":"fetch","count":0}'
08-16 05:40:45.755  9580  9617 W ReactNativeJS: This method is deprecated (as well as all React Native Firebase namespaced API) and will be removed in the next major release as part of move to match Firebase Web modular SDK API. Please see migration guide for more details: https://rnfirebase.io/migrating-to-v22 Please use `getApp()` instead.
08-16 05:40:45.776  9580  9617 I ReactNativeJS: '[UI_PRESS_PROBE]', '{"event":"VOIP_ACTIVE_CALL_RESUME_SKIPPED_AUTH","timestamp":"2026-08-15T20:40:45.776Z","token_ready":true,"user_ready":true,"show_login":false,"show_voip_tester":false,"selected_call_mode":"pstn_assist","source":"app_launch_resume","status":401,"last_call_id":null}'
08-16 05:40:45.802  9580  9617 W ReactNativeJS: This method is deprecated (as well as all React Native Firebase namespaced API) and will be removed in the next major release as part of move to match Firebase Web modular SDK API. Please see migration guide for more details: https://rnfirebase.io/migrating-to-v22 Please use `getApp()` instead.
08-16 05:40:45.805  9580  9617 I ReactNativeJS: '[AUTH_FLOW]', '{"event":"AUTH_STORAGE_RESTORE_FOUND","user_id":6,"user_email":"119cash@naver.com"}'
08-16 05:40:45.805  9580  9617 I ReactNativeJS: '[AUTH_FLOW]', '{"event":"AUTH_STORAGE_RESTORE_APPLIED","user_id":6,"user_email":"119cash@naver.com"}'
08-16 05:40:45.835  9580  9617 W ReactNativeJS: This method is deprecated (as well as all React Native Firebase namespaced API) and will be removed in the next major release as part of move to match Firebase Web modular SDK API. Please see migration guide for more details: https://rnfirebase.io/migrating-to-v22 Please use `getApps()` instead.
08-16 05:40:45.835  9580  9617 W ReactNativeJS: This method is deprecated (as well as all React Native Firebase namespaced API) and will be removed in the next major release as part of move to match Firebase Web modular SDK API. Please see migration guide for more details: https://rnfirebase.io/migrating-to-v22 Please use `getApps()` instead.
08-16 05:40:45.835  9580  9617 W ReactNativeJS: This method is deprecated (as well as all React Native Firebase namespaced API) and will be removed in the next major release as part of move to match Firebase Web modular SDK API. Please see migration guide for more details: https://rnfirebase.io/migrating-to-v22 Please use `getApps()` instead.
08-16 05:40:45.836  9580  9617 W ReactNativeJS: This method is deprecated (as well as all React Native Firebase namespaced API) and will be removed in the next major release as part of move to match Firebase Web modular SDK API. Please see migration guide for more details: https://rnfirebase.io/migrating-to-v22 Please use `getApps()` instead.
08-16 05:40:45.838  9580  9617 I ReactNativeJS: '[VoIPPendingIncoming]', '{"event":"REQUEST_START","source":"pending_call_initial","token_summary":"len:30:passke...en_331","user_id":6,"has_pending_call":false,"has_active_call":false}'
08-16 05:40:45.839  9580  9617 I ReactNativeJS: '[UI_PRESS_PROBE]', '{"event":"VOIP_PRESENCE_CONNECT_ATTEMPT","timestamp":"2026-08-15T20:40:45.839Z","token_ready":true,"user_ready":true,"show_login":false,"show_voip_tester":false,"selected_call_mode":"pstn_assist","voice_id":"nado-000006","token_summary":"len:30:passke...en_331","reason":"effect_start","api_base":"https://metanova1004.com"}'
08-16 05:40:45.841  9580  9617 W ReactNativeJS: This method is deprecated (as well as all React Native Firebase namespaced API) and will be removed in the next major release as part of move to match Firebase Web modular SDK API. Please see migration guide for more details: https://rnfirebase.io/migrating-to-v22 Please use `getApp()` instead.
08-16 05:40:45.841  9580  9617 W ReactNativeJS: This method is deprecated (as well as all React Native Firebase namespaced API) and will be removed in the next major release as part of move to match Firebase Web modular SDK API. Please see migration guide for more details: https://rnfirebase.io/migrating-to-v22 Please use `getApp()` instead.
08-16 05:40:45.841  9580  9617 W ReactNativeJS: This method is deprecated (as well as all React Native Firebase namespaced API) and will be removed in the next major release as part of move to match Firebase Web modular SDK API. Please see migration guide for more details: https://rnfirebase.io/migrating-to-v22 Please use `getApp()` instead.
08-16 05:40:45.843  9580  9617 W ReactNativeJS: This method is deprecated (as well as all React Native Firebase namespaced API) and will be removed in the next major release as part of move to match Firebase Web modular SDK API. Please see migration guide for more details: https://rnfirebase.io/migrating-to-v22 Please use `getApp()` instead.
08-16 05:40:45.844  9580  9617 I ReactNativeJS: '[UI_PRESS_PROBE]', '{"event":"VOIP_NOTIFICATION_PERMISSION_STATUS","timestamp":"2026-08-15T20:40:45.844Z","token_ready":true,"user_ready":true,"show_login":false,"show_voip_tester":false,"selected_call_mode":"pstn_assist","notifications_enabled":true}'
08-16 05:40:45.848  9580  9617 I ReactNativeJS: '[DEEP_LINK_TRACE]', '{"source":"initial_url","outcome":"empty_url"}'
08-16 05:40:45.877  9580  9617 I ReactNativeJS: '[UI_PRESS_PROBE]', '{"event":"VOIP_PRESENCE_ERROR","timestamp":"2026-08-15T20:40:45.876Z","token_ready":true,"user_ready":true,"show_login":false,"show_voip_tester":false,"selected_call_mode":"pstn_assist","voice_id":"nado-000006","token_summary":"len:30:passke...en_331","reason":"effect_start"}'
08-16 05:40:45.877  9580  9617 I ReactNativeJS: '[UI_PRESS_PROBE]', '{"event":"VOIP_PRESENCE_CLOSED","timestamp":"2026-08-15T20:40:45.877Z","token_ready":true,"user_ready":true,"show_login":false,"show_voip_tester":false,"selected_call_mode":"pstn_assist","voice_id":"nado-000006","token_summary":"len:30:passke...en_331","reason":"effect_start","code":1006}'
08-16 05:40:45.877  9580  9617 I ReactNativeJS: '[UI_PRESS_PROBE]', '{"event":"VOIP_PRESENCE_RETRY_SCHEDULED","timestamp":"2026-08-15T20:40:45.877Z","token_ready":true,"user_ready":true,"show_login":false,"show_voip_tester":false,"selected_call_mode":"pstn_assist","voice_id":"nado-000006","token_summary":"len:30:passke...en_331","reason":"close:1006"}'
08-16 05:40:45.913  9580  9617 I ReactNativeJS: '[MISSED_CALL]', '{"event":"fetch","count":0}'
08-16 05:40:45.913  9580  9617 I ReactNativeJS: '[VoIPPendingIncoming]', '{"event":"REQUEST_RESULT","source":"pending_call_initial","token_summary":"len:30:passke...en_331","user_id":6,"status":401,"ok":false}'
08-16 05:40:45.913  9580  9617 I ReactNativeJS: '[VoIPPendingIncoming] fetch failed', 401
08-16 05:40:45.914  9580  9617 W ReactNativeJS: This method is deprecated (as well as all React Native Firebase namespaced API) and will be removed in the next major release as part of move to match Firebase Web modular SDK API. Please see migration guide for more details: https://rnfirebase.io/migrating-to-v22 Please use `getApp()` instead.
08-16 05:40:45.943  9580  9617 I ReactNativeJS: '[UI_PRESS_PROBE]', '{"event":"VOIP_ACTIVE_CALL_RESUME_SKIPPED_AUTH","timestamp":"2026-08-15T20:40:45.942Z","token_ready":true,"user_ready":true,"show_login":false,"show_voip_tester":false,"selected_call_mode":"pstn_assist","source":"app_launch_resume","status":401,"last_call_id":null}'
08-16 05:40:45.968  9580  9617 I ReactNativeJS: '[AUTH_FLOW]', '{"event":"AUTH_STORAGE_RESTORE_FOUND","user_id":6,"user_email":"119cash@naver.com"}'
08-16 05:40:45.968  9580  9617 I ReactNativeJS: '[AUTH_FLOW]', '{"event":"AUTH_STORAGE_RESTORE_APPLIED","user_id":6,"user_email":"119cash@naver.com"}'
08-16 05:40:45.995  9580  9617 W ReactNativeJS: This method is deprecated (as well as all React Native Firebase namespaced API) and will be removed in the next major release as part of move to match Firebase Web modular SDK API. Please see migration guide for more details: https://rnfirebase.io/migrating-to-v22 Please use `getApps()` instead.
08-16 05:40:45.995  9580  9617 W ReactNativeJS: This method is deprecated (as well as all React Native Firebase namespaced API) and will be removed in the next major release as part of move to match Firebase Web modular SDK API. Please see migration guide for more details: https://rnfirebase.io/migrating-to-v22 Please use `getApps()` instead.
08-16 05:40:45.995  9580  9617 W ReactNativeJS: This method is deprecated (as well as all React Native Firebase namespaced API) and will be removed in the next major release as part of move to match Firebase Web modular SDK API. Please see migration guide for more details: https://rnfirebase.io/migrating-to-v22 Please use `getApps()` instead.
08-16 05:40:45.996  9580  9617 W ReactNativeJS: This method is deprecated (as well as all React Native Firebase namespaced API) and will be removed in the next major release as part of move to match Firebase Web modular SDK API. Please see migration guide for more details: https://rnfirebase.io/migrating-to-v22 Please use `getApps()` instead.
08-16 05:40:45.998  9580  9617 I ReactNativeJS: '[VoIPPendingIncoming]', '{"event":"REQUEST_START","source":"pending_call_initial","token_summary":"len:30:passke...en_331","user_id":6,"has_pending_call":false,"has_active_call":false}'
08-16 05:40:45.999  9580  9617 I ReactNativeJS: '[UI_PRESS_PROBE]', '{"event":"VOIP_PRESENCE_CONNECT_ATTEMPT","timestamp":"2026-08-15T20:40:45.999Z","token_ready":true,"user_ready":true,"show_login":false,"show_voip_tester":false,"selected_call_mode":"pstn_assist","voice_id":"nado-000006","token_summary":"len:30:passke...en_331","reason":"effect_start","api_base":"https://metanova1004.com"}'
08-16 05:40:46.001  9580  9617 W ReactNativeJS: This method is deprecated (as well as all React Native Firebase namespaced API) and will be removed in the next major release as part of move to match Firebase Web modular SDK API. Please see migration guide for more details: https://rnfirebase.io/migrating-to-v22 Please use `getApp()` instead.
08-16 05:40:46.001  9580  9617 W ReactNativeJS: This method is deprecated (as well as all React Native Firebase namespaced API) and will be removed in the next major release as part of move to match Firebase Web modular SDK API. Please see migration guide for more details: https://rnfirebase.io/migrating-to-v22 Please use `getApp()` instead.
08-16 05:40:46.001  9580  9617 W ReactNativeJS: This method is deprecated (as well as all React Native Firebase namespaced API) and will be removed in the next major release as part of move to match Firebase Web modular SDK API. Please see migration guide for more details: https://rnfirebase.io/migrating-to-v22 Please use `getApp()` instead.
08-16 05:40:46.003  9580  9617 W ReactNativeJS: This method is deprecated (as well as all React Native Firebase namespaced API) and will be removed in the next major release as part of move to match Firebase Web modular SDK API. Please see migration guide for more details: https://rnfirebase.io/migrating-to-v22 Please use `getApp()` instead.
08-16 05:40:46.004  9580  9617 I ReactNativeJS: '[UI_PRESS_PROBE]', '{"event":"VOIP_NOTIFICATION_PERMISSION_STATUS","timestamp":"2026-08-15T20:40:46.003Z","token_ready":true,"user_ready":true,"show_login":false,"show_voip_tester":false,"selected_call_mode":"pstn_assist","notifications_enabled":true}'
08-16 05:40:46.007  9580  9617 I ReactNativeJS: '[DEEP_LINK_TRACE]', '{"source":"initial_url","outcome":"empty_url"}'
08-16 05:40:46.033  9580  9617 I ReactNativeJS: '[UI_PRESS_PROBE]', '{"event":"VOIP_PRESENCE_ERROR","timestamp":"2026-08-15T20:40:46.033Z","token_ready":true,"user_ready":true,"show_login":false,"show_voip_tester":false,"selected_call_mode":"pstn_assist","voice_id":"nado-000006","token_summary":"len:30:passke...en_331","reason":"effect_start"}'
08-16 05:40:46.033  9580  9617 I ReactNativeJS: '[UI_PRESS_PROBE]', '{"event":"VOIP_PRESENCE_CLOSED","timestamp":"2026-08-15T20:40:46.033Z","token_ready":true,"user_ready":true,"show_login":false,"show_voip_tester":false,"selected_call_mode":"pstn_assist","voice_id":"nado-000006","token_summary":"len:30:passke...en_331","reason":"effect_start","code":1006}'
08-16 05:40:46.034  9580  9617 I ReactNativeJS: '[UI_PRESS_PROBE]', '{"event":"VOIP_PRESENCE_RETRY_SCHEDULED","timestamp":"2026-08-15T20:40:46.033Z","token_ready":true,"user_ready":true,"show_login":false,"show_voip_tester":false,"selected_call_mode":"pstn_assist","voice_id":"nado-000006","token_summary":"len:30:passke...en_331","reason":"close:1006"}'
08-16 05:40:46.066  9580  9617 I ReactNativeJS: '[MISSED_CALL]', '{"event":"fetch","count":0}'
08-16 05:40:46.067  9580  9617 I ReactNativeJS: '[VoIPPendingIncoming]', '{"event":"REQUEST_RESULT","source":"pending_call_initial","token_summary":"len:30:passke...en_331","user_id":6,"status":401,"ok":false}'
08-16 05:40:46.067  9580  9617 I ReactNativeJS: '[VoIPPendingIncoming] fetch failed', 401
08-16 05:40:46.075  9580  9617 W ReactNativeJS: This method is deprecated (as well as all React Native Firebase namespaced API) and will be removed in the next major release as part of move to match Firebase Web modular SDK API. Please see migration guide for more details: https://rnfirebase.io/migrating-to-v22 Please use `getApp()` instead.
08-16 05:40:46.122  9580  9617 I ReactNativeJS: '[AUTH_FLOW]', '{"event":"AUTH_STORAGE_RESTORE_FOUND","user_id":6,"user_email":"119cash@naver.com"}'
08-16 05:40:46.123  9580  9617 I ReactNativeJS: '[AUTH_FLOW]', '{"event":"AUTH_STORAGE_RESTORE_APPLIED","user_id":6,"user_email":"119cash@naver.com"}'
08-16 05:40:46.126  9580  9617 I ReactNativeJS: '[UI_PRESS_PROBE]', '{"event":"VOIP_ACTIVE_CALL_RESUME_SKIPPED_AUTH","timestamp":"2026-08-15T20:40:46.126Z","token_ready":true,"user_ready":true,"show_login":false,"show_voip_tester":false,"selected_call_mode":"pstn_assist","source":"app_launch_resume","status":401,"last_call_id":null}'
08-16 05:40:46.161  9580  9617 W ReactNativeJS: This method is deprecated (as well as all React Native Firebase namespaced API) and will be removed in the next major release as part of move to match Firebase Web modular SDK API. Please see migration guide for more details: https://rnfirebase.io/migrating-to-v22 Please use `getApps()` instead.
08-16 05:40:46.161  9580  9617 W ReactNativeJS: This method is deprecated (as well as all React Native Firebase namespaced API) and will be removed in the next major release as part of move to match Firebase Web modular SDK API. Please see migration guide for more details: https://rnfirebase.io/migrating-to-v22 Please use `getApps()` instead.
08-16 05:40:46.161  9580  9617 W ReactNativeJS: This method is deprecated (as well as all React Native Firebase namespaced API) and will be removed in the next major release as part of move to match Firebase Web modular SDK API. Please see migration guide for more details: https://rnfirebase.io/migrating-to-v22 Please use `getApps()` instead.
08-16 05:40:46.163  9580  9617 W ReactNativeJS: This method is deprecated (as well as all React Native Firebase namespaced API) and will be removed in the next major release as part of move to match Firebase Web modular SDK API. Please see migration guide for more details: https://rnfirebase.io/migrating-to-v22 Please use `getApps()` instead.
08-16 05:40:46.170  9580  9617 I ReactNativeJS: '[VoIPPendingIncoming]', '{"event":"REQUEST_START","source":"pending_call_initial","token_summary":"len:30:passke...en_331","user_id":6,"has_pending_call":false,"has_active_call":false}'
08-16 05:40:46.173  9580  9617 I ReactNativeJS: '[UI_PRESS_PROBE]', '{"event":"VOIP_PRESENCE_CONNECT_ATTEMPT","timestamp":"2026-08-15T20:40:46.172Z","token_ready":true,"user_ready":true,"show_login":false,"show_voip_tester":false,"selected_call_mode":"pstn_assist","voice_id":"nado-000006","token_summary":"len:30:passke...en_331","reason":"effect_start","api_base":"https://metanova1004.com"}'
08-16 05:40:46.175  9580  9617 W ReactNativeJS: This method is deprecated (as well as all React Native Firebase namespaced API) and will be removed in the next major release as part of move to match Firebase Web modular SDK API. Please see migration guide for more details: https://rnfirebase.io/migrating-to-v22 Please use `getApp()` instead.
08-16 05:40:46.176  9580  9617 W ReactNativeJS: This method is deprecated (as well as all React Native Firebase namespaced API) and will be removed in the next major release as part of move to match Firebase Web modular SDK API. Please see migration guide for more details: https://rnfirebase.io/migrating-to-v22 Please use `getApp()` instead.
08-16 05:40:46.176  9580  9617 W ReactNativeJS: This method is deprecated (as well as all React Native Firebase namespaced API) and will be removed in the next major release as part of move to match Firebase Web modular SDK API. Please see migration guide for more details: https://rnfirebase.io/migrating-to-v22 Please use `getApp()` instead.
08-16 05:40:46.178  9580  9617 W ReactNativeJS: This method is deprecated (as well as all React Native Firebase namespaced API) and will be removed in the next major release as part of move to match Firebase Web modular SDK API. Please see migration guide for more details: https://rnfirebase.io/migrating-to-v22 Please use `getApp()` instead.
08-16 05:40:46.180  9580  9617 I ReactNativeJS: '[UI_PRESS_PROBE]', '{"event":"VOIP_NOTIFICATION_PERMISSION_STATUS","timestamp":"2026-08-15T20:40:46.179Z","token_ready":true,"user_ready":true,"show_login":false,"show_voip_tester":false,"selected_call_mode":"pstn_assist","notifications_enabled":true}'
08-16 05:40:46.188  9580  9617 I ReactNativeJS: '[DEEP_LINK_TRACE]', '{"source":"initial_url","outcome":"empty_url"}'
08-16 05:40:46.197  9580  9617 I ReactNativeJS: '[UI_PRESS_PROBE]', '{"event":"VOIP_PRESENCE_ERROR","timestamp":"2026-08-15T20:40:46.195Z","token_ready":true,"user_ready":true,"show_login":false,"show_voip_tester":false,"selected_call_mode":"pstn_assist","voice_id":"nado-000006","token_summary":"len:30:passke...en_331","reason":"effect_start"}'
08-16 05:40:46.198  9580  9617 I ReactNativeJS: '[UI_PRESS_PROBE]', '{"event":"VOIP_PRESENCE_CLOSED","timestamp":"2026-08-15T20:40:46.197Z","token_ready":true,"user_ready":true,"show_login":false,"show_voip_tester":false,"selected_call_mode":"pstn_assist","voice_id":"nado-000006","token_summary":"len:30:passke...en_331","reason":"effect_start","code":1006}'
08-16 05:40:46.198  9580  9617 I ReactNativeJS: '[UI_PRESS_PROBE]', '{"event":"VOIP_PRESENCE_RETRY_SCHEDULED","timestamp":"2026-08-15T20:40:46.198Z","token_ready":true,"user_ready":true,"show_login":false,"show_voip_tester":false,"selected_call_mode":"pstn_assist","voice_id":"nado-000006","token_summary":"len:30:passke...en_331","reason":"close:1006"}'
08-16 05:40:46.234  9580  9617 I ReactNativeJS: '[MISSED_CALL]', '{"event":"fetch","count":0}'
08-16 05:40:46.234  9580  9617 I ReactNativeJS: '[VoIPPendingIncoming]', '{"event":"REQUEST_RESULT","source":"pending_call_initial","token_summary":"len:30:passke...en_331","user_id":6,"status":401,"ok":false}'
08-16 05:40:46.234  9580  9617 I ReactNativeJS: '[VoIPPendingIncoming] fetch failed', 401
08-16 05:40:46.235  9580  9617 W ReactNativeJS: This method is deprecated (as well as all React Native Firebase namespaced API) and will be removed in the next major release as part of move to match Firebase Web modular SDK API. Please see migration guide for more details: https://rnfirebase.io/migrating-to-v22 Please use `getApp()` instead.
08-16 05:40:46.242  9580  9617 I ReactNativeJS: '[UI_PRESS_PROBE]', '{"event":"VOIP_ACTIVE_CALL_RESUME_SKIPPED_AUTH","timestamp":"2026-08-15T20:40:46.242Z","token_ready":true,"user_ready":true,"show_login":false,"show_voip_tester":false,"selected_call_mode":"pstn_assist","source":"app_launch_resume","status":401,"last_call_id":null}'
08-16 05:40:46.274  9580  9617 W ReactNativeJS: This method is deprecated (as well as all React Native Firebase namespaced API) and will be removed in the next major release as part of move to match Firebase Web modular SDK API. Please see migration guide for more details: https://rnfirebase.io/migrating-to-v22 Please use `getApp()` instead.
08-16 05:40:46.277  9580  9617 I ReactNativeJS: '[AUTH_FLOW]', '{"event":"AUTH_STORAGE_RESTORE_FOUND","user_id":6,"user_email":"119cash@naver.com"}'
08-16 05:40:46.278  9580  9617 I ReactNativeJS: '[AUTH_FLOW]', '{"event":"AUTH_STORAGE_RESTORE_APPLIED","user_id":6,"user_email":"119cash@naver.com"}'
08-16 05:40:46.307  9580  9617 W ReactNativeJS: This method is deprecated (as well as all React Native Firebase namespaced API) and will be removed in the next major release as part of move to match Firebase Web modular SDK API. Please see migration guide for more details: https://rnfirebase.io/migrating-to-v22 Please use `getApps()` instead.
08-16 05:40:46.307  9580  9617 W ReactNativeJS: This method is deprecated (as well as all React Native Firebase namespaced API) and will be removed in the next major release as part of move to match Firebase Web modular SDK API. Please see migration guide for more details: https://rnfirebase.io/migrating-to-v22 Please use `getApps()` instead.
08-16 05:40:46.307  9580  9617 W ReactNativeJS: This method is deprecated (as well as all React Native Firebase namespaced API) and will be removed in the next major release as part of move to match Firebase Web modular SDK API. Please see migration guide for more details: https://rnfirebase.io/migrating-to-v22 Please use `getApps()` instead.
08-16 05:40:46.308  9580  9617 W ReactNativeJS: This method is deprecated (as well as all React Native Firebase namespaced API) and will be removed in the next major release as part of move to match Firebase Web modular SDK API. Please see migration guide for more details: https://rnfirebase.io/migrating-to-v22 Please use `getApps()` instead.
08-16 05:40:46.309  9580  9617 I ReactNativeJS: '[VoIPPendingIncoming]', '{"event":"REQUEST_START","source":"pending_call_initial","token_summary":"len:30:passke...en_331","user_id":6,"has_pending_call":false,"has_active_call":false}'
08-16 05:40:46.311  9580  9617 I ReactNativeJS: '[UI_PRESS_PROBE]', '{"event":"VOIP_PRESENCE_CONNECT_ATTEMPT","timestamp":"2026-08-15T20:40:46.310Z","token_ready":true,"user_ready":true,"show_login":false,"show_voip_tester":false,"selected_call_mode":"pstn_assist","voice_id":"nado-000006","token_summary":"len:30:passke...en_331","reason":"effect_start","api_base":"https://metanova1004.com"}'
08-16 05:40:46.312  9580  9617 W ReactNativeJS: This method is deprecated (as well as all React Native Firebase namespaced API) and will be removed in the next major release as part of move to match Firebase Web modular SDK API. Please see migration guide for more details: https://rnfirebase.io/migrating-to-v22 Please use `getApp()` instead.
08-16 05:40:46.312  9580  9617 W ReactNativeJS: This method is deprecated (as well as all React Native Firebase namespaced API) and will be removed in the next major release as part of move to match Firebase Web modular SDK API. Please see migration guide for more details: https://rnfirebase.io/migrating-to-v22 Please use `getApp()` instead.
08-16 05:40:46.312  9580  9617 W ReactNativeJS: This method is deprecated (as well as all React Native Firebase namespaced API) and will be removed in the next major release as part of move to match Firebase Web modular SDK API. Please see migration guide for more details: https://rnfirebase.io/migrating-to-v22 Please use `getApp()` instead.
08-16 05:40:46.314  9580  9617 W ReactNativeJS: This method is deprecated (as well as all React Native Firebase namespaced API) and will be removed in the next major release as part of move to match Firebase Web modular SDK API. Please see migration guide for more details: https://rnfirebase.io/migrating-to-v22 Please use `getApp()` instead.
08-16 05:40:46.315  9580  9617 I ReactNativeJS: '[UI_PRESS_PROBE]', '{"event":"VOIP_NOTIFICATION_PERMISSION_STATUS","timestamp":"2026-08-15T20:40:46.314Z","token_ready":true,"user_ready":true,"show_login":false,"show_voip_tester":false,"selected_call_mode":"pstn_assist","notifications_enabled":true}'
08-16 05:40:46.317  9580  9617 I ReactNativeJS: '[DEEP_LINK_TRACE]', '{"source":"initial_url","outcome":"empty_url"}'
08-16 05:40:46.344  9580  9617 I ReactNativeJS: '[UI_PRESS_PROBE]', '{"event":"VOIP_PRESENCE_ERROR","timestamp":"2026-08-15T20:40:46.344Z","token_ready":true,"user_ready":true,"show_login":false,"show_voip_tester":false,"selected_call_mode":"pstn_assist","voice_id":"nado-000006","token_summary":"len:30:passke...en_331","reason":"effect_start"}'
08-16 05:40:46.344  9580  9617 I ReactNativeJS: '[UI_PRESS_PROBE]', '{"event":"VOIP_PRESENCE_CLOSED","timestamp":"2026-08-15T20:40:46.344Z","token_ready":true,"user_ready":true,"show_login":false,"show_voip_tester":false,"selected_call_mode":"pstn_assist","voice_id":"nado-000006","token_summary":"len:30:passke...en_331","reason":"effect_start","code":1006}'
08-16 05:40:46.345  9580  9617 I ReactNativeJS: '[UI_PRESS_PROBE]', '{"event":"VOIP_PRESENCE_RETRY_SCHEDULED","timestamp":"2026-08-15T20:40:46.345Z","token_ready":true,"user_ready":true,"show_login":false,"show_voip_tester":false,"selected_call_mode":"pstn_assist","voice_id":"nado-000006","token_summary":"len:30:passke...en_331","reason":"close:1006"}'
08-16 05:40:46.375  9580  9617 I ReactNativeJS: '[MISSED_CALL]', '{"event":"fetch","count":0}'
08-16 05:40:46.375  9580  9617 I ReactNativeJS: '[VoIPPendingIncoming]', '{"event":"REQUEST_RESULT","source":"pending_call_initial","token_summary":"len:30:passke...en_331","user_id":6,"status":401,"ok":false}'
08-16 05:40:46.375  9580  9617 I ReactNativeJS: '[VoIPPendingIncoming] fetch failed', 401
08-16 05:40:46.389  9580  9617 W ReactNativeJS: This method is deprecated (as well as all React Native Firebase namespaced API) and will be removed in the next major release as part of move to match Firebase Web modular SDK API. Please see migration guide for more details: https://rnfirebase.io/migrating-to-v22 Please use `getApp()` instead.
08-16 05:40:46.440  9580  9617 I ReactNativeJS: '[AUTH_FLOW]', '{"event":"AUTH_STORAGE_RESTORE_FOUND","user_id":6,"user_email":"119cash@naver.com"}'
08-16 05:40:46.440  9580  9617 I ReactNativeJS: '[AUTH_FLOW]', '{"event":"AUTH_STORAGE_RESTORE_APPLIED","user_id":6,"user_email":"119cash@naver.com"}'
08-16 05:40:46.444  9580  9617 I ReactNativeJS: '[UI_PRESS_PROBE]', '{"event":"VOIP_ACTIVE_CALL_RESUME_SKIPPED_AUTH","timestamp":"2026-08-15T20:40:46.443Z","token_ready":true,"user_ready":true,"show_login":false,"show_voip_tester":false,"selected_call_mode":"pstn_assist","source":"app_launch_resume","status":401,"last_call_id":null}'
08-16 05:40:46.474  9580  9617 W ReactNativeJS: This method is deprecated (as well as all React Native Firebase namespaced API) and will be removed in the next major release as part of move to match Firebase Web modular SDK API. Please see migration guide for more details: https://rnfirebase.io/migrating-to-v22 Please use `getApps()` instead.
08-16 05:40:46.475  9580  9617 W ReactNativeJS: This method is deprecated (as well as all React Native Firebase namespaced API) and will be removed in the next major release as part of move to match Firebase Web modular SDK API. Please see migration guide for more details: https://rnfirebase.io/migrating-to-v22 Please use `getApps()` instead.
08-16 05:40:46.475  9580  9617 W ReactNativeJS: This method is deprecated (as well as all React Native Firebase namespaced API) and will be removed in the next major release as part of move to match Firebase Web modular SDK API. Please see migration guide for more details: https://rnfirebase.io/migrating-to-v22 Please use `getApps()` instead.
08-16 05:40:46.476  9580  9617 W ReactNativeJS: This method is deprecated (as well as all React Native Firebase namespaced API) and will be removed in the next major release as part of move to match Firebase Web modular SDK API. Please see migration guide for more details: https://rnfirebase.io/migrating-to-v22 Please use `getApps()` instead.
08-16 05:40:46.477  9580  9617 I ReactNativeJS: '[VoIPPendingIncoming]', '{"event":"REQUEST_START","source":"pending_call_initial","token_summary":"len:30:passke...en_331","user_id":6,"has_pending_call":false,"has_active_call":false}'
08-16 05:40:46.479  9580  9617 I ReactNativeJS: '[UI_PRESS_PROBE]', '{"event":"VOIP_PRESENCE_CONNECT_ATTEMPT","timestamp":"2026-08-15T20:40:46.478Z","token_ready":true,"user_ready":true,"show_login":false,"show_voip_tester":false,"selected_call_mode":"pstn_assist","voice_id":"nado-000006","token_summary":"len:30:passke...en_331","reason":"effect_start","api_base":"https://metanova1004.com"}'
08-16 05:40:46.480  9580  9617 W ReactNativeJS: This method is deprecated (as well as all React Native Firebase namespaced API) and will be removed in the next major release as part of move to match Firebase Web modular SDK API. Please see migration guide for more details: https://rnfirebase.io/migrating-to-v22 Please use `getApp()` instead.
08-16 05:40:46.480  9580  9617 W ReactNativeJS: This method is deprecated (as well as all React Native Firebase namespaced API) and will be removed in the next major release as part of move to match Firebase Web modular SDK API. Please see migration guide for more details: https://rnfirebase.io/migrating-to-v22 Please use `getApp()` instead.
08-16 05:40:46.480  9580  9617 W ReactNativeJS: This method is deprecated (as well as all React Native Firebase namespaced API) and will be removed in the next major release as part of move to match Firebase Web modular SDK API. Please see migration guide for more details: https://rnfirebase.io/migrating-to-v22 Please use `getApp()` instead.
08-16 05:40:46.482  9580  9617 W ReactNativeJS: This method is deprecated (as well as all React Native Firebase namespaced API) and will be removed in the next major release as part of move to match Firebase Web modular SDK API. Please see migration guide for more details: https://rnfirebase.io/migrating-to-v22 Please use `getApp()` instead.
08-16 05:40:46.483  9580  9617 I ReactNativeJS: '[UI_PRESS_PROBE]', '{"event":"VOIP_NOTIFICATION_PERMISSION_STATUS","timestamp":"2026-08-15T20:40:46.483Z","token_ready":true,"user_ready":true,"show_login":false,"show_voip_tester":false,"selected_call_mode":"pstn_assist","notifications_enabled":true}'
08-16 05:40:46.486  9580  9617 I ReactNativeJS: '[DEEP_LINK_TRACE]', '{"source":"initial_url","outcome":"empty_url"}'
08-16 05:40:46.513  9580  9617 I ReactNativeJS: '[UI_PRESS_PROBE]', '{"event":"VOIP_PRESENCE_ERROR","timestamp":"2026-08-15T20:40:46.512Z","token_ready":true,"user_ready":true,"show_login":false,"show_voip_tester":false,"selected_call_mode":"pstn_assist","voice_id":"nado-000006","token_summary":"len:30:passke...en_331","reason":"effect_start"}'
08-16 05:40:46.513  9580  9617 I ReactNativeJS: '[UI_PRESS_PROBE]', '{"event":"VOIP_PRESENCE_CLOSED","timestamp":"2026-08-15T20:40:46.513Z","token_ready":true,"user_ready":true,"show_login":false,"show_voip_tester":false,"selected_call_mode":"pstn_assist","voice_id":"nado-000006","token_summary":"len:30:passke...en_331","reason":"effect_start","code":1006}'
08-16 05:40:46.513  9580  9617 I ReactNativeJS: '[UI_PRESS_PROBE]', '{"event":"VOIP_PRESENCE_RETRY_SCHEDULED","timestamp":"2026-08-15T20:40:46.513Z","token_ready":true,"user_ready":true,"show_login":false,"show_voip_tester":false,"selected_call_mode":"pstn_assist","voice_id":"nado-000006","token_summary":"len:30:passke...en_331","reason":"close:1006"}'
08-16 05:40:46.543  9580  9617 I ReactNativeJS: '[VoIPPendingIncoming]', '{"event":"REQUEST_RESULT","source":"pending_call_initial","token_summary":"len:30:passke...en_331","user_id":6,"status":401,"ok":false}'
08-16 05:40:46.543  9580  9617 I ReactNativeJS: '[VoIPPendingIncoming] fetch failed', 401
08-16 05:40:46.544  9580  9617 W ReactNativeJS: This method is deprecated (as well as all React Native Firebase namespaced API) and will be removed in the next major release as part of move to match Firebase Web modular SDK API. Please see migration guide for more details: https://rnfirebase.io/migrating-to-v22 Please use `getApp()` instead.
08-16 05:40:46.546  9580  9617 I ReactNativeJS: '[MISSED_CALL]', '{"event":"fetch","count":0}'
08-16 05:40:46.560  9580  9617 I ReactNativeJS: '[UI_PRESS_PROBE]', '{"event":"VOIP_ACTIVE_CALL_RESUME_SKIPPED_AUTH","timestamp":"2026-08-15T20:40:46.559Z","token_ready":true,"user_ready":true,"show_login":false,"show_voip_tester":false,"selected_call_mode":"pstn_assist","source":"app_launch_resume","status":401,"last_call_id":null}'
08-16 05:40:46.586  9580  9617 I ReactNativeJS: '[AUTH_FLOW]', '{"event":"AUTH_STORAGE_RESTORE_FOUND","user_id":6,"user_email":"119cash@naver.com"}'
08-16 05:40:46.586  9580  9617 I ReactNativeJS: '[AUTH_FLOW]', '{"event":"AUTH_STORAGE_RESTORE_APPLIED","user_id":6,"user_email":"119cash@naver.com"}'
08-16 05:40:46.620  9580  9617 W ReactNativeJS: This method is deprecated (as well as all React Native Firebase namespaced API) and will be removed in the next major release as part of move to match Firebase Web modular SDK API. Please see migration guide for more details: https://rnfirebase.io/migrating-to-v22 Please use `getApps()` instead.
08-16 05:40:46.620  9580  9617 W ReactNativeJS: This method is deprecated (as well as all React Native Firebase namespaced API) and will be removed in the next major release as part of move to match Firebase Web modular SDK API. Please see migration guide for more details: https://rnfirebase.io/migrating-to-v22 Please use `getApps()` instead.
08-16 05:40:46.620  9580  9617 W ReactNativeJS: This method is deprecated (as well as all React Native Firebase namespaced API) and will be removed in the next major release as part of move to match Firebase Web modular SDK API. Please see migration guide for more details: https://rnfirebase.io/migrating-to-v22 Please use `getApps()` instead.
08-16 05:40:46.621  9580  9617 W ReactNativeJS: This method is deprecated (as well as all React Native Firebase namespaced API) and will be removed in the next major release as part of move to match Firebase Web modular SDK API. Please see migration guide for more details: https://rnfirebase.io/migrating-to-v22 Please use `getApps()` instead.
08-16 05:40:46.623  9580  9617 I ReactNativeJS: '[VoIPPendingIncoming]', '{"event":"REQUEST_START","source":"pending_call_initial","token_summary":"len:30:passke...en_331","user_id":6,"has_pending_call":false,"has_active_call":false}'
08-16 05:40:46.624  9580  9617 I ReactNativeJS: '[UI_PRESS_PROBE]', '{"event":"VOIP_PRESENCE_CONNECT_ATTEMPT","timestamp":"2026-08-15T20:40:46.624Z","token_ready":true,"user_ready":true,"show_login":false,"show_voip_tester":false,"selected_call_mode":"pstn_assist","voice_id":"nado-000006","token_summary":"len:30:passke...en_331","reason":"effect_start","api_base":"https://metanova1004.com"}'
08-16 05:40:46.626  9580  9617 W ReactNativeJS: This method is deprecated (as well as all React Native Firebase namespaced API) and will be removed in the next major release as part of move to match Firebase Web modular SDK API. Please see migration guide for more details: https://rnfirebase.io/migrating-to-v22 Please use `getApp()` instead.
08-16 05:40:46.626  9580  9617 W ReactNativeJS: This method is deprecated (as well as all React Native Firebase namespaced API) and will be removed in the next major release as part of move to match Firebase Web modular SDK API. Please see migration guide for more details: https://rnfirebase.io/migrating-to-v22 Please use `getApp()` instead.
08-16 05:40:46.626  9580  9617 W ReactNativeJS: This method is deprecated (as well as all React Native Firebase namespaced API) and will be removed in the next major release as part of move to match Firebase Web modular SDK API. Please see migration guide for more details: https://rnfirebase.io/migrating-to-v22 Please use `getApp()` instead.
08-16 05:40:46.627  9580  9617 W ReactNativeJS: This method is deprecated (as well as all React Native Firebase namespaced API) and will be removed in the next major release as part of move to match Firebase Web modular SDK API. Please see migration guide for more details: https://rnfirebase.io/migrating-to-v22 Please use `getApp()` instead.
08-16 05:40:46.628  9580  9617 I ReactNativeJS: '[UI_PRESS_PROBE]', '{"event":"VOIP_NOTIFICATION_PERMISSION_STATUS","timestamp":"2026-08-15T20:40:46.628Z","token_ready":true,"user_ready":true,"show_login":false,"show_voip_tester":false,"selected_call_mode":"pstn_assist","notifications_enabled":true}'
08-16 05:40:46.632  9580  9617 I ReactNativeJS: '[DEEP_LINK_TRACE]', '{"source":"initial_url","outcome":"empty_url"}'
08-16 05:40:46.658  9580  9617 I ReactNativeJS: '[UI_PRESS_PROBE]', '{"event":"VOIP_PRESENCE_ERROR","timestamp":"2026-08-15T20:40:46.658Z","token_ready":true,"user_ready":true,"show_login":false,"show_voip_tester":false,"selected_call_mode":"pstn_assist","voice_id":"nado-000006","token_summary":"len:30:passke...en_331","reason":"effect_start"}'
08-16 05:40:46.659  9580  9617 I ReactNativeJS: '[UI_PRESS_PROBE]', '{"event":"VOIP_PRESENCE_CLOSED","timestamp":"2026-08-15T20:40:46.658Z","token_ready":true,"user_ready":true,"show_login":false,"show_voip_tester":false,"selected_call_mode":"pstn_assist","voice_id":"nado-000006","token_summary":"len:30:passke...en_331","reason":"effect_start","code":1006}'
08-16 05:40:46.659  9580  9617 I ReactNativeJS: '[UI_PRESS_PROBE]', '{"event":"VOIP_PRESENCE_RETRY_SCHEDULED","timestamp":"2026-08-15T20:40:46.659Z","token_ready":true,"user_ready":true,"show_login":false,"show_voip_tester":false,"selected_call_mode":"pstn_assist","voice_id":"nado-000006","token_summary":"len:30:passke...en_331","reason":"close:1006"}'
08-16 05:40:46.698  9580  9617 W ReactNativeJS: This method is deprecated (as well as all React Native Firebase namespaced API) and will be removed in the next major release as part of move to match Firebase Web modular SDK API. Please see migration guide for more details: https://rnfirebase.io/migrating-to-v22 Please use `getApp()` instead.
08-16 05:40:46.701  9580  9617 I ReactNativeJS: '[MISSED_CALL]', '{"event":"fetch","count":0}'
08-16 05:40:46.707  9580  9617 I ReactNativeJS: '[VoIPPendingIncoming]', '{"event":"REQUEST_RESULT","source":"pending_call_initial","token_summary":"len:30:passke...en_331","user_id":6,"status":401,"ok":false}'
08-16 05:40:46.708  9580  9617 I ReactNativeJS: '[VoIPPendingIncoming] fetch failed', 401
08-16 05:40:46.710  9580  9617 W ReactNativeJS: This method is deprecated (as well as all React Native Firebase namespaced API) and will be removed in the next major release as part of move to match Firebase Web modular SDK API. Please see migration guide for more details: https://rnfirebase.io/migrating-to-v22 Please use `getApp()` instead.
08-16 05:40:46.769  9580  9617 I ReactNativeJS: '[AUTH_FLOW]', '{"event":"AUTH_STORAGE_RESTORE_FOUND","user_id":6,"user_email":"119cash@naver.com"}'
08-16 05:40:46.770  9580  9617 I ReactNativeJS: '[AUTH_FLOW]', '{"event":"AUTH_STORAGE_RESTORE_APPLIED","user_id":6,"user_email":"119cash@naver.com"}'
08-16 05:40:46.774  9580  9617 I ReactNativeJS: '[UI_PRESS_PROBE]', '{"event":"VOIP_ACTIVE_CALL_RESUME_SKIPPED_AUTH","timestamp":"2026-08-15T20:40:46.774Z","token_ready":true,"user_ready":true,"show_login":false,"show_voip_tester":false,"selected_call_mode":"pstn_assist","source":"app_launch_resume","status":401,"last_call_id":null}'
08-16 05:40:46.819  9580  9617 W ReactNativeJS: This method is deprecated (as well as all React Native Firebase namespaced API) and will be removed in the next major release as part of move to match Firebase Web modular SDK API. Please see migration guide for more details: https://rnfirebase.io/migrating-to-v22 Please use `getApps()` instead.
08-16 05:40:46.819  9580  9617 W ReactNativeJS: This method is deprecated (as well as all React Native Firebase namespaced API) and will be removed in the next major release as part of move to match Firebase Web modular SDK API. Please see migration guide for more details: https://rnfirebase.io/migrating-to-v22 Please use `getApps()` instead.
08-16 05:40:46.819  9580  9617 W ReactNativeJS: This method is deprecated (as well as all React Native Firebase namespaced API) and will be removed in the next major release as part of move to match Firebase Web modular SDK API. Please see migration guide for more details: https://rnfirebase.io/migrating-to-v22 Please use `getApps()` instead.
08-16 05:40:46.820  9580  9617 W ReactNativeJS: This method is deprecated (as well as all React Native Firebase namespaced API) and will be removed in the next major release as part of move to match Firebase Web modular SDK API. Please see migration guide for more details: https://rnfirebase.io/migrating-to-v22 Please use `getApps()` instead.
08-16 05:40:46.822  9580  9617 I ReactNativeJS: '[VoIPPendingIncoming]', '{"event":"REQUEST_START","source":"pending_call_initial","token_summary":"len:30:passke...en_331","user_id":6,"has_pending_call":false,"has_active_call":false}'
08-16 05:40:46.823  9580  9617 I ReactNativeJS: '[UI_PRESS_PROBE]', '{"event":"VOIP_PRESENCE_CONNECT_ATTEMPT","timestamp":"2026-08-15T20:40:46.823Z","token_ready":true,"user_ready":true,"show_login":false,"show_voip_tester":false,"selected_call_mode":"pstn_assist","voice_id":"nado-000006","token_summary":"len:30:passke...en_331","reason":"effect_start","api_base":"https://metanova1004.com"}'
08-16 05:40:46.825  9580  9617 W ReactNativeJS: This method is deprecated (as well as all React Native Firebase namespaced API) and will be removed in the next major release as part of move to match Firebase Web modular SDK API. Please see migration guide for more details: https://rnfirebase.io/migrating-to-v22 Please use `getApp()` instead.
08-16 05:40:46.825  9580  9617 W ReactNativeJS: This method is deprecated (as well as all React Native Firebase namespaced API) and will be removed in the next major release as part of move to match Firebase Web modular SDK API. Please see migration guide for more details: https://rnfirebase.io/migrating-to-v22 Please use `getApp()` instead.
08-16 05:40:46.825  9580  9617 W ReactNativeJS: This method is deprecated (as well as all React Native Firebase namespaced API) and will be removed in the next major release as part of move to match Firebase Web modular SDK API. Please see migration guide for more details: https://rnfirebase.io/migrating-to-v22 Please use `getApp()` instead.
08-16 05:40:46.826  9580  9617 W ReactNativeJS: This method is deprecated (as well as all React Native Firebase namespaced API) and will be removed in the next major release as part of move to match Firebase Web modular SDK API. Please see migration guide for more details: https://rnfirebase.io/migrating-to-v22 Please use `getApp()` instead.
08-16 05:40:46.827  9580  9617 I ReactNativeJS: '[UI_PRESS_PROBE]', '{"event":"VOIP_NOTIFICATION_PERMISSION_STATUS","timestamp":"2026-08-15T20:40:46.827Z","token_ready":true,"user_ready":true,"show_login":false,"show_voip_tester":false,"selected_call_mode":"pstn_assist","notifications_enabled":true}'
08-16 05:40:46.828  9580  9617 I ReactNativeJS: '[DEEP_LINK_TRACE]', '{"source":"initial_url","outcome":"empty_url"}'
08-16 05:40:46.855  9580  9617 I ReactNativeJS: '[UI_PRESS_PROBE]', '{"event":"VOIP_PRESENCE_ERROR","timestamp":"2026-08-15T20:40:46.855Z","token_ready":true,"user_ready":true,"show_login":false,"show_voip_tester":false,"selected_call_mode":"pstn_assist","voice_id":"nado-000006","token_summary":"len:30:passke...en_331","reason":"effect_start"}'
08-16 05:40:46.856  9580  9617 I ReactNativeJS: '[UI_PRESS_PROBE]', '{"event":"VOIP_PRESENCE_CLOSED","timestamp":"2026-08-15T20:40:46.856Z","token_ready":true,"user_ready":true,"show_login":false,"show_voip_tester":false,"selected_call_mode":"pstn_assist","voice_id":"nado-000006","token_summary":"len:30:passke...en_331","reason":"effect_start","code":1006}'
08-16 05:40:46.856  9580  9617 I ReactNativeJS: '[UI_PRESS_PROBE]', '{"event":"VOIP_PRESENCE_RETRY_SCHEDULED","timestamp":"2026-08-15T20:40:46.856Z","token_ready":true,"user_ready":true,"show_login":false,"show_voip_tester":false,"selected_call_mode":"pstn_assist","voice_id":"nado-000006","token_summary":"len:30:passke...en_331","reason":"close:1006"}'
08-16 05:40:46.885  9580  9617 I ReactNativeJS: '[VoIPPendingIncoming]', '{"event":"REQUEST_RESULT","source":"pending_call_initial","token_summary":"len:30:passke...en_331","user_id":6,"status":401,"ok":false}'
08-16 05:40:46.885  9580  9617 I ReactNativeJS: '[VoIPPendingIncoming] fetch failed', 401
08-16 05:40:46.889  9580  9617 W ReactNativeJS: This method is deprecated (as well as all React Native Firebase namespaced API) and will be removed in the next major release as part of move to match Firebase Web modular SDK API. Please see migration guide for more details: https://rnfirebase.io/migrating-to-v22 Please use `getApp()` instead.
08-16 05:40:46.891  9580  9617 I ReactNativeJS: '[MISSED_CALL]', '{"event":"fetch","count":0}'
08-16 05:40:46.916  9580  9617 I ReactNativeJS: '[UI_PRESS_PROBE]', '{"event":"VOIP_ACTIVE_CALL_RESUME_SKIPPED_AUTH","timestamp":"2026-08-15T20:40:46.916Z","token_ready":true,"user_ready":true,"show_login":false,"show_voip_tester":false,"selected_call_mode":"pstn_assist","source":"app_launch_resume","status":401,"last_call_id":null}'
08-16 05:40:46.945  9580  9617 I ReactNativeJS: '[AUTH_FLOW]', '{"event":"AUTH_STORAGE_RESTORE_FOUND","user_id":6,"user_email":"119cash@naver.com"}'
08-16 05:40:46.945  9580  9617 I ReactNativeJS: '[AUTH_FLOW]', '{"event":"AUTH_STORAGE_RESTORE_APPLIED","user_id":6,"user_email":"119cash@naver.com"}'
08-16 05:40:46.973  9580  9617 W ReactNativeJS: This method is deprecated (as well as all React Native Firebase namespaced API) and will be removed in the next major release as part of move to match Firebase Web modular SDK API. Please see migration guide for more details: https://rnfirebase.io/migrating-to-v22 Please use `getApps()` instead.
08-16 05:40:46.973  9580  9617 W ReactNativeJS: This method is deprecated (as well as all React Native Firebase namespaced API) and will be removed in the next major release as part of move to match Firebase Web modular SDK API. Please see migration guide for more details: https://rnfirebase.io/migrating-to-v22 Please use `getApps()` instead.
08-16 05:40:46.973  9580  9617 W ReactNativeJS: This method is deprecated (as well as all React Native Firebase namespaced API) and will be removed in the next major release as part of move to match Firebase Web modular SDK API. Please see migration guide for more details: https://rnfirebase.io/migrating-to-v22 Please use `getApps()` instead.
08-16 05:40:46.975  9580  9617 W ReactNativeJS: This method is deprecated (as well as all React Native Firebase namespaced API) and will be removed in the next major release as part of move to match Firebase Web modular SDK API. Please see migration guide for more details: https://rnfirebase.io/migrating-to-v22 Please use `getApps()` instead.
08-16 05:40:46.977  9580  9617 I ReactNativeJS: '[VoIPPendingIncoming]', '{"event":"REQUEST_START","source":"pending_call_initial","token_summary":"len:30:passke...en_331","user_id":6,"has_pending_call":false,"has_active_call":false}'
08-16 05:40:46.979  9580  9617 I ReactNativeJS: '[UI_PRESS_PROBE]', '{"event":"VOIP_PRESENCE_CONNECT_ATTEMPT","timestamp":"2026-08-15T20:40:46.978Z","token_ready":true,"user_ready":true,"show_login":false,"show_voip_tester":false,"selected_call_mode":"pstn_assist","voice_id":"nado-000006","token_summary":"len:30:passke...en_331","reason":"effect_start","api_base":"https://metanova1004.com"}'
08-16 05:40:46.980  9580  9617 W ReactNativeJS: This method is deprecated (as well as all React Native Firebase namespaced API) and will be removed in the next major release as part of move to match Firebase Web modular SDK API. Please see migration guide for more details: https://rnfirebase.io/migrating-to-v22 Please use `getApp()` instead.
08-16 05:40:46.980  9580  9617 W ReactNativeJS: This method is deprecated (as well as all React Native Firebase namespaced API) and will be removed in the next major release as part of move to match Firebase Web modular SDK API. Please see migration guide for more details: https://rnfirebase.io/migrating-to-v22 Please use `getApp()` instead.
08-16 05:40:46.981  9580  9617 W ReactNativeJS: This method is deprecated (as well as all React Native Firebase namespaced API) and will be removed in the next major release as part of move to match Firebase Web modular SDK API. Please see migration guide for more details: https://rnfirebase.io/migrating-to-v22 Please use `getApp()` instead.
08-16 05:40:46.982  9580  9617 W ReactNativeJS: This method is deprecated (as well as all React Native Firebase namespaced API) and will be removed in the next major release as part of move to match Firebase Web modular SDK API. Please see migration guide for more details: https://rnfirebase.io/migrating-to-v22 Please use `getApp()` instead.
08-16 05:40:46.984  9580  9617 I ReactNativeJS: '[UI_PRESS_PROBE]', '{"event":"VOIP_NOTIFICATION_PERMISSION_STATUS","timestamp":"2026-08-15T20:40:46.983Z","token_ready":true,"user_ready":true,"show_login":false,"show_voip_tester":false,"selected_call_mode":"pstn_assist","notifications_enabled":true}'
08-16 05:40:46.988  9580  9617 I ReactNativeJS: '[DEEP_LINK_TRACE]', '{"source":"initial_url","outcome":"empty_url"}'
08-16 05:40:47.023  9580  9617 I ReactNativeJS: '[UI_PRESS_PROBE]', '{"event":"VOIP_PRESENCE_ERROR","timestamp":"2026-08-15T20:40:47.022Z","token_ready":true,"user_ready":true,"show_login":false,"show_voip_tester":false,"selected_call_mode":"pstn_assist","voice_id":"nado-000006","token_summary":"len:30:passke...en_331","reason":"effect_start"}'
08-16 05:40:47.023  9580  9617 I ReactNativeJS: '[UI_PRESS_PROBE]', '{"event":"VOIP_PRESENCE_CLOSED","timestamp":"2026-08-15T20:40:47.023Z","token_ready":true,"user_ready":true,"show_login":false,"show_voip_tester":false,"selected_call_mode":"pstn_assist","voice_id":"nado-000006","token_summary":"len:30:passke...en_331","reason":"effect_start","code":1006}'
08-16 05:40:47.024  9580  9617 I ReactNativeJS: '[UI_PRESS_PROBE]', '{"event":"VOIP_PRESENCE_RETRY_SCHEDULED","timestamp":"2026-08-15T20:40:47.023Z","token_ready":true,"user_ready":true,"show_login":false,"show_voip_tester":false,"selected_call_mode":"pstn_assist","voice_id":"nado-000006","token_summary":"len:30:passke...en_331","reason":"close:1006"}'
08-16 05:40:47.057  9580  9617 I ReactNativeJS: '[MISSED_CALL]', '{"event":"fetch","count":0}'
08-16 05:40:47.057  9580  9617 I ReactNativeJS: '[VoIPPendingIncoming]', '{"event":"REQUEST_RESULT","source":"pending_call_initial","token_summary":"len:30:passke...en_331","user_id":6,"status":401,"ok":false}'
08-16 05:40:47.057  9580  9617 I ReactNativeJS: '[VoIPPendingIncoming] fetch failed', 401
08-16 05:40:47.058  9580  9617 W ReactNativeJS: This method is deprecated (as well as all React Native Firebase namespaced API) and will be removed in the next major release as part of move to match Firebase Web modular SDK API. Please see migration guide for more details: https://rnfirebase.io/migrating-to-v22 Please use `getApp()` instead.
08-16 05:40:47.081  9580  9617 I ReactNativeJS: '[UI_PRESS_PROBE]', '{"event":"VOIP_ACTIVE_CALL_RESUME_SKIPPED_AUTH","timestamp":"2026-08-15T20:40:47.080Z","token_ready":true,"user_ready":true,"show_login":false,"show_voip_tester":false,"selected_call_mode":"pstn_assist","source":"app_launch_resume","status":401,"last_call_id":null}'
08-16 05:40:47.109  9580  9617 I ReactNativeJS: '[AUTH_FLOW]', '{"event":"AUTH_STORAGE_RESTORE_FOUND","user_id":6,"user_email":"119cash@naver.com"}'
08-16 05:40:47.109  9580  9617 I ReactNativeJS: '[AUTH_FLOW]', '{"event":"AUTH_STORAGE_RESTORE_APPLIED","user_id":6,"user_email":"119cash@naver.com"}'
08-16 05:40:47.139  9580  9617 W ReactNativeJS: This method is deprecated (as well as all React Native Firebase namespaced API) and will be removed in the next major release as part of move to match Firebase Web modular SDK API. Please see migration guide for more details: https://rnfirebase.io/migrating-to-v22 Please use `getApps()` instead.
08-16 05:40:47.140  9580  9617 W ReactNativeJS: This method is deprecated (as well as all React Native Firebase namespaced API) and will be removed in the next major release as part of move to match Firebase Web modular SDK API. Please see migration guide for more details: https://rnfirebase.io/migrating-to-v22 Please use `getApps()` instead.
08-16 05:40:47.140  9580  9617 W ReactNativeJS: This method is deprecated (as well as all React Native Firebase namespaced API) and will be removed in the next major release as part of move to match Firebase Web modular SDK API. Please see migration guide for more details: https://rnfirebase.io/migrating-to-v22 Please use `getApps()` instead.
08-16 05:40:47.141  9580  9617 W ReactNativeJS: This method is deprecated (as well as all React Native Firebase namespaced API) and will be removed in the next major release as part of move to match Firebase Web modular SDK API. Please see migration guide for more details: https://rnfirebase.io/migrating-to-v22 Please use `getApps()` instead.
08-16 05:40:47.142  9580  9617 I ReactNativeJS: '[VoIPPendingIncoming]', '{"event":"REQUEST_START","source":"pending_call_initial","token_summary":"len:30:passke...en_331","user_id":6,"has_pending_call":false,"has_active_call":false}'
08-16 05:40:47.144  9580  9617 I ReactNativeJS: '[UI_PRESS_PROBE]', '{"event":"VOIP_PRESENCE_CONNECT_ATTEMPT","timestamp":"2026-08-15T20:40:47.143Z","token_ready":true,"user_ready":true,"show_login":false,"show_voip_tester":false,"selected_call_mode":"pstn_assist","voice_id":"nado-000006","token_summary":"len:30:passke...en_331","reason":"effect_start","api_base":"https://metanova1004.com"}'
08-16 05:40:47.145  9580  9617 W ReactNativeJS: This method is deprecated (as well as all React Native Firebase namespaced API) and will be removed in the next major release as part of move to match Firebase Web modular SDK API. Please see migration guide for more details: https://rnfirebase.io/migrating-to-v22 Please use `getApp()` instead.
08-16 05:40:47.145  9580  9617 W ReactNativeJS: This method is deprecated (as well as all React Native Firebase namespaced API) and will be removed in the next major release as part of move to match Firebase Web modular SDK API. Please see migration guide for more details: https://rnfirebase.io/migrating-to-v22 Please use `getApp()` instead.
08-16 05:40:47.145  9580  9617 W ReactNativeJS: This method is deprecated (as well as all React Native Firebase namespaced API) and will be removed in the next major release as part of move to match Firebase Web modular SDK API. Please see migration guide for more details: https://rnfirebase.io/migrating-to-v22 Please use `getApp()` instead.
08-16 05:40:47.147  9580  9617 W ReactNativeJS: This method is deprecated (as well as all React Native Firebase namespaced API) and will be removed in the next major release as part of move to match Firebase Web modular SDK API. Please see migration guide for more details: https://rnfirebase.io/migrating-to-v22 Please use `getApp()` instead.
08-16 05:40:47.148  9580  9617 I ReactNativeJS: '[UI_PRESS_PROBE]', '{"event":"VOIP_NOTIFICATION_PERMISSION_STATUS","timestamp":"2026-08-15T20:40:47.147Z","token_ready":true,"user_ready":true,"show_login":false,"show_voip_tester":false,"selected_call_mode":"pstn_assist","notifications_enabled":true}'
08-16 05:40:47.152  9580  9617 I ReactNativeJS: '[DEEP_LINK_TRACE]', '{"source":"initial_url","outcome":"empty_url"}'
08-16 05:40:47.189  9580  9617 I ReactNativeJS: '[UI_PRESS_PROBE]', '{"event":"VOIP_PRESENCE_ERROR","timestamp":"2026-08-15T20:40:47.189Z","token_ready":true,"user_ready":true,"show_login":false,"show_voip_tester":false,"selected_call_mode":"pstn_assist","voice_id":"nado-000006","token_summary":"len:30:passke...en_331","reason":"effect_start"}'
08-16 05:40:47.190  9580  9617 I ReactNativeJS: '[UI_PRESS_PROBE]', '{"event":"VOIP_PRESENCE_CLOSED","timestamp":"2026-08-15T20:40:47.190Z","token_ready":true,"user_ready":true,"show_login":false,"show_voip_tester":false,"selected_call_mode":"pstn_assist","voice_id":"nado-000006","token_summary":"len:30:passke...en_331","reason":"effect_start","code":1006}'
08-16 05:40:47.190  9580  9617 I ReactNativeJS: '[UI_PRESS_PROBE]', '{"event":"VOIP_PRESENCE_RETRY_SCHEDULED","timestamp":"2026-08-15T20:40:47.190Z","token_ready":true,"user_ready":true,"show_login":false,"show_voip_tester":false,"selected_call_mode":"pstn_assist","voice_id":"nado-000006","token_summary":"len:30:passke...en_331","reason":"close:1006"}'
08-16 05:40:47.192  9580  9617 W ReactNativeJS: This method is deprecated (as well as all React Native Firebase namespaced API) and will be removed in the next major release as part of move to match Firebase Web modular SDK API. Please see migration guide for more details: https://rnfirebase.io/migrating-to-v22 Please use `getApp()` instead.
08-16 05:40:47.236  9580  9617 I ReactNativeJS: '[MISSED_CALL]', '{"event":"fetch","count":0}'
08-16 05:40:47.236  9580  9617 I ReactNativeJS: '[VoIPPendingIncoming]', '{"event":"REQUEST_RESULT","source":"pending_call_initial","token_summary":"len:30:passke...en_331","user_id":6,"status":401,"ok":false}'
08-16 05:40:47.237  9580  9617 I ReactNativeJS: '[VoIPPendingIncoming] fetch failed', 401
08-16 05:40:47.237  9580  9617 W ReactNativeJS: This method is deprecated (as well as all React Native Firebase namespaced API) and will be removed in the next major release as part of move to match Firebase Web modular SDK API. Please see migration guide for more details: https://rnfirebase.io/migrating-to-v22 Please use `getApp()` instead.
08-16 05:40:47.257  9580  9617 I ReactNativeJS: '[UI_PRESS_PROBE]', '{"event":"VOIP_ACTIVE_CALL_RESUME_SKIPPED_AUTH","timestamp":"2026-08-15T20:40:47.257Z","token_ready":true,"user_ready":true,"show_login":false,"show_voip_tester":false,"selected_call_mode":"pstn_assist","source":"app_launch_resume","status":401,"last_call_id":null}'
08-16 05:40:47.328  9580  9617 I ReactNativeJS: '[AUTH_FLOW]', '{"event":"AUTH_STORAGE_RESTORE_FOUND","user_id":6,"user_email":"119cash@naver.com"}'
08-16 05:40:47.328  9580  9617 I ReactNativeJS: '[AUTH_FLOW]', '{"event":"AUTH_STORAGE_RESTORE_APPLIED","user_id":6,"user_email":"119cash@naver.com"}'
08-16 05:40:47.365  9580  9617 W ReactNativeJS: This method is deprecated (as well as all React Native Firebase namespaced API) and will be removed in the next major release as part of move to match Firebase Web modular SDK API. Please see migration guide for more details: https://rnfirebase.io/migrating-to-v22 Please use `getApps()` instead.
08-16 05:40:47.365  9580  9617 W ReactNativeJS: This method is deprecated (as well as all React Native Firebase namespaced API) and will be removed in the next major release as part of move to match Firebase Web modular SDK API. Please see migration guide for more details: https://rnfirebase.io/migrating-to-v22 Please use `getApps()` instead.
08-16 05:40:47.365  9580  9617 W ReactNativeJS: This method is deprecated (as well as all React Native Firebase namespaced API) and will be removed in the next major release as part of move to match Firebase Web modular SDK API. Please see migration guide for more details: https://rnfirebase.io/migrating-to-v22 Please use `getApps()` instead.
08-16 05:40:47.366  9580  9617 W ReactNativeJS: This method is deprecated (as well as all React Native Firebase namespaced API) and will be removed in the next major release as part of move to match Firebase Web modular SDK API. Please see migration guide for more details: https://rnfirebase.io/migrating-to-v22 Please use `getApps()` instead.
08-16 05:40:47.368  9580  9617 I ReactNativeJS: '[VoIPPendingIncoming]', '{"event":"REQUEST_START","source":"pending_call_initial","token_summary":"len:30:passke...en_331","user_id":6,"has_pending_call":false,"has_active_call":false}'
08-16 05:40:47.370  9580  9617 I ReactNativeJS: '[UI_PRESS_PROBE]', '{"event":"VOIP_PRESENCE_CONNECT_ATTEMPT","timestamp":"2026-08-15T20:40:47.370Z","token_ready":true,"user_ready":true,"show_login":false,"show_voip_tester":false,"selected_call_mode":"pstn_assist","voice_id":"nado-000006","token_summary":"len:30:passke...en_331","reason":"effect_start","api_base":"https://metanova1004.com"}'
08-16 05:40:47.373  9580  9617 W ReactNativeJS: This method is deprecated (as well as all React Native Firebase namespaced API) and will be removed in the next major release as part of move to match Firebase Web modular SDK API. Please see migration guide for more details: https://rnfirebase.io/migrating-to-v22 Please use `getApp()` instead.
08-16 05:40:47.373  9580  9617 W ReactNativeJS: This method is deprecated (as well as all React Native Firebase namespaced API) and will be removed in the next major release as part of move to match Firebase Web modular SDK API. Please see migration guide for more details: https://rnfirebase.io/migrating-to-v22 Please use `getApp()` instead.
08-16 05:40:47.373  9580  9617 W ReactNativeJS: This method is deprecated (as well as all React Native Firebase namespaced API) and will be removed in the next major release as part of move to match Firebase Web modular SDK API. Please see migration guide for more details: https://rnfirebase.io/migrating-to-v22 Please use `getApp()` instead.
08-16 05:40:47.375  9580  9617 W ReactNativeJS: This method is deprecated (as well as all React Native Firebase namespaced API) and will be removed in the next major release as part of move to match Firebase Web modular SDK API. Please see migration guide for more details: https://rnfirebase.io/migrating-to-v22 Please use `getApp()` instead.
08-16 05:40:47.376  9580  9617 I ReactNativeJS: '[UI_PRESS_PROBE]', '{"event":"VOIP_NOTIFICATION_PERMISSION_STATUS","timestamp":"2026-08-15T20:40:47.375Z","token_ready":true,"user_ready":true,"show_login":false,"show_voip_tester":false,"selected_call_mode":"pstn_assist","notifications_enabled":true}'
08-16 05:40:47.379  9580  9617 I ReactNativeJS: '[DEEP_LINK_TRACE]', '{"source":"initial_url","outcome":"empty_url"}'
08-16 05:40:47.416  9580  9617 I ReactNativeJS: '[UI_PRESS_PROBE]', '{"event":"VOIP_PRESENCE_ERROR","timestamp":"2026-08-15T20:40:47.415Z","token_ready":true,"user_ready":true,"show_login":false,"show_voip_tester":false,"selected_call_mode":"pstn_assist","voice_id":"nado-000006","token_summary":"len:30:passke...en_331","reason":"effect_start"}'
08-16 05:40:47.416  9580  9617 I ReactNativeJS: '[UI_PRESS_PROBE]', '{"event":"VOIP_PRESENCE_CLOSED","timestamp":"2026-08-15T20:40:47.416Z","token_ready":true,"user_ready":true,"show_login":false,"show_voip_tester":false,"selected_call_mode":"pstn_assist","voice_id":"nado-000006","token_summary":"len:30:passke...en_331","reason":"effect_start","code":1006}'
08-16 05:40:47.417  9580  9617 I ReactNativeJS: '[UI_PRESS_PROBE]', '{"event":"VOIP_PRESENCE_RETRY_SCHEDULED","timestamp":"2026-08-15T20:40:47.416Z","token_ready":true,"user_ready":true,"show_login":false,"show_voip_tester":false,"selected_call_mode":"pstn_assist","voice_id":"nado-000006","token_summary":"len:30:passke...en_331","reason":"close:1006"}'
08-16 05:40:47.453  9580  9617 I ReactNativeJS: '[MISSED_CALL]', '{"event":"fetch","count":0}'
08-16 05:40:47.454  9580  9617 I ReactNativeJS: '[VoIPPendingIncoming]', '{"event":"REQUEST_RESULT","source":"pending_call_initial","token_summary":"len:30:passke...en_331","user_id":6,"status":401,"ok":false}'
08-16 05:40:47.454  9580  9617 I ReactNativeJS: '[VoIPPendingIncoming] fetch failed', 401
08-16 05:40:47.455  9580  9617 W ReactNativeJS: This method is deprecated (as well as all React Native Firebase namespaced API) and will be removed in the next major release as part of move to match Firebase Web modular SDK API. Please see migration guide for more details: https://rnfirebase.io/migrating-to-v22 Please use `getApp()` instead.
08-16 05:40:47.459  9580  9617 I ReactNativeJS: '[AUTH_FLOW]', '{"event":"AUTH_STORAGE_RESTORE_FOUND","user_id":6,"user_email":"119cash@naver.com"}'
08-16 05:40:47.460  9580  9617 I ReactNativeJS: '[AUTH_FLOW]', '{"event":"AUTH_STORAGE_RESTORE_APPLIED","user_id":6,"user_email":"119cash@naver.com"}'
08-16 05:40:47.463  9580  9617 I ReactNativeJS: '[UI_PRESS_PROBE]', '{"event":"VOIP_ACTIVE_CALL_RESUME_SKIPPED_AUTH","timestamp":"2026-08-15T20:40:47.462Z","token_ready":true,"user_ready":true,"show_login":false,"show_voip_tester":false,"selected_call_mode":"pstn_assist","source":"app_launch_resume","status":401,"last_call_id":null}'
08-16 05:40:47.489  9580  9617 W ReactNativeJS: This method is deprecated (as well as all React Native Firebase namespaced API) and will be removed in the next major release as part of move to match Firebase Web modular SDK API. Please see migration guide for more details: https://rnfirebase.io/migrating-to-v22 Please use `getApps()` instead.
08-16 05:40:47.489  9580  9617 W ReactNativeJS: This method is deprecated (as well as all React Native Firebase namespaced API) and will be removed in the next major release as part of move to match Firebase Web modular SDK API. Please see migration guide for more details: https://rnfirebase.io/migrating-to-v22 Please use `getApps()` instead.
08-16 05:40:47.489  9580  9617 W ReactNativeJS: This method is deprecated (as well as all React Native Firebase namespaced API) and will be removed in the next major release as part of move to match Firebase Web modular SDK API. Please see migration guide for more details: https://rnfirebase.io/migrating-to-v22 Please use `getApps()` instead.
08-16 05:40:47.491  9580  9617 W ReactNativeJS: This method is deprecated (as well as all React Native Firebase namespaced API) and will be removed in the next major release as part of move to match Firebase Web modular SDK API. Please see migration guide for more details: https://rnfirebase.io/migrating-to-v22 Please use `getApps()` instead.
08-16 05:40:47.493  9580  9617 I ReactNativeJS: '[VoIPPendingIncoming]', '{"event":"REQUEST_START","source":"pending_call_initial","token_summary":"len:30:passke...en_331","user_id":6,"has_pending_call":false,"has_active_call":false}'
08-16 05:40:47.495  9580  9617 I ReactNativeJS: '[UI_PRESS_PROBE]', '{"event":"VOIP_PRESENCE_CONNECT_ATTEMPT","timestamp":"2026-08-15T20:40:47.494Z","token_ready":true,"user_ready":true,"show_login":false,"show_voip_tester":false,"selected_call_mode":"pstn_assist","voice_id":"nado-000006","token_summary":"len:30:passke...en_331","reason":"effect_start","api_base":"https://metanova1004.com"}'
08-16 05:40:47.497  9580  9617 W ReactNativeJS: This method is deprecated (as well as all React Native Firebase namespaced API) and will be removed in the next major release as part of move to match Firebase Web modular SDK API. Please see migration guide for more details: https://rnfirebase.io/migrating-to-v22 Please use `getApp()` instead.
08-16 05:40:47.497  9580  9617 W ReactNativeJS: This method is deprecated (as well as all React Native Firebase namespaced API) and will be removed in the next major release as part of move to match Firebase Web modular SDK API. Please see migration guide for more details: https://rnfirebase.io/migrating-to-v22 Please use `getApp()` instead.
08-16 05:40:47.498  9580  9617 W ReactNativeJS: This method is deprecated (as well as all React Native Firebase namespaced API) and will be removed in the next major release as part of move to match Firebase Web modular SDK API. Please see migration guide for more details: https://rnfirebase.io/migrating-to-v22 Please use `getApp()` instead.
08-16 05:40:47.499  9580  9617 W ReactNativeJS: This method is deprecated (as well as all React Native Firebase namespaced API) and will be removed in the next major release as part of move to match Firebase Web modular SDK API. Please see migration guide for more details: https://rnfirebase.io/migrating-to-v22 Please use `getApp()` instead.
08-16 05:40:47.501  9580  9617 I ReactNativeJS: '[UI_PRESS_PROBE]', '{"event":"VOIP_NOTIFICATION_PERMISSION_STATUS","timestamp":"2026-08-15T20:40:47.500Z","token_ready":true,"user_ready":true,"show_login":false,"show_voip_tester":false,"selected_call_mode":"pstn_assist","notifications_enabled":true}'
08-16 05:40:47.508  9580  9617 I ReactNativeJS: '[DEEP_LINK_TRACE]', '{"source":"initial_url","outcome":"empty_url"}'
08-16 05:40:47.513  9580  9617 I ReactNativeJS: '[UI_PRESS_PROBE]', '{"event":"VOIP_PRESENCE_ERROR","timestamp":"2026-08-15T20:40:47.513Z","token_ready":true,"user_ready":true,"show_login":false,"show_voip_tester":false,"selected_call_mode":"pstn_assist","voice_id":"nado-000006","token_summary":"len:30:passke...en_331","reason":"effect_start"}'
08-16 05:40:47.514  9580  9617 I ReactNativeJS: '[UI_PRESS_PROBE]', '{"event":"VOIP_PRESENCE_CLOSED","timestamp":"2026-08-15T20:40:47.513Z","token_ready":true,"user_ready":true,"show_login":false,"show_voip_tester":false,"selected_call_mode":"pstn_assist","voice_id":"nado-000006","token_summary":"len:30:passke...en_331","reason":"effect_start","code":1006}'
08-16 05:40:47.515  9580  9617 I ReactNativeJS: '[UI_PRESS_PROBE]', '{"event":"VOIP_PRESENCE_RETRY_SCHEDULED","timestamp":"2026-08-15T20:40:47.514Z","token_ready":true,"user_ready":true,"show_login":false,"show_voip_tester":false,"selected_call_mode":"pstn_assist","voice_id":"nado-000006","token_summary":"len:30:passke...en_331","reason":"close:1006"}'
08-16 05:40:47.560  9580  9617 W ReactNativeJS: This method is deprecated (as well as all React Native Firebase namespaced API) and will be removed in the next major release as part of move to match Firebase Web modular SDK API. Please see migration guide for more details: https://rnfirebase.io/migrating-to-v22 Please use `getApp()` instead.
08-16 05:40:47.563  9580  9617 I ReactNativeJS: '[VoIPPendingIncoming]', '{"event":"REQUEST_RESULT","source":"pending_call_initial","token_summary":"len:30:passke...en_331","user_id":6,"status":401,"ok":false}'
08-16 05:40:47.563  9580  9617 I ReactNativeJS: '[VoIPPendingIncoming] fetch failed', 401
08-16 05:40:47.564  9580  9617 I ReactNativeJS: '[MISSED_CALL]', '{"event":"fetch","count":0}'
08-16 05:40:47.587  9580  9617 I ReactNativeJS: '[AUTH_FLOW]', '{"event":"AUTH_STORAGE_RESTORE_FOUND","user_id":6,"user_email":"119cash@naver.com"}'
08-16 05:40:47.588  9580  9617 I ReactNativeJS: '[AUTH_FLOW]', '{"event":"AUTH_STORAGE_RESTORE_APPLIED","user_id":6,"user_email":"119cash@naver.com"}'
08-16 05:40:47.591  9580  9617 I ReactNativeJS: '[UI_PRESS_PROBE]', '{"event":"VOIP_ACTIVE_CALL_RESUME_SKIPPED_AUTH","timestamp":"2026-08-15T20:40:47.591Z","token_ready":true,"user_ready":true,"show_login":false,"show_voip_tester":false,"selected_call_mode":"pstn_assist","source":"app_launch_resume","status":401,"last_call_id":null}'
08-16 05:40:47.618  9580  9617 W ReactNativeJS: This method is deprecated (as well as all React Native Firebase namespaced API) and will be removed in the next major release as part of move to match Firebase Web modular SDK API. Please see migration guide for more details: https://rnfirebase.io/migrating-to-v22 Please use `getApps()` instead.
08-16 05:40:47.618  9580  9617 W ReactNativeJS: This method is deprecated (as well as all React Native Firebase namespaced API) and will be removed in the next major release as part of move to match Firebase Web modular SDK API. Please see migration guide for more details: https://rnfirebase.io/migrating-to-v22 Please use `getApps()` instead.
08-16 05:40:47.618  9580  9617 W ReactNativeJS: This method is deprecated (as well as all React Native Firebase namespaced API) and will be removed in the next major release as part of move to match Firebase Web modular SDK API. Please see migration guide for more details: https://rnfirebase.io/migrating-to-v22 Please use `getApps()` instead.
08-16 05:40:47.620  9580  9617 W ReactNativeJS: This method is deprecated (as well as all React Native Firebase namespaced API) and will be removed in the next major release as part of move to match Firebase Web modular SDK API. Please see migration guide for more details: https://rnfirebase.io/migrating-to-v22 Please use `getApps()` instead.
08-16 05:40:47.621  9580  9617 I ReactNativeJS: '[VoIPPendingIncoming]', '{"event":"REQUEST_START","source":"pending_call_initial","token_summary":"len:30:passke...en_331","user_id":6,"has_pending_call":false,"has_active_call":false}'
08-16 05:40:47.623  9580  9617 I ReactNativeJS: '[UI_PRESS_PROBE]', '{"event":"VOIP_PRESENCE_CONNECT_ATTEMPT","timestamp":"2026-08-15T20:40:47.623Z","token_ready":true,"user_ready":true,"show_login":false,"show_voip_tester":false,"selected_call_mode":"pstn_assist","voice_id":"nado-000006","token_summary":"len:30:passke...en_331","reason":"effect_start","api_base":"https://metanova1004.com"}'
08-16 05:40:47.624  9580  9617 W ReactNativeJS: This method is deprecated (as well as all React Native Firebase namespaced API) and will be removed in the next major release as part of move to match Firebase Web modular SDK API. Please see migration guide for more details: https://rnfirebase.io/migrating-to-v22 Please use `getApp()` instead.
08-16 05:40:47.624  9580  9617 W ReactNativeJS: This method is deprecated (as well as all React Native Firebase namespaced API) and will be removed in the next major release as part of move to match Firebase Web modular SDK API. Please see migration guide for more details: https://rnfirebase.io/migrating-to-v22 Please use `getApp()` instead.
08-16 05:40:47.624  9580  9617 W ReactNativeJS: This method is deprecated (as well as all React Native Firebase namespaced API) and will be removed in the next major release as part of move to match Firebase Web modular SDK API. Please see migration guide for more details: https://rnfirebase.io/migrating-to-v22 Please use `getApp()` instead.
08-16 05:40:47.626  9580  9617 W ReactNativeJS: This method is deprecated (as well as all React Native Firebase namespaced API) and will be removed in the next major release as part of move to match Firebase Web modular SDK API. Please see migration guide for more details: https://rnfirebase.io/migrating-to-v22 Please use `getApp()` instead.
08-16 05:40:47.627  9580  9617 I ReactNativeJS: '[UI_PRESS_PROBE]', '{"event":"VOIP_NOTIFICATION_PERMISSION_STATUS","timestamp":"2026-08-15T20:40:47.626Z","token_ready":true,"user_ready":true,"show_login":false,"show_voip_tester":false,"selected_call_mode":"pstn_assist","notifications_enabled":true}'
08-16 05:40:47.629  9580  9617 W ReactNativeJS: This method is deprecated (as well as all React Native Firebase namespaced API) and will be removed in the next major release as part of move to match Firebase Web modular SDK API. Please see migration guide for more details: https://rnfirebase.io/migrating-to-v22 Please use `getApp()` instead.
08-16 05:40:47.631  9580  9617 I ReactNativeJS: '[DEEP_LINK_TRACE]', '{"source":"initial_url","outcome":"empty_url"}'
08-16 05:40:47.664  9580  9617 I ReactNativeJS: '[UI_PRESS_PROBE]', '{"event":"VOIP_PRESENCE_ERROR","timestamp":"2026-08-15T20:40:47.664Z","token_ready":true,"user_ready":true,"show_login":false,"show_voip_tester":false,"selected_call_mode":"pstn_assist","voice_id":"nado-000006","token_summary":"len:30:passke...en_331","reason":"effect_start"}'
08-16 05:40:47.665  9580  9617 I ReactNativeJS: '[UI_PRESS_PROBE]', '{"event":"VOIP_PRESENCE_CLOSED","timestamp":"2026-08-15T20:40:47.664Z","token_ready":true,"user_ready":true,"show_login":false,"show_voip_tester":false,"selected_call_mode":"pstn_assist","voice_id":"nado-000006","token_summary":"len:30:passke...en_331","reason":"effect_start","code":1006}'
08-16 05:40:47.665  9580  9617 I ReactNativeJS: '[UI_PRESS_PROBE]', '{"event":"VOIP_PRESENCE_RETRY_SCHEDULED","timestamp":"2026-08-15T20:40:47.665Z","token_ready":true,"user_ready":true,"show_login":false,"show_voip_tester":false,"selected_call_mode":"pstn_assist","voice_id":"nado-000006","token_summary":"len:30:passke...en_331","reason":"close:1006"}'
08-16 05:40:47.702  9580  9617 I ReactNativeJS: '[MISSED_CALL]', '{"event":"fetch","count":0}'
08-16 05:40:47.703  9580  9617 I ReactNativeJS: '[VoIPPendingIncoming]', '{"event":"REQUEST_RESULT","source":"pending_call_initial","token_summary":"len:30:passke...en_331","user_id":6,"status":401,"ok":false}'
08-16 05:40:47.703  9580  9617 I ReactNativeJS: '[VoIPPendingIncoming] fetch failed', 401
08-16 05:40:47.704  9580  9617 W ReactNativeJS: This method is deprecated (as well as all React Native Firebase namespaced API) and will be removed in the next major release as part of move to match Firebase Web modular SDK API. Please see migration guide for more details: https://rnfirebase.io/migrating-to-v22 Please use `getApp()` instead.
08-16 05:40:47.719  9580  9617 I ReactNativeJS: '[UI_PRESS_PROBE]', '{"event":"VOIP_ACTIVE_CALL_RESUME_SKIPPED_AUTH","timestamp":"2026-08-15T20:40:47.718Z","token_ready":true,"user_ready":true,"show_login":false,"show_voip_tester":false,"selected_call_mode":"pstn_assist","source":"app_launch_resume","status":401,"last_call_id":null}'
08-16 05:40:47.751  9580  9617 I ReactNativeJS: '[AUTH_FLOW]', '{"event":"AUTH_STORAGE_RESTORE_FOUND","user_id":6,"user_email":"119cash@naver.com"}'
08-16 05:40:47.752  9580  9617 I ReactNativeJS: '[AUTH_FLOW]', '{"event":"AUTH_STORAGE_RESTORE_APPLIED","user_id":6,"user_email":"119cash@naver.com"}'
08-16 05:40:47.791  9580  9617 W ReactNativeJS: This method is deprecated (as well as all React Native Firebase namespaced API) and will be removed in the next major release as part of move to match Firebase Web modular SDK API. Please see migration guide for more details: https://rnfirebase.io/migrating-to-v22 Please use `getApps()` instead.
08-16 05:40:47.791  9580  9617 W ReactNativeJS: This method is deprecated (as well as all React Native Firebase namespaced API) and will be removed in the next major release as part of move to match Firebase Web modular SDK API. Please see migration guide for more details: https://rnfirebase.io/migrating-to-v22 Please use `getApps()` instead.
08-16 05:40:47.791  9580  9617 W ReactNativeJS: This method is deprecated (as well as all React Native Firebase namespaced API) and will be removed in the next major release as part of move to match Firebase Web modular SDK API. Please see migration guide for more details: https://rnfirebase.io/migrating-to-v22 Please use `getApps()` instead.
08-16 05:40:47.793  9580  9617 W ReactNativeJS: This method is deprecated (as well as all React Native Firebase namespaced API) and will be removed in the next major release as part of move to match Firebase Web modular SDK API. Please see migration guide for more details: https://rnfirebase.io/migrating-to-v22 Please use `getApps()` instead.
08-16 05:40:47.794  9580  9617 I ReactNativeJS: '[VoIPPendingIncoming]', '{"event":"REQUEST_START","source":"pending_call_initial","token_summary":"len:30:passke...en_331","user_id":6,"has_pending_call":false,"has_active_call":false}'
08-16 05:40:47.796  9580  9617 I ReactNativeJS: '[UI_PRESS_PROBE]', '{"event":"VOIP_PRESENCE_CONNECT_ATTEMPT","timestamp":"2026-08-15T20:40:47.796Z","token_ready":true,"user_ready":true,"show_login":false,"show_voip_tester":false,"selected_call_mode":"pstn_assist","voice_id":"nado-000006","token_summary":"len:30:passke...en_331","reason":"effect_start","api_base":"https://metanova1004.com"}'
08-16 05:40:47.798  9580  9617 W ReactNativeJS: This method is deprecated (as well as all React Native Firebase namespaced API) and will be removed in the next major release as part of move to match Firebase Web modular SDK API. Please see migration guide for more details: https://rnfirebase.io/migrating-to-v22 Please use `getApp()` instead.
08-16 05:40:47.798  9580  9617 W ReactNativeJS: This method is deprecated (as well as all React Native Firebase namespaced API) and will be removed in the next major release as part of move to match Firebase Web modular SDK API. Please see migration guide for more details: https://rnfirebase.io/migrating-to-v22 Please use `getApp()` instead.
08-16 05:40:47.798  9580  9617 W ReactNativeJS: This method is deprecated (as well as all React Native Firebase namespaced API) and will be removed in the next major release as part of move to match Firebase Web modular SDK API. Please see migration guide for more details: https://rnfirebase.io/migrating-to-v22 Please use `getApp()` instead.
08-16 05:40:47.800  9580  9617 W ReactNativeJS: This method is deprecated (as well as all React Native Firebase namespaced API) and will be removed in the next major release as part of move to match Firebase Web modular SDK API. Please see migration guide for more details: https://rnfirebase.io/migrating-to-v22 Please use `getApp()` instead.
08-16 05:40:47.801  9580  9617 I ReactNativeJS: '[UI_PRESS_PROBE]', '{"event":"VOIP_NOTIFICATION_PERMISSION_STATUS","timestamp":"2026-08-15T20:40:47.800Z","token_ready":true,"user_ready":true,"show_login":false,"show_voip_tester":false,"selected_call_mode":"pstn_assist","notifications_enabled":true}'
08-16 05:40:47.804  9580  9617 I ReactNativeJS: '[DEEP_LINK_TRACE]', '{"source":"initial_url","outcome":"empty_url"}'
08-16 05:40:47.837  9580  9617 I ReactNativeJS: '[UI_PRESS_PROBE]', '{"event":"VOIP_PRESENCE_ERROR","timestamp":"2026-08-15T20:40:47.836Z","token_ready":true,"user_ready":true,"show_login":false,"show_voip_tester":false,"selected_call_mode":"pstn_assist","voice_id":"nado-000006","token_summary":"len:30:passke...en_331","reason":"effect_start"}'
08-16 05:40:47.837  9580  9617 I ReactNativeJS: '[UI_PRESS_PROBE]', '{"event":"VOIP_PRESENCE_CLOSED","timestamp":"2026-08-15T20:40:47.837Z","token_ready":true,"user_ready":true,"show_login":false,"show_voip_tester":false,"selected_call_mode":"pstn_assist","voice_id":"nado-000006","token_summary":"len:30:passke...en_331","reason":"effect_start","code":1006}'
08-16 05:40:47.838  9580  9617 I ReactNativeJS: '[UI_PRESS_PROBE]', '{"event":"VOIP_PRESENCE_RETRY_SCHEDULED","timestamp":"2026-08-15T20:40:47.837Z","token_ready":true,"user_ready":true,"show_login":false,"show_voip_tester":false,"selected_call_mode":"pstn_assist","voice_id":"nado-000006","token_summary":"len:30:passke...en_331","reason":"close:1006"}'
08-16 05:40:47.872  9580  9617 I ReactNativeJS: '[MISSED_CALL]', '{"event":"fetch","count":0}'
08-16 05:40:47.873  9580  9617 I ReactNativeJS: '[VoIPPendingIncoming]', '{"event":"REQUEST_RESULT","source":"pending_call_initial","token_summary":"len:30:passke...en_331","user_id":6,"status":401,"ok":false}'
08-16 05:40:47.873  9580  9617 I ReactNativeJS: '[VoIPPendingIncoming] fetch failed', 401
08-16 05:40:47.878  9580  9617 W ReactNativeJS: This method is deprecated (as well as all React Native Firebase namespaced API) and will be removed in the next major release as part of move to match Firebase Web modular SDK API. Please see migration guide for more details: https://rnfirebase.io/migrating-to-v22 Please use `getApp()` instead.
08-16 05:40:47.909  9580  9617 I ReactNativeJS: '[UI_PRESS_PROBE]', '{"event":"VOIP_ACTIVE_CALL_RESUME_SKIPPED_AUTH","timestamp":"2026-08-15T20:40:47.909Z","token_ready":true,"user_ready":true,"show_login":false,"show_voip_tester":false,"selected_call_mode":"pstn_assist","source":"app_launch_resume","status":401,"last_call_id":null}'
08-16 05:40:47.937  9580  9617 I ReactNativeJS: '[AUTH_FLOW]', '{"event":"AUTH_STORAGE_RESTORE_FOUND","user_id":6,"user_email":"119cash@naver.com"}'
08-16 05:40:47.937  9580  9617 I ReactNativeJS: '[AUTH_FLOW]', '{"event":"AUTH_STORAGE_RESTORE_APPLIED","user_id":6,"user_email":"119cash@naver.com"}'
08-16 05:40:47.965  9580  9617 W ReactNativeJS: This method is deprecated (as well as all React Native Firebase namespaced API) and will be removed in the next major release as part of move to match Firebase Web modular SDK API. Please see migration guide for more details: https://rnfirebase.io/migrating-to-v22 Please use `getApps()` instead.
08-16 05:40:47.965  9580  9617 W ReactNativeJS: This method is deprecated (as well as all React Native Firebase namespaced API) and will be removed in the next major release as part of move to match Firebase Web modular SDK API. Please see migration guide for more details: https://rnfirebase.io/migrating-to-v22 Please use `getApps()` instead.
08-16 05:40:47.966  9580  9617 W ReactNativeJS: This method is deprecated (as well as all React Native Firebase namespaced API) and will be removed in the next major release as part of move to match Firebase Web modular SDK API. Please see migration guide for more details: https://rnfirebase.io/migrating-to-v22 Please use `getApps()` instead.
08-16 05:40:47.967  9580  9617 W ReactNativeJS: This method is deprecated (as well as all React Native Firebase namespaced API) and will be removed in the next major release as part of move to match Firebase Web modular SDK API. Please see migration guide for more details: https://rnfirebase.io/migrating-to-v22 Please use `getApps()` instead.
08-16 05:40:47.969  9580  9617 I ReactNativeJS: '[VoIPPendingIncoming]', '{"event":"REQUEST_START","source":"pending_call_initial","token_summary":"len:30:passke...en_331","user_id":6,"has_pending_call":false,"has_active_call":false}'
08-16 05:40:47.971  9580  9617 I ReactNativeJS: '[UI_PRESS_PROBE]', '{"event":"VOIP_PRESENCE_CONNECT_ATTEMPT","timestamp":"2026-08-15T20:40:47.970Z","token_ready":true,"user_ready":true,"show_login":false,"show_voip_tester":false,"selected_call_mode":"pstn_assist","voice_id":"nado-000006","token_summary":"len:30:passke...en_331","reason":"effect_start","api_base":"https://metanova1004.com"}'
08-16 05:40:47.973  9580  9617 W ReactNativeJS: This method is deprecated (as well as all React Native Firebase namespaced API) and will be removed in the next major release as part of move to match Firebase Web modular SDK API. Please see migration guide for more details: https://rnfirebase.io/migrating-to-v22 Please use `getApp()` instead.
08-16 05:40:47.973  9580  9617 W ReactNativeJS: This method is deprecated (as well as all React Native Firebase namespaced API) and will be removed in the next major release as part of move to match Firebase Web modular SDK API. Please see migration guide for more details: https://rnfirebase.io/migrating-to-v22 Please use `getApp()` instead.
08-16 05:40:47.973  9580  9617 W ReactNativeJS: This method is deprecated (as well as all React Native Firebase namespaced API) and will be removed in the next major release as part of move to match Firebase Web modular SDK API. Please see migration guide for more details: https://rnfirebase.io/migrating-to-v22 Please use `getApp()` instead.
08-16 05:40:47.975  9580  9617 W ReactNativeJS: This method is deprecated (as well as all React Native Firebase namespaced API) and will be removed in the next major release as part of move to match Firebase Web modular SDK API. Please see migration guide for more details: https://rnfirebase.io/migrating-to-v22 Please use `getApp()` instead.
08-16 05:40:47.976  9580  9617 I ReactNativeJS: '[UI_PRESS_PROBE]', '{"event":"VOIP_NOTIFICATION_PERMISSION_STATUS","timestamp":"2026-08-15T20:40:47.976Z","token_ready":true,"user_ready":true,"show_login":false,"show_voip_tester":false,"selected_call_mode":"pstn_assist","notifications_enabled":true}'
08-16 05:40:47.981  9580  9617 I ReactNativeJS: '[DEEP_LINK_TRACE]', '{"source":"initial_url","outcome":"empty_url"}'
08-16 05:40:48.013  9580  9617 I ReactNativeJS: '[UI_PRESS_PROBE]', '{"event":"VOIP_PRESENCE_ERROR","timestamp":"2026-08-15T20:40:48.013Z","token_ready":true,"user_ready":true,"show_login":false,"show_voip_tester":false,"selected_call_mode":"pstn_assist","voice_id":"nado-000006","token_summary":"len:30:passke...en_331","reason":"effect_start"}'
08-16 05:40:48.014  9580  9617 I ReactNativeJS: '[UI_PRESS_PROBE]', '{"event":"VOIP_PRESENCE_CLOSED","timestamp":"2026-08-15T20:40:48.013Z","token_ready":true,"user_ready":true,"show_login":false,"show_voip_tester":false,"selected_call_mode":"pstn_assist","voice_id":"nado-000006","token_summary":"len:30:passke...en_331","reason":"effect_start","code":1006}'
08-16 05:40:48.014  9580  9617 I ReactNativeJS: '[UI_PRESS_PROBE]', '{"event":"VOIP_PRESENCE_RETRY_SCHEDULED","timestamp":"2026-08-15T20:40:48.014Z","token_ready":true,"user_ready":true,"show_login":false,"show_voip_tester":false,"selected_call_mode":"pstn_assist","voice_id":"nado-000006","token_summary":"len:30:passke...en_331","reason":"close:1006"}'
08-16 05:40:48.046  9580  9617 I ReactNativeJS: '[MISSED_CALL]', '{"event":"fetch","count":0}'
08-16 05:40:48.046  9580  9617 I ReactNativeJS: '[VoIPPendingIncoming]', '{"event":"REQUEST_RESULT","source":"pending_call_initial","token_summary":"len:30:passke...en_331","user_id":6,"status":401,"ok":false}'
08-16 05:40:48.046  9580  9617 I ReactNativeJS: '[VoIPPendingIncoming] fetch failed', 401
08-16 05:40:48.048  9580  9617 W ReactNativeJS: This method is deprecated (as well as all React Native Firebase namespaced API) and will be removed in the next major release as part of move to match Firebase Web modular SDK API. Please see migration guide for more details: https://rnfirebase.io/migrating-to-v22 Please use `getApp()` instead.
08-16 05:40:48.074  9580  9617 I ReactNativeJS: '[UI_PRESS_PROBE]', '{"event":"VOIP_ACTIVE_CALL_RESUME_SKIPPED_AUTH","timestamp":"2026-08-15T20:40:48.074Z","token_ready":true,"user_ready":true,"show_login":false,"show_voip_tester":false,"selected_call_mode":"pstn_assist","source":"app_launch_resume","status":401,"last_call_id":null}'
08-16 05:40:48.102  9580  9617 I ReactNativeJS: '[AUTH_FLOW]', '{"event":"AUTH_STORAGE_RESTORE_FOUND","user_id":6,"user_email":"119cash@naver.com"}'
08-16 05:40:48.102  9580  9617 I ReactNativeJS: '[AUTH_FLOW]', '{"event":"AUTH_STORAGE_RESTORE_APPLIED","user_id":6,"user_email":"119cash@naver.com"}'
08-16 05:40:48.105  9580  9617 W ReactNativeJS: This method is deprecated (as well as all React Native Firebase namespaced API) and will be removed in the next major release as part of move to match Firebase Web modular SDK API. Please see migration guide for more details: https://rnfirebase.io/migrating-to-v22 Please use `getApp()` instead.
08-16 05:40:48.139  9580  9617 W ReactNativeJS: This method is deprecated (as well as all React Native Firebase namespaced API) and will be removed in the next major release as part of move to match Firebase Web modular SDK API. Please see migration guide for more details: https://rnfirebase.io/migrating-to-v22 Please use `getApps()` instead.
08-16 05:40:48.139  9580  9617 W ReactNativeJS: This method is deprecated (as well as all React Native Firebase namespaced API) and will be removed in the next major release as part of move to match Firebase Web modular SDK API. Please see migration guide for more details: https://rnfirebase.io/migrating-to-v22 Please use `getApps()` instead.
08-16 05:40:48.139  9580  9617 W ReactNativeJS: This method is deprecated (as well as all React Native Firebase namespaced API) and will be removed in the next major release as part of move to match Firebase Web modular SDK API. Please see migration guide for more details: https://rnfirebase.io/migrating-to-v22 Please use `getApps()` instead.
08-16 05:40:48.140  9580  9617 W ReactNativeJS: This method is deprecated (as well as all React Native Firebase namespaced API) and will be removed in the next major release as part of move to match Firebase Web modular SDK API. Please see migration guide for more details: https://rnfirebase.io/migrating-to-v22 Please use `getApps()` instead.
08-16 05:40:48.142  9580  9617 I ReactNativeJS: '[VoIPPendingIncoming]', '{"event":"REQUEST_START","source":"pending_call_initial","token_summary":"len:30:passke...en_331","user_id":6,"has_pending_call":false,"has_active_call":false}'
08-16 05:40:48.143  9580  9617 I ReactNativeJS: '[UI_PRESS_PROBE]', '{"event":"VOIP_PRESENCE_CONNECT_ATTEMPT","timestamp":"2026-08-15T20:40:48.143Z","token_ready":true,"user_ready":true,"show_login":false,"show_voip_tester":false,"selected_call_mode":"pstn_assist","voice_id":"nado-000006","token_summary":"len:30:passke...en_331","reason":"effect_start","api_base":"https://metanova1004.com"}'
08-16 05:40:48.145  9580  9617 W ReactNativeJS: This method is deprecated (as well as all React Native Firebase namespaced API) and will be removed in the next major release as part of move to match Firebase Web modular SDK API. Please see migration guide for more details: https://rnfirebase.io/migrating-to-v22 Please use `getApp()` instead.
08-16 05:40:48.145  9580  9617 W ReactNativeJS: This method is deprecated (as well as all React Native Firebase namespaced API) and will be removed in the next major release as part of move to match Firebase Web modular SDK API. Please see migration guide for more details: https://rnfirebase.io/migrating-to-v22 Please use `getApp()` instead.
08-16 05:40:48.145  9580  9617 W ReactNativeJS: This method is deprecated (as well as all React Native Firebase namespaced API) and will be removed in the next major release as part of move to match Firebase Web modular SDK API. Please see migration guide for more details: https://rnfirebase.io/migrating-to-v22 Please use `getApp()` instead.
08-16 05:40:48.147  9580  9617 W ReactNativeJS: This method is deprecated (as well as all React Native Firebase namespaced API) and will be removed in the next major release as part of move to match Firebase Web modular SDK API. Please see migration guide for more details: https://rnfirebase.io/migrating-to-v22 Please use `getApp()` instead.
08-16 05:40:48.148  9580  9617 I ReactNativeJS: '[UI_PRESS_PROBE]', '{"event":"VOIP_NOTIFICATION_PERMISSION_STATUS","timestamp":"2026-08-15T20:40:48.148Z","token_ready":true,"user_ready":true,"show_login":false,"show_voip_tester":false,"selected_call_mode":"pstn_assist","notifications_enabled":true}'
08-16 05:40:48.152  9580  9617 I ReactNativeJS: '[DEEP_LINK_TRACE]', '{"source":"initial_url","outcome":"empty_url"}'
08-16 05:40:48.180  9580  9617 I ReactNativeJS: '[UI_PRESS_PROBE]', '{"event":"VOIP_PRESENCE_ERROR","timestamp":"2026-08-15T20:40:48.180Z","token_ready":true,"user_ready":true,"show_login":false,"show_voip_tester":false,"selected_call_mode":"pstn_assist","voice_id":"nado-000006","token_summary":"len:30:passke...en_331","reason":"effect_start"}'
08-16 05:40:48.181  9580  9617 I ReactNativeJS: '[UI_PRESS_PROBE]', '{"event":"VOIP_PRESENCE_CLOSED","timestamp":"2026-08-15T20:40:48.180Z","token_ready":true,"user_ready":true,"show_login":false,"show_voip_tester":false,"selected_call_mode":"pstn_assist","voice_id":"nado-000006","token_summary":"len:30:passke...en_331","reason":"effect_start","code":1006}'
08-16 05:40:48.181  9580  9617 I ReactNativeJS: '[UI_PRESS_PROBE]', '{"event":"VOIP_PRESENCE_RETRY_SCHEDULED","timestamp":"2026-08-15T20:40:48.181Z","token_ready":true,"user_ready":true,"show_login":false,"show_voip_tester":false,"selected_call_mode":"pstn_assist","voice_id":"nado-000006","token_summary":"len:30:passke...en_331","reason":"close:1006"}'
08-16 05:40:48.217  9580  9617 I ReactNativeJS: '[MISSED_CALL]', '{"event":"fetch","count":0}'
08-16 05:40:48.217  9580  9617 I ReactNativeJS: '[VoIPPendingIncoming]', '{"event":"REQUEST_RESULT","source":"pending_call_initial","token_summary":"len:30:passke...en_331","user_id":6,"status":401,"ok":false}'
08-16 05:40:48.217  9580  9617 I ReactNativeJS: '[VoIPPendingIncoming] fetch failed', 401
08-16 05:40:48.225  9580  9617 W ReactNativeJS: This method is deprecated (as well as all React Native Firebase namespaced API) and will be removed in the next major release as part of move to match Firebase Web modular SDK API. Please see migration guide for more details: https://rnfirebase.io/migrating-to-v22 Please use `getApp()` instead.
08-16 05:40:48.266  9580  9617 I ReactNativeJS: '[AUTH_FLOW]', '{"event":"AUTH_STORAGE_RESTORE_FOUND","user_id":6,"user_email":"119cash@naver.com"}'
08-16 05:40:48.267  9580  9617 I ReactNativeJS: '[AUTH_FLOW]', '{"event":"AUTH_STORAGE_RESTORE_APPLIED","user_id":6,"user_email":"119cash@naver.com"}'
08-16 05:40:48.270  9580  9617 I ReactNativeJS: '[UI_PRESS_PROBE]', '{"event":"VOIP_ACTIVE_CALL_RESUME_SKIPPED_AUTH","timestamp":"2026-08-15T20:40:48.270Z","token_ready":true,"user_ready":true,"show_login":false,"show_voip_tester":false,"selected_call_mode":"pstn_assist","source":"app_launch_resume","status":401,"last_call_id":null}'
08-16 05:40:48.305  9580  9617 W ReactNativeJS: This method is deprecated (as well as all React Native Firebase namespaced API) and will be removed in the next major release as part of move to match Firebase Web modular SDK API. Please see migration guide for more details: https://rnfirebase.io/migrating-to-v22 Please use `getApps()` instead.
08-16 05:40:48.306  9580  9617 W ReactNativeJS: This method is deprecated (as well as all React Native Firebase namespaced API) and will be removed in the next major release as part of move to match Firebase Web modular SDK API. Please see migration guide for more details: https://rnfirebase.io/migrating-to-v22 Please use `getApps()` instead.
08-16 05:40:48.306  9580  9617 W ReactNativeJS: This method is deprecated (as well as all React Native Firebase namespaced API) and will be removed in the next major release as part of move to match Firebase Web modular SDK API. Please see migration guide for more details: https://rnfirebase.io/migrating-to-v22 Please use `getApps()` instead.
08-16 05:40:48.307  9580  9617 W ReactNativeJS: This method is deprecated (as well as all React Native Firebase namespaced API) and will be removed in the next major release as part of move to match Firebase Web modular SDK API. Please see migration guide for more details: https://rnfirebase.io/migrating-to-v22 Please use `getApps()` instead.
08-16 05:40:48.311  9580  9617 I ReactNativeJS: '[VoIPPendingIncoming]', '{"event":"REQUEST_START","source":"pending_call_initial","token_summary":"len:30:passke...en_331","user_id":6,"has_pending_call":false,"has_active_call":false}'
08-16 05:40:48.314  9580  9617 I ReactNativeJS: '[UI_PRESS_PROBE]', '{"event":"VOIP_PRESENCE_CONNECT_ATTEMPT","timestamp":"2026-08-15T20:40:48.313Z","token_ready":true,"user_ready":true,"show_login":false,"show_voip_tester":false,"selected_call_mode":"pstn_assist","voice_id":"nado-000006","token_summary":"len:30:passke...en_331","reason":"effect_start","api_base":"https://metanova1004.com"}'
08-16 05:40:48.315  9580  9617 W ReactNativeJS: This method is deprecated (as well as all React Native Firebase namespaced API) and will be removed in the next major release as part of move to match Firebase Web modular SDK API. Please see migration guide for more details: https://rnfirebase.io/migrating-to-v22 Please use `getApp()` instead.
08-16 05:40:48.315  9580  9617 W ReactNativeJS: This method is deprecated (as well as all React Native Firebase namespaced API) and will be removed in the next major release as part of move to match Firebase Web modular SDK API. Please see migration guide for more details: https://rnfirebase.io/migrating-to-v22 Please use `getApp()` instead.
08-16 05:40:48.315  9580  9617 W ReactNativeJS: This method is deprecated (as well as all React Native Firebase namespaced API) and will be removed in the next major release as part of move to match Firebase Web modular SDK API. Please see migration guide for more details: https://rnfirebase.io/migrating-to-v22 Please use `getApp()` instead.
08-16 05:40:48.317  9580  9617 W ReactNativeJS: This method is deprecated (as well as all React Native Firebase namespaced API) and will be removed in the next major release as part of move to match Firebase Web modular SDK API. Please see migration guide for more details: https://rnfirebase.io/migrating-to-v22 Please use `getApp()` instead.
08-16 05:40:48.318  9580  9617 I ReactNativeJS: '[UI_PRESS_PROBE]', '{"event":"VOIP_NOTIFICATION_PERMISSION_STATUS","timestamp":"2026-08-15T20:40:48.317Z","token_ready":true,"user_ready":true,"show_login":false,"show_voip_tester":false,"selected_call_mode":"pstn_assist","notifications_enabled":true}'
08-16 05:40:48.322  9580  9617 I ReactNativeJS: '[DEEP_LINK_TRACE]', '{"source":"initial_url","outcome":"empty_url"}'
08-16 05:40:48.361  9580  9617 I ReactNativeJS: '[UI_PRESS_PROBE]', '{"event":"VOIP_PRESENCE_ERROR","timestamp":"2026-08-15T20:40:48.361Z","token_ready":true,"user_ready":true,"show_login":false,"show_voip_tester":false,"selected_call_mode":"pstn_assist","voice_id":"nado-000006","token_summary":"len:30:passke...en_331","reason":"effect_start"}'
08-16 05:40:48.362  9580  9617 I ReactNativeJS: '[UI_PRESS_PROBE]', '{"event":"VOIP_PRESENCE_CLOSED","timestamp":"2026-08-15T20:40:48.362Z","token_ready":true,"user_ready":true,"show_login":false,"show_voip_tester":false,"selected_call_mode":"pstn_assist","voice_id":"nado-000006","token_summary":"len:30:passke...en_331","reason":"effect_start","code":1006}'
08-16 05:40:48.362  9580  9617 I ReactNativeJS: '[UI_PRESS_PROBE]', '{"event":"VOIP_PRESENCE_RETRY_SCHEDULED","timestamp":"2026-08-15T20:40:48.362Z","token_ready":true,"user_ready":true,"show_login":false,"show_voip_tester":false,"selected_call_mode":"pstn_assist","voice_id":"nado-000006","token_summary":"len:30:passke...en_331","reason":"close:1006"}'
08-16 05:40:48.392  9580  9617 W ReactNativeJS: This method is deprecated (as well as all React Native Firebase namespaced API) and will be removed in the next major release as part of move to match Firebase Web modular SDK API. Please see migration guide for more details: https://rnfirebase.io/migrating-to-v22 Please use `getApp()` instead.
08-16 05:40:48.395  9580  9617 I ReactNativeJS: '[MISSED_CALL]', '{"event":"fetch","count":0}'
08-16 05:40:48.396  9580  9617 I ReactNativeJS: '[VoIPPendingIncoming]', '{"event":"REQUEST_RESULT","source":"pending_call_initial","token_summary":"len:30:passke...en_331","user_id":6,"status":401,"ok":false}'
08-16 05:40:48.396  9580  9617 I ReactNativeJS: '[VoIPPendingIncoming] fetch failed', 401
08-16 05:40:48.397  9580  9617 I ReactNativeJS: '[AUTH_FLOW]', '{"event":"AUTH_STORAGE_RESTORE_FOUND","user_id":6,"user_email":"119cash@naver.com"}'
08-16 05:40:48.398  9580  9617 I ReactNativeJS: '[AUTH_FLOW]', '{"event":"AUTH_STORAGE_RESTORE_APPLIED","user_id":6,"user_email":"119cash@naver.com"}'
08-16 05:40:48.401  9580  9617 I ReactNativeJS: '[UI_PRESS_PROBE]', '{"event":"VOIP_ACTIVE_CALL_RESUME_SKIPPED_AUTH","timestamp":"2026-08-15T20:40:48.400Z","token_ready":true,"user_ready":true,"show_login":false,"show_voip_tester":false,"selected_call_mode":"pstn_assist","source":"app_launch_resume","status":401,"last_call_id":null}'
08-16 05:40:48.427  9580  9617 W ReactNativeJS: This method is deprecated (as well as all React Native Firebase namespaced API) and will be removed in the next major release as part of move to match Firebase Web modular SDK API. Please see migration guide for more details: https://rnfirebase.io/migrating-to-v22 Please use `getApps()` instead.
08-16 05:40:48.427  9580  9617 W ReactNativeJS: This method is deprecated (as well as all React Native Firebase namespaced API) and will be removed in the next major release as part of move to match Firebase Web modular SDK API. Please see migration guide for more details: https://rnfirebase.io/migrating-to-v22 Please use `getApps()` instead.
08-16 05:40:48.427  9580  9617 W ReactNativeJS: This method is deprecated (as well as all React Native Firebase namespaced API) and will be removed in the next major release as part of move to match Firebase Web modular SDK API. Please see migration guide for more details: https://rnfirebase.io/migrating-to-v22 Please use `getApps()` instead.
08-16 05:40:48.429  9580  9617 W ReactNativeJS: This method is deprecated (as well as all React Native Firebase namespaced API) and will be removed in the next major release as part of move to match Firebase Web modular SDK API. Please see migration guide for more details: https://rnfirebase.io/migrating-to-v22 Please use `getApps()` instead.
08-16 05:40:48.430  9580  9617 I ReactNativeJS: '[VoIPPendingIncoming]', '{"event":"REQUEST_START","source":"pending_call_initial","token_summary":"len:30:passke...en_331","user_id":6,"has_pending_call":false,"has_active_call":false}'
08-16 05:40:48.432  9580  9617 I ReactNativeJS: '[UI_PRESS_PROBE]', '{"event":"VOIP_PRESENCE_CONNECT_ATTEMPT","timestamp":"2026-08-15T20:40:48.432Z","token_ready":true,"user_ready":true,"show_login":false,"show_voip_tester":false,"selected_call_mode":"pstn_assist","voice_id":"nado-000006","token_summary":"len:30:passke...en_331","reason":"effect_start","api_base":"https://metanova1004.com"}'
08-16 05:40:48.434  9580  9617 W ReactNativeJS: This method is deprecated (as well as all React Native Firebase namespaced API) and will be removed in the next major release as part of move to match Firebase Web modular SDK API. Please see migration guide for more details: https://rnfirebase.io/migrating-to-v22 Please use `getApp()` instead.
08-16 05:40:48.434  9580  9617 W ReactNativeJS: This method is deprecated (as well as all React Native Firebase namespaced API) and will be removed in the next major release as part of move to match Firebase Web modular SDK API. Please see migration guide for more details: https://rnfirebase.io/migrating-to-v22 Please use `getApp()` instead.
08-16 05:40:48.434  9580  9617 W ReactNativeJS: This method is deprecated (as well as all React Native Firebase namespaced API) and will be removed in the next major release as part of move to match Firebase Web modular SDK API. Please see migration guide for more details: https://rnfirebase.io/migrating-to-v22 Please use `getApp()` instead.
08-16 05:40:48.436  9580  9617 W ReactNativeJS: This method is deprecated (as well as all React Native Firebase namespaced API) and will be removed in the next major release as part of move to match Firebase Web modular SDK API. Please see migration guide for more details: https://rnfirebase.io/migrating-to-v22 Please use `getApp()` instead.
08-16 05:40:48.437  9580  9617 I ReactNativeJS: '[UI_PRESS_PROBE]', '{"event":"VOIP_NOTIFICATION_PERMISSION_STATUS","timestamp":"2026-08-15T20:40:48.437Z","token_ready":true,"user_ready":true,"show_login":false,"show_voip_tester":false,"selected_call_mode":"pstn_assist","notifications_enabled":true}'
08-16 05:40:48.441  9580  9617 I ReactNativeJS: '[DEEP_LINK_TRACE]', '{"source":"initial_url","outcome":"empty_url"}'
08-16 05:40:48.478  9580  9617 I ReactNativeJS: '[UI_PRESS_PROBE]', '{"event":"VOIP_PRESENCE_ERROR","timestamp":"2026-08-15T20:40:48.478Z","token_ready":true,"user_ready":true,"show_login":false,"show_voip_tester":false,"selected_call_mode":"pstn_assist","voice_id":"nado-000006","token_summary":"len:30:passke...en_331","reason":"effect_start"}'
08-16 05:40:48.478  9580  9617 I ReactNativeJS: '[UI_PRESS_PROBE]', '{"event":"VOIP_PRESENCE_CLOSED","timestamp":"2026-08-15T20:40:48.478Z","token_ready":true,"user_ready":true,"show_login":false,"show_voip_tester":false,"selected_call_mode":"pstn_assist","voice_id":"nado-000006","token_summary":"len:30:passke...en_331","reason":"effect_start","code":1006}'
08-16 05:40:48.479  9580  9617 I ReactNativeJS: '[UI_PRESS_PROBE]', '{"event":"VOIP_PRESENCE_RETRY_SCHEDULED","timestamp":"2026-08-15T20:40:48.479Z","token_ready":true,"user_ready":true,"show_login":false,"show_voip_tester":false,"selected_call_mode":"pstn_assist","voice_id":"nado-000006","token_summary":"len:30:passke...en_331","reason":"close:1006"}'
08-16 05:40:48.514  9580  9617 I ReactNativeJS: '[MISSED_CALL]', '{"event":"fetch","count":0}'
08-16 05:40:48.514  9580  9617 I ReactNativeJS: '[VoIPPendingIncoming]', '{"event":"REQUEST_RESULT","source":"pending_call_initial","token_summary":"len:30:passke...en_331","user_id":6,"status":401,"ok":false}'
08-16 05:40:48.514  9580  9617 I ReactNativeJS: '[VoIPPendingIncoming] fetch failed', 401
08-16 05:40:48.518  9580  9617 W ReactNativeJS: This method is deprecated (as well as all React Native Firebase namespaced API) and will be removed in the next major release as part of move to match Firebase Web modular SDK API. Please see migration guide for more details: https://rnfirebase.io/migrating-to-v22 Please use `getApp()` instead.
08-16 05:40:48.543  9580  9617 I ReactNativeJS: '[UI_PRESS_PROBE]', '{"event":"VOIP_ACTIVE_CALL_RESUME_SKIPPED_AUTH","timestamp":"2026-08-15T20:40:48.542Z","token_ready":true,"user_ready":true,"show_login":false,"show_voip_tester":false,"selected_call_mode":"pstn_assist","source":"app_launch_resume","status":401,"last_call_id":null}'
08-16 05:40:48.570  9580  9617 I ReactNativeJS: '[AUTH_FLOW]', '{"event":"AUTH_STORAGE_RESTORE_FOUND","user_id":6,"user_email":"119cash@naver.com"}'
08-16 05:40:48.570  9580  9617 I ReactNativeJS: '[AUTH_FLOW]', '{"event":"AUTH_STORAGE_RESTORE_APPLIED","user_id":6,"user_email":"119cash@naver.com"}'
08-16 05:40:48.573  9580  9617 W ReactNativeJS: This method is deprecated (as well as all React Native Firebase namespaced API) and will be removed in the next major release as part of move to match Firebase Web modular SDK API. Please see migration guide for more details: https://rnfirebase.io/migrating-to-v22 Please use `getApp()` instead.
08-16 05:40:48.604  9580  9617 W ReactNativeJS: This method is deprecated (as well as all React Native Firebase namespaced API) and will be removed in the next major release as part of move to match Firebase Web modular SDK API. Please see migration guide for more details: https://rnfirebase.io/migrating-to-v22 Please use `getApps()` instead.
08-16 05:40:48.604  9580  9617 W ReactNativeJS: This method is deprecated (as well as all React Native Firebase namespaced API) and will be removed in the next major release as part of move to match Firebase Web modular SDK API. Please see migration guide for more details: https://rnfirebase.io/migrating-to-v22 Please use `getApps()` instead.
08-16 05:40:48.604  9580  9617 W ReactNativeJS: This method is deprecated (as well as all React Native Firebase namespaced API) and will be removed in the next major release as part of move to match Firebase Web modular SDK API. Please see migration guide for more details: https://rnfirebase.io/migrating-to-v22 Please use `getApps()` instead.
08-16 05:40:48.605  9580  9617 W ReactNativeJS: This method is deprecated (as well as all React Native Firebase namespaced API) and will be removed in the next major release as part of move to match Firebase Web modular SDK API. Please see migration guide for more details: https://rnfirebase.io/migrating-to-v22 Please use `getApps()` instead.
08-16 05:40:48.607  9580  9617 I ReactNativeJS: '[VoIPPendingIncoming]', '{"event":"REQUEST_START","source":"pending_call_initial","token_summary":"len:30:passke...en_331","user_id":6,"has_pending_call":false,"has_active_call":false}'
08-16 05:40:48.608  9580  9617 I ReactNativeJS: '[UI_PRESS_PROBE]', '{"event":"VOIP_PRESENCE_CONNECT_ATTEMPT","timestamp":"2026-08-15T20:40:48.608Z","token_ready":true,"user_ready":true,"show_login":false,"show_voip_tester":false,"selected_call_mode":"pstn_assist","voice_id":"nado-000006","token_summary":"len:30:passke...en_331","reason":"effect_start","api_base":"https://metanova1004.com"}'
08-16 05:40:48.610  9580  9617 W ReactNativeJS: This method is deprecated (as well as all React Native Firebase namespaced API) and will be removed in the next major release as part of move to match Firebase Web modular SDK API. Please see migration guide for more details: https://rnfirebase.io/migrating-to-v22 Please use `getApp()` instead.
08-16 05:40:48.610  9580  9617 W ReactNativeJS: This method is deprecated (as well as all React Native Firebase namespaced API) and will be removed in the next major release as part of move to match Firebase Web modular SDK API. Please see migration guide for more details: https://rnfirebase.io/migrating-to-v22 Please use `getApp()` instead.
08-16 05:40:48.610  9580  9617 W ReactNativeJS: This method is deprecated (as well as all React Native Firebase namespaced API) and will be removed in the next major release as part of move to match Firebase Web modular SDK API. Please see migration guide for more details: https://rnfirebase.io/migrating-to-v22 Please use `getApp()` instead.
08-16 05:40:48.611  9580  9617 W ReactNativeJS: This method is deprecated (as well as all React Native Firebase namespaced API) and will be removed in the next major release as part of move to match Firebase Web modular SDK API. Please see migration guide for more details: https://rnfirebase.io/migrating-to-v22 Please use `getApp()` instead.
08-16 05:40:48.612  9580  9617 I ReactNativeJS: '[UI_PRESS_PROBE]', '{"event":"VOIP_NOTIFICATION_PERMISSION_STATUS","timestamp":"2026-08-15T20:40:48.612Z","token_ready":true,"user_ready":true,"show_login":false,"show_voip_tester":false,"selected_call_mode":"pstn_assist","notifications_enabled":true}'
08-16 05:40:48.618  9580  9617 I ReactNativeJS: '[DEEP_LINK_TRACE]', '{"source":"initial_url","outcome":"empty_url"}'
08-16 05:40:48.648  9580  9617 I ReactNativeJS: '[UI_PRESS_PROBE]', '{"event":"VOIP_PRESENCE_ERROR","timestamp":"2026-08-15T20:40:48.648Z","token_ready":true,"user_ready":true,"show_login":false,"show_voip_tester":false,"selected_call_mode":"pstn_assist","voice_id":"nado-000006","token_summary":"len:30:passke...en_331","reason":"effect_start"}'
08-16 05:40:48.649  9580  9617 I ReactNativeJS: '[UI_PRESS_PROBE]', '{"event":"VOIP_PRESENCE_CLOSED","timestamp":"2026-08-15T20:40:48.649Z","token_ready":true,"user_ready":true,"show_login":false,"show_voip_tester":false,"selected_call_mode":"pstn_assist","voice_id":"nado-000006","token_summary":"len:30:passke...en_331","reason":"effect_start","code":1006}'
08-16 05:40:48.649  9580  9617 I ReactNativeJS: '[UI_PRESS_PROBE]', '{"event":"VOIP_PRESENCE_RETRY_SCHEDULED","timestamp":"2026-08-15T20:40:48.649Z","token_ready":true,"user_ready":true,"show_login":false,"show_voip_tester":false,"selected_call_mode":"pstn_assist","voice_id":"nado-000006","token_summary":"len:30:passke...en_331","reason":"close:1006"}'
08-16 05:40:48.682  9580  9617 I ReactNativeJS: '[MISSED_CALL]', '{"event":"fetch","count":0}'
08-16 05:40:48.683  9580  9617 I ReactNativeJS: '[VoIPPendingIncoming]', '{"event":"REQUEST_RESULT","source":"pending_call_initial","token_summary":"len:30:passke...en_331","user_id":6,"status":401,"ok":false}'
08-16 05:40:48.683  9580  9617 I ReactNativeJS: '[VoIPPendingIncoming] fetch failed', 401
08-16 05:40:48.684  9580  9617 W ReactNativeJS: This method is deprecated (as well as all React Native Firebase namespaced API) and will be removed in the next major release as part of move to match Firebase Web modular SDK API. Please see migration guide for more details: https://rnfirebase.io/migrating-to-v22 Please use `getApp()` instead.
08-16 05:40:48.702  9580  9617 I ReactNativeJS: '[UI_PRESS_PROBE]', '{"event":"VOIP_ACTIVE_CALL_RESUME_SKIPPED_AUTH","timestamp":"2026-08-15T20:40:48.701Z","token_ready":true,"user_ready":true,"show_login":false,"show_voip_tester":false,"selected_call_mode":"pstn_assist","source":"app_launch_resume","status":401,"last_call_id":null}'
08-16 05:40:48.755  9580  9617 I ReactNativeJS: '[AUTH_FLOW]', '{"event":"AUTH_STORAGE_RESTORE_FOUND","user_id":6,"user_email":"119cash@naver.com"}'
08-16 05:40:48.755  9580  9617 I ReactNativeJS: '[AUTH_FLOW]', '{"event":"AUTH_STORAGE_RESTORE_APPLIED","user_id":6,"user_email":"119cash@naver.com"}'
08-16 05:40:48.784  9580  9617 W ReactNativeJS: This method is deprecated (as well as all React Native Firebase namespaced API) and will be removed in the next major release as part of move to match Firebase Web modular SDK API. Please see migration guide for more details: https://rnfirebase.io/migrating-to-v22 Please use `getApps()` instead.
08-16 05:40:48.785  9580  9617 W ReactNativeJS: This method is deprecated (as well as all React Native Firebase namespaced API) and will be removed in the next major release as part of move to match Firebase Web modular SDK API. Please see migration guide for more details: https://rnfirebase.io/migrating-to-v22 Please use `getApps()` instead.
08-16 05:40:48.785  9580  9617 W ReactNativeJS: This method is deprecated (as well as all React Native Firebase namespaced API) and will be removed in the next major release as part of move to match Firebase Web modular SDK API. Please see migration guide for more details: https://rnfirebase.io/migrating-to-v22 Please use `getApps()` instead.
08-16 05:40:48.786  9580  9617 W ReactNativeJS: This method is deprecated (as well as all React Native Firebase namespaced API) and will be removed in the next major release as part of move to match Firebase Web modular SDK API. Please see migration guide for more details: https://rnfirebase.io/migrating-to-v22 Please use `getApps()` instead.
08-16 05:40:48.788  9580  9617 I ReactNativeJS: '[VoIPPendingIncoming]', '{"event":"REQUEST_START","source":"pending_call_initial","token_summary":"len:30:passke...en_331","user_id":6,"has_pending_call":false,"has_active_call":false}'
08-16 05:40:48.790  9580  9617 I ReactNativeJS: '[UI_PRESS_PROBE]', '{"event":"VOIP_PRESENCE_CONNECT_ATTEMPT","timestamp":"2026-08-15T20:40:48.789Z","token_ready":true,"user_ready":true,"show_login":false,"show_voip_tester":false,"selected_call_mode":"pstn_assist","voice_id":"nado-000006","token_summary":"len:30:passke...en_331","reason":"effect_start","api_base":"https://metanova1004.com"}'
08-16 05:40:48.791  9580  9617 W ReactNativeJS: This method is deprecated (as well as all React Native Firebase namespaced API) and will be removed in the next major release as part of move to match Firebase Web modular SDK API. Please see migration guide for more details: https://rnfirebase.io/migrating-to-v22 Please use `getApp()` instead.
08-16 05:40:48.791  9580  9617 W ReactNativeJS: This method is deprecated (as well as all React Native Firebase namespaced API) and will be removed in the next major release as part of move to match Firebase Web modular SDK API. Please see migration guide for more details: https://rnfirebase.io/migrating-to-v22 Please use `getApp()` instead.
08-16 05:40:48.791  9580  9617 W ReactNativeJS: This method is deprecated (as well as all React Native Firebase namespaced API) and will be removed in the next major release as part of move to match Firebase Web modular SDK API. Please see migration guide for more details: https://rnfirebase.io/migrating-to-v22 Please use `getApp()` instead.
08-16 05:40:48.793  9580  9617 W ReactNativeJS: This method is deprecated (as well as all React Native Firebase namespaced API) and will be removed in the next major release as part of move to match Firebase Web modular SDK API. Please see migration guide for more details: https://rnfirebase.io/migrating-to-v22 Please use `getApp()` instead.
08-16 05:40:48.794  9580  9617 I ReactNativeJS: '[UI_PRESS_PROBE]', '{"event":"VOIP_NOTIFICATION_PERMISSION_STATUS","timestamp":"2026-08-15T20:40:48.794Z","token_ready":true,"user_ready":true,"show_login":false,"show_voip_tester":false,"selected_call_mode":"pstn_assist","notifications_enabled":true}'
08-16 05:40:48.798  9580  9617 I ReactNativeJS: '[DEEP_LINK_TRACE]', '{"source":"initial_url","outcome":"empty_url"}'
08-16 05:40:48.848  9580  9617 I ReactNativeJS: '[UI_PRESS_PROBE]', '{"event":"VOIP_PRESENCE_ERROR","timestamp":"2026-08-15T20:40:48.848Z","token_ready":true,"user_ready":true,"show_login":false,"show_voip_tester":false,"selected_call_mode":"pstn_assist","voice_id":"nado-000006","token_summary":"len:30:passke...en_331","reason":"effect_start"}'
08-16 05:40:48.849  9580  9617 I ReactNativeJS: '[UI_PRESS_PROBE]', '{"event":"VOIP_PRESENCE_CLOSED","timestamp":"2026-08-15T20:40:48.849Z","token_ready":true,"user_ready":true,"show_login":false,"show_voip_tester":false,"selected_call_mode":"pstn_assist","voice_id":"nado-000006","token_summary":"len:30:passke...en_331","reason":"effect_start","code":1006}'
08-16 05:40:48.849  9580  9617 I ReactNativeJS: '[UI_PRESS_PROBE]', '{"event":"VOIP_PRESENCE_RETRY_SCHEDULED","timestamp":"2026-08-15T20:40:48.849Z","token_ready":true,"user_ready":true,"show_login":false,"show_voip_tester":false,"selected_call_mode":"pstn_assist","voice_id":"nado-000006","token_summary":"len:30:passke...en_331","reason":"close:1006"}'
08-16 05:40:48.871  9580  9617 I ReactNativeJS: '[MISSED_CALL]', '{"event":"fetch","count":0}'
08-16 05:40:48.872  9580  9617 I ReactNativeJS: '[VoIPPendingIncoming]', '{"event":"REQUEST_RESULT","source":"pending_call_initial","token_summary":"len:30:passke...en_331","user_id":6,"status":401,"ok":false}'
08-16 05:40:48.872  9580  9617 I ReactNativeJS: '[VoIPPendingIncoming] fetch failed', 401
08-16 05:40:48.874  9580  9617 W ReactNativeJS: This method is deprecated (as well as all React Native Firebase namespaced API) and will be removed in the next major release as part of move to match Firebase Web modular SDK API. Please see migration guide for more details: https://rnfirebase.io/migrating-to-v22 Please use `getApp()` instead.
08-16 05:40:48.901  9580  9617 I ReactNativeJS: '[UI_PRESS_PROBE]', '{"event":"VOIP_ACTIVE_CALL_RESUME_SKIPPED_AUTH","timestamp":"2026-08-15T20:40:48.901Z","token_ready":true,"user_ready":true,"show_login":false,"show_voip_tester":false,"selected_call_mode":"pstn_assist","source":"app_launch_resume","status":401,"last_call_id":null}'
08-16 05:40:48.965  9580  9617 I ReactNativeJS: '[AUTH_FLOW]', '{"event":"AUTH_STORAGE_RESTORE_FOUND","user_id":6,"user_email":"119cash@naver.com"}'
08-16 05:40:48.965  9580  9617 I ReactNativeJS: '[AUTH_FLOW]', '{"event":"AUTH_STORAGE_RESTORE_APPLIED","user_id":6,"user_email":"119cash@naver.com"}'
08-16 05:40:48.994  9580  9617 W ReactNativeJS: This method is deprecated (as well as all React Native Firebase namespaced API) and will be removed in the next major release as part of move to match Firebase Web modular SDK API. Please see migration guide for more details: https://rnfirebase.io/migrating-to-v22 Please use `getApps()` instead.
08-16 05:40:48.994  9580  9617 W ReactNativeJS: This method is deprecated (as well as all React Native Firebase namespaced API) and will be removed in the next major release as part of move to match Firebase Web modular SDK API. Please see migration guide for more details: https://rnfirebase.io/migrating-to-v22 Please use `getApps()` instead.
08-16 05:40:48.994  9580  9617 W ReactNativeJS: This method is deprecated (as well as all React Native Firebase namespaced API) and will be removed in the next major release as part of move to match Firebase Web modular SDK API. Please see migration guide for more details: https://rnfirebase.io/migrating-to-v22 Please use `getApps()` instead.
08-16 05:40:48.996  9580  9617 W ReactNativeJS: This method is deprecated (as well as all React Native Firebase namespaced API) and will be removed in the next major release as part of move to match Firebase Web modular SDK API. Please see migration guide for more details: https://rnfirebase.io/migrating-to-v22 Please use `getApps()` instead.
08-16 05:40:48.997  9580  9617 I ReactNativeJS: '[VoIPPendingIncoming]', '{"event":"REQUEST_START","source":"pending_call_initial","token_summary":"len:30:passke...en_331","user_id":6,"has_pending_call":false,"has_active_call":false}'
08-16 05:40:48.999  9580  9617 I ReactNativeJS: '[UI_PRESS_PROBE]', '{"event":"VOIP_PRESENCE_CONNECT_ATTEMPT","timestamp":"2026-08-15T20:40:48.999Z","token_ready":true,"user_ready":true,"show_login":false,"show_voip_tester":false,"selected_call_mode":"pstn_assist","voice_id":"nado-000006","token_summary":"len:30:passke...en_331","reason":"effect_start","api_base":"https://metanova1004.com"}'
08-16 05:40:49.000  9580  9617 W ReactNativeJS: This method is deprecated (as well as all React Native Firebase namespaced API) and will be removed in the next major release as part of move to match Firebase Web modular SDK API. Please see migration guide for more details: https://rnfirebase.io/migrating-to-v22 Please use `getApp()` instead.
08-16 05:40:49.001  9580  9617 W ReactNativeJS: This method is deprecated (as well as all React Native Firebase namespaced API) and will be removed in the next major release as part of move to match Firebase Web modular SDK API. Please see migration guide for more details: https://rnfirebase.io/migrating-to-v22 Please use `getApp()` instead.
08-16 05:40:49.001  9580  9617 W ReactNativeJS: This method is deprecated (as well as all React Native Firebase namespaced API) and will be removed in the next major release as part of move to match Firebase Web modular SDK API. Please see migration guide for more details: https://rnfirebase.io/migrating-to-v22 Please use `getApp()` instead.
08-16 05:40:49.002  9580  9617 W ReactNativeJS: This method is deprecated (as well as all React Native Firebase namespaced API) and will be removed in the next major release as part of move to match Firebase Web modular SDK API. Please see migration guide for more details: https://rnfirebase.io/migrating-to-v22 Please use `getApp()` instead.
08-16 05:40:49.003  9580  9617 I ReactNativeJS: '[UI_PRESS_PROBE]', '{"event":"VOIP_NOTIFICATION_PERMISSION_STATUS","timestamp":"2026-08-15T20:40:49.003Z","token_ready":true,"user_ready":true,"show_login":false,"show_voip_tester":false,"selected_call_mode":"pstn_assist","notifications_enabled":true}'
08-16 05:40:49.007  9580  9617 I ReactNativeJS: '[DEEP_LINK_TRACE]', '{"source":"initial_url","outcome":"empty_url"}'
08-16 05:40:49.037  9580  9617 I ReactNativeJS: '[UI_PRESS_PROBE]', '{"event":"VOIP_PRESENCE_ERROR","timestamp":"2026-08-15T20:40:49.037Z","token_ready":true,"user_ready":true,"show_login":false,"show_voip_tester":false,"selected_call_mode":"pstn_assist","voice_id":"nado-000006","token_summary":"len:30:passke...en_331","reason":"effect_start"}'
08-16 05:40:49.037  9580  9617 I ReactNativeJS: '[UI_PRESS_PROBE]', '{"event":"VOIP_PRESENCE_CLOSED","timestamp":"2026-08-15T20:40:49.037Z","token_ready":true,"user_ready":true,"show_login":false,"show_voip_tester":false,"selected_call_mode":"pstn_assist","voice_id":"nado-000006","token_summary":"len:30:passke...en_331","reason":"effect_start","code":1006}'
08-16 05:40:49.038  9580  9617 I ReactNativeJS: '[UI_PRESS_PROBE]', '{"event":"VOIP_PRESENCE_RETRY_SCHEDULED","timestamp":"2026-08-15T20:40:49.038Z","token_ready":true,"user_ready":true,"show_login":false,"show_voip_tester":false,"selected_call_mode":"pstn_assist","voice_id":"nado-000006","token_summary":"len:30:passke...en_331","reason":"close:1006"}'
08-16 05:40:49.042  9580  9617 W ReactNativeJS: This method is deprecated (as well as all React Native Firebase namespaced API) and will be removed in the next major release as part of move to match Firebase Web modular SDK API. Please see migration guide for more details: https://rnfirebase.io/migrating-to-v22 Please use `getApp()` instead.
08-16 05:40:49.074  9580  9617 I ReactNativeJS: '[MISSED_CALL]', '{"event":"fetch","count":0}'
08-16 05:40:49.075  9580  9617 I ReactNativeJS: '[VoIPPendingIncoming]', '{"event":"REQUEST_RESULT","source":"pending_call_initial","token_summary":"len:30:passke...en_331","user_id":6,"status":401,"ok":false}'
08-16 05:40:49.075  9580  9617 I ReactNativeJS: '[VoIPPendingIncoming] fetch failed', 401
08-16 05:40:49.128  9580  9617 W ReactNativeJS: This method is deprecated (as well as all React Native Firebase namespaced API) and will be removed in the next major release as part of move to match Firebase Web modular SDK API. Please see migration guide for more details: https://rnfirebase.io/migrating-to-v22 Please use `getApp()` instead.
08-16 05:40:49.159  9580  9617 I ReactNativeJS: '[UI_PRESS_PROBE]', '{"event":"VOIP_ACTIVE_CALL_RESUME_SKIPPED_AUTH","timestamp":"2026-08-15T20:40:49.158Z","token_ready":true,"user_ready":true,"show_login":false,"show_voip_tester":false,"selected_call_mode":"pstn_assist","source":"app_launch_resume","status":401,"last_call_id":null}'
08-16 05:40:49.330  9580  9617 I ReactNativeJS: '[AUTH_FLOW]', '{"event":"AUTH_STORAGE_RESTORE_FOUND","user_id":6,"user_email":"119cash@naver.com"}'
08-16 05:40:49.331  9580  9617 I ReactNativeJS: '[AUTH_FLOW]', '{"event":"AUTH_STORAGE_RESTORE_APPLIED","user_id":6,"user_email":"119cash@naver.com"}'
08-16 05:40:49.380  9580  9617 W ReactNativeJS: This method is deprecated (as well as all React Native Firebase namespaced API) and will be removed in the next major release as part of move to match Firebase Web modular SDK API. Please see migration guide for more details: https://rnfirebase.io/migrating-to-v22 Please use `getApps()` instead.
08-16 05:40:49.380  9580  9617 W ReactNativeJS: This method is deprecated (as well as all React Native Firebase namespaced API) and will be removed in the next major release as part of move to match Firebase Web modular SDK API. Please see migration guide for more details: https://rnfirebase.io/migrating-to-v22 Please use `getApps()` instead.
08-16 05:40:49.380  9580  9617 W ReactNativeJS: This method is deprecated (as well as all React Native Firebase namespaced API) and will be removed in the next major release as part of move to match Firebase Web modular SDK API. Please see migration guide for more details: https://rnfirebase.io/migrating-to-v22 Please use `getApps()` instead.
08-16 05:40:49.382  9580  9617 W ReactNativeJS: This method is deprecated (as well as all React Native Firebase namespaced API) and will be removed in the next major release as part of move to match Firebase Web modular SDK API. Please see migration guide for more details: https://rnfirebase.io/migrating-to-v22 Please use `getApps()` instead.
08-16 05:40:49.385  9580  9617 I ReactNativeJS: '[VoIPPendingIncoming]', '{"event":"REQUEST_START","source":"pending_call_initial","token_summary":"len:30:passke...en_331","user_id":6,"has_pending_call":false,"has_active_call":false}'
08-16 05:40:49.389  9580  9617 I ReactNativeJS: '[UI_PRESS_PROBE]', '{"event":"VOIP_PRESENCE_CONNECT_ATTEMPT","timestamp":"2026-08-15T20:40:49.388Z","token_ready":true,"user_ready":true,"show_login":false,"show_voip_tester":false,"selected_call_mode":"pstn_assist","voice_id":"nado-000006","token_summary":"len:30:passke...en_331","reason":"effect_start","api_base":"https://metanova1004.com"}'
08-16 05:40:49.391  9580  9617 W ReactNativeJS: This method is deprecated (as well as all React Native Firebase namespaced API) and will be removed in the next major release as part of move to match Firebase Web modular SDK API. Please see migration guide for more details: https://rnfirebase.io/migrating-to-v22 Please use `getApp()` instead.
08-16 05:40:49.391  9580  9617 W ReactNativeJS: This method is deprecated (as well as all React Native Firebase namespaced API) and will be removed in the next major release as part of move to match Firebase Web modular SDK API. Please see migration guide for more details: https://rnfirebase.io/migrating-to-v22 Please use `getApp()` instead.
08-16 05:40:49.392  9580  9617 W ReactNativeJS: This method is deprecated (as well as all React Native Firebase namespaced API) and will be removed in the next major release as part of move to match Firebase Web modular SDK API. Please see migration guide for more details: https://rnfirebase.io/migrating-to-v22 Please use `getApp()` instead.
08-16 05:40:49.394  9580  9617 W ReactNativeJS: This method is deprecated (as well as all React Native Firebase namespaced API) and will be removed in the next major release as part of move to match Firebase Web modular SDK API. Please see migration guide for more details: https://rnfirebase.io/migrating-to-v22 Please use `getApp()` instead.
08-16 05:40:49.395  9580  9617 I ReactNativeJS: '[UI_PRESS_PROBE]', '{"event":"VOIP_NOTIFICATION_PERMISSION_STATUS","timestamp":"2026-08-15T20:40:49.395Z","token_ready":true,"user_ready":true,"show_login":false,"show_voip_tester":false,"selected_call_mode":"pstn_assist","notifications_enabled":true}'
08-16 05:40:49.397  9580  9617 I ReactNativeJS: '[DEEP_LINK_TRACE]', '{"source":"initial_url","outcome":"empty_url"}'
08-16 05:40:49.437  9580  9617 I ReactNativeJS: '[UI_PRESS_PROBE]', '{"event":"VOIP_PRESENCE_ERROR","timestamp":"2026-08-15T20:40:49.437Z","token_ready":true,"user_ready":true,"show_login":false,"show_voip_tester":false,"selected_call_mode":"pstn_assist","voice_id":"nado-000006","token_summary":"len:30:passke...en_331","reason":"effect_start"}'
08-16 05:40:49.438  9580  9617 I ReactNativeJS: '[UI_PRESS_PROBE]', '{"event":"VOIP_PRESENCE_CLOSED","timestamp":"2026-08-15T20:40:49.438Z","token_ready":true,"user_ready":true,"show_login":false,"show_voip_tester":false,"selected_call_mode":"pstn_assist","voice_id":"nado-000006","token_summary":"len:30:passke...en_331","reason":"effect_start","code":1006}'
08-16 05:40:49.439  9580  9617 I ReactNativeJS: '[UI_PRESS_PROBE]', '{"event":"VOIP_PRESENCE_RETRY_SCHEDULED","timestamp":"2026-08-15T20:40:49.438Z","token_ready":true,"user_ready":true,"show_login":false,"show_voip_tester":false,"selected_call_mode":"pstn_assist","voice_id":"nado-000006","token_summary":"len:30:passke...en_331","reason":"close:1006"}'
08-16 05:40:49.493  9580  9617 W ReactNativeJS: This method is deprecated (as well as all React Native Firebase namespaced API) and will be removed in the next major release as part of move to match Firebase Web modular SDK API. Please see migration guide for more details: https://rnfirebase.io/migrating-to-v22 Please use `getApp()` instead.
08-16 05:40:49.496  9580  9617 I ReactNativeJS: '[MISSED_CALL]', '{"event":"fetch","count":0}'
08-16 05:40:49.497  9580  9617 I ReactNativeJS: '[VoIPPendingIncoming]', '{"event":"REQUEST_RESULT","source":"pending_call_initial","token_summary":"len:30:passke...en_331","user_id":6,"status":401,"ok":false}'
08-16 05:40:49.497  9580  9617 I ReactNativeJS: '[VoIPPendingIncoming] fetch failed', 401
08-16 05:40:49.500  9580  9617 I ReactNativeJS: '[AUTH_FLOW]', '{"event":"AUTH_STORAGE_RESTORE_FOUND","user_id":6,"user_email":"119cash@naver.com"}'
08-16 05:40:49.500  9580  9617 I ReactNativeJS: '[AUTH_FLOW]', '{"event":"AUTH_STORAGE_RESTORE_APPLIED","user_id":6,"user_email":"119cash@naver.com"}'
08-16 05:40:49.504  9580  9617 I ReactNativeJS: '[UI_PRESS_PROBE]', '{"event":"VOIP_ACTIVE_CALL_RESUME_SKIPPED_AUTH","timestamp":"2026-08-15T20:40:49.504Z","token_ready":true,"user_ready":true,"show_login":false,"show_voip_tester":false,"selected_call_mode":"pstn_assist","source":"app_launch_resume","status":401,"last_call_id":null}'
08-16 05:40:49.547  9580  9617 W ReactNativeJS: This method is deprecated (as well as all React Native Firebase namespaced API) and will be removed in the next major release as part of move to match Firebase Web modular SDK API. Please see migration guide for more details: https://rnfirebase.io/migrating-to-v22 Please use `getApps()` instead.
08-16 05:40:49.547  9580  9617 W ReactNativeJS: This method is deprecated (as well as all React Native Firebase namespaced API) and will be removed in the next major release as part of move to match Firebase Web modular SDK API. Please see migration guide for more details: https://rnfirebase.io/migrating-to-v22 Please use `getApps()` instead.
08-16 05:40:49.547  9580  9617 W ReactNativeJS: This method is deprecated (as well as all React Native Firebase namespaced API) and will be removed in the next major release as part of move to match Firebase Web modular SDK API. Please see migration guide for more details: https://rnfirebase.io/migrating-to-v22 Please use `getApps()` instead.
08-16 05:40:49.548  9580  9617 W ReactNativeJS: This method is deprecated (as well as all React Native Firebase namespaced API) and will be removed in the next major release as part of move to match Firebase Web modular SDK API. Please see migration guide for more details: https://rnfirebase.io/migrating-to-v22 Please use `getApps()` instead.
08-16 05:40:49.551  9580  9617 I ReactNativeJS: '[VoIPPendingIncoming]', '{"event":"REQUEST_START","source":"pending_call_initial","token_summary":"len:30:passke...en_331","user_id":6,"has_pending_call":false,"has_active_call":false}'
08-16 05:40:49.553  9580  9617 I ReactNativeJS: '[UI_PRESS_PROBE]', '{"event":"VOIP_PRESENCE_CONNECT_ATTEMPT","timestamp":"2026-08-15T20:40:49.552Z","token_ready":true,"user_ready":true,"show_login":false,"show_voip_tester":false,"selected_call_mode":"pstn_assist","voice_id":"nado-000006","token_summary":"len:30:passke...en_331","reason":"effect_start","api_base":"https://metanova1004.com"}'
08-16 05:40:49.555  9580  9617 W ReactNativeJS: This method is deprecated (as well as all React Native Firebase namespaced API) and will be removed in the next major release as part of move to match Firebase Web modular SDK API. Please see migration guide for more details: https://rnfirebase.io/migrating-to-v22 Please use `getApp()` instead.
08-16 05:40:49.555  9580  9617 W ReactNativeJS: This method is deprecated (as well as all React Native Firebase namespaced API) and will be removed in the next major release as part of move to match Firebase Web modular SDK API. Please see migration guide for more details: https://rnfirebase.io/migrating-to-v22 Please use `getApp()` instead.
08-16 05:40:49.556  9580  9617 W ReactNativeJS: This method is deprecated (as well as all React Native Firebase namespaced API) and will be removed in the next major release as part of move to match Firebase Web modular SDK API. Please see migration guide for more details: https://rnfirebase.io/migrating-to-v22 Please use `getApp()` instead.
08-16 05:40:49.558  9580  9617 W ReactNativeJS: This method is deprecated (as well as all React Native Firebase namespaced API) and will be removed in the next major release as part of move to match Firebase Web modular SDK API. Please see migration guide for more details: https://rnfirebase.io/migrating-to-v22 Please use `getApp()` instead.
08-16 05:40:49.559  9580  9617 I ReactNativeJS: '[UI_PRESS_PROBE]', '{"event":"VOIP_NOTIFICATION_PERMISSION_STATUS","timestamp":"2026-08-15T20:40:49.558Z","token_ready":true,"user_ready":true,"show_login":false,"show_voip_tester":false,"selected_call_mode":"pstn_assist","notifications_enabled":true}'
08-16 05:40:49.560  9580  9617 W ReactNativeJS: This method is deprecated (as well as all React Native Firebase namespaced API) and will be removed in the next major release as part of move to match Firebase Web modular SDK API. Please see migration guide for more details: https://rnfirebase.io/migrating-to-v22 Please use `getApp()` instead.
08-16 05:40:49.565  9580  9617 I ReactNativeJS: '[DEEP_LINK_TRACE]', '{"source":"initial_url","outcome":"empty_url"}'
08-16 05:40:49.570  9580  9617 I ReactNativeJS: '[UI_PRESS_PROBE]', '{"event":"VOIP_PRESENCE_ERROR","timestamp":"2026-08-15T20:40:49.569Z","token_ready":true,"user_ready":true,"show_login":false,"show_voip_tester":false,"selected_call_mode":"pstn_assist","voice_id":"nado-000006","token_summary":"len:30:passke...en_331","reason":"effect_start"}'
08-16 05:40:49.570  9580  9617 I ReactNativeJS: '[UI_PRESS_PROBE]', '{"event":"VOIP_PRESENCE_CLOSED","timestamp":"2026-08-15T20:40:49.570Z","token_ready":true,"user_ready":true,"show_login":false,"show_voip_tester":false,"selected_call_mode":"pstn_assist","voice_id":"nado-000006","token_summary":"len:30:passke...en_331","reason":"effect_start","code":1006}'
08-16 05:40:49.571  9580  9617 I ReactNativeJS: '[UI_PRESS_PROBE]', '{"event":"VOIP_PRESENCE_RETRY_SCHEDULED","timestamp":"2026-08-15T20:40:49.570Z","token_ready":true,"user_ready":true,"show_login":false,"show_voip_tester":false,"selected_call_mode":"pstn_assist","voice_id":"nado-000006","token_summary":"len:30:passke...en_331","reason":"close:1006"}'
08-16 05:40:49.631  9580  9617 W ReactNativeJS: This method is deprecated (as well as all React Native Firebase namespaced API) and will be removed in the next major release as part of move to match Firebase Web modular SDK API. Please see migration guide for more details: https://rnfirebase.io/migrating-to-v22 Please use `getApp()` instead.
08-16 05:40:49.633  9580  9617 I ReactNativeJS: '[VoIPPendingIncoming]', '{"event":"REQUEST_RESULT","source":"pending_call_initial","token_summary":"len:30:passke...en_331","user_id":6,"status":401,"ok":false}'
08-16 05:40:49.633  9580  9617 I ReactNativeJS: '[VoIPPendingIncoming] fetch failed', 401
08-16 05:40:49.634  9580  9617 I ReactNativeJS: '[MISSED_CALL]', '{"event":"fetch","count":0}'
08-16 05:40:49.656  9580  9617 I ReactNativeJS: '[AUTH_FLOW]', '{"event":"AUTH_STORAGE_RESTORE_FOUND","user_id":6,"user_email":"119cash@naver.com"}'
08-16 05:40:49.657  9580  9617 I ReactNativeJS: '[AUTH_FLOW]', '{"event":"AUTH_STORAGE_RESTORE_APPLIED","user_id":6,"user_email":"119cash@naver.com"}'
08-16 05:40:49.660  9580  9617 I ReactNativeJS: '[UI_PRESS_PROBE]', '{"event":"VOIP_ACTIVE_CALL_RESUME_SKIPPED_AUTH","timestamp":"2026-08-15T20:40:49.660Z","token_ready":true,"user_ready":true,"show_login":false,"show_voip_tester":false,"selected_call_mode":"pstn_assist","source":"app_launch_resume","status":401,"last_call_id":null}'
08-16 05:40:49.694  9580  9617 W ReactNativeJS: This method is deprecated (as well as all React Native Firebase namespaced API) and will be removed in the next major release as part of move to match Firebase Web modular SDK API. Please see migration guide for more details: https://rnfirebase.io/migrating-to-v22 Please use `getApps()` instead.
08-16 05:40:49.694  9580  9617 W ReactNativeJS: This method is deprecated (as well as all React Native Firebase namespaced API) and will be removed in the next major release as part of move to match Firebase Web modular SDK API. Please see migration guide for more details: https://rnfirebase.io/migrating-to-v22 Please use `getApps()` instead.
08-16 05:40:49.694  9580  9617 W ReactNativeJS: This method is deprecated (as well as all React Native Firebase namespaced API) and will be removed in the next major release as part of move to match Firebase Web modular SDK API. Please see migration guide for more details: https://rnfirebase.io/migrating-to-v22 Please use `getApps()` instead.
08-16 05:40:49.696  9580  9617 W ReactNativeJS: This method is deprecated (as well as all React Native Firebase namespaced API) and will be removed in the next major release as part of move to match Firebase Web modular SDK API. Please see migration guide for more details: https://rnfirebase.io/migrating-to-v22 Please use `getApps()` instead.
08-16 05:40:49.698  9580  9617 I ReactNativeJS: '[VoIPPendingIncoming]', '{"event":"REQUEST_START","source":"pending_call_initial","token_summary":"len:30:passke...en_331","user_id":6,"has_pending_call":false,"has_active_call":false}'
08-16 05:40:49.699  9580  9617 I ReactNativeJS: '[UI_PRESS_PROBE]', '{"event":"VOIP_PRESENCE_CONNECT_ATTEMPT","timestamp":"2026-08-15T20:40:49.699Z","token_ready":true,"user_ready":true,"show_login":false,"show_voip_tester":false,"selected_call_mode":"pstn_assist","voice_id":"nado-000006","token_summary":"len:30:passke...en_331","reason":"effect_start","api_base":"https://metanova1004.com"}'
08-16 05:40:49.701  9580  9617 W ReactNativeJS: This method is deprecated (as well as all React Native Firebase namespaced API) and will be removed in the next major release as part of move to match Firebase Web modular SDK API. Please see migration guide for more details: https://rnfirebase.io/migrating-to-v22 Please use `getApp()` instead.
08-16 05:40:49.701  9580  9617 W ReactNativeJS: This method is deprecated (as well as all React Native Firebase namespaced API) and will be removed in the next major release as part of move to match Firebase Web modular SDK API. Please see migration guide for more details: https://rnfirebase.io/migrating-to-v22 Please use `getApp()` instead.
08-16 05:40:49.701  9580  9617 W ReactNativeJS: This method is deprecated (as well as all React Native Firebase namespaced API) and will be removed in the next major release as part of move to match Firebase Web modular SDK API. Please see migration guide for more details: https://rnfirebase.io/migrating-to-v22 Please use `getApp()` instead.
08-16 05:40:49.703  9580  9617 W ReactNativeJS: This method is deprecated (as well as all React Native Firebase namespaced API) and will be removed in the next major release as part of move to match Firebase Web modular SDK API. Please see migration guide for more details: https://rnfirebase.io/migrating-to-v22 Please use `getApp()` instead.
08-16 05:40:49.704  9580  9617 I ReactNativeJS: '[UI_PRESS_PROBE]', '{"event":"VOIP_NOTIFICATION_PERMISSION_STATUS","timestamp":"2026-08-15T20:40:49.703Z","token_ready":true,"user_ready":true,"show_login":false,"show_voip_tester":false,"selected_call_mode":"pstn_assist","notifications_enabled":true}'
08-16 05:40:49.706  9580  9617 I ReactNativeJS: '[DEEP_LINK_TRACE]', '{"source":"initial_url","outcome":"empty_url"}'
08-16 05:40:49.733  9580  9617 I ReactNativeJS: '[UI_PRESS_PROBE]', '{"event":"VOIP_PRESENCE_ERROR","timestamp":"2026-08-15T20:40:49.733Z","token_ready":true,"user_ready":true,"show_login":false,"show_voip_tester":false,"selected_call_mode":"pstn_assist","voice_id":"nado-000006","token_summary":"len:30:passke...en_331","reason":"effect_start"}'
08-16 05:40:49.733  9580  9617 I ReactNativeJS: '[UI_PRESS_PROBE]', '{"event":"VOIP_PRESENCE_CLOSED","timestamp":"2026-08-15T20:40:49.733Z","token_ready":true,"user_ready":true,"show_login":false,"show_voip_tester":false,"selected_call_mode":"pstn_assist","voice_id":"nado-000006","token_summary":"len:30:passke...en_331","reason":"effect_start","code":1006}'
08-16 05:40:49.734  9580  9617 I ReactNativeJS: '[UI_PRESS_PROBE]', '{"event":"VOIP_PRESENCE_RETRY_SCHEDULED","timestamp":"2026-08-15T20:40:49.734Z","token_ready":true,"user_ready":true,"show_login":false,"show_voip_tester":false,"selected_call_mode":"pstn_assist","voice_id":"nado-000006","token_summary":"len:30:passke...en_331","reason":"close:1006"}'
08-16 05:40:49.763  9580  9617 I ReactNativeJS: '[VoIPPendingIncoming]', '{"event":"REQUEST_RESULT","source":"pending_call_initial","token_summary":"len:30:passke...en_331","user_id":6,"status":401,"ok":false}'
08-16 05:40:49.763  9580  9617 I ReactNativeJS: '[VoIPPendingIncoming] fetch failed', 401
08-16 05:40:49.764  9580  9617 I ReactNativeJS: '[MISSED_CALL]', '{"event":"fetch","count":0}'
08-16 05:40:49.764  9580  9617 W ReactNativeJS: This method is deprecated (as well as all React Native Firebase namespaced API) and will be removed in the next major release as part of move to match Firebase Web modular SDK API. Please see migration guide for more details: https://rnfirebase.io/migrating-to-v22 Please use `getApp()` instead.
08-16 05:40:49.780  9580  9617 I ReactNativeJS: '[UI_PRESS_PROBE]', '{"event":"VOIP_ACTIVE_CALL_RESUME_SKIPPED_AUTH","timestamp":"2026-08-15T20:40:49.779Z","token_ready":true,"user_ready":true,"show_login":false,"show_voip_tester":false,"selected_call_mode":"pstn_assist","source":"app_launch_resume","status":401,"last_call_id":null}'
08-16 05:40:49.807  9580  9617 I ReactNativeJS: '[AUTH_FLOW]', '{"event":"AUTH_STORAGE_RESTORE_FOUND","user_id":6,"user_email":"119cash@naver.com"}'
08-16 05:40:49.807  9580  9617 I ReactNativeJS: '[AUTH_FLOW]', '{"event":"AUTH_STORAGE_RESTORE_APPLIED","user_id":6,"user_email":"119cash@naver.com"}'
08-16 05:40:49.834  9580  9617 W ReactNativeJS: This method is deprecated (as well as all React Native Firebase namespaced API) and will be removed in the next major release as part of move to match Firebase Web modular SDK API. Please see migration guide for more details: https://rnfirebase.io/migrating-to-v22 Please use `getApps()` instead.
08-16 05:40:49.835  9580  9617 W ReactNativeJS: This method is deprecated (as well as all React Native Firebase namespaced API) and will be removed in the next major release as part of move to match Firebase Web modular SDK API. Please see migration guide for more details: https://rnfirebase.io/migrating-to-v22 Please use `getApps()` instead.
08-16 05:40:49.835  9580  9617 W ReactNativeJS: This method is deprecated (as well as all React Native Firebase namespaced API) and will be removed in the next major release as part of move to match Firebase Web modular SDK API. Please see migration guide for more details: https://rnfirebase.io/migrating-to-v22 Please use `getApps()` instead.
08-16 05:40:49.836  9580  9617 W ReactNativeJS: This method is deprecated (as well as all React Native Firebase namespaced API) and will be removed in the next major release as part of move to match Firebase Web modular SDK API. Please see migration guide for more details: https://rnfirebase.io/migrating-to-v22 Please use `getApps()` instead.
08-16 05:40:49.837  9580  9617 I ReactNativeJS: '[VoIPPendingIncoming]', '{"event":"REQUEST_START","source":"pending_call_initial","token_summary":"len:30:passke...en_331","user_id":6,"has_pending_call":false,"has_active_call":false}'
08-16 05:40:49.839  9580  9617 I ReactNativeJS: '[UI_PRESS_PROBE]', '{"event":"VOIP_PRESENCE_CONNECT_ATTEMPT","timestamp":"2026-08-15T20:40:49.838Z","token_ready":true,"user_ready":true,"show_login":false,"show_voip_tester":false,"selected_call_mode":"pstn_assist","voice_id":"nado-000006","token_summary":"len:30:passke...en_331","reason":"effect_start","api_base":"https://metanova1004.com"}'
08-16 05:40:49.840  9580  9617 W ReactNativeJS: This method is deprecated (as well as all React Native Firebase namespaced API) and will be removed in the next major release as part of move to match Firebase Web modular SDK API. Please see migration guide for more details: https://rnfirebase.io/migrating-to-v22 Please use `getApp()` instead.
08-16 05:40:49.840  9580  9617 W ReactNativeJS: This method is deprecated (as well as all React Native Firebase namespaced API) and will be removed in the next major release as part of move to match Firebase Web modular SDK API. Please see migration guide for more details: https://rnfirebase.io/migrating-to-v22 Please use `getApp()` instead.
08-16 05:40:49.840  9580  9617 W ReactNativeJS: This method is deprecated (as well as all React Native Firebase namespaced API) and will be removed in the next major release as part of move to match Firebase Web modular SDK API. Please see migration guide for more details: https://rnfirebase.io/migrating-to-v22 Please use `getApp()` instead.
08-16 05:40:49.842  9580  9617 W ReactNativeJS: This method is deprecated (as well as all React Native Firebase namespaced API) and will be removed in the next major release as part of move to match Firebase Web modular SDK API. Please see migration guide for more details: https://rnfirebase.io/migrating-to-v22 Please use `getApp()` instead.
08-16 05:40:49.850  9580  9617 I ReactNativeJS: '[UI_PRESS_PROBE]', '{"event":"VOIP_NOTIFICATION_PERMISSION_STATUS","timestamp":"2026-08-15T20:40:49.842Z","token_ready":true,"user_ready":true,"show_login":false,"show_voip_tester":false,"selected_call_mode":"pstn_assist","notifications_enabled":true}'
08-16 05:40:49.853  9580  9617 I ReactNativeJS: '[DEEP_LINK_TRACE]', '{"source":"initial_url","outcome":"empty_url"}'
08-16 05:40:49.855  9580  9617 I ReactNativeJS: '[UI_PRESS_PROBE]', '{"event":"VOIP_PRESENCE_ERROR","timestamp":"2026-08-15T20:40:49.855Z","token_ready":true,"user_ready":true,"show_login":false,"show_voip_tester":false,"selected_call_mode":"pstn_assist","voice_id":"nado-000006","token_summary":"len:30:passke...en_331","reason":"effect_start"}'
08-16 05:40:49.856  9580  9617 I ReactNativeJS: '[UI_PRESS_PROBE]', '{"event":"VOIP_PRESENCE_CLOSED","timestamp":"2026-08-15T20:40:49.855Z","token_ready":true,"user_ready":true,"show_login":false,"show_voip_tester":false,"selected_call_mode":"pstn_assist","voice_id":"nado-000006","token_summary":"len:30:passke...en_331","reason":"effect_start","code":1006}'
08-16 05:40:49.856  9580  9617 I ReactNativeJS: '[UI_PRESS_PROBE]', '{"event":"VOIP_PRESENCE_RETRY_SCHEDULED","timestamp":"2026-08-15T20:40:49.856Z","token_ready":true,"user_ready":true,"show_login":false,"show_voip_tester":false,"selected_call_mode":"pstn_assist","voice_id":"nado-000006","token_summary":"len:30:passke...en_331","reason":"close:1006"}'
08-16 05:40:49.911  9580  9617 I ReactNativeJS: '[MISSED_CALL]', '{"event":"fetch","count":0}'
08-16 05:40:49.911  9580  9617 I ReactNativeJS: '[VoIPPendingIncoming]', '{"event":"REQUEST_RESULT","source":"pending_call_initial","token_summary":"len:30:passke...en_331","user_id":6,"status":401,"ok":false}'
08-16 05:40:49.912  9580  9617 I ReactNativeJS: '[VoIPPendingIncoming] fetch failed', 401
08-16 05:40:49.920  9580  9617 W ReactNativeJS: This method is deprecated (as well as all React Native Firebase namespaced API) and will be removed in the next major release as part of move to match Firebase Web modular SDK API. Please see migration guide for more details: https://rnfirebase.io/migrating-to-v22 Please use `getApp()` instead.
08-16 05:40:49.950  9580  9617 I ReactNativeJS: '[AUTH_FLOW]', '{"event":"AUTH_STORAGE_RESTORE_FOUND","user_id":6,"user_email":"119cash@naver.com"}'
08-16 05:40:49.950  9580  9617 I ReactNativeJS: '[AUTH_FLOW]', '{"event":"AUTH_STORAGE_RESTORE_APPLIED","user_id":6,"user_email":"119cash@naver.com"}'
08-16 05:40:49.954  9580  9617 I ReactNativeJS: '[UI_PRESS_PROBE]', '{"event":"VOIP_ACTIVE_CALL_RESUME_SKIPPED_AUTH","timestamp":"2026-08-15T20:40:49.954Z","token_ready":true,"user_ready":true,"show_login":false,"show_voip_tester":false,"selected_call_mode":"pstn_assist","source":"app_launch_resume","status":401,"last_call_id":null}'
08-16 05:40:49.995  9580  9617 W ReactNativeJS: This method is deprecated (as well as all React Native Firebase namespaced API) and will be removed in the next major release as part of move to match Firebase Web modular SDK API. Please see migration guide for more details: https://rnfirebase.io/migrating-to-v22 Please use `getApp()` instead.
08-16 05:40:50.007  9580  9617 W ReactNativeJS: This method is deprecated (as well as all React Native Firebase namespaced API) and will be removed in the next major release as part of move to match Firebase Web modular SDK API. Please see migration guide for more details: https://rnfirebase.io/migrating-to-v22 Please use `getApps()` instead.
08-16 05:40:50.007  9580  9617 W ReactNativeJS: This method is deprecated (as well as all React Native Firebase namespaced API) and will be removed in the next major release as part of move to match Firebase Web modular SDK API. Please see migration guide for more details: https://rnfirebase.io/migrating-to-v22 Please use `getApps()` instead.
08-16 05:40:50.007  9580  9617 W ReactNativeJS: This method is deprecated (as well as all React Native Firebase namespaced API) and will be removed in the next major release as part of move to match Firebase Web modular SDK API. Please see migration guide for more details: https://rnfirebase.io/migrating-to-v22 Please use `getApps()` instead.
08-16 05:40:50.009  9580  9617 W ReactNativeJS: This method is deprecated (as well as all React Native Firebase namespaced API) and will be removed in the next major release as part of move to match Firebase Web modular SDK API. Please see migration guide for more details: https://rnfirebase.io/migrating-to-v22 Please use `getApps()` instead.
08-16 05:40:50.010  9580  9617 I ReactNativeJS: '[VoIPPendingIncoming]', '{"event":"REQUEST_START","source":"pending_call_initial","token_summary":"len:30:passke...en_331","user_id":6,"has_pending_call":false,"has_active_call":false}'
08-16 05:40:50.012  9580  9617 I ReactNativeJS: '[UI_PRESS_PROBE]', '{"event":"VOIP_PRESENCE_CONNECT_ATTEMPT","timestamp":"2026-08-15T20:40:50.012Z","token_ready":true,"user_ready":true,"show_login":false,"show_voip_tester":false,"selected_call_mode":"pstn_assist","voice_id":"nado-000006","token_summary":"len:30:passke...en_331","reason":"effect_start","api_base":"https://metanova1004.com"}'
08-16 05:40:50.013  9580  9617 W ReactNativeJS: This method is deprecated (as well as all React Native Firebase namespaced API) and will be removed in the next major release as part of move to match Firebase Web modular SDK API. Please see migration guide for more details: https://rnfirebase.io/migrating-to-v22 Please use `getApp()` instead.
08-16 05:40:50.013  9580  9617 W ReactNativeJS: This method is deprecated (as well as all React Native Firebase namespaced API) and will be removed in the next major release as part of move to match Firebase Web modular SDK API. Please see migration guide for more details: https://rnfirebase.io/migrating-to-v22 Please use `getApp()` instead.
08-16 05:40:50.013  9580  9617 W ReactNativeJS: This method is deprecated (as well as all React Native Firebase namespaced API) and will be removed in the next major release as part of move to match Firebase Web modular SDK API. Please see migration guide for more details: https://rnfirebase.io/migrating-to-v22 Please use `getApp()` instead.
08-16 05:40:50.015  9580  9617 W ReactNativeJS: This method is deprecated (as well as all React Native Firebase namespaced API) and will be removed in the next major release as part of move to match Firebase Web modular SDK API. Please see migration guide for more details: https://rnfirebase.io/migrating-to-v22 Please use `getApp()` instead.
08-16 05:40:50.016  9580  9617 I ReactNativeJS: '[UI_PRESS_PROBE]', '{"event":"VOIP_NOTIFICATION_PERMISSION_STATUS","timestamp":"2026-08-15T20:40:50.015Z","token_ready":true,"user_ready":true,"show_login":false,"show_voip_tester":false,"selected_call_mode":"pstn_assist","notifications_enabled":true}'
08-16 05:40:50.020  9580  9617 I ReactNativeJS: '[DEEP_LINK_TRACE]', '{"source":"initial_url","outcome":"empty_url"}'
08-16 05:40:50.048  9580  9617 I ReactNativeJS: '[UI_PRESS_PROBE]', '{"event":"VOIP_PRESENCE_ERROR","timestamp":"2026-08-15T20:40:50.048Z","token_ready":true,"user_ready":true,"show_login":false,"show_voip_tester":false,"selected_call_mode":"pstn_assist","voice_id":"nado-000006","token_summary":"len:30:passke...en_331","reason":"effect_start"}'
08-16 05:40:50.049  9580  9617 I ReactNativeJS: '[UI_PRESS_PROBE]', '{"event":"VOIP_PRESENCE_CLOSED","timestamp":"2026-08-15T20:40:50.048Z","token_ready":true,"user_ready":true,"show_login":false,"show_voip_tester":false,"selected_call_mode":"pstn_assist","voice_id":"nado-000006","token_summary":"len:30:passke...en_331","reason":"effect_start","code":1006}'
08-16 05:40:50.049  9580  9617 I ReactNativeJS: '[UI_PRESS_PROBE]', '{"event":"VOIP_PRESENCE_RETRY_SCHEDULED","timestamp":"2026-08-15T20:40:50.049Z","token_ready":true,"user_ready":true,"show_login":false,"show_voip_tester":false,"selected_call_mode":"pstn_assist","voice_id":"nado-000006","token_summary":"len:30:passke...en_331","reason":"close:1006"}'
08-16 05:40:50.080  9580  9617 I ReactNativeJS: '[MISSED_CALL]', '{"event":"fetch","count":0}'
08-16 05:40:50.080  9580  9617 I ReactNativeJS: '[VoIPPendingIncoming]', '{"event":"REQUEST_RESULT","source":"pending_call_initial","token_summary":"len:30:passke...en_331","user_id":6,"status":401,"ok":false}'
08-16 05:40:50.080  9580  9617 I ReactNativeJS: '[VoIPPendingIncoming] fetch failed', 401
08-16 05:40:50.081  9580  9617 W ReactNativeJS: This method is deprecated (as well as all React Native Firebase namespaced API) and will be removed in the next major release as part of move to match Firebase Web modular SDK API. Please see migration guide for more details: https://rnfirebase.io/migrating-to-v22 Please use `getApp()` instead.
08-16 05:40:50.100  9580  9617 I ReactNativeJS: '[UI_PRESS_PROBE]', '{"event":"VOIP_ACTIVE_CALL_RESUME_SKIPPED_AUTH","timestamp":"2026-08-15T20:40:50.100Z","token_ready":true,"user_ready":true,"show_login":false,"show_voip_tester":false,"selected_call_mode":"pstn_assist","source":"app_launch_resume","status":401,"last_call_id":null}'
08-16 05:40:50.125  9580  9617 I ReactNativeJS: '[AUTH_FLOW]', '{"event":"AUTH_STORAGE_RESTORE_FOUND","user_id":6,"user_email":"119cash@naver.com"}'
08-16 05:40:50.125  9580  9617 I ReactNativeJS: '[AUTH_FLOW]', '{"event":"AUTH_STORAGE_RESTORE_APPLIED","user_id":6,"user_email":"119cash@naver.com"}'
08-16 05:40:50.152  9580  9617 W ReactNativeJS: This method is deprecated (as well as all React Native Firebase namespaced API) and will be removed in the next major release as part of move to match Firebase Web modular SDK API. Please see migration guide for more details: https://rnfirebase.io/migrating-to-v22 Please use `getApps()` instead.
08-16 05:40:50.152  9580  9617 W ReactNativeJS: This method is deprecated (as well as all React Native Firebase namespaced API) and will be removed in the next major release as part of move to match Firebase Web modular SDK API. Please see migration guide for more details: https://rnfirebase.io/migrating-to-v22 Please use `getApps()` instead.
08-16 05:40:50.152  9580  9617 W ReactNativeJS: This method is deprecated (as well as all React Native Firebase namespaced API) and will be removed in the next major release as part of move to match Firebase Web modular SDK API. Please see migration guide for more details: https://rnfirebase.io/migrating-to-v22 Please use `getApps()` instead.
08-16 05:40:50.153  9580  9617 W ReactNativeJS: This method is deprecated (as well as all React Native Firebase namespaced API) and will be removed in the next major release as part of move to match Firebase Web modular SDK API. Please see migration guide for more details: https://rnfirebase.io/migrating-to-v22 Please use `getApps()` instead.
08-16 05:40:50.155  9580  9617 I ReactNativeJS: '[VoIPPendingIncoming]', '{"event":"REQUEST_START","source":"pending_call_initial","token_summary":"len:30:passke...en_331","user_id":6,"has_pending_call":false,"has_active_call":false}'
08-16 05:40:50.156  9580  9617 I ReactNativeJS: '[UI_PRESS_PROBE]', '{"event":"VOIP_PRESENCE_CONNECT_ATTEMPT","timestamp":"2026-08-15T20:40:50.156Z","token_ready":true,"user_ready":true,"show_login":false,"show_voip_tester":false,"selected_call_mode":"pstn_assist","voice_id":"nado-000006","token_summary":"len:30:passke...en_331","reason":"effect_start","api_base":"https://metanova1004.com"}'
08-16 05:40:50.158  9580  9617 W ReactNativeJS: This method is deprecated (as well as all React Native Firebase namespaced API) and will be removed in the next major release as part of move to match Firebase Web modular SDK API. Please see migration guide for more details: https://rnfirebase.io/migrating-to-v22 Please use `getApp()` instead.
08-16 05:40:50.158  9580  9617 W ReactNativeJS: This method is deprecated (as well as all React Native Firebase namespaced API) and will be removed in the next major release as part of move to match Firebase Web modular SDK API. Please see migration guide for more details: https://rnfirebase.io/migrating-to-v22 Please use `getApp()` instead.
08-16 05:40:50.158  9580  9617 W ReactNativeJS: This method is deprecated (as well as all React Native Firebase namespaced API) and will be removed in the next major release as part of move to match Firebase Web modular SDK API. Please see migration guide for more details: https://rnfirebase.io/migrating-to-v22 Please use `getApp()` instead.
08-16 05:40:50.159  9580  9617 W ReactNativeJS: This method is deprecated (as well as all React Native Firebase namespaced API) and will be removed in the next major release as part of move to match Firebase Web modular SDK API. Please see migration guide for more details: https://rnfirebase.io/migrating-to-v22 Please use `getApp()` instead.
08-16 05:40:50.160  9580  9617 I ReactNativeJS: '[UI_PRESS_PROBE]', '{"event":"VOIP_NOTIFICATION_PERMISSION_STATUS","timestamp":"2026-08-15T20:40:50.160Z","token_ready":true,"user_ready":true,"show_login":false,"show_voip_tester":false,"selected_call_mode":"pstn_assist","notifications_enabled":true}'
08-16 05:40:50.163  9580  9617 I ReactNativeJS: '[DEEP_LINK_TRACE]', '{"source":"initial_url","outcome":"empty_url"}'
08-16 05:40:50.190  9580  9617 I ReactNativeJS: '[UI_PRESS_PROBE]', '{"event":"VOIP_PRESENCE_ERROR","timestamp":"2026-08-15T20:40:50.190Z","token_ready":true,"user_ready":true,"show_login":false,"show_voip_tester":false,"selected_call_mode":"pstn_assist","voice_id":"nado-000006","token_summary":"len:30:passke...en_331","reason":"effect_start"}'
08-16 05:40:50.191  9580  9617 I ReactNativeJS: '[UI_PRESS_PROBE]', '{"event":"VOIP_PRESENCE_CLOSED","timestamp":"2026-08-15T20:40:50.190Z","token_ready":true,"user_ready":true,"show_login":false,"show_voip_tester":false,"selected_call_mode":"pstn_assist","voice_id":"nado-000006","token_summary":"len:30:passke...en_331","reason":"effect_start","code":1006}'
08-16 05:40:50.191  9580  9617 I ReactNativeJS: '[UI_PRESS_PROBE]', '{"event":"VOIP_PRESENCE_RETRY_SCHEDULED","timestamp":"2026-08-15T20:40:50.191Z","token_ready":true,"user_ready":true,"show_login":false,"show_voip_tester":false,"selected_call_mode":"pstn_assist","voice_id":"nado-000006","token_summary":"len:30:passke...en_331","reason":"close:1006"}'
08-16 05:40:50.227  9580  9617 I ReactNativeJS: '[MISSED_CALL]', '{"event":"fetch","count":0}'
08-16 05:40:50.227  9580  9617 I ReactNativeJS: '[VoIPPendingIncoming]', '{"event":"REQUEST_RESULT","source":"pending_call_initial","token_summary":"len:30:passke...en_331","user_id":6,"status":401,"ok":false}'
08-16 05:40:50.228  9580  9617 I ReactNativeJS: '[VoIPPendingIncoming] fetch failed', 401
08-16 05:40:50.228  9580  9617 W ReactNativeJS: This method is deprecated (as well as all React Native Firebase namespaced API) and will be removed in the next major release as part of move to match Firebase Web modular SDK API. Please see migration guide for more details: https://rnfirebase.io/migrating-to-v22 Please use `getApp()` instead.
08-16 05:40:50.258  9580  9617 I ReactNativeJS: '[UI_PRESS_PROBE]', '{"event":"VOIP_ACTIVE_CALL_RESUME_SKIPPED_AUTH","timestamp":"2026-08-15T20:40:50.257Z","token_ready":true,"user_ready":true,"show_login":false,"show_voip_tester":false,"selected_call_mode":"pstn_assist","source":"app_launch_resume","status":401,"last_call_id":null}'
08-16 05:40:50.282  9580  9617 I ReactNativeJS: '[AUTH_FLOW]', '{"event":"AUTH_STORAGE_RESTORE_FOUND","user_id":6,"user_email":"119cash@naver.com"}'
08-16 05:40:50.283  9580  9617 I ReactNativeJS: '[AUTH_FLOW]', '{"event":"AUTH_STORAGE_RESTORE_APPLIED","user_id":6,"user_email":"119cash@naver.com"}'
08-16 05:40:50.310  9580  9617 W ReactNativeJS: This method is deprecated (as well as all React Native Firebase namespaced API) and will be removed in the next major release as part of move to match Firebase Web modular SDK API. Please see migration guide for more details: https://rnfirebase.io/migrating-to-v22 Please use `getApps()` instead.
08-16 05:40:50.310  9580  9617 W ReactNativeJS: This method is deprecated (as well as all React Native Firebase namespaced API) and will be removed in the next major release as part of move to match Firebase Web modular SDK API. Please see migration guide for more details: https://rnfirebase.io/migrating-to-v22 Please use `getApps()` instead.
08-16 05:40:50.310  9580  9617 W ReactNativeJS: This method is deprecated (as well as all React Native Firebase namespaced API) and will be removed in the next major release as part of move to match Firebase Web modular SDK API. Please see migration guide for more details: https://rnfirebase.io/migrating-to-v22 Please use `getApps()` instead.
08-16 05:40:50.311  9580  9617 W ReactNativeJS: This method is deprecated (as well as all React Native Firebase namespaced API) and will be removed in the next major release as part of move to match Firebase Web modular SDK API. Please see migration guide for more details: https://rnfirebase.io/migrating-to-v22 Please use `getApps()` instead.
08-16 05:40:50.313  9580  9617 I ReactNativeJS: '[VoIPPendingIncoming]', '{"event":"REQUEST_START","source":"pending_call_initial","token_summary":"len:30:passke...en_331","user_id":6,"has_pending_call":false,"has_active_call":false}'
08-16 05:40:50.314  9580  9617 I ReactNativeJS: '[UI_PRESS_PROBE]', '{"event":"VOIP_PRESENCE_CONNECT_ATTEMPT","timestamp":"2026-08-15T20:40:50.314Z","token_ready":true,"user_ready":true,"show_login":false,"show_voip_tester":false,"selected_call_mode":"pstn_assist","voice_id":"nado-000006","token_summary":"len:30:passke...en_331","reason":"effect_start","api_base":"https://metanova1004.com"}'
08-16 05:40:50.316  9580  9617 W ReactNativeJS: This method is deprecated (as well as all React Native Firebase namespaced API) and will be removed in the next major release as part of move to match Firebase Web modular SDK API. Please see migration guide for more details: https://rnfirebase.io/migrating-to-v22 Please use `getApp()` instead.
08-16 05:40:50.316  9580  9617 W ReactNativeJS: This method is deprecated (as well as all React Native Firebase namespaced API) and will be removed in the next major release as part of move to match Firebase Web modular SDK API. Please see migration guide for more details: https://rnfirebase.io/migrating-to-v22 Please use `getApp()` instead.
08-16 05:40:50.316  9580  9617 W ReactNativeJS: This method is deprecated (as well as all React Native Firebase namespaced API) and will be removed in the next major release as part of move to match Firebase Web modular SDK API. Please see migration guide for more details: https://rnfirebase.io/migrating-to-v22 Please use `getApp()` instead.
08-16 05:40:50.318  9580  9617 W ReactNativeJS: This method is deprecated (as well as all React Native Firebase namespaced API) and will be removed in the next major release as part of move to match Firebase Web modular SDK API. Please see migration guide for more details: https://rnfirebase.io/migrating-to-v22 Please use `getApp()` instead.
08-16 05:40:50.319  9580  9617 I ReactNativeJS: '[UI_PRESS_PROBE]', '{"event":"VOIP_NOTIFICATION_PERMISSION_STATUS","timestamp":"2026-08-15T20:40:50.319Z","token_ready":true,"user_ready":true,"show_login":false,"show_voip_tester":false,"selected_call_mode":"pstn_assist","notifications_enabled":true}'
08-16 05:40:50.322  9580  9617 I ReactNativeJS: '[DEEP_LINK_TRACE]', '{"source":"initial_url","outcome":"empty_url"}'
08-16 05:40:50.348  9580  9617 I ReactNativeJS: '[UI_PRESS_PROBE]', '{"event":"VOIP_PRESENCE_ERROR","timestamp":"2026-08-15T20:40:50.348Z","token_ready":true,"user_ready":true,"show_login":false,"show_voip_tester":false,"selected_call_mode":"pstn_assist","voice_id":"nado-000006","token_summary":"len:30:passke...en_331","reason":"effect_start"}'
08-16 05:40:50.348  9580  9617 I ReactNativeJS: '[UI_PRESS_PROBE]', '{"event":"VOIP_PRESENCE_CLOSED","timestamp":"2026-08-15T20:40:50.348Z","token_ready":true,"user_ready":true,"show_login":false,"show_voip_tester":false,"selected_call_mode":"pstn_assist","voice_id":"nado-000006","token_summary":"len:30:passke...en_331","reason":"effect_start","code":1006}'
08-16 05:40:50.349  9580  9617 I ReactNativeJS: '[UI_PRESS_PROBE]', '{"event":"VOIP_PRESENCE_RETRY_SCHEDULED","timestamp":"2026-08-15T20:40:50.348Z","token_ready":true,"user_ready":true,"show_login":false,"show_voip_tester":false,"selected_call_mode":"pstn_assist","voice_id":"nado-000006","token_summary":"len:30:passke...en_331","reason":"close:1006"}'
08-16 05:40:50.379  9580  9617 I ReactNativeJS: '[MISSED_CALL]', '{"event":"fetch","count":0}'
08-16 05:40:50.379  9580  9617 I ReactNativeJS: '[VoIPPendingIncoming]', '{"event":"REQUEST_RESULT","source":"pending_call_initial","token_summary":"len:30:passke...en_331","user_id":6,"status":401,"ok":false}'
08-16 05:40:50.379  9580  9617 I ReactNativeJS: '[VoIPPendingIncoming] fetch failed', 401
08-16 05:40:50.392  9580  9617 W ReactNativeJS: This method is deprecated (as well as all React Native Firebase namespaced API) and will be removed in the next major release as part of move to match Firebase Web modular SDK API. Please see migration guide for more details: https://rnfirebase.io/migrating-to-v22 Please use `getApp()` instead.
08-16 05:40:50.441  9580  9617 I ReactNativeJS: '[AUTH_FLOW]', '{"event":"AUTH_STORAGE_RESTORE_FOUND","user_id":6,"user_email":"119cash@naver.com"}'
08-16 05:40:50.442  9580  9617 I ReactNativeJS: '[AUTH_FLOW]', '{"event":"AUTH_STORAGE_RESTORE_APPLIED","user_id":6,"user_email":"119cash@naver.com"}'
08-16 05:40:50.446  9580  9617 I ReactNativeJS: '[UI_PRESS_PROBE]', '{"event":"VOIP_ACTIVE_CALL_RESUME_SKIPPED_AUTH","timestamp":"2026-08-15T20:40:50.445Z","token_ready":true,"user_ready":true,"show_login":false,"show_voip_tester":false,"selected_call_mode":"pstn_assist","source":"app_launch_resume","status":401,"last_call_id":null}'
08-16 05:40:50.446  9580  9617 W ReactNativeJS: This method is deprecated (as well as all React Native Firebase namespaced API) and will be removed in the next major release as part of move to match Firebase Web modular SDK API. Please see migration guide for more details: https://rnfirebase.io/migrating-to-v22 Please use `getApp()` instead.
08-16 05:40:50.494  9580  9617 W ReactNativeJS: This method is deprecated (as well as all React Native Firebase namespaced API) and will be removed in the next major release as part of move to match Firebase Web modular SDK API. Please see migration guide for more details: https://rnfirebase.io/migrating-to-v22 Please use `getApps()` instead.
08-16 05:40:50.494  9580  9617 W ReactNativeJS: This method is deprecated (as well as all React Native Firebase namespaced API) and will be removed in the next major release as part of move to match Firebase Web modular SDK API. Please see migration guide for more details: https://rnfirebase.io/migrating-to-v22 Please use `getApps()` instead.
08-16 05:40:50.494  9580  9617 W ReactNativeJS: This method is deprecated (as well as all React Native Firebase namespaced API) and will be removed in the next major release as part of move to match Firebase Web modular SDK API. Please see migration guide for more details: https://rnfirebase.io/migrating-to-v22 Please use `getApps()` instead.
08-16 05:40:50.495  9580  9617 W ReactNativeJS: This method is deprecated (as well as all React Native Firebase namespaced API) and will be removed in the next major release as part of move to match Firebase Web modular SDK API. Please see migration guide for more details: https://rnfirebase.io/migrating-to-v22 Please use `getApps()` instead.
08-16 05:40:50.496  9580  9617 I ReactNativeJS: '[VoIPPendingIncoming]', '{"event":"REQUEST_START","source":"pending_call_initial","token_summary":"len:30:passke...en_331","user_id":6,"has_pending_call":false,"has_active_call":false}'
08-16 05:40:50.498  9580  9617 I ReactNativeJS: '[UI_PRESS_PROBE]', '{"event":"VOIP_PRESENCE_CONNECT_ATTEMPT","timestamp":"2026-08-15T20:40:50.497Z","token_ready":true,"user_ready":true,"show_login":false,"show_voip_tester":false,"selected_call_mode":"pstn_assist","voice_id":"nado-000006","token_summary":"len:30:passke...en_331","reason":"effect_start","api_base":"https://metanova1004.com"}'
08-16 05:40:50.499  9580  9617 W ReactNativeJS: This method is deprecated (as well as all React Native Firebase namespaced API) and will be removed in the next major release as part of move to match Firebase Web modular SDK API. Please see migration guide for more details: https://rnfirebase.io/migrating-to-v22 Please use `getApp()` instead.
08-16 05:40:50.499  9580  9617 W ReactNativeJS: This method is deprecated (as well as all React Native Firebase namespaced API) and will be removed in the next major release as part of move to match Firebase Web modular SDK API. Please see migration guide for more details: https://rnfirebase.io/migrating-to-v22 Please use `getApp()` instead.
08-16 05:40:50.499  9580  9617 W ReactNativeJS: This method is deprecated (as well as all React Native Firebase namespaced API) and will be removed in the next major release as part of move to match Firebase Web modular SDK API. Please see migration guide for more details: https://rnfirebase.io/migrating-to-v22 Please use `getApp()` instead.
08-16 05:40:50.501  9580  9617 W ReactNativeJS: This method is deprecated (as well as all React Native Firebase namespaced API) and will be removed in the next major release as part of move to match Firebase Web modular SDK API. Please see migration guide for more details: https://rnfirebase.io/migrating-to-v22 Please use `getApp()` instead.
08-16 05:40:50.502  9580  9617 I ReactNativeJS: '[UI_PRESS_PROBE]', '{"event":"VOIP_NOTIFICATION_PERMISSION_STATUS","timestamp":"2026-08-15T20:40:50.501Z","token_ready":true,"user_ready":true,"show_login":false,"show_voip_tester":false,"selected_call_mode":"pstn_assist","notifications_enabled":true}'
08-16 05:40:50.505  9580  9617 I ReactNativeJS: '[DEEP_LINK_TRACE]', '{"source":"initial_url","outcome":"empty_url"}'
08-16 05:40:50.533  9580  9617 I ReactNativeJS: '[UI_PRESS_PROBE]', '{"event":"VOIP_PRESENCE_ERROR","timestamp":"2026-08-15T20:40:50.532Z","token_ready":true,"user_ready":true,"show_login":false,"show_voip_tester":false,"selected_call_mode":"pstn_assist","voice_id":"nado-000006","token_summary":"len:30:passke...en_331","reason":"effect_start"}'
08-16 05:40:50.533  9580  9617 I ReactNativeJS: '[UI_PRESS_PROBE]', '{"event":"VOIP_PRESENCE_CLOSED","timestamp":"2026-08-15T20:40:50.533Z","token_ready":true,"user_ready":true,"show_login":false,"show_voip_tester":false,"selected_call_mode":"pstn_assist","voice_id":"nado-000006","token_summary":"len:30:passke...en_331","reason":"effect_start","code":1006}'
08-16 05:40:50.533  9580  9617 I ReactNativeJS: '[UI_PRESS_PROBE]', '{"event":"VOIP_PRESENCE_RETRY_SCHEDULED","timestamp":"2026-08-15T20:40:50.533Z","token_ready":true,"user_ready":true,"show_login":false,"show_voip_tester":false,"selected_call_mode":"pstn_assist","voice_id":"nado-000006","token_summary":"len:30:passke...en_331","reason":"close:1006"}'
08-16 05:40:50.564  9580  9617 I ReactNativeJS: '[VoIPPendingIncoming]', '{"event":"REQUEST_RESULT","source":"pending_call_initial","token_summary":"len:30:passke...en_331","user_id":6,"status":401,"ok":false}'
08-16 05:40:50.564  9580  9617 I ReactNativeJS: '[VoIPPendingIncoming] fetch failed', 401
08-16 05:40:50.565  9580  9617 I ReactNativeJS: '[MISSED_CALL]', '{"event":"fetch","count":0}'
08-16 05:40:50.565  9580  9617 W ReactNativeJS: This method is deprecated (as well as all React Native Firebase namespaced API) and will be removed in the next major release as part of move to match Firebase Web modular SDK API. Please see migration guide for more details: https://rnfirebase.io/migrating-to-v22 Please use `getApp()` instead.
08-16 05:40:50.585  9580  9617 I ReactNativeJS: '[UI_PRESS_PROBE]', '{"event":"VOIP_ACTIVE_CALL_RESUME_SKIPPED_AUTH","timestamp":"2026-08-15T20:40:50.584Z","token_ready":true,"user_ready":true,"show_login":false,"show_voip_tester":false,"selected_call_mode":"pstn_assist","source":"app_launch_resume","status":401,"last_call_id":null}'
08-16 05:40:50.618  9580  9617 I ReactNativeJS: '[AUTH_FLOW]', '{"event":"AUTH_STORAGE_RESTORE_FOUND","user_id":6,"user_email":"119cash@naver.com"}'
08-16 05:40:50.618  9580  9617 I ReactNativeJS: '[AUTH_FLOW]', '{"event":"AUTH_STORAGE_RESTORE_APPLIED","user_id":6,"user_email":"119cash@naver.com"}'
08-16 05:40:50.645  9580  9617 W ReactNativeJS: This method is deprecated (as well as all React Native Firebase namespaced API) and will be removed in the next major release as part of move to match Firebase Web modular SDK API. Please see migration guide for more details: https://rnfirebase.io/migrating-to-v22 Please use `getApps()` instead.
08-16 05:40:50.645  9580  9617 W ReactNativeJS: This method is deprecated (as well as all React Native Firebase namespaced API) and will be removed in the next major release as part of move to match Firebase Web modular SDK API. Please see migration guide for more details: https://rnfirebase.io/migrating-to-v22 Please use `getApps()` instead.
08-16 05:40:50.645  9580  9617 W ReactNativeJS: This method is deprecated (as well as all React Native Firebase namespaced API) and will be removed in the next major release as part of move to match Firebase Web modular SDK API. Please see migration guide for more details: https://rnfirebase.io/migrating-to-v22 Please use `getApps()` instead.
08-16 05:40:50.646  9580  9617 W ReactNativeJS: This method is deprecated (as well as all React Native Firebase namespaced API) and will be removed in the next major release as part of move to match Firebase Web modular SDK API. Please see migration guide for more details: https://rnfirebase.io/migrating-to-v22 Please use `getApps()` instead.
08-16 05:40:50.648  9580  9617 I ReactNativeJS: '[VoIPPendingIncoming]', '{"event":"REQUEST_START","source":"pending_call_initial","token_summary":"len:30:passke...en_331","user_id":6,"has_pending_call":false,"has_active_call":false}'
08-16 05:40:50.649  9580  9617 I ReactNativeJS: '[UI_PRESS_PROBE]', '{"event":"VOIP_PRESENCE_CONNECT_ATTEMPT","timestamp":"2026-08-15T20:40:50.649Z","token_ready":true,"user_ready":true,"show_login":false,"show_voip_tester":false,"selected_call_mode":"pstn_assist","voice_id":"nado-000006","token_summary":"len:30:passke...en_331","reason":"effect_start","api_base":"https://metanova1004.com"}'
08-16 05:40:50.651  9580  9617 W ReactNativeJS: This method is deprecated (as well as all React Native Firebase namespaced API) and will be removed in the next major release as part of move to match Firebase Web modular SDK API. Please see migration guide for more details: https://rnfirebase.io/migrating-to-v22 Please use `getApp()` instead.
08-16 05:40:50.651  9580  9617 W ReactNativeJS: This method is deprecated (as well as all React Native Firebase namespaced API) and will be removed in the next major release as part of move to match Firebase Web modular SDK API. Please see migration guide for more details: https://rnfirebase.io/migrating-to-v22 Please use `getApp()` instead.
08-16 05:40:50.651  9580  9617 W ReactNativeJS: This method is deprecated (as well as all React Native Firebase namespaced API) and will be removed in the next major release as part of move to match Firebase Web modular SDK API. Please see migration guide for more details: https://rnfirebase.io/migrating-to-v22 Please use `getApp()` instead.
08-16 05:40:50.652  9580  9617 W ReactNativeJS: This method is deprecated (as well as all React Native Firebase namespaced API) and will be removed in the next major release as part of move to match Firebase Web modular SDK API. Please see migration guide for more details: https://rnfirebase.io/migrating-to-v22 Please use `getApp()` instead.
08-16 05:40:50.653  9580  9617 I ReactNativeJS: '[UI_PRESS_PROBE]', '{"event":"VOIP_NOTIFICATION_PERMISSION_STATUS","timestamp":"2026-08-15T20:40:50.653Z","token_ready":true,"user_ready":true,"show_login":false,"show_voip_tester":false,"selected_call_mode":"pstn_assist","notifications_enabled":true}'
08-16 05:40:50.656  9580  9617 I ReactNativeJS: '[DEEP_LINK_TRACE]', '{"source":"initial_url","outcome":"empty_url"}'
08-16 05:40:50.683  9580  9617 I ReactNativeJS: '[UI_PRESS_PROBE]', '{"event":"VOIP_PRESENCE_ERROR","timestamp":"2026-08-15T20:40:50.683Z","token_ready":true,"user_ready":true,"show_login":false,"show_voip_tester":false,"selected_call_mode":"pstn_assist","voice_id":"nado-000006","token_summary":"len:30:passke...en_331","reason":"effect_start"}'
08-16 05:40:50.684  9580  9617 I ReactNativeJS: '[UI_PRESS_PROBE]', '{"event":"VOIP_PRESENCE_CLOSED","timestamp":"2026-08-15T20:40:50.683Z","token_ready":true,"user_ready":true,"show_login":false,"show_voip_tester":false,"selected_call_mode":"pstn_assist","voice_id":"nado-000006","token_summary":"len:30:passke...en_331","reason":"effect_start","code":1006}'
08-16 05:40:50.684  9580  9617 I ReactNativeJS: '[UI_PRESS_PROBE]', '{"event":"VOIP_PRESENCE_RETRY_SCHEDULED","timestamp":"2026-08-15T20:40:50.684Z","token_ready":true,"user_ready":true,"show_login":false,"show_voip_tester":false,"selected_call_mode":"pstn_assist","voice_id":"nado-000006","token_summary":"len:30:passke...en_331","reason":"close:1006"}'
08-16 05:40:50.718  9580  9617 I ReactNativeJS: '[VoIPPendingIncoming]', '{"event":"REQUEST_RESULT","source":"pending_call_initial","token_summary":"len:30:passke...en_331","user_id":6,"status":401,"ok":false}'
08-16 05:40:50.718  9580  9617 I ReactNativeJS: '[VoIPPendingIncoming] fetch failed', 401
08-16 05:40:50.719  9580  9617 I ReactNativeJS: '[MISSED_CALL]', '{"event":"fetch","count":0}'
08-16 05:40:50.732  9580  9617 W ReactNativeJS: This method is deprecated (as well as all React Native Firebase namespaced API) and will be removed in the next major release as part of move to match Firebase Web modular SDK API. Please see migration guide for more details: https://rnfirebase.io/migrating-to-v22 Please use `getApp()` instead.
08-16 05:40:50.785  9580  9617 I ReactNativeJS: '[AUTH_FLOW]', '{"event":"AUTH_STORAGE_RESTORE_FOUND","user_id":6,"user_email":"119cash@naver.com"}'
08-16 05:40:50.785  9580  9617 I ReactNativeJS: '[AUTH_FLOW]', '{"event":"AUTH_STORAGE_RESTORE_APPLIED","user_id":6,"user_email":"119cash@naver.com"}'
08-16 05:40:50.789  9580  9617 I ReactNativeJS: '[UI_PRESS_PROBE]', '{"event":"VOIP_ACTIVE_CALL_RESUME_SKIPPED_AUTH","timestamp":"2026-08-15T20:40:50.788Z","token_ready":true,"user_ready":true,"show_login":false,"show_voip_tester":false,"selected_call_mode":"pstn_assist","source":"app_launch_resume","status":401,"last_call_id":null}'
08-16 05:40:50.819  9580  9617 W ReactNativeJS: This method is deprecated (as well as all React Native Firebase namespaced API) and will be removed in the next major release as part of move to match Firebase Web modular SDK API. Please see migration guide for more details: https://rnfirebase.io/migrating-to-v22 Please use `getApps()` instead.
08-16 05:40:50.819  9580  9617 W ReactNativeJS: This method is deprecated (as well as all React Native Firebase namespaced API) and will be removed in the next major release as part of move to match Firebase Web modular SDK API. Please see migration guide for more details: https://rnfirebase.io/migrating-to-v22 Please use `getApps()` instead.
08-16 05:40:50.819  9580  9617 W ReactNativeJS: This method is deprecated (as well as all React Native Firebase namespaced API) and will be removed in the next major release as part of move to match Firebase Web modular SDK API. Please see migration guide for more details: https://rnfirebase.io/migrating-to-v22 Please use `getApps()` instead.
08-16 05:40:50.820  9580  9617 W ReactNativeJS: This method is deprecated (as well as all React Native Firebase namespaced API) and will be removed in the next major release as part of move to match Firebase Web modular SDK API. Please see migration guide for more details: https://rnfirebase.io/migrating-to-v22 Please use `getApps()` instead.
08-16 05:40:50.822  9580  9617 I ReactNativeJS: '[VoIPPendingIncoming]', '{"event":"REQUEST_START","source":"pending_call_initial","token_summary":"len:30:passke...en_331","user_id":6,"has_pending_call":false,"has_active_call":false}'
08-16 05:40:50.824  9580  9617 I ReactNativeJS: '[UI_PRESS_PROBE]', '{"event":"VOIP_PRESENCE_CONNECT_ATTEMPT","timestamp":"2026-08-15T20:40:50.824Z","token_ready":true,"user_ready":true,"show_login":false,"show_voip_tester":false,"selected_call_mode":"pstn_assist","voice_id":"nado-000006","token_summary":"len:30:passke...en_331","reason":"effect_start","api_base":"https://metanova1004.com"}'
08-16 05:40:50.827  9580  9617 W ReactNativeJS: This method is deprecated (as well as all React Native Firebase namespaced API) and will be removed in the next major release as part of move to match Firebase Web modular SDK API. Please see migration guide for more details: https://rnfirebase.io/migrating-to-v22 Please use `getApp()` instead.
08-16 05:40:50.827  9580  9617 W ReactNativeJS: This method is deprecated (as well as all React Native Firebase namespaced API) and will be removed in the next major release as part of move to match Firebase Web modular SDK API. Please see migration guide for more details: https://rnfirebase.io/migrating-to-v22 Please use `getApp()` instead.
08-16 05:40:50.827  9580  9617 W ReactNativeJS: This method is deprecated (as well as all React Native Firebase namespaced API) and will be removed in the next major release as part of move to match Firebase Web modular SDK API. Please see migration guide for more details: https://rnfirebase.io/migrating-to-v22 Please use `getApp()` instead.
08-16 05:40:50.829  9580  9617 W ReactNativeJS: This method is deprecated (as well as all React Native Firebase namespaced API) and will be removed in the next major release as part of move to match Firebase Web modular SDK API. Please see migration guide for more details: https://rnfirebase.io/migrating-to-v22 Please use `getApp()` instead.
08-16 05:40:50.830  9580  9617 I ReactNativeJS: '[UI_PRESS_PROBE]', '{"event":"VOIP_NOTIFICATION_PERMISSION_STATUS","timestamp":"2026-08-15T20:40:50.830Z","token_ready":true,"user_ready":true,"show_login":false,"show_voip_tester":false,"selected_call_mode":"pstn_assist","notifications_enabled":true}'
08-16 05:40:50.834  9580  9617 I ReactNativeJS: '[DEEP_LINK_TRACE]', '{"source":"initial_url","outcome":"empty_url"}'
08-16 05:40:50.861  9580  9617 I ReactNativeJS: '[UI_PRESS_PROBE]', '{"event":"VOIP_PRESENCE_ERROR","timestamp":"2026-08-15T20:40:50.861Z","token_ready":true,"user_ready":true,"show_login":false,"show_voip_tester":false,"selected_call_mode":"pstn_assist","voice_id":"nado-000006","token_summary":"len:30:passke...en_331","reason":"effect_start"}'
08-16 05:40:50.862  9580  9617 I ReactNativeJS: '[UI_PRESS_PROBE]', '{"event":"VOIP_PRESENCE_CLOSED","timestamp":"2026-08-15T20:40:50.862Z","token_ready":true,"user_ready":true,"show_login":false,"show_voip_tester":false,"selected_call_mode":"pstn_assist","voice_id":"nado-000006","token_summary":"len:30:passke...en_331","reason":"effect_start","code":1006}'
08-16 05:40:50.862  9580  9617 I ReactNativeJS: '[UI_PRESS_PROBE]', '{"event":"VOIP_PRESENCE_RETRY_SCHEDULED","timestamp":"2026-08-15T20:40:50.862Z","token_ready":true,"user_ready":true,"show_login":false,"show_voip_tester":false,"selected_call_mode":"pstn_assist","voice_id":"nado-000006","token_summary":"len:30:passke...en_331","reason":"close:1006"}'
08-16 05:40:50.897  9580  9617 I ReactNativeJS: '[MISSED_CALL]', '{"event":"fetch","count":0}'
08-16 05:40:50.897  9580  9617 I ReactNativeJS: '[VoIPPendingIncoming]', '{"event":"REQUEST_RESULT","source":"pending_call_initial","token_summary":"len:30:passke...en_331","user_id":6,"status":401,"ok":false}'
08-16 05:40:50.897  9580  9617 I ReactNativeJS: '[VoIPPendingIncoming] fetch failed', 401
08-16 05:40:50.898  9580  9617 W ReactNativeJS: This method is deprecated (as well as all React Native Firebase namespaced API) and will be removed in the next major release as part of move to match Firebase Web modular SDK API. Please see migration guide for more details: https://rnfirebase.io/migrating-to-v22 Please use `getApp()` instead.
08-16 05:40:50.901  9580  9617 W ReactNativeJS: This method is deprecated (as well as all React Native Firebase namespaced API) and will be removed in the next major release as part of move to match Firebase Web modular SDK API. Please see migration guide for more details: https://rnfirebase.io/migrating-to-v22 Please use `getApp()` instead.
08-16 05:40:50.928  9580  9617 I ReactNativeJS: '[UI_PRESS_PROBE]', '{"event":"VOIP_ACTIVE_CALL_RESUME_SKIPPED_AUTH","timestamp":"2026-08-15T20:40:50.928Z","token_ready":true,"user_ready":true,"show_login":false,"show_voip_tester":false,"selected_call_mode":"pstn_assist","source":"app_launch_resume","status":401,"last_call_id":null}'
08-16 05:40:50.953  9580  9617 I ReactNativeJS: '[AUTH_FLOW]', '{"event":"AUTH_STORAGE_RESTORE_FOUND","user_id":6,"user_email":"119cash@naver.com"}'
08-16 05:40:50.954  9580  9617 I ReactNativeJS: '[AUTH_FLOW]', '{"event":"AUTH_STORAGE_RESTORE_APPLIED","user_id":6,"user_email":"119cash@naver.com"}'
08-16 05:40:50.988  9580  9617 W ReactNativeJS: This method is deprecated (as well as all React Native Firebase namespaced API) and will be removed in the next major release as part of move to match Firebase Web modular SDK API. Please see migration guide for more details: https://rnfirebase.io/migrating-to-v22 Please use `getApps()` instead.
08-16 05:40:50.988  9580  9617 W ReactNativeJS: This method is deprecated (as well as all React Native Firebase namespaced API) and will be removed in the next major release as part of move to match Firebase Web modular SDK API. Please see migration guide for more details: https://rnfirebase.io/migrating-to-v22 Please use `getApps()` instead.
08-16 05:40:50.988  9580  9617 W ReactNativeJS: This method is deprecated (as well as all React Native Firebase namespaced API) and will be removed in the next major release as part of move to match Firebase Web modular SDK API. Please see migration guide for more details: https://rnfirebase.io/migrating-to-v22 Please use `getApps()` instead.
08-16 05:40:50.989  9580  9617 W ReactNativeJS: This method is deprecated (as well as all React Native Firebase namespaced API) and will be removed in the next major release as part of move to match Firebase Web modular SDK API. Please see migration guide for more details: https://rnfirebase.io/migrating-to-v22 Please use `getApps()` instead.
08-16 05:40:50.991  9580  9617 I ReactNativeJS: '[VoIPPendingIncoming]', '{"event":"REQUEST_START","source":"pending_call_initial","token_summary":"len:30:passke...en_331","user_id":6,"has_pending_call":false,"has_active_call":false}'
08-16 05:40:50.992  9580  9617 I ReactNativeJS: '[UI_PRESS_PROBE]', '{"event":"VOIP_PRESENCE_CONNECT_ATTEMPT","timestamp":"2026-08-15T20:40:50.992Z","token_ready":true,"user_ready":true,"show_login":false,"show_voip_tester":false,"selected_call_mode":"pstn_assist","voice_id":"nado-000006","token_summary":"len:30:passke...en_331","reason":"effect_start","api_base":"https://metanova1004.com"}'
08-16 05:40:50.994  9580  9617 W ReactNativeJS: This method is deprecated (as well as all React Native Firebase namespaced API) and will be removed in the next major release as part of move to match Firebase Web modular SDK API. Please see migration guide for more details: https://rnfirebase.io/migrating-to-v22 Please use `getApp()` instead.
08-16 05:40:50.994  9580  9617 W ReactNativeJS: This method is deprecated (as well as all React Native Firebase namespaced API) and will be removed in the next major release as part of move to match Firebase Web modular SDK API. Please see migration guide for more details: https://rnfirebase.io/migrating-to-v22 Please use `getApp()` instead.
08-16 05:40:50.994  9580  9617 W ReactNativeJS: This method is deprecated (as well as all React Native Firebase namespaced API) and will be removed in the next major release as part of move to match Firebase Web modular SDK API. Please see migration guide for more details: https://rnfirebase.io/migrating-to-v22 Please use `getApp()` instead.
08-16 05:40:50.995  9580  9617 W ReactNativeJS: This method is deprecated (as well as all React Native Firebase namespaced API) and will be removed in the next major release as part of move to match Firebase Web modular SDK API. Please see migration guide for more details: https://rnfirebase.io/migrating-to-v22 Please use `getApp()` instead.
08-16 05:40:50.996  9580  9617 I ReactNativeJS: '[UI_PRESS_PROBE]', '{"event":"VOIP_NOTIFICATION_PERMISSION_STATUS","timestamp":"2026-08-15T20:40:50.996Z","token_ready":true,"user_ready":true,"show_login":false,"show_voip_tester":false,"selected_call_mode":"pstn_assist","notifications_enabled":true}'
08-16 05:40:51.023  9580  9617 I ReactNativeJS: '[DEEP_LINK_TRACE]', '{"source":"initial_url","outcome":"empty_url"}'
08-16 05:40:51.026  9580  9617 I ReactNativeJS: '[UI_PRESS_PROBE]', '{"event":"VOIP_PRESENCE_ERROR","timestamp":"2026-08-15T20:40:51.025Z","token_ready":true,"user_ready":true,"show_login":false,"show_voip_tester":false,"selected_call_mode":"pstn_assist","voice_id":"nado-000006","token_summary":"len:30:passke...en_331","reason":"effect_start"}'
08-16 05:40:51.026  9580  9617 I ReactNativeJS: '[UI_PRESS_PROBE]', '{"event":"VOIP_PRESENCE_CLOSED","timestamp":"2026-08-15T20:40:51.026Z","token_ready":true,"user_ready":true,"show_login":false,"show_voip_tester":false,"selected_call_mode":"pstn_assist","voice_id":"nado-000006","token_summary":"len:30:passke...en_331","reason":"effect_start","code":1006}'
08-16 05:40:51.026  9580  9617 I ReactNativeJS: '[UI_PRESS_PROBE]', '{"event":"VOIP_PRESENCE_RETRY_SCHEDULED","timestamp":"2026-08-15T20:40:51.026Z","token_ready":true,"user_ready":true,"show_login":false,"show_voip_tester":false,"selected_call_mode":"pstn_assist","voice_id":"nado-000006","token_summary":"len:30:passke...en_331","reason":"close:1006"}'
08-16 05:40:51.058  9580  9617 I ReactNativeJS: '[MISSED_CALL]', '{"event":"fetch","count":0}'
08-16 05:40:51.058  9580  9617 I ReactNativeJS: '[VoIPPendingIncoming]', '{"event":"REQUEST_RESULT","source":"pending_call_initial","token_summary":"len:30:passke...en_331","user_id":6,"status":401,"ok":false}'
08-16 05:40:51.058  9580  9617 I ReactNativeJS: '[VoIPPendingIncoming] fetch failed', 401
08-16 05:40:51.064  9580  9617 W ReactNativeJS: This method is deprecated (as well as all React Native Firebase namespaced API) and will be removed in the next major release as part of move to match Firebase Web modular SDK API. Please see migration guide for more details: https://rnfirebase.io/migrating-to-v22 Please use `getApp()` instead.
08-16 05:40:51.101  9580  9617 I ReactNativeJS: '[AUTH_FLOW]', '{"event":"AUTH_STORAGE_RESTORE_FOUND","user_id":6,"user_email":"119cash@naver.com"}'
08-16 05:40:51.101  9580  9617 I ReactNativeJS: '[AUTH_FLOW]', '{"event":"AUTH_STORAGE_RESTORE_APPLIED","user_id":6,"user_email":"119cash@naver.com"}'
08-16 05:40:51.104  9580  9617 I ReactNativeJS: '[UI_PRESS_PROBE]', '{"event":"VOIP_ACTIVE_CALL_RESUME_SKIPPED_AUTH","timestamp":"2026-08-15T20:40:51.104Z","token_ready":true,"user_ready":true,"show_login":false,"show_voip_tester":false,"selected_call_mode":"pstn_assist","source":"app_launch_resume","status":401,"last_call_id":null}'
08-16 05:40:51.130  9580  9617 W ReactNativeJS: This method is deprecated (as well as all React Native Firebase namespaced API) and will be removed in the next major release as part of move to match Firebase Web modular SDK API. Please see migration guide for more details: https://rnfirebase.io/migrating-to-v22 Please use `getApps()` instead.
08-16 05:40:51.131  9580  9617 W ReactNativeJS: This method is deprecated (as well as all React Native Firebase namespaced API) and will be removed in the next major release as part of move to match Firebase Web modular SDK API. Please see migration guide for more details: https://rnfirebase.io/migrating-to-v22 Please use `getApps()` instead.
08-16 05:40:51.131  9580  9617 W ReactNativeJS: This method is deprecated (as well as all React Native Firebase namespaced API) and will be removed in the next major release as part of move to match Firebase Web modular SDK API. Please see migration guide for more details: https://rnfirebase.io/migrating-to-v22 Please use `getApps()` instead.
08-16 05:40:51.132  9580  9617 W ReactNativeJS: This method is deprecated (as well as all React Native Firebase namespaced API) and will be removed in the next major release as part of move to match Firebase Web modular SDK API. Please see migration guide for more details: https://rnfirebase.io/migrating-to-v22 Please use `getApps()` instead.
08-16 05:40:51.134  9580  9617 I ReactNativeJS: '[VoIPPendingIncoming]', '{"event":"REQUEST_START","source":"pending_call_initial","token_summary":"len:30:passke...en_331","user_id":6,"has_pending_call":false,"has_active_call":false}'
08-16 05:40:51.136  9580  9617 I ReactNativeJS: '[UI_PRESS_PROBE]', '{"event":"VOIP_PRESENCE_CONNECT_ATTEMPT","timestamp":"2026-08-15T20:40:51.135Z","token_ready":true,"user_ready":true,"show_login":false,"show_voip_tester":false,"selected_call_mode":"pstn_assist","voice_id":"nado-000006","token_summary":"len:30:passke...en_331","reason":"effect_start","api_base":"https://metanova1004.com"}'
08-16 05:40:51.137  9580  9617 W ReactNativeJS: This method is deprecated (as well as all React Native Firebase namespaced API) and will be removed in the next major release as part of move to match Firebase Web modular SDK API. Please see migration guide for more details: https://rnfirebase.io/migrating-to-v22 Please use `getApp()` instead.
08-16 05:40:51.137  9580  9617 W ReactNativeJS: This method is deprecated (as well as all React Native Firebase namespaced API) and will be removed in the next major release as part of move to match Firebase Web modular SDK API. Please see migration guide for more details: https://rnfirebase.io/migrating-to-v22 Please use `getApp()` instead.
08-16 05:40:51.137  9580  9617 W ReactNativeJS: This method is deprecated (as well as all React Native Firebase namespaced API) and will be removed in the next major release as part of move to match Firebase Web modular SDK API. Please see migration guide for more details: https://rnfirebase.io/migrating-to-v22 Please use `getApp()` instead.
08-16 05:40:51.138  9580  9617 W ReactNativeJS: This method is deprecated (as well as all React Native Firebase namespaced API) and will be removed in the next major release as part of move to match Firebase Web modular SDK API. Please see migration guide for more details: https://rnfirebase.io/migrating-to-v22 Please use `getApp()` instead.
08-16 05:40:51.139  9580  9617 I ReactNativeJS: '[UI_PRESS_PROBE]', '{"event":"VOIP_NOTIFICATION_PERMISSION_STATUS","timestamp":"2026-08-15T20:40:51.139Z","token_ready":true,"user_ready":true,"show_login":false,"show_voip_tester":false,"selected_call_mode":"pstn_assist","notifications_enabled":true}'
08-16 05:40:51.143  9580  9617 I ReactNativeJS: '[DEEP_LINK_TRACE]', '{"source":"initial_url","outcome":"empty_url"}'
08-16 05:40:51.171  9580  9617 I ReactNativeJS: '[UI_PRESS_PROBE]', '{"event":"VOIP_PRESENCE_ERROR","timestamp":"2026-08-15T20:40:51.171Z","token_ready":true,"user_ready":true,"show_login":false,"show_voip_tester":false,"selected_call_mode":"pstn_assist","voice_id":"nado-000006","token_summary":"len:30:passke...en_331","reason":"effect_start"}'
08-16 05:40:51.172  9580  9617 I ReactNativeJS: '[UI_PRESS_PROBE]', '{"event":"VOIP_PRESENCE_CLOSED","timestamp":"2026-08-15T20:40:51.172Z","token_ready":true,"user_ready":true,"show_login":false,"show_voip_tester":false,"selected_call_mode":"pstn_assist","voice_id":"nado-000006","token_summary":"len:30:passke...en_331","reason":"effect_start","code":1006}'
08-16 05:40:51.172  9580  9617 I ReactNativeJS: '[UI_PRESS_PROBE]', '{"event":"VOIP_PRESENCE_RETRY_SCHEDULED","timestamp":"2026-08-15T20:40:51.172Z","token_ready":true,"user_ready":true,"show_login":false,"show_voip_tester":false,"selected_call_mode":"pstn_assist","voice_id":"nado-000006","token_summary":"len:30:passke...en_331","reason":"close:1006"}'
08-16 05:40:51.203  9580  9617 I ReactNativeJS: '[VoIPPendingIncoming]', '{"event":"REQUEST_RESULT","source":"pending_call_initial","token_summary":"len:30:passke...en_331","user_id":6,"status":401,"ok":false}'
08-16 05:40:51.204  9580  9617 I ReactNativeJS: '[VoIPPendingIncoming] fetch failed', 401
08-16 05:40:51.205  9580  9617 I ReactNativeJS: '[MISSED_CALL]', '{"event":"fetch","count":0}'
08-16 05:40:51.205  9580  9617 W ReactNativeJS: This method is deprecated (as well as all React Native Firebase namespaced API) and will be removed in the next major release as part of move to match Firebase Web modular SDK API. Please see migration guide for more details: https://rnfirebase.io/migrating-to-v22 Please use `getApp()` instead.
08-16 05:40:51.226  9580  9617 I ReactNativeJS: '[UI_PRESS_PROBE]', '{"event":"VOIP_ACTIVE_CALL_RESUME_SKIPPED_AUTH","timestamp":"2026-08-15T20:40:51.225Z","token_ready":true,"user_ready":true,"show_login":false,"show_voip_tester":false,"selected_call_mode":"pstn_assist","source":"app_launch_resume","status":401,"last_call_id":null}'
08-16 05:40:51.251  9580  9617 I ReactNativeJS: '[AUTH_FLOW]', '{"event":"AUTH_STORAGE_RESTORE_FOUND","user_id":6,"user_email":"119cash@naver.com"}'
08-16 05:40:51.251  9580  9617 I ReactNativeJS: '[AUTH_FLOW]', '{"event":"AUTH_STORAGE_RESTORE_APPLIED","user_id":6,"user_email":"119cash@naver.com"}'
08-16 05:40:51.279  9580  9617 W ReactNativeJS: This method is deprecated (as well as all React Native Firebase namespaced API) and will be removed in the next major release as part of move to match Firebase Web modular SDK API. Please see migration guide for more details: https://rnfirebase.io/migrating-to-v22 Please use `getApps()` instead.
08-16 05:40:51.280  9580  9617 W ReactNativeJS: This method is deprecated (as well as all React Native Firebase namespaced API) and will be removed in the next major release as part of move to match Firebase Web modular SDK API. Please see migration guide for more details: https://rnfirebase.io/migrating-to-v22 Please use `getApps()` instead.
08-16 05:40:51.280  9580  9617 W ReactNativeJS: This method is deprecated (as well as all React Native Firebase namespaced API) and will be removed in the next major release as part of move to match Firebase Web modular SDK API. Please see migration guide for more details: https://rnfirebase.io/migrating-to-v22 Please use `getApps()` instead.
08-16 05:40:51.281  9580  9617 W ReactNativeJS: This method is deprecated (as well as all React Native Firebase namespaced API) and will be removed in the next major release as part of move to match Firebase Web modular SDK API. Please see migration guide for more details: https://rnfirebase.io/migrating-to-v22 Please use `getApps()` instead.
08-16 05:40:51.283  9580  9617 I ReactNativeJS: '[VoIPPendingIncoming]', '{"event":"REQUEST_START","source":"pending_call_initial","token_summary":"len:30:passke...en_331","user_id":6,"has_pending_call":false,"has_active_call":false}'
08-16 05:40:51.284  9580  9617 I ReactNativeJS: '[UI_PRESS_PROBE]', '{"event":"VOIP_PRESENCE_CONNECT_ATTEMPT","timestamp":"2026-08-15T20:40:51.284Z","token_ready":true,"user_ready":true,"show_login":false,"show_voip_tester":false,"selected_call_mode":"pstn_assist","voice_id":"nado-000006","token_summary":"len:30:passke...en_331","reason":"effect_start","api_base":"https://metanova1004.com"}'
08-16 05:40:51.286  9580  9617 W ReactNativeJS: This method is deprecated (as well as all React Native Firebase namespaced API) and will be removed in the next major release as part of move to match Firebase Web modular SDK API. Please see migration guide for more details: https://rnfirebase.io/migrating-to-v22 Please use `getApp()` instead.
08-16 05:40:51.286  9580  9617 W ReactNativeJS: This method is deprecated (as well as all React Native Firebase namespaced API) and will be removed in the next major release as part of move to match Firebase Web modular SDK API. Please see migration guide for more details: https://rnfirebase.io/migrating-to-v22 Please use `getApp()` instead.
08-16 05:40:51.286  9580  9617 W ReactNativeJS: This method is deprecated (as well as all React Native Firebase namespaced API) and will be removed in the next major release as part of move to match Firebase Web modular SDK API. Please see migration guide for more details: https://rnfirebase.io/migrating-to-v22 Please use `getApp()` instead.
08-16 05:40:51.288  9580  9617 W ReactNativeJS: This method is deprecated (as well as all React Native Firebase namespaced API) and will be removed in the next major release as part of move to match Firebase Web modular SDK API. Please see migration guide for more details: https://rnfirebase.io/migrating-to-v22 Please use `getApp()` instead.
08-16 05:40:51.289  9580  9617 I ReactNativeJS: '[UI_PRESS_PROBE]', '{"event":"VOIP_NOTIFICATION_PERMISSION_STATUS","timestamp":"2026-08-15T20:40:51.289Z","token_ready":true,"user_ready":true,"show_login":false,"show_voip_tester":false,"selected_call_mode":"pstn_assist","notifications_enabled":true}'
08-16 05:40:51.292  9580  9617 I ReactNativeJS: '[DEEP_LINK_TRACE]', '{"source":"initial_url","outcome":"empty_url"}'
08-16 05:40:51.326  9580  9617 I ReactNativeJS: '[UI_PRESS_PROBE]', '{"event":"VOIP_PRESENCE_ERROR","timestamp":"2026-08-15T20:40:51.326Z","token_ready":true,"user_ready":true,"show_login":false,"show_voip_tester":false,"selected_call_mode":"pstn_assist","voice_id":"nado-000006","token_summary":"len:30:passke...en_331","reason":"effect_start"}'
08-16 05:40:51.327  9580  9617 I ReactNativeJS: '[UI_PRESS_PROBE]', '{"event":"VOIP_PRESENCE_CLOSED","timestamp":"2026-08-15T20:40:51.326Z","token_ready":true,"user_ready":true,"show_login":false,"show_voip_tester":false,"selected_call_mode":"pstn_assist","voice_id":"nado-000006","token_summary":"len:30:passke...en_331","reason":"effect_start","code":1006}'
08-16 05:40:51.327  9580  9617 I ReactNativeJS: '[UI_PRESS_PROBE]', '{"event":"VOIP_PRESENCE_RETRY_SCHEDULED","timestamp":"2026-08-15T20:40:51.327Z","token_ready":true,"user_ready":true,"show_login":false,"show_voip_tester":false,"selected_call_mode":"pstn_assist","voice_id":"nado-000006","token_summary":"len:30:passke...en_331","reason":"close:1006"}'
08-16 05:40:51.356  9580  9617 W ReactNativeJS: This method is deprecated (as well as all React Native Firebase namespaced API) and will be removed in the next major release as part of move to match Firebase Web modular SDK API. Please see migration guide for more details: https://rnfirebase.io/migrating-to-v22 Please use `getApp()` instead.
08-16 05:40:51.358  9580  9617 I ReactNativeJS: '[MISSED_CALL]', '{"event":"fetch","count":0}'
08-16 05:40:51.359  9580  9617 I ReactNativeJS: '[VoIPPendingIncoming]', '{"event":"REQUEST_RESULT","source":"pending_call_initial","token_summary":"len:30:passke...en_331","user_id":6,"status":401,"ok":false}'
08-16 05:40:51.360  9580  9617 I ReactNativeJS: '[VoIPPendingIncoming] fetch failed', 401
08-16 05:40:51.372  9580  9617 W ReactNativeJS: This method is deprecated (as well as all React Native Firebase namespaced API) and will be removed in the next major release as part of move to match Firebase Web modular SDK API. Please see migration guide for more details: https://rnfirebase.io/migrating-to-v22 Please use `getApp()` instead.
08-16 05:40:51.422  9580  9617 I ReactNativeJS: '[AUTH_FLOW]', '{"event":"AUTH_STORAGE_RESTORE_FOUND","user_id":6,"user_email":"119cash@naver.com"}'
08-16 05:40:51.422  9580  9617 I ReactNativeJS: '[AUTH_FLOW]', '{"event":"AUTH_STORAGE_RESTORE_APPLIED","user_id":6,"user_email":"119cash@naver.com"}'
08-16 05:40:51.426  9580  9617 I ReactNativeJS: '[UI_PRESS_PROBE]', '{"event":"VOIP_ACTIVE_CALL_RESUME_SKIPPED_AUTH","timestamp":"2026-08-15T20:40:51.425Z","token_ready":true,"user_ready":true,"show_login":false,"show_voip_tester":false,"selected_call_mode":"pstn_assist","source":"app_launch_resume","status":401,"last_call_id":null}'
08-16 05:40:51.462  9580  9617 W ReactNativeJS: This method is deprecated (as well as all React Native Firebase namespaced API) and will be removed in the next major release as part of move to match Firebase Web modular SDK API. Please see migration guide for more details: https://rnfirebase.io/migrating-to-v22 Please use `getApps()` instead.
08-16 05:40:51.462  9580  9617 W ReactNativeJS: This method is deprecated (as well as all React Native Firebase namespaced API) and will be removed in the next major release as part of move to match Firebase Web modular SDK API. Please see migration guide for more details: https://rnfirebase.io/migrating-to-v22 Please use `getApps()` instead.
08-16 05:40:51.463  9580  9617 W ReactNativeJS: This method is deprecated (as well as all React Native Firebase namespaced API) and will be removed in the next major release as part of move to match Firebase Web modular SDK API. Please see migration guide for more details: https://rnfirebase.io/migrating-to-v22 Please use `getApps()` instead.
08-16 05:40:51.464  9580  9617 W ReactNativeJS: This method is deprecated (as well as all React Native Firebase namespaced API) and will be removed in the next major release as part of move to match Firebase Web modular SDK API. Please see migration guide for more details: https://rnfirebase.io/migrating-to-v22 Please use `getApps()` instead.
08-16 05:40:51.468  9580  9617 I ReactNativeJS: '[VoIPPendingIncoming]', '{"event":"REQUEST_START","source":"pending_call_initial","token_summary":"len:30:passke...en_331","user_id":6,"has_pending_call":false,"has_active_call":false}'
08-16 05:40:51.470  9580  9617 I ReactNativeJS: '[UI_PRESS_PROBE]', '{"event":"VOIP_PRESENCE_CONNECT_ATTEMPT","timestamp":"2026-08-15T20:40:51.469Z","token_ready":true,"user_ready":true,"show_login":false,"show_voip_tester":false,"selected_call_mode":"pstn_assist","voice_id":"nado-000006","token_summary":"len:30:passke...en_331","reason":"effect_start","api_base":"https://metanova1004.com"}'
08-16 05:40:51.471  9580  9617 W ReactNativeJS: This method is deprecated (as well as all React Native Firebase namespaced API) and will be removed in the next major release as part of move to match Firebase Web modular SDK API. Please see migration guide for more details: https://rnfirebase.io/migrating-to-v22 Please use `getApp()` instead.
08-16 05:40:51.472  9580  9617 W ReactNativeJS: This method is deprecated (as well as all React Native Firebase namespaced API) and will be removed in the next major release as part of move to match Firebase Web modular SDK API. Please see migration guide for more details: https://rnfirebase.io/migrating-to-v22 Please use `getApp()` instead.
08-16 05:40:51.472  9580  9617 W ReactNativeJS: This method is deprecated (as well as all React Native Firebase namespaced API) and will be removed in the next major release as part of move to match Firebase Web modular SDK API. Please see migration guide for more details: https://rnfirebase.io/migrating-to-v22 Please use `getApp()` instead.
08-16 05:40:51.473  9580  9617 W ReactNativeJS: This method is deprecated (as well as all React Native Firebase namespaced API) and will be removed in the next major release as part of move to match Firebase Web modular SDK API. Please see migration guide for more details: https://rnfirebase.io/migrating-to-v22 Please use `getApp()` instead.
08-16 05:40:51.474  9580  9617 I ReactNativeJS: '[UI_PRESS_PROBE]', '{"event":"VOIP_NOTIFICATION_PERMISSION_STATUS","timestamp":"2026-08-15T20:40:51.474Z","token_ready":true,"user_ready":true,"show_login":false,"show_voip_tester":false,"selected_call_mode":"pstn_assist","notifications_enabled":true}'
08-16 05:40:51.477  9580  9617 I ReactNativeJS: '[DEEP_LINK_TRACE]', '{"source":"initial_url","outcome":"empty_url"}'
08-16 05:40:51.505  9580  9617 I ReactNativeJS: '[UI_PRESS_PROBE]', '{"event":"VOIP_PRESENCE_ERROR","timestamp":"2026-08-15T20:40:51.504Z","token_ready":true,"user_ready":true,"show_login":false,"show_voip_tester":false,"selected_call_mode":"pstn_assist","voice_id":"nado-000006","token_summary":"len:30:passke...en_331","reason":"effect_start"}'
08-16 05:40:51.505  9580  9617 I ReactNativeJS: '[UI_PRESS_PROBE]', '{"event":"VOIP_PRESENCE_CLOSED","timestamp":"2026-08-15T20:40:51.505Z","token_ready":true,"user_ready":true,"show_login":false,"show_voip_tester":false,"selected_call_mode":"pstn_assist","voice_id":"nado-000006","token_summary":"len:30:passke...en_331","reason":"effect_start","code":1006}'
08-16 05:40:51.505  9580  9617 I ReactNativeJS: '[UI_PRESS_PROBE]', '{"event":"VOIP_PRESENCE_RETRY_SCHEDULED","timestamp":"2026-08-15T20:40:51.505Z","token_ready":true,"user_ready":true,"show_login":false,"show_voip_tester":false,"selected_call_mode":"pstn_assist","voice_id":"nado-000006","token_summary":"len:30:passke...en_331","reason":"close:1006"}'
08-16 05:40:51.510  9580  9617 I ReactNativeJS: '[MISSED_CALL]', '{"event":"fetch","count":0}'
08-16 05:40:51.510  9580  9617 I ReactNativeJS: '[VoIPPendingIncoming]', '{"event":"REQUEST_RESULT","source":"pending_call_initial","token_summary":"len:30:passke...en_331","user_id":6,"status":401,"ok":false}'
08-16 05:40:51.511  9580  9617 I ReactNativeJS: '[VoIPPendingIncoming] fetch failed', 401
08-16 05:40:51.537  9580  9617 W ReactNativeJS: This method is deprecated (as well as all React Native Firebase namespaced API) and will be removed in the next major release as part of move to match Firebase Web modular SDK API. Please see migration guide for more details: https://rnfirebase.io/migrating-to-v22 Please use `getApp()` instead.
08-16 05:40:51.542  9580  9617 I ReactNativeJS: '[AUTH_FLOW]', '{"event":"AUTH_STORAGE_RESTORE_FOUND","user_id":6,"user_email":"119cash@naver.com"}'
08-16 05:40:51.542  9580  9617 I ReactNativeJS: '[AUTH_FLOW]', '{"event":"AUTH_STORAGE_RESTORE_APPLIED","user_id":6,"user_email":"119cash@naver.com"}'
08-16 05:40:51.545  9580  9617 I ReactNativeJS: '[UI_PRESS_PROBE]', '{"event":"VOIP_ACTIVE_CALL_RESUME_SKIPPED_AUTH","timestamp":"2026-08-15T20:40:51.545Z","token_ready":true,"user_ready":true,"show_login":false,"show_voip_tester":false,"selected_call_mode":"pstn_assist","source":"app_launch_resume","status":401,"last_call_id":null}'
08-16 05:40:51.572  9580  9617 W ReactNativeJS: This method is deprecated (as well as all React Native Firebase namespaced API) and will be removed in the next major release as part of move to match Firebase Web modular SDK API. Please see migration guide for more details: https://rnfirebase.io/migrating-to-v22 Please use `getApps()` instead.
08-16 05:40:51.572  9580  9617 W ReactNativeJS: This method is deprecated (as well as all React Native Firebase namespaced API) and will be removed in the next major release as part of move to match Firebase Web modular SDK API. Please see migration guide for more details: https://rnfirebase.io/migrating-to-v22 Please use `getApps()` instead.
08-16 05:40:51.572  9580  9617 W ReactNativeJS: This method is deprecated (as well as all React Native Firebase namespaced API) and will be removed in the next major release as part of move to match Firebase Web modular SDK API. Please see migration guide for more details: https://rnfirebase.io/migrating-to-v22 Please use `getApps()` instead.
08-16 05:40:51.573  9580  9617 W ReactNativeJS: This method is deprecated (as well as all React Native Firebase namespaced API) and will be removed in the next major release as part of move to match Firebase Web modular SDK API. Please see migration guide for more details: https://rnfirebase.io/migrating-to-v22 Please use `getApps()` instead.
08-16 05:40:51.574  9580  9617 I ReactNativeJS: '[VoIPPendingIncoming]', '{"event":"REQUEST_START","source":"pending_call_initial","token_summary":"len:30:passke...en_331","user_id":6,"has_pending_call":false,"has_active_call":false}'
08-16 05:40:51.576  9580  9617 I ReactNativeJS: '[UI_PRESS_PROBE]', '{"event":"VOIP_PRESENCE_CONNECT_ATTEMPT","timestamp":"2026-08-15T20:40:51.576Z","token_ready":true,"user_ready":true,"show_login":false,"show_voip_tester":false,"selected_call_mode":"pstn_assist","voice_id":"nado-000006","token_summary":"len:30:passke...en_331","reason":"effect_start","api_base":"https://metanova1004.com"}'
08-16 05:40:51.578  9580  9617 W ReactNativeJS: This method is deprecated (as well as all React Native Firebase namespaced API) and will be removed in the next major release as part of move to match Firebase Web modular SDK API. Please see migration guide for more details: https://rnfirebase.io/migrating-to-v22 Please use `getApp()` instead.
08-16 05:40:51.578  9580  9617 W ReactNativeJS: This method is deprecated (as well as all React Native Firebase namespaced API) and will be removed in the next major release as part of move to match Firebase Web modular SDK API. Please see migration guide for more details: https://rnfirebase.io/migrating-to-v22 Please use `getApp()` instead.
08-16 05:40:51.578  9580  9617 W ReactNativeJS: This method is deprecated (as well as all React Native Firebase namespaced API) and will be removed in the next major release as part of move to match Firebase Web modular SDK API. Please see migration guide for more details: https://rnfirebase.io/migrating-to-v22 Please use `getApp()` instead.
08-16 05:40:51.579  9580  9617 W ReactNativeJS: This method is deprecated (as well as all React Native Firebase namespaced API) and will be removed in the next major release as part of move to match Firebase Web modular SDK API. Please see migration guide for more details: https://rnfirebase.io/migrating-to-v22 Please use `getApp()` instead.
08-16 05:40:51.581  9580  9617 I ReactNativeJS: '[UI_PRESS_PROBE]', '{"event":"VOIP_NOTIFICATION_PERMISSION_STATUS","timestamp":"2026-08-15T20:40:51.580Z","token_ready":true,"user_ready":true,"show_login":false,"show_voip_tester":false,"selected_call_mode":"pstn_assist","notifications_enabled":true}'
08-16 05:40:51.585  9580  9617 I ReactNativeJS: '[DEEP_LINK_TRACE]', '{"source":"initial_url","outcome":"empty_url"}'
08-16 05:40:51.613  9580  9617 I ReactNativeJS: '[UI_PRESS_PROBE]', '{"event":"VOIP_PRESENCE_ERROR","timestamp":"2026-08-15T20:40:51.613Z","token_ready":true,"user_ready":true,"show_login":false,"show_voip_tester":false,"selected_call_mode":"pstn_assist","voice_id":"nado-000006","token_summary":"len:30:passke...en_331","reason":"effect_start"}'
08-16 05:40:51.614  9580  9617 I ReactNativeJS: '[UI_PRESS_PROBE]', '{"event":"VOIP_PRESENCE_CLOSED","timestamp":"2026-08-15T20:40:51.613Z","token_ready":true,"user_ready":true,"show_login":false,"show_voip_tester":false,"selected_call_mode":"pstn_assist","voice_id":"nado-000006","token_summary":"len:30:passke...en_331","reason":"effect_start","code":1006}'
08-16 05:40:51.614  9580  9617 I ReactNativeJS: '[UI_PRESS_PROBE]', '{"event":"VOIP_PRESENCE_RETRY_SCHEDULED","timestamp":"2026-08-15T20:40:51.614Z","token_ready":true,"user_ready":true,"show_login":false,"show_voip_tester":false,"selected_call_mode":"pstn_assist","voice_id":"nado-000006","token_summary":"len:30:passke...en_331","reason":"close:1006"}'
08-16 05:40:51.644  9580  9617 I ReactNativeJS: '[MISSED_CALL]', '{"event":"fetch","count":0}'
08-16 05:40:51.644  9580  9617 I ReactNativeJS: '[VoIPPendingIncoming]', '{"event":"REQUEST_RESULT","source":"pending_call_initial","token_summary":"len:30:passke...en_331","user_id":6,"status":401,"ok":false}'
08-16 05:40:51.644  9580  9617 I ReactNativeJS: '[VoIPPendingIncoming] fetch failed', 401
08-16 05:40:51.645  9580  9617 W ReactNativeJS: This method is deprecated (as well as all React Native Firebase namespaced API) and will be removed in the next major release as part of move to match Firebase Web modular SDK API. Please see migration guide for more details: https://rnfirebase.io/migrating-to-v22 Please use `getApp()` instead.
08-16 05:40:51.684  9580  9617 I ReactNativeJS: '[UI_PRESS_PROBE]', '{"event":"VOIP_ACTIVE_CALL_RESUME_SKIPPED_AUTH","timestamp":"2026-08-15T20:40:51.677Z","token_ready":true,"user_ready":true,"show_login":false,"show_voip_tester":false,"selected_call_mode":"pstn_assist","source":"app_launch_resume","status":401,"last_call_id":null}'
08-16 05:40:51.709  9580  9617 I ReactNativeJS: '[AUTH_FLOW]', '{"event":"AUTH_STORAGE_RESTORE_FOUND","user_id":6,"user_email":"119cash@naver.com"}'
08-16 05:40:51.709  9580  9617 I ReactNativeJS: '[AUTH_FLOW]', '{"event":"AUTH_STORAGE_RESTORE_APPLIED","user_id":6,"user_email":"119cash@naver.com"}'
08-16 05:40:51.738  9580  9617 W ReactNativeJS: This method is deprecated (as well as all React Native Firebase namespaced API) and will be removed in the next major release as part of move to match Firebase Web modular SDK API. Please see migration guide for more details: https://rnfirebase.io/migrating-to-v22 Please use `getApps()` instead.
08-16 05:40:51.738  9580  9617 W ReactNativeJS: This method is deprecated (as well as all React Native Firebase namespaced API) and will be removed in the next major release as part of move to match Firebase Web modular SDK API. Please see migration guide for more details: https://rnfirebase.io/migrating-to-v22 Please use `getApps()` instead.
08-16 05:40:51.738  9580  9617 W ReactNativeJS: This method is deprecated (as well as all React Native Firebase namespaced API) and will be removed in the next major release as part of move to match Firebase Web modular SDK API. Please see migration guide for more details: https://rnfirebase.io/migrating-to-v22 Please use `getApps()` instead.
08-16 05:40:51.740  9580  9617 W ReactNativeJS: This method is deprecated (as well as all React Native Firebase namespaced API) and will be removed in the next major release as part of move to match Firebase Web modular SDK API. Please see migration guide for more details: https://rnfirebase.io/migrating-to-v22 Please use `getApps()` instead.
08-16 05:40:51.741  9580  9617 I ReactNativeJS: '[VoIPPendingIncoming]', '{"event":"REQUEST_START","source":"pending_call_initial","token_summary":"len:30:passke...en_331","user_id":6,"has_pending_call":false,"has_active_call":false}'
08-16 05:40:51.743  9580  9617 I ReactNativeJS: '[UI_PRESS_PROBE]', '{"event":"VOIP_PRESENCE_CONNECT_ATTEMPT","timestamp":"2026-08-15T20:40:51.742Z","token_ready":true,"user_ready":true,"show_login":false,"show_voip_tester":false,"selected_call_mode":"pstn_assist","voice_id":"nado-000006","token_summary":"len:30:passke...en_331","reason":"effect_start","api_base":"https://metanova1004.com"}'
08-16 05:40:51.745  9580  9617 W ReactNativeJS: This method is deprecated (as well as all React Native Firebase namespaced API) and will be removed in the next major release as part of move to match Firebase Web modular SDK API. Please see migration guide for more details: https://rnfirebase.io/migrating-to-v22 Please use `getApp()` instead.
08-16 05:40:51.745  9580  9617 W ReactNativeJS: This method is deprecated (as well as all React Native Firebase namespaced API) and will be removed in the next major release as part of move to match Firebase Web modular SDK API. Please see migration guide for more details: https://rnfirebase.io/migrating-to-v22 Please use `getApp()` instead.
08-16 05:40:51.745  9580  9617 W ReactNativeJS: This method is deprecated (as well as all React Native Firebase namespaced API) and will be removed in the next major release as part of move to match Firebase Web modular SDK API. Please see migration guide for more details: https://rnfirebase.io/migrating-to-v22 Please use `getApp()` instead.
08-16 05:40:51.747  9580  9617 W ReactNativeJS: This method is deprecated (as well as all React Native Firebase namespaced API) and will be removed in the next major release as part of move to match Firebase Web modular SDK API. Please see migration guide for more details: https://rnfirebase.io/migrating-to-v22 Please use `getApp()` instead.
08-16 05:40:51.748  9580  9617 I ReactNativeJS: '[UI_PRESS_PROBE]', '{"event":"VOIP_NOTIFICATION_PERMISSION_STATUS","timestamp":"2026-08-15T20:40:51.747Z","token_ready":true,"user_ready":true,"show_login":false,"show_voip_tester":false,"selected_call_mode":"pstn_assist","notifications_enabled":true}'
08-16 05:40:51.752  9580  9617 I ReactNativeJS: '[DEEP_LINK_TRACE]', '{"source":"initial_url","outcome":"empty_url"}'
08-16 05:40:51.782  9580  9617 I ReactNativeJS: '[UI_PRESS_PROBE]', '{"event":"VOIP_PRESENCE_ERROR","timestamp":"2026-08-15T20:40:51.782Z","token_ready":true,"user_ready":true,"show_login":false,"show_voip_tester":false,"selected_call_mode":"pstn_assist","voice_id":"nado-000006","token_summary":"len:30:passke...en_331","reason":"effect_start"}'
08-16 05:40:51.783  9580  9617 I ReactNativeJS: '[UI_PRESS_PROBE]', '{"event":"VOIP_PRESENCE_CLOSED","timestamp":"2026-08-15T20:40:51.783Z","token_ready":true,"user_ready":true,"show_login":false,"show_voip_tester":false,"selected_call_mode":"pstn_assist","voice_id":"nado-000006","token_summary":"len:30:passke...en_331","reason":"effect_start","code":1006}'
08-16 05:40:51.783  9580  9617 I ReactNativeJS: '[UI_PRESS_PROBE]', '{"event":"VOIP_PRESENCE_RETRY_SCHEDULED","timestamp":"2026-08-15T20:40:51.783Z","token_ready":true,"user_ready":true,"show_login":false,"show_voip_tester":false,"selected_call_mode":"pstn_assist","voice_id":"nado-000006","token_summary":"len:30:passke...en_331","reason":"close:1006"}'
08-16 05:40:51.814  9580  9617 W ReactNativeJS: This method is deprecated (as well as all React Native Firebase namespaced API) and will be removed in the next major release as part of move to match Firebase Web modular SDK API. Please see migration guide for more details: https://rnfirebase.io/migrating-to-v22 Please use `getApp()` instead.
08-16 05:40:51.819  9580  9617 I ReactNativeJS: '[MISSED_CALL]', '{"event":"fetch","count":0}'
08-16 05:40:51.819  9580  9617 I ReactNativeJS: '[VoIPPendingIncoming]', '{"event":"REQUEST_RESULT","source":"pending_call_initial","token_summary":"len:30:passke...en_331","user_id":6,"status":401,"ok":false}'
08-16 05:40:51.819  9580  9617 I ReactNativeJS: '[VoIPPendingIncoming] fetch failed', 401
08-16 05:40:51.828  9580  9617 W ReactNativeJS: This method is deprecated (as well as all React Native Firebase namespaced API) and will be removed in the next major release as part of move to match Firebase Web modular SDK API. Please see migration guide for more details: https://rnfirebase.io/migrating-to-v22 Please use `getApp()` instead.
08-16 05:40:51.876  9580  9617 I ReactNativeJS: '[AUTH_FLOW]', '{"event":"AUTH_STORAGE_RESTORE_FOUND","user_id":6,"user_email":"119cash@naver.com"}'
08-16 05:40:51.876  9580  9617 I ReactNativeJS: '[AUTH_FLOW]', '{"event":"AUTH_STORAGE_RESTORE_APPLIED","user_id":6,"user_email":"119cash@naver.com"}'
08-16 05:40:51.883  9580  9617 I ReactNativeJS: '[UI_PRESS_PROBE]', '{"event":"VOIP_ACTIVE_CALL_RESUME_SKIPPED_AUTH","timestamp":"2026-08-15T20:40:51.882Z","token_ready":true,"user_ready":true,"show_login":false,"show_voip_tester":false,"selected_call_mode":"pstn_assist","source":"app_launch_resume","status":401,"last_call_id":null}'
08-16 05:40:51.919  9580  9617 W ReactNativeJS: This method is deprecated (as well as all React Native Firebase namespaced API) and will be removed in the next major release as part of move to match Firebase Web modular SDK API. Please see migration guide for more details: https://rnfirebase.io/migrating-to-v22 Please use `getApps()` instead.
08-16 05:40:51.919  9580  9617 W ReactNativeJS: This method is deprecated (as well as all React Native Firebase namespaced API) and will be removed in the next major release as part of move to match Firebase Web modular SDK API. Please see migration guide for more details: https://rnfirebase.io/migrating-to-v22 Please use `getApps()` instead.
08-16 05:40:51.919  9580  9617 W ReactNativeJS: This method is deprecated (as well as all React Native Firebase namespaced API) and will be removed in the next major release as part of move to match Firebase Web modular SDK API. Please see migration guide for more details: https://rnfirebase.io/migrating-to-v22 Please use `getApps()` instead.
08-16 05:40:51.921  9580  9617 W ReactNativeJS: This method is deprecated (as well as all React Native Firebase namespaced API) and will be removed in the next major release as part of move to match Firebase Web modular SDK API. Please see migration guide for more details: https://rnfirebase.io/migrating-to-v22 Please use `getApps()` instead.
08-16 05:40:51.923  9580  9617 I ReactNativeJS: '[VoIPPendingIncoming]', '{"event":"REQUEST_START","source":"pending_call_initial","token_summary":"len:30:passke...en_331","user_id":6,"has_pending_call":false,"has_active_call":false}'
08-16 05:40:51.925  9580  9617 I ReactNativeJS: '[UI_PRESS_PROBE]', '{"event":"VOIP_PRESENCE_CONNECT_ATTEMPT","timestamp":"2026-08-15T20:40:51.924Z","token_ready":true,"user_ready":true,"show_login":false,"show_voip_tester":false,"selected_call_mode":"pstn_assist","voice_id":"nado-000006","token_summary":"len:30:passke...en_331","reason":"effect_start","api_base":"https://metanova1004.com"}'
08-16 05:40:51.926  9580  9617 W ReactNativeJS: This method is deprecated (as well as all React Native Firebase namespaced API) and will be removed in the next major release as part of move to match Firebase Web modular SDK API. Please see migration guide for more details: https://rnfirebase.io/migrating-to-v22 Please use `getApp()` instead.
08-16 05:40:51.926  9580  9617 W ReactNativeJS: This method is deprecated (as well as all React Native Firebase namespaced API) and will be removed in the next major release as part of move to match Firebase Web modular SDK API. Please see migration guide for more details: https://rnfirebase.io/migrating-to-v22 Please use `getApp()` instead.
08-16 05:40:51.926  9580  9617 W ReactNativeJS: This method is deprecated (as well as all React Native Firebase namespaced API) and will be removed in the next major release as part of move to match Firebase Web modular SDK API. Please see migration guide for more details: https://rnfirebase.io/migrating-to-v22 Please use `getApp()` instead.
08-16 05:40:51.928  9580  9617 W ReactNativeJS: This method is deprecated (as well as all React Native Firebase namespaced API) and will be removed in the next major release as part of move to match Firebase Web modular SDK API. Please see migration guide for more details: https://rnfirebase.io/migrating-to-v22 Please use `getApp()` instead.
08-16 05:40:51.929  9580  9617 I ReactNativeJS: '[UI_PRESS_PROBE]', '{"event":"VOIP_NOTIFICATION_PERMISSION_STATUS","timestamp":"2026-08-15T20:40:51.928Z","token_ready":true,"user_ready":true,"show_login":false,"show_voip_tester":false,"selected_call_mode":"pstn_assist","notifications_enabled":true}'
08-16 05:40:51.931  9580  9617 I ReactNativeJS: '[DEEP_LINK_TRACE]', '{"source":"initial_url","outcome":"empty_url"}'
08-16 05:40:51.959  9580  9617 I ReactNativeJS: '[UI_PRESS_PROBE]', '{"event":"VOIP_PRESENCE_ERROR","timestamp":"2026-08-15T20:40:51.958Z","token_ready":true,"user_ready":true,"show_login":false,"show_voip_tester":false,"selected_call_mode":"pstn_assist","voice_id":"nado-000006","token_summary":"len:30:passke...en_331","reason":"effect_start"}'
08-16 05:40:51.959  9580  9617 I ReactNativeJS: '[UI_PRESS_PROBE]', '{"event":"VOIP_PRESENCE_CLOSED","timestamp":"2026-08-15T20:40:51.959Z","token_ready":true,"user_ready":true,"show_login":false,"show_voip_tester":false,"selected_call_mode":"pstn_assist","voice_id":"nado-000006","token_summary":"len:30:passke...en_331","reason":"effect_start","code":1006}'
08-16 05:40:51.960  9580  9617 I ReactNativeJS: '[UI_PRESS_PROBE]', '{"event":"VOIP_PRESENCE_RETRY_SCHEDULED","timestamp":"2026-08-15T20:40:51.959Z","token_ready":true,"user_ready":true,"show_login":false,"show_voip_tester":false,"selected_call_mode":"pstn_assist","voice_id":"nado-000006","token_summary":"len:30:passke...en_331","reason":"close:1006"}'
08-16 05:40:52.031  9580  9617 I ReactNativeJS: '[MISSED_CALL]', '{"event":"fetch","count":0}'
08-16 05:40:52.039  9580  9617 W ReactNativeJS: This method is deprecated (as well as all React Native Firebase namespaced API) and will be removed in the next major release as part of move to match Firebase Web modular SDK API. Please see migration guide for more details: https://rnfirebase.io/migrating-to-v22 Please use `getApp()` instead.
08-16 05:40:52.048  9580  9617 I ReactNativeJS: '[VoIPPendingIncoming]', '{"event":"REQUEST_RESULT","source":"pending_call_initial","token_summary":"len:30:passke...en_331","user_id":6,"status":401,"ok":false}'
08-16 05:40:52.048  9580  9617 I ReactNativeJS: '[VoIPPendingIncoming] fetch failed', 401
08-16 05:40:52.071  9580  9617 I ReactNativeJS: '[UI_PRESS_PROBE]', '{"event":"VOIP_ACTIVE_CALL_RESUME_SKIPPED_AUTH","timestamp":"2026-08-15T20:40:52.070Z","token_ready":true,"user_ready":true,"show_login":false,"show_voip_tester":false,"selected_call_mode":"pstn_assist","source":"app_launch_resume","status":401,"last_call_id":null}'
08-16 05:40:52.113  9580  9617 I ReactNativeJS: '[AUTH_FLOW]', '{"event":"AUTH_STORAGE_RESTORE_FOUND","user_id":6,"user_email":"119cash@naver.com"}'
08-16 05:40:52.113  9580  9617 I ReactNativeJS: '[AUTH_FLOW]', '{"event":"AUTH_STORAGE_RESTORE_APPLIED","user_id":6,"user_email":"119cash@naver.com"}'
08-16 05:40:52.141  9580  9617 W ReactNativeJS: This method is deprecated (as well as all React Native Firebase namespaced API) and will be removed in the next major release as part of move to match Firebase Web modular SDK API. Please see migration guide for more details: https://rnfirebase.io/migrating-to-v22 Please use `getApps()` instead.
08-16 05:40:52.141  9580  9617 W ReactNativeJS: This method is deprecated (as well as all React Native Firebase namespaced API) and will be removed in the next major release as part of move to match Firebase Web modular SDK API. Please see migration guide for more details: https://rnfirebase.io/migrating-to-v22 Please use `getApps()` instead.
08-16 05:40:52.141  9580  9617 W ReactNativeJS: This method is deprecated (as well as all React Native Firebase namespaced API) and will be removed in the next major release as part of move to match Firebase Web modular SDK API. Please see migration guide for more details: https://rnfirebase.io/migrating-to-v22 Please use `getApps()` instead.
08-16 05:40:52.142  9580  9617 W ReactNativeJS: This method is deprecated (as well as all React Native Firebase namespaced API) and will be removed in the next major release as part of move to match Firebase Web modular SDK API. Please see migration guide for more details: https://rnfirebase.io/migrating-to-v22 Please use `getApps()` instead.
08-16 05:40:52.144  9580  9617 I ReactNativeJS: '[VoIPPendingIncoming]', '{"event":"REQUEST_START","source":"pending_call_initial","token_summary":"len:30:passke...en_331","user_id":6,"has_pending_call":false,"has_active_call":false}'
08-16 05:40:52.146  9580  9617 I ReactNativeJS: '[UI_PRESS_PROBE]', '{"event":"VOIP_PRESENCE_CONNECT_ATTEMPT","timestamp":"2026-08-15T20:40:52.146Z","token_ready":true,"user_ready":true,"show_login":false,"show_voip_tester":false,"selected_call_mode":"pstn_assist","voice_id":"nado-000006","token_summary":"len:30:passke...en_331","reason":"effect_start","api_base":"https://metanova1004.com"}'
08-16 05:40:52.148  9580  9617 W ReactNativeJS: This method is deprecated (as well as all React Native Firebase namespaced API) and will be removed in the next major release as part of move to match Firebase Web modular SDK API. Please see migration guide for more details: https://rnfirebase.io/migrating-to-v22 Please use `getApp()` instead.
08-16 05:40:52.148  9580  9617 W ReactNativeJS: This method is deprecated (as well as all React Native Firebase namespaced API) and will be removed in the next major release as part of move to match Firebase Web modular SDK API. Please see migration guide for more details: https://rnfirebase.io/migrating-to-v22 Please use `getApp()` instead.
08-16 05:40:52.148  9580  9617 W ReactNativeJS: This method is deprecated (as well as all React Native Firebase namespaced API) and will be removed in the next major release as part of move to match Firebase Web modular SDK API. Please see migration guide for more details: https://rnfirebase.io/migrating-to-v22 Please use `getApp()` instead.
08-16 05:40:52.149  9580  9617 W ReactNativeJS: This method is deprecated (as well as all React Native Firebase namespaced API) and will be removed in the next major release as part of move to match Firebase Web modular SDK API. Please see migration guide for more details: https://rnfirebase.io/migrating-to-v22 Please use `getApp()` instead.
08-16 05:40:52.150  9580  9617 I ReactNativeJS: '[UI_PRESS_PROBE]', '{"event":"VOIP_NOTIFICATION_PERMISSION_STATUS","timestamp":"2026-08-15T20:40:52.150Z","token_ready":true,"user_ready":true,"show_login":false,"show_voip_tester":false,"selected_call_mode":"pstn_assist","notifications_enabled":true}'
08-16 05:40:52.152  9580  9617 I ReactNativeJS: '[DEEP_LINK_TRACE]', '{"source":"initial_url","outcome":"empty_url"}'
08-16 05:40:52.179  9580  9617 I ReactNativeJS: '[UI_PRESS_PROBE]', '{"event":"VOIP_PRESENCE_ERROR","timestamp":"2026-08-15T20:40:52.178Z","token_ready":true,"user_ready":true,"show_login":false,"show_voip_tester":false,"selected_call_mode":"pstn_assist","voice_id":"nado-000006","token_summary":"len:30:passke...en_331","reason":"effect_start"}'
08-16 05:40:52.179  9580  9617 I ReactNativeJS: '[UI_PRESS_PROBE]', '{"event":"VOIP_PRESENCE_CLOSED","timestamp":"2026-08-15T20:40:52.179Z","token_ready":true,"user_ready":true,"show_login":false,"show_voip_tester":false,"selected_call_mode":"pstn_assist","voice_id":"nado-000006","token_summary":"len:30:passke...en_331","reason":"effect_start","code":1006}'
08-16 05:40:52.180  9580  9617 I ReactNativeJS: '[UI_PRESS_PROBE]', '{"event":"VOIP_PRESENCE_RETRY_SCHEDULED","timestamp":"2026-08-15T20:40:52.179Z","token_ready":true,"user_ready":true,"show_login":false,"show_voip_tester":false,"selected_call_mode":"pstn_assist","voice_id":"nado-000006","token_summary":"len:30:passke...en_331","reason":"close:1006"}'
08-16 05:40:52.221  9580  9617 I ReactNativeJS: '[MISSED_CALL]', '{"event":"fetch","count":0}'
08-16 05:40:52.230  9580  9617 W ReactNativeJS: This method is deprecated (as well as all React Native Firebase namespaced API) and will be removed in the next major release as part of move to match Firebase Web modular SDK API. Please see migration guide for more details: https://rnfirebase.io/migrating-to-v22 Please use `getApp()` instead.
08-16 05:40:52.253  9580  9617 I ReactNativeJS: '[VoIPPendingIncoming]', '{"event":"REQUEST_RESULT","source":"pending_call_initial","token_summary":"len:30:passke...en_331","user_id":6,"status":401,"ok":false}'
08-16 05:40:52.253  9580  9617 I ReactNativeJS: '[VoIPPendingIncoming] fetch failed', 401
08-16 05:40:52.264  9580  9617 W ReactNativeJS: This method is deprecated (as well as all React Native Firebase namespaced API) and will be removed in the next major release as part of move to match Firebase Web modular SDK API. Please see migration guide for more details: https://rnfirebase.io/migrating-to-v22 Please use `getApp()` instead.
08-16 05:40:52.288  9580  9617 I ReactNativeJS: '[UI_PRESS_PROBE]', '{"event":"VOIP_ACTIVE_CALL_RESUME_SKIPPED_AUTH","timestamp":"2026-08-15T20:40:52.286Z","token_ready":true,"user_ready":true,"show_login":false,"show_voip_tester":false,"selected_call_mode":"pstn_assist","source":"app_launch_resume","status":401,"last_call_id":null}'
08-16 05:40:52.290  9580  9617 I ReactNativeJS: '[AUTH_FLOW]', '{"event":"AUTH_STORAGE_RESTORE_FOUND","user_id":6,"user_email":"119cash@naver.com"}'
08-16 05:40:52.290  9580  9617 I ReactNativeJS: '[AUTH_FLOW]', '{"event":"AUTH_STORAGE_RESTORE_APPLIED","user_id":6,"user_email":"119cash@naver.com"}'
08-16 05:40:52.331  9580  9617 W ReactNativeJS: This method is deprecated (as well as all React Native Firebase namespaced API) and will be removed in the next major release as part of move to match Firebase Web modular SDK API. Please see migration guide for more details: https://rnfirebase.io/migrating-to-v22 Please use `getApps()` instead.
08-16 05:40:52.331  9580  9617 W ReactNativeJS: This method is deprecated (as well as all React Native Firebase namespaced API) and will be removed in the next major release as part of move to match Firebase Web modular SDK API. Please see migration guide for more details: https://rnfirebase.io/migrating-to-v22 Please use `getApps()` instead.
08-16 05:40:52.331  9580  9617 W ReactNativeJS: This method is deprecated (as well as all React Native Firebase namespaced API) and will be removed in the next major release as part of move to match Firebase Web modular SDK API. Please see migration guide for more details: https://rnfirebase.io/migrating-to-v22 Please use `getApps()` instead.
08-16 05:40:52.332  9580  9617 W ReactNativeJS: This method is deprecated (as well as all React Native Firebase namespaced API) and will be removed in the next major release as part of move to match Firebase Web modular SDK API. Please see migration guide for more details: https://rnfirebase.io/migrating-to-v22 Please use `getApps()` instead.
08-16 05:40:52.334  9580  9617 I ReactNativeJS: '[VoIPPendingIncoming]', '{"event":"REQUEST_START","source":"pending_call_initial","token_summary":"len:30:passke...en_331","user_id":6,"has_pending_call":false,"has_active_call":false}'
08-16 05:40:52.335  9580  9617 I ReactNativeJS: '[UI_PRESS_PROBE]', '{"event":"VOIP_PRESENCE_CONNECT_ATTEMPT","timestamp":"2026-08-15T20:40:52.335Z","token_ready":true,"user_ready":true,"show_login":false,"show_voip_tester":false,"selected_call_mode":"pstn_assist","voice_id":"nado-000006","token_summary":"len:30:passke...en_331","reason":"effect_start","api_base":"https://metanova1004.com"}'
08-16 05:40:52.336  9580  9617 W ReactNativeJS: This method is deprecated (as well as all React Native Firebase namespaced API) and will be removed in the next major release as part of move to match Firebase Web modular SDK API. Please see migration guide for more details: https://rnfirebase.io/migrating-to-v22 Please use `getApp()` instead.
08-16 05:40:52.336  9580  9617 W ReactNativeJS: This method is deprecated (as well as all React Native Firebase namespaced API) and will be removed in the next major release as part of move to match Firebase Web modular SDK API. Please see migration guide for more details: https://rnfirebase.io/migrating-to-v22 Please use `getApp()` instead.
08-16 05:40:52.336  9580  9617 W ReactNativeJS: This method is deprecated (as well as all React Native Firebase namespaced API) and will be removed in the next major release as part of move to match Firebase Web modular SDK API. Please see migration guide for more details: https://rnfirebase.io/migrating-to-v22 Please use `getApp()` instead.
08-16 05:40:52.338  9580  9617 W ReactNativeJS: This method is deprecated (as well as all React Native Firebase namespaced API) and will be removed in the next major release as part of move to match Firebase Web modular SDK API. Please see migration guide for more details: https://rnfirebase.io/migrating-to-v22 Please use `getApp()` instead.
08-16 05:40:52.339  9580  9617 I ReactNativeJS: '[UI_PRESS_PROBE]', '{"event":"VOIP_NOTIFICATION_PERMISSION_STATUS","timestamp":"2026-08-15T20:40:52.338Z","token_ready":true,"user_ready":true,"show_login":false,"show_voip_tester":false,"selected_call_mode":"pstn_assist","notifications_enabled":true}'
08-16 05:40:52.342  9580  9617 I ReactNativeJS: '[DEEP_LINK_TRACE]', '{"source":"initial_url","outcome":"empty_url"}'
08-16 05:40:52.369  9580  9617 I ReactNativeJS: '[UI_PRESS_PROBE]', '{"event":"VOIP_PRESENCE_ERROR","timestamp":"2026-08-15T20:40:52.369Z","token_ready":true,"user_ready":true,"show_login":false,"show_voip_tester":false,"selected_call_mode":"pstn_assist","voice_id":"nado-000006","token_summary":"len:30:passke...en_331","reason":"effect_start"}'
08-16 05:40:52.370  9580  9617 I ReactNativeJS: '[UI_PRESS_PROBE]', '{"event":"VOIP_PRESENCE_CLOSED","timestamp":"2026-08-15T20:40:52.369Z","token_ready":true,"user_ready":true,"show_login":false,"show_voip_tester":false,"selected_call_mode":"pstn_assist","voice_id":"nado-000006","token_summary":"len:30:passke...en_331","reason":"effect_start","code":1006}'
08-16 05:40:52.370  9580  9617 I ReactNativeJS: '[UI_PRESS_PROBE]', '{"event":"VOIP_PRESENCE_RETRY_SCHEDULED","timestamp":"2026-08-15T20:40:52.370Z","token_ready":true,"user_ready":true,"show_login":false,"show_voip_tester":false,"selected_call_mode":"pstn_assist","voice_id":"nado-000006","token_summary":"len:30:passke...en_331","reason":"close:1006"}'
08-16 05:40:52.375  9580  9617 I ReactNativeJS: '[MISSED_CALL]', '{"event":"fetch","count":0}'
08-16 05:40:52.375  9580  9617 I ReactNativeJS: '[VoIPPendingIncoming]', '{"event":"REQUEST_RESULT","source":"pending_call_initial","token_summary":"len:30:passke...en_331","user_id":6,"status":401,"ok":false}'
08-16 05:40:52.375  9580  9617 I ReactNativeJS: '[VoIPPendingIncoming] fetch failed', 401
08-16 05:40:52.402  9580  9617 W ReactNativeJS: This method is deprecated (as well as all React Native Firebase namespaced API) and will be removed in the next major release as part of move to match Firebase Web modular SDK API. Please see migration guide for more details: https://rnfirebase.io/migrating-to-v22 Please use `getApp()` instead.
08-16 05:40:52.414  9580  9617 I ReactNativeJS: '[UI_PRESS_PROBE]', '{"event":"VOIP_ACTIVE_CALL_RESUME_SKIPPED_AUTH","timestamp":"2026-08-15T20:40:52.413Z","token_ready":true,"user_ready":true,"show_login":false,"show_voip_tester":false,"selected_call_mode":"pstn_assist","source":"app_launch_resume","status":401,"last_call_id":null}'
08-16 05:40:52.472  9580  9617 I ReactNativeJS: '[AUTH_FLOW]', '{"event":"AUTH_STORAGE_RESTORE_FOUND","user_id":6,"user_email":"119cash@naver.com"}'
08-16 05:40:52.472  9580  9617 I ReactNativeJS: '[AUTH_FLOW]', '{"event":"AUTH_STORAGE_RESTORE_APPLIED","user_id":6,"user_email":"119cash@naver.com"}'
08-16 05:40:52.508  9580  9617 W ReactNativeJS: This method is deprecated (as well as all React Native Firebase namespaced API) and will be removed in the next major release as part of move to match Firebase Web modular SDK API. Please see migration guide for more details: https://rnfirebase.io/migrating-to-v22 Please use `getApps()` instead.
08-16 05:40:52.508  9580  9617 W ReactNativeJS: This method is deprecated (as well as all React Native Firebase namespaced API) and will be removed in the next major release as part of move to match Firebase Web modular SDK API. Please see migration guide for more details: https://rnfirebase.io/migrating-to-v22 Please use `getApps()` instead.
08-16 05:40:52.508  9580  9617 W ReactNativeJS: This method is deprecated (as well as all React Native Firebase namespaced API) and will be removed in the next major release as part of move to match Firebase Web modular SDK API. Please see migration guide for more details: https://rnfirebase.io/migrating-to-v22 Please use `getApps()` instead.
08-16 05:40:52.509  9580  9617 W ReactNativeJS: This method is deprecated (as well as all React Native Firebase namespaced API) and will be removed in the next major release as part of move to match Firebase Web modular SDK API. Please see migration guide for more details: https://rnfirebase.io/migrating-to-v22 Please use `getApps()` instead.
08-16 05:40:52.511  9580  9617 I ReactNativeJS: '[VoIPPendingIncoming]', '{"event":"REQUEST_START","source":"pending_call_initial","token_summary":"len:30:passke...en_331","user_id":6,"has_pending_call":false,"has_active_call":false}'
08-16 05:40:52.512  9580  9617 I ReactNativeJS: '[UI_PRESS_PROBE]', '{"event":"VOIP_PRESENCE_CONNECT_ATTEMPT","timestamp":"2026-08-15T20:40:52.512Z","token_ready":true,"user_ready":true,"show_login":false,"show_voip_tester":false,"selected_call_mode":"pstn_assist","voice_id":"nado-000006","token_summary":"len:30:passke...en_331","reason":"effect_start","api_base":"https://metanova1004.com"}'
08-16 05:40:52.514  9580  9617 W ReactNativeJS: This method is deprecated (as well as all React Native Firebase namespaced API) and will be removed in the next major release as part of move to match Firebase Web modular SDK API. Please see migration guide for more details: https://rnfirebase.io/migrating-to-v22 Please use `getApp()` instead.
08-16 05:40:52.514  9580  9617 W ReactNativeJS: This method is deprecated (as well as all React Native Firebase namespaced API) and will be removed in the next major release as part of move to match Firebase Web modular SDK API. Please see migration guide for more details: https://rnfirebase.io/migrating-to-v22 Please use `getApp()` instead.
08-16 05:40:52.514  9580  9617 W ReactNativeJS: This method is deprecated (as well as all React Native Firebase namespaced API) and will be removed in the next major release as part of move to match Firebase Web modular SDK API. Please see migration guide for more details: https://rnfirebase.io/migrating-to-v22 Please use `getApp()` instead.
08-16 05:40:52.516  9580  9617 W ReactNativeJS: This method is deprecated (as well as all React Native Firebase namespaced API) and will be removed in the next major release as part of move to match Firebase Web modular SDK API. Please see migration guide for more details: https://rnfirebase.io/migrating-to-v22 Please use `getApp()` instead.
08-16 05:40:52.517  9580  9617 I ReactNativeJS: '[UI_PRESS_PROBE]', '{"event":"VOIP_NOTIFICATION_PERMISSION_STATUS","timestamp":"2026-08-15T20:40:52.516Z","token_ready":true,"user_ready":true,"show_login":false,"show_voip_tester":false,"selected_call_mode":"pstn_assist","notifications_enabled":true}'
08-16 05:40:52.518  9580  9617 I ReactNativeJS: '[DEEP_LINK_TRACE]', '{"source":"initial_url","outcome":"empty_url"}'
08-16 05:40:52.545  9580  9617 I ReactNativeJS: '[UI_PRESS_PROBE]', '{"event":"VOIP_PRESENCE_ERROR","timestamp":"2026-08-15T20:40:52.544Z","token_ready":true,"user_ready":true,"show_login":false,"show_voip_tester":false,"selected_call_mode":"pstn_assist","voice_id":"nado-000006","token_summary":"len:30:passke...en_331","reason":"effect_start"}'
08-16 05:40:52.545  9580  9617 I ReactNativeJS: '[UI_PRESS_PROBE]', '{"event":"VOIP_PRESENCE_CLOSED","timestamp":"2026-08-15T20:40:52.545Z","token_ready":true,"user_ready":true,"show_login":false,"show_voip_tester":false,"selected_call_mode":"pstn_assist","voice_id":"nado-000006","token_summary":"len:30:passke...en_331","reason":"effect_start","code":1006}'
08-16 05:40:52.546  9580  9617 I ReactNativeJS: '[UI_PRESS_PROBE]', '{"event":"VOIP_PRESENCE_RETRY_SCHEDULED","timestamp":"2026-08-15T20:40:52.545Z","token_ready":true,"user_ready":true,"show_login":false,"show_voip_tester":false,"selected_call_mode":"pstn_assist","voice_id":"nado-000006","token_summary":"len:30:passke...en_331","reason":"close:1006"}'
08-16 05:40:52.575  9580  9617 I ReactNativeJS: '[MISSED_CALL]', '{"event":"fetch","count":0}'
08-16 05:40:52.576  9580  9617 I ReactNativeJS: '[VoIPPendingIncoming]', '{"event":"REQUEST_RESULT","source":"pending_call_initial","token_summary":"len:30:passke...en_331","user_id":6,"status":401,"ok":false}'
08-16 05:40:52.576  9580  9617 I ReactNativeJS: '[VoIPPendingIncoming] fetch failed', 401
08-16 05:40:52.576  9580  9617 W ReactNativeJS: This method is deprecated (as well as all React Native Firebase namespaced API) and will be removed in the next major release as part of move to match Firebase Web modular SDK API. Please see migration guide for more details: https://rnfirebase.io/migrating-to-v22 Please use `getApp()` instead.
08-16 05:40:52.598  9580  9617 I ReactNativeJS: '[UI_PRESS_PROBE]', '{"event":"VOIP_ACTIVE_CALL_RESUME_SKIPPED_AUTH","timestamp":"2026-08-15T20:40:52.597Z","token_ready":true,"user_ready":true,"show_login":false,"show_voip_tester":false,"selected_call_mode":"pstn_assist","source":"app_launch_resume","status":401,"last_call_id":null}'
08-16 05:40:52.627  9580  9617 I ReactNativeJS: '[AUTH_FLOW]', '{"event":"AUTH_STORAGE_RESTORE_FOUND","user_id":6,"user_email":"119cash@naver.com"}'
08-16 05:40:52.627  9580  9617 I ReactNativeJS: '[AUTH_FLOW]', '{"event":"AUTH_STORAGE_RESTORE_APPLIED","user_id":6,"user_email":"119cash@naver.com"}'
08-16 05:40:52.629  9580  9617 W ReactNativeJS: This method is deprecated (as well as all React Native Firebase namespaced API) and will be removed in the next major release as part of move to match Firebase Web modular SDK API. Please see migration guide for more details: https://rnfirebase.io/migrating-to-v22 Please use `getApp()` instead.
08-16 05:40:52.659  9580  9617 W ReactNativeJS: This method is deprecated (as well as all React Native Firebase namespaced API) and will be removed in the next major release as part of move to match Firebase Web modular SDK API. Please see migration guide for more details: https://rnfirebase.io/migrating-to-v22 Please use `getApps()` instead.
08-16 05:40:52.659  9580  9617 W ReactNativeJS: This method is deprecated (as well as all React Native Firebase namespaced API) and will be removed in the next major release as part of move to match Firebase Web modular SDK API. Please see migration guide for more details: https://rnfirebase.io/migrating-to-v22 Please use `getApps()` instead.
08-16 05:40:52.660  9580  9617 W ReactNativeJS: This method is deprecated (as well as all React Native Firebase namespaced API) and will be removed in the next major release as part of move to match Firebase Web modular SDK API. Please see migration guide for more details: https://rnfirebase.io/migrating-to-v22 Please use `getApps()` instead.
08-16 05:40:52.661  9580  9617 W ReactNativeJS: This method is deprecated (as well as all React Native Firebase namespaced API) and will be removed in the next major release as part of move to match Firebase Web modular SDK API. Please see migration guide for more details: https://rnfirebase.io/migrating-to-v22 Please use `getApps()` instead.
08-16 05:40:52.663  9580  9617 I ReactNativeJS: '[VoIPPendingIncoming]', '{"event":"REQUEST_START","source":"pending_call_initial","token_summary":"len:30:passke...en_331","user_id":6,"has_pending_call":false,"has_active_call":false}'
08-16 05:40:52.665  9580  9617 I ReactNativeJS: '[UI_PRESS_PROBE]', '{"event":"VOIP_PRESENCE_CONNECT_ATTEMPT","timestamp":"2026-08-15T20:40:52.664Z","token_ready":true,"user_ready":true,"show_login":false,"show_voip_tester":false,"selected_call_mode":"pstn_assist","voice_id":"nado-000006","token_summary":"len:30:passke...en_331","reason":"effect_start","api_base":"https://metanova1004.com"}'
08-16 05:40:52.666  9580  9617 W ReactNativeJS: This method is deprecated (as well as all React Native Firebase namespaced API) and will be removed in the next major release as part of move to match Firebase Web modular SDK API. Please see migration guide for more details: https://rnfirebase.io/migrating-to-v22 Please use `getApp()` instead.
08-16 05:40:52.666  9580  9617 W ReactNativeJS: This method is deprecated (as well as all React Native Firebase namespaced API) and will be removed in the next major release as part of move to match Firebase Web modular SDK API. Please see migration guide for more details: https://rnfirebase.io/migrating-to-v22 Please use `getApp()` instead.
08-16 05:40:52.667  9580  9617 W ReactNativeJS: This method is deprecated (as well as all React Native Firebase namespaced API) and will be removed in the next major release as part of move to match Firebase Web modular SDK API. Please see migration guide for more details: https://rnfirebase.io/migrating-to-v22 Please use `getApp()` instead.
08-16 05:40:52.669  9580  9617 W ReactNativeJS: This method is deprecated (as well as all React Native Firebase namespaced API) and will be removed in the next major release as part of move to match Firebase Web modular SDK API. Please see migration guide for more details: https://rnfirebase.io/migrating-to-v22 Please use `getApp()` instead.
08-16 05:40:52.670  9580  9617 I ReactNativeJS: '[UI_PRESS_PROBE]', '{"event":"VOIP_NOTIFICATION_PERMISSION_STATUS","timestamp":"2026-08-15T20:40:52.670Z","token_ready":true,"user_ready":true,"show_login":false,"show_voip_tester":false,"selected_call_mode":"pstn_assist","notifications_enabled":true}'
08-16 05:40:52.677  9580  9617 I ReactNativeJS: '[DEEP_LINK_TRACE]', '{"source":"initial_url","outcome":"empty_url"}'
08-16 05:40:52.707  9580  9617 I ReactNativeJS: '[UI_PRESS_PROBE]', '{"event":"VOIP_PRESENCE_ERROR","timestamp":"2026-08-15T20:40:52.706Z","token_ready":true,"user_ready":true,"show_login":false,"show_voip_tester":false,"selected_call_mode":"pstn_assist","voice_id":"nado-000006","token_summary":"len:30:passke...en_331","reason":"effect_start"}'
08-16 05:40:52.707  9580  9617 I ReactNativeJS: '[UI_PRESS_PROBE]', '{"event":"VOIP_PRESENCE_CLOSED","timestamp":"2026-08-15T20:40:52.707Z","token_ready":true,"user_ready":true,"show_login":false,"show_voip_tester":false,"selected_call_mode":"pstn_assist","voice_id":"nado-000006","token_summary":"len:30:passke...en_331","reason":"effect_start","code":1006}'
08-16 05:40:52.708  9580  9617 I ReactNativeJS: '[UI_PRESS_PROBE]', '{"event":"VOIP_PRESENCE_RETRY_SCHEDULED","timestamp":"2026-08-15T20:40:52.707Z","token_ready":true,"user_ready":true,"show_login":false,"show_voip_tester":false,"selected_call_mode":"pstn_assist","voice_id":"nado-000006","token_summary":"len:30:passke...en_331","reason":"close:1006"}'
08-16 05:40:52.753  9580  9617 W ReactNativeJS: This method is deprecated (as well as all React Native Firebase namespaced API) and will be removed in the next major release as part of move to match Firebase Web modular SDK API. Please see migration guide for more details: https://rnfirebase.io/migrating-to-v22 Please use `getApp()` instead.
08-16 05:40:52.755  9580  9617 I ReactNativeJS: '[MISSED_CALL]', '{"event":"fetch","count":0}'
08-16 05:40:52.756  9580  9617 I ReactNativeJS: '[VoIPPendingIncoming]', '{"event":"REQUEST_RESULT","source":"pending_call_initial","token_summary":"len:30:passke...en_331","user_id":6,"status":401,"ok":false}'
08-16 05:40:52.756  9580  9617 I ReactNativeJS: '[VoIPPendingIncoming] fetch failed', 401
08-16 05:40:52.804  9580  9617 I ReactNativeJS: '[AUTH_FLOW]', '{"event":"AUTH_STORAGE_RESTORE_FOUND","user_id":6,"user_email":"119cash@naver.com"}'
08-16 05:40:52.804  9580  9617 I ReactNativeJS: '[AUTH_FLOW]', '{"event":"AUTH_STORAGE_RESTORE_APPLIED","user_id":6,"user_email":"119cash@naver.com"}'
08-16 05:40:52.807  9580  9617 I ReactNativeJS: '[UI_PRESS_PROBE]', '{"event":"VOIP_ACTIVE_CALL_RESUME_SKIPPED_AUTH","timestamp":"2026-08-15T20:40:52.807Z","token_ready":true,"user_ready":true,"show_login":false,"show_voip_tester":false,"selected_call_mode":"pstn_assist","source":"app_launch_resume","status":401,"last_call_id":null}'
08-16 05:40:52.836  9580  9617 W ReactNativeJS: This method is deprecated (as well as all React Native Firebase namespaced API) and will be removed in the next major release as part of move to match Firebase Web modular SDK API. Please see migration guide for more details: https://rnfirebase.io/migrating-to-v22 Please use `getApps()` instead.
08-16 05:40:52.836  9580  9617 W ReactNativeJS: This method is deprecated (as well as all React Native Firebase namespaced API) and will be removed in the next major release as part of move to match Firebase Web modular SDK API. Please see migration guide for more details: https://rnfirebase.io/migrating-to-v22 Please use `getApps()` instead.
08-16 05:40:52.836  9580  9617 W ReactNativeJS: This method is deprecated (as well as all React Native Firebase namespaced API) and will be removed in the next major release as part of move to match Firebase Web modular SDK API. Please see migration guide for more details: https://rnfirebase.io/migrating-to-v22 Please use `getApps()` instead.
08-16 05:40:52.837  9580  9617 W ReactNativeJS: This method is deprecated (as well as all React Native Firebase namespaced API) and will be removed in the next major release as part of move to match Firebase Web modular SDK API. Please see migration guide for more details: https://rnfirebase.io/migrating-to-v22 Please use `getApps()` instead.
08-16 05:40:52.839  9580  9617 I ReactNativeJS: '[VoIPPendingIncoming]', '{"event":"REQUEST_START","source":"pending_call_initial","token_summary":"len:30:passke...en_331","user_id":6,"has_pending_call":false,"has_active_call":false}'
08-16 05:40:52.840  9580  9617 I ReactNativeJS: '[UI_PRESS_PROBE]', '{"event":"VOIP_PRESENCE_CONNECT_ATTEMPT","timestamp":"2026-08-15T20:40:52.840Z","token_ready":true,"user_ready":true,"show_login":false,"show_voip_tester":false,"selected_call_mode":"pstn_assist","voice_id":"nado-000006","token_summary":"len:30:passke...en_331","reason":"effect_start","api_base":"https://metanova1004.com"}'
08-16 05:40:52.841  9580  9617 W ReactNativeJS: This method is deprecated (as well as all React Native Firebase namespaced API) and will be removed in the next major release as part of move to match Firebase Web modular SDK API. Please see migration guide for more details: https://rnfirebase.io/migrating-to-v22 Please use `getApp()` instead.
08-16 05:40:52.842  9580  9617 W ReactNativeJS: This method is deprecated (as well as all React Native Firebase namespaced API) and will be removed in the next major release as part of move to match Firebase Web modular SDK API. Please see migration guide for more details: https://rnfirebase.io/migrating-to-v22 Please use `getApp()` instead.
08-16 05:40:52.842  9580  9617 W ReactNativeJS: This method is deprecated (as well as all React Native Firebase namespaced API) and will be removed in the next major release as part of move to match Firebase Web modular SDK API. Please see migration guide for more details: https://rnfirebase.io/migrating-to-v22 Please use `getApp()` instead.
08-16 05:40:52.844  9580  9617 W ReactNativeJS: This method is deprecated (as well as all React Native Firebase namespaced API) and will be removed in the next major release as part of move to match Firebase Web modular SDK API. Please see migration guide for more details: https://rnfirebase.io/migrating-to-v22 Please use `getApp()` instead.
08-16 05:40:52.844  9580  9617 I ReactNativeJS: '[UI_PRESS_PROBE]', '{"event":"VOIP_NOTIFICATION_PERMISSION_STATUS","timestamp":"2026-08-15T20:40:52.844Z","token_ready":true,"user_ready":true,"show_login":false,"show_voip_tester":false,"selected_call_mode":"pstn_assist","notifications_enabled":true}'
08-16 05:40:52.847  9580  9617 I ReactNativeJS: '[DEEP_LINK_TRACE]', '{"source":"initial_url","outcome":"empty_url"}'
08-16 05:40:52.880  9580  9617 I ReactNativeJS: '[UI_PRESS_PROBE]', '{"event":"VOIP_PRESENCE_ERROR","timestamp":"2026-08-15T20:40:52.880Z","token_ready":true,"user_ready":true,"show_login":false,"show_voip_tester":false,"selected_call_mode":"pstn_assist","voice_id":"nado-000006","token_summary":"len:30:passke...en_331","reason":"effect_start"}'
08-16 05:40:52.881  9580  9617 I ReactNativeJS: '[UI_PRESS_PROBE]', '{"event":"VOIP_PRESENCE_CLOSED","timestamp":"2026-08-15T20:40:52.880Z","token_ready":true,"user_ready":true,"show_login":false,"show_voip_tester":false,"selected_call_mode":"pstn_assist","voice_id":"nado-000006","token_summary":"len:30:passke...en_331","reason":"effect_start","code":1006}'
08-16 05:40:52.881  9580  9617 I ReactNativeJS: '[UI_PRESS_PROBE]', '{"event":"VOIP_PRESENCE_RETRY_SCHEDULED","timestamp":"2026-08-15T20:40:52.881Z","token_ready":true,"user_ready":true,"show_login":false,"show_voip_tester":false,"selected_call_mode":"pstn_assist","voice_id":"nado-000006","token_summary":"len:30:passke...en_331","reason":"close:1006"}'
08-16 05:40:52.886  9580  9617 I ReactNativeJS: '[MISSED_CALL]', '{"event":"fetch","count":0}'
08-16 05:40:52.886  9580  9617 I ReactNativeJS: '[VoIPPendingIncoming]', '{"event":"REQUEST_RESULT","source":"pending_call_initial","token_summary":"len:30:passke...en_331","user_id":6,"status":401,"ok":false}'
08-16 05:40:52.886  9580  9617 I ReactNativeJS: '[VoIPPendingIncoming] fetch failed', 401
08-16 05:40:52.912  9580  9617 W ReactNativeJS: This method is deprecated (as well as all React Native Firebase namespaced API) and will be removed in the next major release as part of move to match Firebase Web modular SDK API. Please see migration guide for more details: https://rnfirebase.io/migrating-to-v22 Please use `getApp()` instead.
08-16 05:40:52.916  9580  9617 I ReactNativeJS: '[AUTH_FLOW]', '{"event":"AUTH_STORAGE_RESTORE_FOUND","user_id":6,"user_email":"119cash@naver.com"}'
08-16 05:40:52.916  9580  9617 I ReactNativeJS: '[AUTH_FLOW]', '{"event":"AUTH_STORAGE_RESTORE_APPLIED","user_id":6,"user_email":"119cash@naver.com"}'
08-16 05:40:52.919  9580  9617 I ReactNativeJS: '[UI_PRESS_PROBE]', '{"event":"VOIP_ACTIVE_CALL_RESUME_SKIPPED_AUTH","timestamp":"2026-08-15T20:40:52.918Z","token_ready":true,"user_ready":true,"show_login":false,"show_voip_tester":false,"selected_call_mode":"pstn_assist","source":"app_launch_resume","status":401,"last_call_id":null}'
08-16 05:40:52.947  9580  9617 W ReactNativeJS: This method is deprecated (as well as all React Native Firebase namespaced API) and will be removed in the next major release as part of move to match Firebase Web modular SDK API. Please see migration guide for more details: https://rnfirebase.io/migrating-to-v22 Please use `getApps()` instead.
08-16 05:40:52.947  9580  9617 W ReactNativeJS: This method is deprecated (as well as all React Native Firebase namespaced API) and will be removed in the next major release as part of move to match Firebase Web modular SDK API. Please see migration guide for more details: https://rnfirebase.io/migrating-to-v22 Please use `getApps()` instead.
08-16 05:40:52.947  9580  9617 W ReactNativeJS: This method is deprecated (as well as all React Native Firebase namespaced API) and will be removed in the next major release as part of move to match Firebase Web modular SDK API. Please see migration guide for more details: https://rnfirebase.io/migrating-to-v22 Please use `getApps()` instead.
08-16 05:40:52.948  9580  9617 W ReactNativeJS: This method is deprecated (as well as all React Native Firebase namespaced API) and will be removed in the next major release as part of move to match Firebase Web modular SDK API. Please see migration guide for more details: https://rnfirebase.io/migrating-to-v22 Please use `getApps()` instead.
08-16 05:40:52.950  9580  9617 I ReactNativeJS: '[VoIPPendingIncoming]', '{"event":"REQUEST_START","source":"pending_call_initial","token_summary":"len:30:passke...en_331","user_id":6,"has_pending_call":false,"has_active_call":false}'
08-16 05:40:52.951  9580  9617 I ReactNativeJS: '[UI_PRESS_PROBE]', '{"event":"VOIP_PRESENCE_CONNECT_ATTEMPT","timestamp":"2026-08-15T20:40:52.951Z","token_ready":true,"user_ready":true,"show_login":false,"show_voip_tester":false,"selected_call_mode":"pstn_assist","voice_id":"nado-000006","token_summary":"len:30:passke...en_331","reason":"effect_start","api_base":"https://metanova1004.com"}'
08-16 05:40:52.953  9580  9617 W ReactNativeJS: This method is deprecated (as well as all React Native Firebase namespaced API) and will be removed in the next major release as part of move to match Firebase Web modular SDK API. Please see migration guide for more details: https://rnfirebase.io/migrating-to-v22 Please use `getApp()` instead.
08-16 05:40:52.953  9580  9617 W ReactNativeJS: This method is deprecated (as well as all React Native Firebase namespaced API) and will be removed in the next major release as part of move to match Firebase Web modular SDK API. Please see migration guide for more details: https://rnfirebase.io/migrating-to-v22 Please use `getApp()` instead.
08-16 05:40:52.953  9580  9617 W ReactNativeJS: This method is deprecated (as well as all React Native Firebase namespaced API) and will be removed in the next major release as part of move to match Firebase Web modular SDK API. Please see migration guide for more details: https://rnfirebase.io/migrating-to-v22 Please use `getApp()` instead.
08-16 05:40:52.955  9580  9617 W ReactNativeJS: This method is deprecated (as well as all React Native Firebase namespaced API) and will be removed in the next major release as part of move to match Firebase Web modular SDK API. Please see migration guide for more details: https://rnfirebase.io/migrating-to-v22 Please use `getApp()` instead.
08-16 05:40:52.956  9580  9617 I ReactNativeJS: '[UI_PRESS_PROBE]', '{"event":"VOIP_NOTIFICATION_PERMISSION_STATUS","timestamp":"2026-08-15T20:40:52.955Z","token_ready":true,"user_ready":true,"show_login":false,"show_voip_tester":false,"selected_call_mode":"pstn_assist","notifications_enabled":true}'
08-16 05:40:52.959  9580  9617 I ReactNativeJS: '[DEEP_LINK_TRACE]', '{"source":"initial_url","outcome":"empty_url"}'
08-16 05:40:52.988  9580  9617 I ReactNativeJS: '[UI_PRESS_PROBE]', '{"event":"VOIP_PRESENCE_ERROR","timestamp":"2026-08-15T20:40:52.987Z","token_ready":true,"user_ready":true,"show_login":false,"show_voip_tester":false,"selected_call_mode":"pstn_assist","voice_id":"nado-000006","token_summary":"len:30:passke...en_331","reason":"effect_start"}'
08-16 05:40:52.988  9580  9617 I ReactNativeJS: '[UI_PRESS_PROBE]', '{"event":"VOIP_PRESENCE_CLOSED","timestamp":"2026-08-15T20:40:52.988Z","token_ready":true,"user_ready":true,"show_login":false,"show_voip_tester":false,"selected_call_mode":"pstn_assist","voice_id":"nado-000006","token_summary":"len:30:passke...en_331","reason":"effect_start","code":1006}'
08-16 05:40:52.988  9580  9617 I ReactNativeJS: '[UI_PRESS_PROBE]', '{"event":"VOIP_PRESENCE_RETRY_SCHEDULED","timestamp":"2026-08-15T20:40:52.988Z","token_ready":true,"user_ready":true,"show_login":false,"show_voip_tester":false,"selected_call_mode":"pstn_assist","voice_id":"nado-000006","token_summary":"len:30:passke...en_331","reason":"close:1006"}'
08-16 05:40:53.018  9580  9617 I ReactNativeJS: '[MISSED_CALL]', '{"event":"fetch","count":0}'
08-16 05:40:53.018  9580  9617 I ReactNativeJS: '[VoIPPendingIncoming]', '{"event":"REQUEST_RESULT","source":"pending_call_initial","token_summary":"len:30:passke...en_331","user_id":6,"status":401,"ok":false}'
08-16 05:40:53.018  9580  9617 I ReactNativeJS: '[VoIPPendingIncoming] fetch failed', 401
08-16 05:40:53.019  9580  9617 W ReactNativeJS: This method is deprecated (as well as all React Native Firebase namespaced API) and will be removed in the next major release as part of move to match Firebase Web modular SDK API. Please see migration guide for more details: https://rnfirebase.io/migrating-to-v22 Please use `getApp()` instead.
08-16 05:40:53.060  9580  9617 W ReactNativeJS: This method is deprecated (as well as all React Native Firebase namespaced API) and will be removed in the next major release as part of move to match Firebase Web modular SDK API. Please see migration guide for more details: https://rnfirebase.io/migrating-to-v22 Please use `getApp()` instead.
08-16 05:40:53.081  9580  9617 I ReactNativeJS: '[AUTH_FLOW]', '{"event":"AUTH_STORAGE_RESTORE_FOUND","user_id":6,"user_email":"119cash@naver.com"}'
08-16 05:40:53.082  9580  9617 I ReactNativeJS: '[AUTH_FLOW]', '{"event":"AUTH_STORAGE_RESTORE_APPLIED","user_id":6,"user_email":"119cash@naver.com"}'
08-16 05:40:53.087  9580  9617 I ReactNativeJS: '[UI_PRESS_PROBE]', '{"event":"VOIP_ACTIVE_CALL_RESUME_SKIPPED_AUTH","timestamp":"2026-08-15T20:40:53.086Z","token_ready":true,"user_ready":true,"show_login":false,"show_voip_tester":false,"selected_call_mode":"pstn_assist","source":"app_launch_resume","status":401,"last_call_id":null}'
08-16 05:40:53.120  9580  9617 W ReactNativeJS: This method is deprecated (as well as all React Native Firebase namespaced API) and will be removed in the next major release as part of move to match Firebase Web modular SDK API. Please see migration guide for more details: https://rnfirebase.io/migrating-to-v22 Please use `getApps()` instead.
08-16 05:40:53.120  9580  9617 W ReactNativeJS: This method is deprecated (as well as all React Native Firebase namespaced API) and will be removed in the next major release as part of move to match Firebase Web modular SDK API. Please see migration guide for more details: https://rnfirebase.io/migrating-to-v22 Please use `getApps()` instead.
08-16 05:40:53.120  9580  9617 W ReactNativeJS: This method is deprecated (as well as all React Native Firebase namespaced API) and will be removed in the next major release as part of move to match Firebase Web modular SDK API. Please see migration guide for more details: https://rnfirebase.io/migrating-to-v22 Please use `getApps()` instead.
08-16 05:40:53.121  9580  9617 W ReactNativeJS: This method is deprecated (as well as all React Native Firebase namespaced API) and will be removed in the next major release as part of move to match Firebase Web modular SDK API. Please see migration guide for more details: https://rnfirebase.io/migrating-to-v22 Please use `getApps()` instead.
08-16 05:40:53.123  9580  9617 I ReactNativeJS: '[VoIPPendingIncoming]', '{"event":"REQUEST_START","source":"pending_call_initial","token_summary":"len:30:passke...en_331","user_id":6,"has_pending_call":false,"has_active_call":false}'
08-16 05:40:53.125  9580  9617 I ReactNativeJS: '[UI_PRESS_PROBE]', '{"event":"VOIP_PRESENCE_CONNECT_ATTEMPT","timestamp":"2026-08-15T20:40:53.125Z","token_ready":true,"user_ready":true,"show_login":false,"show_voip_tester":false,"selected_call_mode":"pstn_assist","voice_id":"nado-000006","token_summary":"len:30:passke...en_331","reason":"effect_start","api_base":"https://metanova1004.com"}'
08-16 05:40:53.127  9580  9617 W ReactNativeJS: This method is deprecated (as well as all React Native Firebase namespaced API) and will be removed in the next major release as part of move to match Firebase Web modular SDK API. Please see migration guide for more details: https://rnfirebase.io/migrating-to-v22 Please use `getApp()` instead.
08-16 05:40:53.127  9580  9617 W ReactNativeJS: This method is deprecated (as well as all React Native Firebase namespaced API) and will be removed in the next major release as part of move to match Firebase Web modular SDK API. Please see migration guide for more details: https://rnfirebase.io/migrating-to-v22 Please use `getApp()` instead.
08-16 05:40:53.127  9580  9617 W ReactNativeJS: This method is deprecated (as well as all React Native Firebase namespaced API) and will be removed in the next major release as part of move to match Firebase Web modular SDK API. Please see migration guide for more details: https://rnfirebase.io/migrating-to-v22 Please use `getApp()` instead.
08-16 05:40:53.129  9580  9617 W ReactNativeJS: This method is deprecated (as well as all React Native Firebase namespaced API) and will be removed in the next major release as part of move to match Firebase Web modular SDK API. Please see migration guide for more details: https://rnfirebase.io/migrating-to-v22 Please use `getApp()` instead.
08-16 05:40:53.130  9580  9617 I ReactNativeJS: '[UI_PRESS_PROBE]', '{"event":"VOIP_NOTIFICATION_PERMISSION_STATUS","timestamp":"2026-08-15T20:40:53.130Z","token_ready":true,"user_ready":true,"show_login":false,"show_voip_tester":false,"selected_call_mode":"pstn_assist","notifications_enabled":true}'
08-16 05:40:53.133  9580  9617 I ReactNativeJS: '[DEEP_LINK_TRACE]', '{"source":"initial_url","outcome":"empty_url"}'
08-16 05:40:53.161  9580  9617 I ReactNativeJS: '[UI_PRESS_PROBE]', '{"event":"VOIP_PRESENCE_ERROR","timestamp":"2026-08-15T20:40:53.160Z","token_ready":true,"user_ready":true,"show_login":false,"show_voip_tester":false,"selected_call_mode":"pstn_assist","voice_id":"nado-000006","token_summary":"len:30:passke...en_331","reason":"effect_start"}'
08-16 05:40:53.161  9580  9617 I ReactNativeJS: '[UI_PRESS_PROBE]', '{"event":"VOIP_PRESENCE_CLOSED","timestamp":"2026-08-15T20:40:53.161Z","token_ready":true,"user_ready":true,"show_login":false,"show_voip_tester":false,"selected_call_mode":"pstn_assist","voice_id":"nado-000006","token_summary":"len:30:passke...en_331","reason":"effect_start","code":1006}'
08-16 05:40:53.162  9580  9617 I ReactNativeJS: '[UI_PRESS_PROBE]', '{"event":"VOIP_PRESENCE_RETRY_SCHEDULED","timestamp":"2026-08-15T20:40:53.161Z","token_ready":true,"user_ready":true,"show_login":false,"show_voip_tester":false,"selected_call_mode":"pstn_assist","voice_id":"nado-000006","token_summary":"len:30:passke...en_331","reason":"close:1006"}'
08-16 05:40:53.169  9580  9617 I ReactNativeJS: '[MISSED_CALL]', '{"event":"fetch","count":0}'
08-16 05:40:53.169  9580  9617 I ReactNativeJS: '[VoIPPendingIncoming]', '{"event":"REQUEST_RESULT","source":"pending_call_initial","token_summary":"len:30:passke...en_331","user_id":6,"status":401,"ok":false}'
08-16 05:40:53.170  9580  9617 I ReactNativeJS: '[VoIPPendingIncoming] fetch failed', 401
08-16 05:40:53.171  9580  9617 W ReactNativeJS: This method is deprecated (as well as all React Native Firebase namespaced API) and will be removed in the next major release as part of move to match Firebase Web modular SDK API. Please see migration guide for more details: https://rnfirebase.io/migrating-to-v22 Please use `getApp()` instead.
08-16 05:40:53.202  9580  9617 I ReactNativeJS: '[AUTH_FLOW]', '{"event":"AUTH_STORAGE_RESTORE_FOUND","user_id":6,"user_email":"119cash@naver.com"}'
08-16 05:40:53.203  9580  9617 I ReactNativeJS: '[AUTH_FLOW]', '{"event":"AUTH_STORAGE_RESTORE_APPLIED","user_id":6,"user_email":"119cash@naver.com"}'
08-16 05:40:53.205  9580  9617 I ReactNativeJS: '[UI_PRESS_PROBE]', '{"event":"VOIP_ACTIVE_CALL_RESUME_SKIPPED_AUTH","timestamp":"2026-08-15T20:40:53.205Z","token_ready":true,"user_ready":true,"show_login":false,"show_voip_tester":false,"selected_call_mode":"pstn_assist","source":"app_launch_resume","status":401,"last_call_id":null}'
08-16 05:40:53.237  9580  9617 W ReactNativeJS: This method is deprecated (as well as all React Native Firebase namespaced API) and will be removed in the next major release as part of move to match Firebase Web modular SDK API. Please see migration guide for more details: https://rnfirebase.io/migrating-to-v22 Please use `getApps()` instead.
08-16 05:40:53.237  9580  9617 W ReactNativeJS: This method is deprecated (as well as all React Native Firebase namespaced API) and will be removed in the next major release as part of move to match Firebase Web modular SDK API. Please see migration guide for more details: https://rnfirebase.io/migrating-to-v22 Please use `getApps()` instead.
08-16 05:40:53.237  9580  9617 W ReactNativeJS: This method is deprecated (as well as all React Native Firebase namespaced API) and will be removed in the next major release as part of move to match Firebase Web modular SDK API. Please see migration guide for more details: https://rnfirebase.io/migrating-to-v22 Please use `getApps()` instead.
08-16 05:40:53.238  9580  9617 W ReactNativeJS: This method is deprecated (as well as all React Native Firebase namespaced API) and will be removed in the next major release as part of move to match Firebase Web modular SDK API. Please see migration guide for more details: https://rnfirebase.io/migrating-to-v22 Please use `getApps()` instead.
08-16 05:40:53.239  9580  9617 I ReactNativeJS: '[VoIPPendingIncoming]', '{"event":"REQUEST_START","source":"pending_call_initial","token_summary":"len:30:passke...en_331","user_id":6,"has_pending_call":false,"has_active_call":false}'
08-16 05:40:53.241  9580  9617 I ReactNativeJS: '[UI_PRESS_PROBE]', '{"event":"VOIP_PRESENCE_CONNECT_ATTEMPT","timestamp":"2026-08-15T20:40:53.241Z","token_ready":true,"user_ready":true,"show_login":false,"show_voip_tester":false,"selected_call_mode":"pstn_assist","voice_id":"nado-000006","token_summary":"len:30:passke...en_331","reason":"effect_start","api_base":"https://metanova1004.com"}'
08-16 05:40:53.242  9580  9617 W ReactNativeJS: This method is deprecated (as well as all React Native Firebase namespaced API) and will be removed in the next major release as part of move to match Firebase Web modular SDK API. Please see migration guide for more details: https://rnfirebase.io/migrating-to-v22 Please use `getApp()` instead.
08-16 05:40:53.242  9580  9617 W ReactNativeJS: This method is deprecated (as well as all React Native Firebase namespaced API) and will be removed in the next major release as part of move to match Firebase Web modular SDK API. Please see migration guide for more details: https://rnfirebase.io/migrating-to-v22 Please use `getApp()` instead.
08-16 05:40:53.242  9580  9617 W ReactNativeJS: This method is deprecated (as well as all React Native Firebase namespaced API) and will be removed in the next major release as part of move to match Firebase Web modular SDK API. Please see migration guide for more details: https://rnfirebase.io/migrating-to-v22 Please use `getApp()` instead.
08-16 05:40:53.244  9580  9617 W ReactNativeJS: This method is deprecated (as well as all React Native Firebase namespaced API) and will be removed in the next major release as part of move to match Firebase Web modular SDK API. Please see migration guide for more details: https://rnfirebase.io/migrating-to-v22 Please use `getApp()` instead.
08-16 05:40:53.245  9580  9617 I ReactNativeJS: '[UI_PRESS_PROBE]', '{"event":"VOIP_NOTIFICATION_PERMISSION_STATUS","timestamp":"2026-08-15T20:40:53.245Z","token_ready":true,"user_ready":true,"show_login":false,"show_voip_tester":false,"selected_call_mode":"pstn_assist","notifications_enabled":true}'
08-16 05:40:53.247  9580  9617 I ReactNativeJS: '[DEEP_LINK_TRACE]', '{"source":"initial_url","outcome":"empty_url"}'
08-16 05:40:53.278  9580  9617 I ReactNativeJS: '[UI_PRESS_PROBE]', '{"event":"VOIP_PRESENCE_ERROR","timestamp":"2026-08-15T20:40:53.278Z","token_ready":true,"user_ready":true,"show_login":false,"show_voip_tester":false,"selected_call_mode":"pstn_assist","voice_id":"nado-000006","token_summary":"len:30:passke...en_331","reason":"effect_start"}'
08-16 05:40:53.279  9580  9617 I ReactNativeJS: '[UI_PRESS_PROBE]', '{"event":"VOIP_PRESENCE_CLOSED","timestamp":"2026-08-15T20:40:53.279Z","token_ready":true,"user_ready":true,"show_login":false,"show_voip_tester":false,"selected_call_mode":"pstn_assist","voice_id":"nado-000006","token_summary":"len:30:passke...en_331","reason":"effect_start","code":1006}'
08-16 05:40:53.279  9580  9617 I ReactNativeJS: '[UI_PRESS_PROBE]', '{"event":"VOIP_PRESENCE_RETRY_SCHEDULED","timestamp":"2026-08-15T20:40:53.279Z","token_ready":true,"user_ready":true,"show_login":false,"show_voip_tester":false,"selected_call_mode":"pstn_assist","voice_id":"nado-000006","token_summary":"len:30:passke...en_331","reason":"close:1006"}'
08-16 05:40:53.309  9580  9617 I ReactNativeJS: '[VoIPPendingIncoming]', '{"event":"REQUEST_RESULT","source":"pending_call_initial","token_summary":"len:30:passke...en_331","user_id":6,"status":401,"ok":false}'
08-16 05:40:53.310  9580  9617 I ReactNativeJS: '[VoIPPendingIncoming] fetch failed', 401
08-16 05:40:53.310  9580  9617 I ReactNativeJS: '[MISSED_CALL]', '{"event":"fetch","count":0}'
08-16 05:40:53.321  9580  9617 W ReactNativeJS: This method is deprecated (as well as all React Native Firebase namespaced API) and will be removed in the next major release as part of move to match Firebase Web modular SDK API. Please see migration guide for more details: https://rnfirebase.io/migrating-to-v22 Please use `getApp()` instead.
08-16 05:40:53.367  9580  9617 I ReactNativeJS: '[AUTH_FLOW]', '{"event":"AUTH_STORAGE_RESTORE_FOUND","user_id":6,"user_email":"119cash@naver.com"}'
08-16 05:40:53.368  9580  9617 I ReactNativeJS: '[AUTH_FLOW]', '{"event":"AUTH_STORAGE_RESTORE_APPLIED","user_id":6,"user_email":"119cash@naver.com"}'
08-16 05:40:53.371  9580  9617 I ReactNativeJS: '[UI_PRESS_PROBE]', '{"event":"VOIP_ACTIVE_CALL_RESUME_SKIPPED_AUTH","timestamp":"2026-08-15T20:40:53.370Z","token_ready":true,"user_ready":true,"show_login":false,"show_voip_tester":false,"selected_call_mode":"pstn_assist","source":"app_launch_resume","status":401,"last_call_id":null}'
08-16 05:40:53.398  9580  9617 W ReactNativeJS: This method is deprecated (as well as all React Native Firebase namespaced API) and will be removed in the next major release as part of move to match Firebase Web modular SDK API. Please see migration guide for more details: https://rnfirebase.io/migrating-to-v22 Please use `getApps()` instead.
08-16 05:40:53.398  9580  9617 W ReactNativeJS: This method is deprecated (as well as all React Native Firebase namespaced API) and will be removed in the next major release as part of move to match Firebase Web modular SDK API. Please see migration guide for more details: https://rnfirebase.io/migrating-to-v22 Please use `getApps()` instead.
08-16 05:40:53.398  9580  9617 W ReactNativeJS: This method is deprecated (as well as all React Native Firebase namespaced API) and will be removed in the next major release as part of move to match Firebase Web modular SDK API. Please see migration guide for more details: https://rnfirebase.io/migrating-to-v22 Please use `getApps()` instead.
08-16 05:40:53.399  9580  9617 W ReactNativeJS: This method is deprecated (as well as all React Native Firebase namespaced API) and will be removed in the next major release as part of move to match Firebase Web modular SDK API. Please see migration guide for more details: https://rnfirebase.io/migrating-to-v22 Please use `getApps()` instead.
08-16 05:40:53.400  9580  9617 I ReactNativeJS: '[VoIPPendingIncoming]', '{"event":"REQUEST_START","source":"pending_call_initial","token_summary":"len:30:passke...en_331","user_id":6,"has_pending_call":false,"has_active_call":false}'
08-16 05:40:53.402  9580  9617 I ReactNativeJS: '[UI_PRESS_PROBE]', '{"event":"VOIP_PRESENCE_CONNECT_ATTEMPT","timestamp":"2026-08-15T20:40:53.401Z","token_ready":true,"user_ready":true,"show_login":false,"show_voip_tester":false,"selected_call_mode":"pstn_assist","voice_id":"nado-000006","token_summary":"len:30:passke...en_331","reason":"effect_start","api_base":"https://metanova1004.com"}'
08-16 05:40:53.403  9580  9617 W ReactNativeJS: This method is deprecated (as well as all React Native Firebase namespaced API) and will be removed in the next major release as part of move to match Firebase Web modular SDK API. Please see migration guide for more details: https://rnfirebase.io/migrating-to-v22 Please use `getApp()` instead.
08-16 05:40:53.403  9580  9617 W ReactNativeJS: This method is deprecated (as well as all React Native Firebase namespaced API) and will be removed in the next major release as part of move to match Firebase Web modular SDK API. Please see migration guide for more details: https://rnfirebase.io/migrating-to-v22 Please use `getApp()` instead.
08-16 05:40:53.403  9580  9617 W ReactNativeJS: This method is deprecated (as well as all React Native Firebase namespaced API) and will be removed in the next major release as part of move to match Firebase Web modular SDK API. Please see migration guide for more details: https://rnfirebase.io/migrating-to-v22 Please use `getApp()` instead.
08-16 05:40:53.405  9580  9617 W ReactNativeJS: This method is deprecated (as well as all React Native Firebase namespaced API) and will be removed in the next major release as part of move to match Firebase Web modular SDK API. Please see migration guide for more details: https://rnfirebase.io/migrating-to-v22 Please use `getApp()` instead.
08-16 05:40:53.406  9580  9617 I ReactNativeJS: '[UI_PRESS_PROBE]', '{"event":"VOIP_NOTIFICATION_PERMISSION_STATUS","timestamp":"2026-08-15T20:40:53.406Z","token_ready":true,"user_ready":true,"show_login":false,"show_voip_tester":false,"selected_call_mode":"pstn_assist","notifications_enabled":true}'
08-16 05:40:53.408  9580  9617 I ReactNativeJS: '[DEEP_LINK_TRACE]', '{"source":"initial_url","outcome":"empty_url"}'
08-16 05:40:53.437  9580  9617 I ReactNativeJS: '[UI_PRESS_PROBE]', '{"event":"VOIP_PRESENCE_ERROR","timestamp":"2026-08-15T20:40:53.437Z","token_ready":true,"user_ready":true,"show_login":false,"show_voip_tester":false,"selected_call_mode":"pstn_assist","voice_id":"nado-000006","token_summary":"len:30:passke...en_331","reason":"effect_start"}'
08-16 05:40:53.438  9580  9617 I ReactNativeJS: '[UI_PRESS_PROBE]', '{"event":"VOIP_PRESENCE_CLOSED","timestamp":"2026-08-15T20:40:53.438Z","token_ready":true,"user_ready":true,"show_login":false,"show_voip_tester":false,"selected_call_mode":"pstn_assist","voice_id":"nado-000006","token_summary":"len:30:passke...en_331","reason":"effect_start","code":1006}'
08-16 05:40:53.438  9580  9617 I ReactNativeJS: '[UI_PRESS_PROBE]', '{"event":"VOIP_PRESENCE_RETRY_SCHEDULED","timestamp":"2026-08-15T20:40:53.438Z","token_ready":true,"user_ready":true,"show_login":false,"show_voip_tester":false,"selected_call_mode":"pstn_assist","voice_id":"nado-000006","token_summary":"len:30:passke...en_331","reason":"close:1006"}'
08-16 05:40:53.471  9580  9617 I ReactNativeJS: '[MISSED_CALL]', '{"event":"fetch","count":0}'
08-16 05:40:53.471  9580  9617 I ReactNativeJS: '[VoIPPendingIncoming]', '{"event":"REQUEST_RESULT","source":"pending_call_initial","token_summary":"len:30:passke...en_331","user_id":6,"status":401,"ok":false}'
08-16 05:40:53.472  9580  9617 I ReactNativeJS: '[VoIPPendingIncoming] fetch failed', 401
08-16 05:40:53.473  9580  9617 W ReactNativeJS: This method is deprecated (as well as all React Native Firebase namespaced API) and will be removed in the next major release as part of move to match Firebase Web modular SDK API. Please see migration guide for more details: https://rnfirebase.io/migrating-to-v22 Please use `getApp()` instead.
08-16 05:40:53.484  9580  9617 I ReactNativeJS: '[UI_PRESS_PROBE]', '{"event":"VOIP_ACTIVE_CALL_RESUME_SKIPPED_AUTH","timestamp":"2026-08-15T20:40:53.483Z","token_ready":true,"user_ready":true,"show_login":false,"show_voip_tester":false,"selected_call_mode":"pstn_assist","source":"app_launch_resume","status":401,"last_call_id":null}'
08-16 05:40:53.528  9580  9617 W ReactNativeJS: This method is deprecated (as well as all React Native Firebase namespaced API) and will be removed in the next major release as part of move to match Firebase Web modular SDK API. Please see migration guide for more details: https://rnfirebase.io/migrating-to-v22 Please use `getApp()` instead.
08-16 05:40:53.543  9580  9617 I ReactNativeJS: '[AUTH_FLOW]', '{"event":"AUTH_STORAGE_RESTORE_FOUND","user_id":6,"user_email":"119cash@naver.com"}'
08-16 05:40:53.543  9580  9617 I ReactNativeJS: '[AUTH_FLOW]', '{"event":"AUTH_STORAGE_RESTORE_APPLIED","user_id":6,"user_email":"119cash@naver.com"}'
08-16 05:40:53.573  9580  9617 W ReactNativeJS: This method is deprecated (as well as all React Native Firebase namespaced API) and will be removed in the next major release as part of move to match Firebase Web modular SDK API. Please see migration guide for more details: https://rnfirebase.io/migrating-to-v22 Please use `getApps()` instead.
08-16 05:40:53.573  9580  9617 W ReactNativeJS: This method is deprecated (as well as all React Native Firebase namespaced API) and will be removed in the next major release as part of move to match Firebase Web modular SDK API. Please see migration guide for more details: https://rnfirebase.io/migrating-to-v22 Please use `getApps()` instead.
08-16 05:40:53.573  9580  9617 W ReactNativeJS: This method is deprecated (as well as all React Native Firebase namespaced API) and will be removed in the next major release as part of move to match Firebase Web modular SDK API. Please see migration guide for more details: https://rnfirebase.io/migrating-to-v22 Please use `getApps()` instead.
08-16 05:40:53.581  9580  9617 W ReactNativeJS: This method is deprecated (as well as all React Native Firebase namespaced API) and will be removed in the next major release as part of move to match Firebase Web modular SDK API. Please see migration guide for more details: https://rnfirebase.io/migrating-to-v22 Please use `getApps()` instead.
08-16 05:40:53.583  9580  9617 I ReactNativeJS: '[VoIPPendingIncoming]', '{"event":"REQUEST_START","source":"pending_call_initial","token_summary":"len:30:passke...en_331","user_id":6,"has_pending_call":false,"has_active_call":false}'
08-16 05:40:53.585  9580  9617 I ReactNativeJS: '[UI_PRESS_PROBE]', '{"event":"VOIP_PRESENCE_CONNECT_ATTEMPT","timestamp":"2026-08-15T20:40:53.585Z","token_ready":true,"user_ready":true,"show_login":false,"show_voip_tester":false,"selected_call_mode":"pstn_assist","voice_id":"nado-000006","token_summary":"len:30:passke...en_331","reason":"effect_start","api_base":"https://metanova1004.com"}'
08-16 05:40:53.586  9580  9617 W ReactNativeJS: This method is deprecated (as well as all React Native Firebase namespaced API) and will be removed in the next major release as part of move to match Firebase Web modular SDK API. Please see migration guide for more details: https://rnfirebase.io/migrating-to-v22 Please use `getApp()` instead.
08-16 05:40:53.586  9580  9617 W ReactNativeJS: This method is deprecated (as well as all React Native Firebase namespaced API) and will be removed in the next major release as part of move to match Firebase Web modular SDK API. Please see migration guide for more details: https://rnfirebase.io/migrating-to-v22 Please use `getApp()` instead.
08-16 05:40:53.586  9580  9617 W ReactNativeJS: This method is deprecated (as well as all React Native Firebase namespaced API) and will be removed in the next major release as part of move to match Firebase Web modular SDK API. Please see migration guide for more details: https://rnfirebase.io/migrating-to-v22 Please use `getApp()` instead.
08-16 05:40:53.588  9580  9617 W ReactNativeJS: This method is deprecated (as well as all React Native Firebase namespaced API) and will be removed in the next major release as part of move to match Firebase Web modular SDK API. Please see migration guide for more details: https://rnfirebase.io/migrating-to-v22 Please use `getApp()` instead.
08-16 05:40:53.589  9580  9617 I ReactNativeJS: '[UI_PRESS_PROBE]', '{"event":"VOIP_NOTIFICATION_PERMISSION_STATUS","timestamp":"2026-08-15T20:40:53.589Z","token_ready":true,"user_ready":true,"show_login":false,"show_voip_tester":false,"selected_call_mode":"pstn_assist","notifications_enabled":true}'
08-16 05:40:53.592  9580  9617 I ReactNativeJS: '[DEEP_LINK_TRACE]', '{"source":"initial_url","outcome":"empty_url"}'
08-16 05:40:53.617  9580  9617 I ReactNativeJS: '[UI_PRESS_PROBE]', '{"event":"VOIP_PRESENCE_ERROR","timestamp":"2026-08-15T20:40:53.617Z","token_ready":true,"user_ready":true,"show_login":false,"show_voip_tester":false,"selected_call_mode":"pstn_assist","voice_id":"nado-000006","token_summary":"len:30:passke...en_331","reason":"effect_start"}'
08-16 05:40:53.618  9580  9617 I ReactNativeJS: '[UI_PRESS_PROBE]', '{"event":"VOIP_PRESENCE_CLOSED","timestamp":"2026-08-15T20:40:53.618Z","token_ready":true,"user_ready":true,"show_login":false,"show_voip_tester":false,"selected_call_mode":"pstn_assist","voice_id":"nado-000006","token_summary":"len:30:passke...en_331","reason":"effect_start","code":1006}'
08-16 05:40:53.618  9580  9617 I ReactNativeJS: '[UI_PRESS_PROBE]', '{"event":"VOIP_PRESENCE_RETRY_SCHEDULED","timestamp":"2026-08-15T20:40:53.618Z","token_ready":true,"user_ready":true,"show_login":false,"show_voip_tester":false,"selected_call_mode":"pstn_assist","voice_id":"nado-000006","token_summary":"len:30:passke...en_331","reason":"close:1006"}'
08-16 05:40:53.648  9580  9617 I ReactNativeJS: '[MISSED_CALL]', '{"event":"fetch","count":0}'
08-16 05:40:53.649  9580  9617 I ReactNativeJS: '[VoIPPendingIncoming]', '{"event":"REQUEST_RESULT","source":"pending_call_initial","token_summary":"len:30:passke...en_331","user_id":6,"status":401,"ok":false}'
08-16 05:40:53.649  9580  9617 I ReactNativeJS: '[VoIPPendingIncoming] fetch failed', 401
08-16 05:40:53.650  9580  9617 W ReactNativeJS: This method is deprecated (as well as all React Native Firebase namespaced API) and will be removed in the next major release as part of move to match Firebase Web modular SDK API. Please see migration guide for more details: https://rnfirebase.io/migrating-to-v22 Please use `getApp()` instead.
08-16 05:40:53.658  9580  9617 I ReactNativeJS: '[UI_PRESS_PROBE]', '{"event":"VOIP_ACTIVE_CALL_RESUME_SKIPPED_AUTH","timestamp":"2026-08-15T20:40:53.657Z","token_ready":true,"user_ready":true,"show_login":false,"show_voip_tester":false,"selected_call_mode":"pstn_assist","source":"app_launch_resume","status":401,"last_call_id":null}'
08-16 05:40:53.715  9580  9617 I ReactNativeJS: '[AUTH_FLOW]', '{"event":"AUTH_STORAGE_RESTORE_FOUND","user_id":6,"user_email":"119cash@naver.com"}'
08-16 05:40:53.716  9580  9617 I ReactNativeJS: '[AUTH_FLOW]', '{"event":"AUTH_STORAGE_RESTORE_APPLIED","user_id":6,"user_email":"119cash@naver.com"}'
08-16 05:40:53.744  9580  9617 W ReactNativeJS: This method is deprecated (as well as all React Native Firebase namespaced API) and will be removed in the next major release as part of move to match Firebase Web modular SDK API. Please see migration guide for more details: https://rnfirebase.io/migrating-to-v22 Please use `getApps()` instead.
08-16 05:40:53.744  9580  9617 W ReactNativeJS: This method is deprecated (as well as all React Native Firebase namespaced API) and will be removed in the next major release as part of move to match Firebase Web modular SDK API. Please see migration guide for more details: https://rnfirebase.io/migrating-to-v22 Please use `getApps()` instead.
08-16 05:40:53.744  9580  9617 W ReactNativeJS: This method is deprecated (as well as all React Native Firebase namespaced API) and will be removed in the next major release as part of move to match Firebase Web modular SDK API. Please see migration guide for more details: https://rnfirebase.io/migrating-to-v22 Please use `getApps()` instead.
08-16 05:40:53.745  9580  9617 W ReactNativeJS: This method is deprecated (as well as all React Native Firebase namespaced API) and will be removed in the next major release as part of move to match Firebase Web modular SDK API. Please see migration guide for more details: https://rnfirebase.io/migrating-to-v22 Please use `getApps()` instead.
08-16 05:40:53.747  9580  9617 I ReactNativeJS: '[VoIPPendingIncoming]', '{"event":"REQUEST_START","source":"pending_call_initial","token_summary":"len:30:passke...en_331","user_id":6,"has_pending_call":false,"has_active_call":false}'
08-16 05:40:53.748  9580  9617 I ReactNativeJS: '[UI_PRESS_PROBE]', '{"event":"VOIP_PRESENCE_CONNECT_ATTEMPT","timestamp":"2026-08-15T20:40:53.748Z","token_ready":true,"user_ready":true,"show_login":false,"show_voip_tester":false,"selected_call_mode":"pstn_assist","voice_id":"nado-000006","token_summary":"len:30:passke...en_331","reason":"effect_start","api_base":"https://metanova1004.com"}'
08-16 05:40:53.749  9580  9617 W ReactNativeJS: This method is deprecated (as well as all React Native Firebase namespaced API) and will be removed in the next major release as part of move to match Firebase Web modular SDK API. Please see migration guide for more details: https://rnfirebase.io/migrating-to-v22 Please use `getApp()` instead.
08-16 05:40:53.749  9580  9617 W ReactNativeJS: This method is deprecated (as well as all React Native Firebase namespaced API) and will be removed in the next major release as part of move to match Firebase Web modular SDK API. Please see migration guide for more details: https://rnfirebase.io/migrating-to-v22 Please use `getApp()` instead.
08-16 05:40:53.749  9580  9617 W ReactNativeJS: This method is deprecated (as well as all React Native Firebase namespaced API) and will be removed in the next major release as part of move to match Firebase Web modular SDK API. Please see migration guide for more details: https://rnfirebase.io/migrating-to-v22 Please use `getApp()` instead.
08-16 05:40:53.751  9580  9617 W ReactNativeJS: This method is deprecated (as well as all React Native Firebase namespaced API) and will be removed in the next major release as part of move to match Firebase Web modular SDK API. Please see migration guide for more details: https://rnfirebase.io/migrating-to-v22 Please use `getApp()` instead.
08-16 05:40:53.752  9580  9617 I ReactNativeJS: '[UI_PRESS_PROBE]', '{"event":"VOIP_NOTIFICATION_PERMISSION_STATUS","timestamp":"2026-08-15T20:40:53.751Z","token_ready":true,"user_ready":true,"show_login":false,"show_voip_tester":false,"selected_call_mode":"pstn_assist","notifications_enabled":true}'
08-16 05:40:53.755  9580  9617 I ReactNativeJS: '[DEEP_LINK_TRACE]', '{"source":"initial_url","outcome":"empty_url"}'
08-16 05:40:53.782  9580  9617 I ReactNativeJS: '[UI_PRESS_PROBE]', '{"event":"VOIP_PRESENCE_ERROR","timestamp":"2026-08-15T20:40:53.781Z","token_ready":true,"user_ready":true,"show_login":false,"show_voip_tester":false,"selected_call_mode":"pstn_assist","voice_id":"nado-000006","token_summary":"len:30:passke...en_331","reason":"effect_start"}'
08-16 05:40:53.782  9580  9617 I ReactNativeJS: '[UI_PRESS_PROBE]', '{"event":"VOIP_PRESENCE_CLOSED","timestamp":"2026-08-15T20:40:53.782Z","token_ready":true,"user_ready":true,"show_login":false,"show_voip_tester":false,"selected_call_mode":"pstn_assist","voice_id":"nado-000006","token_summary":"len:30:passke...en_331","reason":"effect_start","code":1006}'
08-16 05:40:53.782  9580  9617 I ReactNativeJS: '[UI_PRESS_PROBE]', '{"event":"VOIP_PRESENCE_RETRY_SCHEDULED","timestamp":"2026-08-15T20:40:53.782Z","token_ready":true,"user_ready":true,"show_login":false,"show_voip_tester":false,"selected_call_mode":"pstn_assist","voice_id":"nado-000006","token_summary":"len:30:passke...en_331","reason":"close:1006"}'
08-16 05:40:53.812  9580  9617 I ReactNativeJS: '[VoIPPendingIncoming]', '{"event":"REQUEST_RESULT","source":"pending_call_initial","token_summary":"len:30:passke...en_331","user_id":6,"status":401,"ok":false}'
08-16 05:40:53.812  9580  9617 I ReactNativeJS: '[VoIPPendingIncoming] fetch failed', 401
08-16 05:40:53.813  9580  9617 I ReactNativeJS: '[MISSED_CALL]', '{"event":"fetch","count":0}'
08-16 05:40:53.814  9580  9617 W ReactNativeJS: This method is deprecated (as well as all React Native Firebase namespaced API) and will be removed in the next major release as part of move to match Firebase Web modular SDK API. Please see migration guide for more details: https://rnfirebase.io/migrating-to-v22 Please use `getApp()` instead.
08-16 05:40:53.838  9580  9617 I ReactNativeJS: '[UI_PRESS_PROBE]', '{"event":"VOIP_ACTIVE_CALL_RESUME_SKIPPED_AUTH","timestamp":"2026-08-15T20:40:53.837Z","token_ready":true,"user_ready":true,"show_login":false,"show_voip_tester":false,"selected_call_mode":"pstn_assist","source":"app_launch_resume","status":401,"last_call_id":null}'
08-16 05:40:53.863  9580  9617 W ReactNativeJS: This method is deprecated (as well as all React Native Firebase namespaced API) and will be removed in the next major release as part of move to match Firebase Web modular SDK API. Please see migration guide for more details: https://rnfirebase.io/migrating-to-v22 Please use `getApp()` instead.
08-16 05:40:53.866  9580  9617 I ReactNativeJS: '[AUTH_FLOW]', '{"event":"AUTH_STORAGE_RESTORE_FOUND","user_id":6,"user_email":"119cash@naver.com"}'
08-16 05:40:53.866  9580  9617 I ReactNativeJS: '[AUTH_FLOW]', '{"event":"AUTH_STORAGE_RESTORE_APPLIED","user_id":6,"user_email":"119cash@naver.com"}'
08-16 05:40:53.902  9580  9617 W ReactNativeJS: This method is deprecated (as well as all React Native Firebase namespaced API) and will be removed in the next major release as part of move to match Firebase Web modular SDK API. Please see migration guide for more details: https://rnfirebase.io/migrating-to-v22 Please use `getApps()` instead.
08-16 05:40:53.902  9580  9617 W ReactNativeJS: This method is deprecated (as well as all React Native Firebase namespaced API) and will be removed in the next major release as part of move to match Firebase Web modular SDK API. Please see migration guide for more details: https://rnfirebase.io/migrating-to-v22 Please use `getApps()` instead.
08-16 05:40:53.902  9580  9617 W ReactNativeJS: This method is deprecated (as well as all React Native Firebase namespaced API) and will be removed in the next major release as part of move to match Firebase Web modular SDK API. Please see migration guide for more details: https://rnfirebase.io/migrating-to-v22 Please use `getApps()` instead.
08-16 05:40:53.903  9580  9617 W ReactNativeJS: This method is deprecated (as well as all React Native Firebase namespaced API) and will be removed in the next major release as part of move to match Firebase Web modular SDK API. Please see migration guide for more details: https://rnfirebase.io/migrating-to-v22 Please use `getApps()` instead.
08-16 05:40:53.905  9580  9617 I ReactNativeJS: '[VoIPPendingIncoming]', '{"event":"REQUEST_START","source":"pending_call_initial","token_summary":"len:30:passke...en_331","user_id":6,"has_pending_call":false,"has_active_call":false}'
08-16 05:40:53.906  9580  9617 I ReactNativeJS: '[UI_PRESS_PROBE]', '{"event":"VOIP_PRESENCE_CONNECT_ATTEMPT","timestamp":"2026-08-15T20:40:53.906Z","token_ready":true,"user_ready":true,"show_login":false,"show_voip_tester":false,"selected_call_mode":"pstn_assist","voice_id":"nado-000006","token_summary":"len:30:passke...en_331","reason":"effect_start","api_base":"https://metanova1004.com"}'
08-16 05:40:53.908  9580  9617 W ReactNativeJS: This method is deprecated (as well as all React Native Firebase namespaced API) and will be removed in the next major release as part of move to match Firebase Web modular SDK API. Please see migration guide for more details: https://rnfirebase.io/migrating-to-v22 Please use `getApp()` instead.
08-16 05:40:53.908  9580  9617 W ReactNativeJS: This method is deprecated (as well as all React Native Firebase namespaced API) and will be removed in the next major release as part of move to match Firebase Web modular SDK API. Please see migration guide for more details: https://rnfirebase.io/migrating-to-v22 Please use `getApp()` instead.
08-16 05:40:53.908  9580  9617 W ReactNativeJS: This method is deprecated (as well as all React Native Firebase namespaced API) and will be removed in the next major release as part of move to match Firebase Web modular SDK API. Please see migration guide for more details: https://rnfirebase.io/migrating-to-v22 Please use `getApp()` instead.
08-16 05:40:53.910  9580  9617 W ReactNativeJS: This method is deprecated (as well as all React Native Firebase namespaced API) and will be removed in the next major release as part of move to match Firebase Web modular SDK API. Please see migration guide for more details: https://rnfirebase.io/migrating-to-v22 Please use `getApp()` instead.
08-16 05:40:53.911  9580  9617 I ReactNativeJS: '[UI_PRESS_PROBE]', '{"event":"VOIP_NOTIFICATION_PERMISSION_STATUS","timestamp":"2026-08-15T20:40:53.910Z","token_ready":true,"user_ready":true,"show_login":false,"show_voip_tester":false,"selected_call_mode":"pstn_assist","notifications_enabled":true}'
08-16 05:40:53.914  9580  9617 I ReactNativeJS: '[DEEP_LINK_TRACE]', '{"source":"initial_url","outcome":"empty_url"}'
08-16 05:40:53.941  9580  9617 I ReactNativeJS: '[UI_PRESS_PROBE]', '{"event":"VOIP_PRESENCE_ERROR","timestamp":"2026-08-15T20:40:53.941Z","token_ready":true,"user_ready":true,"show_login":false,"show_voip_tester":false,"selected_call_mode":"pstn_assist","voice_id":"nado-000006","token_summary":"len:30:passke...en_331","reason":"effect_start"}'
08-16 05:40:53.942  9580  9617 I ReactNativeJS: '[UI_PRESS_PROBE]', '{"event":"VOIP_PRESENCE_CLOSED","timestamp":"2026-08-15T20:40:53.941Z","token_ready":true,"user_ready":true,"show_login":false,"show_voip_tester":false,"selected_call_mode":"pstn_assist","voice_id":"nado-000006","token_summary":"len:30:passke...en_331","reason":"effect_start","code":1006}'
08-16 05:40:53.942  9580  9617 I ReactNativeJS: '[UI_PRESS_PROBE]', '{"event":"VOIP_PRESENCE_RETRY_SCHEDULED","timestamp":"2026-08-15T20:40:53.942Z","token_ready":true,"user_ready":true,"show_login":false,"show_voip_tester":false,"selected_call_mode":"pstn_assist","voice_id":"nado-000006","token_summary":"len:30:passke...en_331","reason":"close:1006"}'
08-16 05:40:53.970  9580  9617 I ReactNativeJS: '[VoIPPendingIncoming]', '{"event":"REQUEST_RESULT","source":"pending_call_initial","token_summary":"len:30:passke...en_331","user_id":6,"status":401,"ok":false}'
08-16 05:40:53.971  9580  9617 I ReactNativeJS: '[VoIPPendingIncoming] fetch failed', 401
08-16 05:40:53.972  9580  9617 I ReactNativeJS: '[MISSED_CALL]', '{"event":"fetch","count":0}'
08-16 05:40:53.972  9580  9617 W ReactNativeJS: This method is deprecated (as well as all React Native Firebase namespaced API) and will be removed in the next major release as part of move to match Firebase Web modular SDK API. Please see migration guide for more details: https://rnfirebase.io/migrating-to-v22 Please use `getApp()` instead.
08-16 05:40:54.005  9580  9617 I ReactNativeJS: '[UI_PRESS_PROBE]', '{"event":"VOIP_ACTIVE_CALL_RESUME_SKIPPED_AUTH","timestamp":"2026-08-15T20:40:54.004Z","token_ready":true,"user_ready":true,"show_login":false,"show_voip_tester":false,"selected_call_mode":"pstn_assist","source":"app_launch_resume","status":401,"last_call_id":null}'
08-16 05:40:54.031  9580  9617 I ReactNativeJS: '[AUTH_FLOW]', '{"event":"AUTH_STORAGE_RESTORE_FOUND","user_id":6,"user_email":"119cash@naver.com"}'
08-16 05:40:54.031  9580  9617 I ReactNativeJS: '[AUTH_FLOW]', '{"event":"AUTH_STORAGE_RESTORE_APPLIED","user_id":6,"user_email":"119cash@naver.com"}'
08-16 05:40:54.059  9580  9617 W ReactNativeJS: This method is deprecated (as well as all React Native Firebase namespaced API) and will be removed in the next major release as part of move to match Firebase Web modular SDK API. Please see migration guide for more details: https://rnfirebase.io/migrating-to-v22 Please use `getApps()` instead.
08-16 05:40:54.059  9580  9617 W ReactNativeJS: This method is deprecated (as well as all React Native Firebase namespaced API) and will be removed in the next major release as part of move to match Firebase Web modular SDK API. Please see migration guide for more details: https://rnfirebase.io/migrating-to-v22 Please use `getApps()` instead.
08-16 05:40:54.059  9580  9617 W ReactNativeJS: This method is deprecated (as well as all React Native Firebase namespaced API) and will be removed in the next major release as part of move to match Firebase Web modular SDK API. Please see migration guide for more details: https://rnfirebase.io/migrating-to-v22 Please use `getApps()` instead.
08-16 05:40:54.060  9580  9617 W ReactNativeJS: This method is deprecated (as well as all React Native Firebase namespaced API) and will be removed in the next major release as part of move to match Firebase Web modular SDK API. Please see migration guide for more details: https://rnfirebase.io/migrating-to-v22 Please use `getApps()` instead.
08-16 05:40:54.062  9580  9617 I ReactNativeJS: '[VoIPPendingIncoming]', '{"event":"REQUEST_START","source":"pending_call_initial","token_summary":"len:30:passke...en_331","user_id":6,"has_pending_call":false,"has_active_call":false}'
08-16 05:40:54.063  9580  9617 I ReactNativeJS: '[UI_PRESS_PROBE]', '{"event":"VOIP_PRESENCE_CONNECT_ATTEMPT","timestamp":"2026-08-15T20:40:54.063Z","token_ready":true,"user_ready":true,"show_login":false,"show_voip_tester":false,"selected_call_mode":"pstn_assist","voice_id":"nado-000006","token_summary":"len:30:passke...en_331","reason":"effect_start","api_base":"https://metanova1004.com"}'
08-16 05:40:54.064  9580  9617 W ReactNativeJS: This method is deprecated (as well as all React Native Firebase namespaced API) and will be removed in the next major release as part of move to match Firebase Web modular SDK API. Please see migration guide for more details: https://rnfirebase.io/migrating-to-v22 Please use `getApp()` instead.
08-16 05:40:54.065  9580  9617 W ReactNativeJS: This method is deprecated (as well as all React Native Firebase namespaced API) and will be removed in the next major release as part of move to match Firebase Web modular SDK API. Please see migration guide for more details: https://rnfirebase.io/migrating-to-v22 Please use `getApp()` instead.
08-16 05:40:54.065  9580  9617 W ReactNativeJS: This method is deprecated (as well as all React Native Firebase namespaced API) and will be removed in the next major release as part of move to match Firebase Web modular SDK API. Please see migration guide for more details: https://rnfirebase.io/migrating-to-v22 Please use `getApp()` instead.
08-16 05:40:54.066  9580  9617 W ReactNativeJS: This method is deprecated (as well as all React Native Firebase namespaced API) and will be removed in the next major release as part of move to match Firebase Web modular SDK API. Please see migration guide for more details: https://rnfirebase.io/migrating-to-v22 Please use `getApp()` instead.
08-16 05:40:54.067  9580  9617 I ReactNativeJS: '[UI_PRESS_PROBE]', '{"event":"VOIP_NOTIFICATION_PERMISSION_STATUS","timestamp":"2026-08-15T20:40:54.067Z","token_ready":true,"user_ready":true,"show_login":false,"show_voip_tester":false,"selected_call_mode":"pstn_assist","notifications_enabled":true}'
08-16 05:40:54.070  9580  9617 I ReactNativeJS: '[DEEP_LINK_TRACE]', '{"source":"initial_url","outcome":"empty_url"}'
08-16 05:40:54.096  9580  9617 I ReactNativeJS: '[UI_PRESS_PROBE]', '{"event":"VOIP_PRESENCE_ERROR","timestamp":"2026-08-15T20:40:54.096Z","token_ready":true,"user_ready":true,"show_login":false,"show_voip_tester":false,"selected_call_mode":"pstn_assist","voice_id":"nado-000006","token_summary":"len:30:passke...en_331","reason":"effect_start"}'
08-16 05:40:54.097  9580  9617 I ReactNativeJS: '[UI_PRESS_PROBE]', '{"event":"VOIP_PRESENCE_CLOSED","timestamp":"2026-08-15T20:40:54.097Z","token_ready":true,"user_ready":true,"show_login":false,"show_voip_tester":false,"selected_call_mode":"pstn_assist","voice_id":"nado-000006","token_summary":"len:30:passke...en_331","reason":"effect_start","code":1006}'
08-16 05:40:54.097  9580  9617 I ReactNativeJS: '[UI_PRESS_PROBE]', '{"event":"VOIP_PRESENCE_RETRY_SCHEDULED","timestamp":"2026-08-15T20:40:54.097Z","token_ready":true,"user_ready":true,"show_login":false,"show_voip_tester":false,"selected_call_mode":"pstn_assist","voice_id":"nado-000006","token_summary":"len:30:passke...en_331","reason":"close:1006"}'
08-16 05:40:54.133  9580  9617 I ReactNativeJS: '[MISSED_CALL]', '{"event":"fetch","count":0}'
08-16 05:40:54.134  9580  9617 I ReactNativeJS: '[VoIPPendingIncoming]', '{"event":"REQUEST_RESULT","source":"pending_call_initial","token_summary":"len:30:passke...en_331","user_id":6,"status":401,"ok":false}'
08-16 05:40:54.134  9580  9617 I ReactNativeJS: '[VoIPPendingIncoming] fetch failed', 401
08-16 05:40:54.140  9580  9617 W ReactNativeJS: This method is deprecated (as well as all React Native Firebase namespaced API) and will be removed in the next major release as part of move to match Firebase Web modular SDK API. Please see migration guide for more details: https://rnfirebase.io/migrating-to-v22 Please use `getApp()` instead.
08-16 05:40:54.188  9580  9617 I ReactNativeJS: '[AUTH_FLOW]', '{"event":"AUTH_STORAGE_RESTORE_FOUND","user_id":6,"user_email":"119cash@naver.com"}'
08-16 05:40:54.188  9580  9617 I ReactNativeJS: '[AUTH_FLOW]', '{"event":"AUTH_STORAGE_RESTORE_APPLIED","user_id":6,"user_email":"119cash@naver.com"}'
08-16 05:40:54.191  9580  9617 I ReactNativeJS: '[UI_PRESS_PROBE]', '{"event":"VOIP_ACTIVE_CALL_RESUME_SKIPPED_AUTH","timestamp":"2026-08-15T20:40:54.191Z","token_ready":true,"user_ready":true,"show_login":false,"show_voip_tester":false,"selected_call_mode":"pstn_assist","source":"app_launch_resume","status":401,"last_call_id":null}'
08-16 05:40:54.218  9580  9617 W ReactNativeJS: This method is deprecated (as well as all React Native Firebase namespaced API) and will be removed in the next major release as part of move to match Firebase Web modular SDK API. Please see migration guide for more details: https://rnfirebase.io/migrating-to-v22 Please use `getApps()` instead.
08-16 05:40:54.218  9580  9617 W ReactNativeJS: This method is deprecated (as well as all React Native Firebase namespaced API) and will be removed in the next major release as part of move to match Firebase Web modular SDK API. Please see migration guide for more details: https://rnfirebase.io/migrating-to-v22 Please use `getApps()` instead.
08-16 05:40:54.218  9580  9617 W ReactNativeJS: This method is deprecated (as well as all React Native Firebase namespaced API) and will be removed in the next major release as part of move to match Firebase Web modular SDK API. Please see migration guide for more details: https://rnfirebase.io/migrating-to-v22 Please use `getApps()` instead.
08-16 05:40:54.220  9580  9617 W ReactNativeJS: This method is deprecated (as well as all React Native Firebase namespaced API) and will be removed in the next major release as part of move to match Firebase Web modular SDK API. Please see migration guide for more details: https://rnfirebase.io/migrating-to-v22 Please use `getApps()` instead.
08-16 05:40:54.221  9580  9617 I ReactNativeJS: '[VoIPPendingIncoming]', '{"event":"REQUEST_START","source":"pending_call_initial","token_summary":"len:30:passke...en_331","user_id":6,"has_pending_call":false,"has_active_call":false}'
08-16 05:40:54.223  9580  9617 I ReactNativeJS: '[UI_PRESS_PROBE]', '{"event":"VOIP_PRESENCE_CONNECT_ATTEMPT","timestamp":"2026-08-15T20:40:54.222Z","token_ready":true,"user_ready":true,"show_login":false,"show_voip_tester":false,"selected_call_mode":"pstn_assist","voice_id":"nado-000006","token_summary":"len:30:passke...en_331","reason":"effect_start","api_base":"https://metanova1004.com"}'
08-16 05:40:54.224  9580  9617 W ReactNativeJS: This method is deprecated (as well as all React Native Firebase namespaced API) and will be removed in the next major release as part of move to match Firebase Web modular SDK API. Please see migration guide for more details: https://rnfirebase.io/migrating-to-v22 Please use `getApp()` instead.
08-16 05:40:54.224  9580  9617 W ReactNativeJS: This method is deprecated (as well as all React Native Firebase namespaced API) and will be removed in the next major release as part of move to match Firebase Web modular SDK API. Please see migration guide for more details: https://rnfirebase.io/migrating-to-v22 Please use `getApp()` instead.
08-16 05:40:54.224  9580  9617 W ReactNativeJS: This method is deprecated (as well as all React Native Firebase namespaced API) and will be removed in the next major release as part of move to match Firebase Web modular SDK API. Please see migration guide for more details: https://rnfirebase.io/migrating-to-v22 Please use `getApp()` instead.
08-16 05:40:54.225  9580  9617 W ReactNativeJS: This method is deprecated (as well as all React Native Firebase namespaced API) and will be removed in the next major release as part of move to match Firebase Web modular SDK API. Please see migration guide for more details: https://rnfirebase.io/migrating-to-v22 Please use `getApp()` instead.
08-16 05:40:54.226  9580  9617 I ReactNativeJS: '[UI_PRESS_PROBE]', '{"event":"VOIP_NOTIFICATION_PERMISSION_STATUS","timestamp":"2026-08-15T20:40:54.226Z","token_ready":true,"user_ready":true,"show_login":false,"show_voip_tester":false,"selected_call_mode":"pstn_assist","notifications_enabled":true}'
08-16 05:40:54.229  9580  9617 I ReactNativeJS: '[DEEP_LINK_TRACE]', '{"source":"initial_url","outcome":"empty_url"}'
08-16 05:40:54.263  9580  9617 I ReactNativeJS: '[UI_PRESS_PROBE]', '{"event":"VOIP_PRESENCE_ERROR","timestamp":"2026-08-15T20:40:54.263Z","token_ready":true,"user_ready":true,"show_login":false,"show_voip_tester":false,"selected_call_mode":"pstn_assist","voice_id":"nado-000006","token_summary":"len:30:passke...en_331","reason":"effect_start"}'
08-16 05:40:54.264  9580  9617 I ReactNativeJS: '[UI_PRESS_PROBE]', '{"event":"VOIP_PRESENCE_CLOSED","timestamp":"2026-08-15T20:40:54.263Z","token_ready":true,"user_ready":true,"show_login":false,"show_voip_tester":false,"selected_call_mode":"pstn_assist","voice_id":"nado-000006","token_summary":"len:30:passke...en_331","reason":"effect_start","code":1006}'
08-16 05:40:54.264  9580  9617 I ReactNativeJS: '[UI_PRESS_PROBE]', '{"event":"VOIP_PRESENCE_RETRY_SCHEDULED","timestamp":"2026-08-15T20:40:54.264Z","token_ready":true,"user_ready":true,"show_login":false,"show_voip_tester":false,"selected_call_mode":"pstn_assist","voice_id":"nado-000006","token_summary":"len:30:passke...en_331","reason":"close:1006"}'
08-16 05:40:54.271  9580  9617 I ReactNativeJS: '[MISSED_CALL]', '{"event":"fetch","count":0}'
08-16 05:40:54.272  9580  9617 I ReactNativeJS: '[VoIPPendingIncoming]', '{"event":"REQUEST_RESULT","source":"pending_call_initial","token_summary":"len:30:passke...en_331","user_id":6,"status":401,"ok":false}'
08-16 05:40:54.272  9580  9617 I ReactNativeJS: '[VoIPPendingIncoming] fetch failed', 401
08-16 05:40:54.301  9580  9617 W ReactNativeJS: This method is deprecated (as well as all React Native Firebase namespaced API) and will be removed in the next major release as part of move to match Firebase Web modular SDK API. Please see migration guide for more details: https://rnfirebase.io/migrating-to-v22 Please use `getApp()` instead.
08-16 05:40:54.304  9580  9617 W ReactNativeJS: This method is deprecated (as well as all React Native Firebase namespaced API) and will be removed in the next major release as part of move to match Firebase Web modular SDK API. Please see migration guide for more details: https://rnfirebase.io/migrating-to-v22 Please use `getApp()` instead.
08-16 05:40:54.318  9580  9617 I ReactNativeJS: '[UI_PRESS_PROBE]', '{"event":"VOIP_ACTIVE_CALL_RESUME_SKIPPED_AUTH","timestamp":"2026-08-15T20:40:54.318Z","token_ready":true,"user_ready":true,"show_login":false,"show_voip_tester":false,"selected_call_mode":"pstn_assist","source":"app_launch_resume","status":401,"last_call_id":null}'
08-16 05:40:54.378  9580  9617 I ReactNativeJS: '[AUTH_FLOW]', '{"event":"AUTH_STORAGE_RESTORE_FOUND","user_id":6,"user_email":"119cash@naver.com"}'
08-16 05:40:54.378  9580  9617 I ReactNativeJS: '[AUTH_FLOW]', '{"event":"AUTH_STORAGE_RESTORE_APPLIED","user_id":6,"user_email":"119cash@naver.com"}'
08-16 05:40:54.407  9580  9617 W ReactNativeJS: This method is deprecated (as well as all React Native Firebase namespaced API) and will be removed in the next major release as part of move to match Firebase Web modular SDK API. Please see migration guide for more details: https://rnfirebase.io/migrating-to-v22 Please use `getApps()` instead.
08-16 05:40:54.408  9580  9617 W ReactNativeJS: This method is deprecated (as well as all React Native Firebase namespaced API) and will be removed in the next major release as part of move to match Firebase Web modular SDK API. Please see migration guide for more details: https://rnfirebase.io/migrating-to-v22 Please use `getApps()` instead.
08-16 05:40:54.408  9580  9617 W ReactNativeJS: This method is deprecated (as well as all React Native Firebase namespaced API) and will be removed in the next major release as part of move to match Firebase Web modular SDK API. Please see migration guide for more details: https://rnfirebase.io/migrating-to-v22 Please use `getApps()` instead.
08-16 05:40:54.409  9580  9617 W ReactNativeJS: This method is deprecated (as well as all React Native Firebase namespaced API) and will be removed in the next major release as part of move to match Firebase Web modular SDK API. Please see migration guide for more details: https://rnfirebase.io/migrating-to-v22 Please use `getApps()` instead.
08-16 05:40:54.411  9580  9617 I ReactNativeJS: '[VoIPPendingIncoming]', '{"event":"REQUEST_START","source":"pending_call_initial","token_summary":"len:30:passke...en_331","user_id":6,"has_pending_call":false,"has_active_call":false}'
08-16 05:40:54.413  9580  9617 I ReactNativeJS: '[UI_PRESS_PROBE]', '{"event":"VOIP_PRESENCE_CONNECT_ATTEMPT","timestamp":"2026-08-15T20:40:54.413Z","token_ready":true,"user_ready":true,"show_login":false,"show_voip_tester":false,"selected_call_mode":"pstn_assist","voice_id":"nado-000006","token_summary":"len:30:passke...en_331","reason":"effect_start","api_base":"https://metanova1004.com"}'
08-16 05:40:54.414  9580  9617 W ReactNativeJS: This method is deprecated (as well as all React Native Firebase namespaced API) and will be removed in the next major release as part of move to match Firebase Web modular SDK API. Please see migration guide for more details: https://rnfirebase.io/migrating-to-v22 Please use `getApp()` instead.
08-16 05:40:54.414  9580  9617 W ReactNativeJS: This method is deprecated (as well as all React Native Firebase namespaced API) and will be removed in the next major release as part of move to match Firebase Web modular SDK API. Please see migration guide for more details: https://rnfirebase.io/migrating-to-v22 Please use `getApp()` instead.
08-16 05:40:54.414  9580  9617 W ReactNativeJS: This method is deprecated (as well as all React Native Firebase namespaced API) and will be removed in the next major release as part of move to match Firebase Web modular SDK API. Please see migration guide for more details: https://rnfirebase.io/migrating-to-v22 Please use `getApp()` instead.
08-16 05:40:54.416  9580  9617 W ReactNativeJS: This method is deprecated (as well as all React Native Firebase namespaced API) and will be removed in the next major release as part of move to match Firebase Web modular SDK API. Please see migration guide for more details: https://rnfirebase.io/migrating-to-v22 Please use `getApp()` instead.
08-16 05:40:54.417  9580  9617 I ReactNativeJS: '[UI_PRESS_PROBE]', '{"event":"VOIP_NOTIFICATION_PERMISSION_STATUS","timestamp":"2026-08-15T20:40:54.417Z","token_ready":true,"user_ready":true,"show_login":false,"show_voip_tester":false,"selected_call_mode":"pstn_assist","notifications_enabled":true}'
08-16 05:40:54.418  9580  9617 I ReactNativeJS: '[DEEP_LINK_TRACE]', '{"source":"initial_url","outcome":"empty_url"}'
08-16 05:40:54.448  9580  9617 I ReactNativeJS: '[UI_PRESS_PROBE]', '{"event":"VOIP_PRESENCE_ERROR","timestamp":"2026-08-15T20:40:54.448Z","token_ready":true,"user_ready":true,"show_login":false,"show_voip_tester":false,"selected_call_mode":"pstn_assist","voice_id":"nado-000006","token_summary":"len:30:passke...en_331","reason":"effect_start"}'
08-16 05:40:54.449  9580  9617 I ReactNativeJS: '[UI_PRESS_PROBE]', '{"event":"VOIP_PRESENCE_CLOSED","timestamp":"2026-08-15T20:40:54.449Z","token_ready":true,"user_ready":true,"show_login":false,"show_voip_tester":false,"selected_call_mode":"pstn_assist","voice_id":"nado-000006","token_summary":"len:30:passke...en_331","reason":"effect_start","code":1006}'
08-16 05:40:54.450  9580  9617 I ReactNativeJS: '[UI_PRESS_PROBE]', '{"event":"VOIP_PRESENCE_RETRY_SCHEDULED","timestamp":"2026-08-15T20:40:54.449Z","token_ready":true,"user_ready":true,"show_login":false,"show_voip_tester":false,"selected_call_mode":"pstn_assist","voice_id":"nado-000006","token_summary":"len:30:passke...en_331","reason":"close:1006"}'
08-16 05:40:54.493  9580  9617 I ReactNativeJS: '[MISSED_CALL]', '{"event":"fetch","count":0}'
08-16 05:40:54.494  9580  9617 I ReactNativeJS: '[VoIPPendingIncoming]', '{"event":"REQUEST_RESULT","source":"pending_call_initial","token_summary":"len:30:passke...en_331","user_id":6,"status":401,"ok":false}'
08-16 05:40:54.494  9580  9617 I ReactNativeJS: '[VoIPPendingIncoming] fetch failed', 401
08-16 05:40:54.495  9580  9617 W ReactNativeJS: This method is deprecated (as well as all React Native Firebase namespaced API) and will be removed in the next major release as part of move to match Firebase Web modular SDK API. Please see migration guide for more details: https://rnfirebase.io/migrating-to-v22 Please use `getApp()` instead.
08-16 05:40:54.507  9580  9617 I ReactNativeJS: '[UI_PRESS_PROBE]', '{"event":"VOIP_ACTIVE_CALL_RESUME_SKIPPED_AUTH","timestamp":"2026-08-15T20:40:54.506Z","token_ready":true,"user_ready":true,"show_login":false,"show_voip_tester":false,"selected_call_mode":"pstn_assist","source":"app_launch_resume","status":401,"last_call_id":null}'
08-16 05:40:54.542  9580  9617 I ReactNativeJS: '[AUTH_FLOW]', '{"event":"AUTH_STORAGE_RESTORE_FOUND","user_id":6,"user_email":"119cash@naver.com"}'
08-16 05:40:54.542  9580  9617 I ReactNativeJS: '[AUTH_FLOW]', '{"event":"AUTH_STORAGE_RESTORE_APPLIED","user_id":6,"user_email":"119cash@naver.com"}'
08-16 05:40:54.578  9580  9617 W ReactNativeJS: This method is deprecated (as well as all React Native Firebase namespaced API) and will be removed in the next major release as part of move to match Firebase Web modular SDK API. Please see migration guide for more details: https://rnfirebase.io/migrating-to-v22 Please use `getApps()` instead.
08-16 05:40:54.578  9580  9617 W ReactNativeJS: This method is deprecated (as well as all React Native Firebase namespaced API) and will be removed in the next major release as part of move to match Firebase Web modular SDK API. Please see migration guide for more details: https://rnfirebase.io/migrating-to-v22 Please use `getApps()` instead.
08-16 05:40:54.578  9580  9617 W ReactNativeJS: This method is deprecated (as well as all React Native Firebase namespaced API) and will be removed in the next major release as part of move to match Firebase Web modular SDK API. Please see migration guide for more details: https://rnfirebase.io/migrating-to-v22 Please use `getApps()` instead.
08-16 05:40:54.580  9580  9617 W ReactNativeJS: This method is deprecated (as well as all React Native Firebase namespaced API) and will be removed in the next major release as part of move to match Firebase Web modular SDK API. Please see migration guide for more details: https://rnfirebase.io/migrating-to-v22 Please use `getApps()` instead.
08-16 05:40:54.583  9580  9617 I ReactNativeJS: '[VoIPPendingIncoming]', '{"event":"REQUEST_START","source":"pending_call_initial","token_summary":"len:30:passke...en_331","user_id":6,"has_pending_call":false,"has_active_call":false}'
08-16 05:40:54.585  9580  9617 I ReactNativeJS: '[UI_PRESS_PROBE]', '{"event":"VOIP_PRESENCE_CONNECT_ATTEMPT","timestamp":"2026-08-15T20:40:54.585Z","token_ready":true,"user_ready":true,"show_login":false,"show_voip_tester":false,"selected_call_mode":"pstn_assist","voice_id":"nado-000006","token_summary":"len:30:passke...en_331","reason":"effect_start","api_base":"https://metanova1004.com"}'
08-16 05:40:54.587  9580  9617 W ReactNativeJS: This method is deprecated (as well as all React Native Firebase namespaced API) and will be removed in the next major release as part of move to match Firebase Web modular SDK API. Please see migration guide for more details: https://rnfirebase.io/migrating-to-v22 Please use `getApp()` instead.
08-16 05:40:54.587  9580  9617 W ReactNativeJS: This method is deprecated (as well as all React Native Firebase namespaced API) and will be removed in the next major release as part of move to match Firebase Web modular SDK API. Please see migration guide for more details: https://rnfirebase.io/migrating-to-v22 Please use `getApp()` instead.
08-16 05:40:54.587  9580  9617 W ReactNativeJS: This method is deprecated (as well as all React Native Firebase namespaced API) and will be removed in the next major release as part of move to match Firebase Web modular SDK API. Please see migration guide for more details: https://rnfirebase.io/migrating-to-v22 Please use `getApp()` instead.
08-16 05:40:54.589  9580  9617 W ReactNativeJS: This method is deprecated (as well as all React Native Firebase namespaced API) and will be removed in the next major release as part of move to match Firebase Web modular SDK API. Please see migration guide for more details: https://rnfirebase.io/migrating-to-v22 Please use `getApp()` instead.
08-16 05:40:54.590  9580  9617 I ReactNativeJS: '[UI_PRESS_PROBE]', '{"event":"VOIP_NOTIFICATION_PERMISSION_STATUS","timestamp":"2026-08-15T20:40:54.590Z","token_ready":true,"user_ready":true,"show_login":false,"show_voip_tester":false,"selected_call_mode":"pstn_assist","notifications_enabled":true}'
08-16 05:40:54.597  9580  9617 I ReactNativeJS: '[DEEP_LINK_TRACE]', '{"source":"initial_url","outcome":"empty_url"}'
08-16 05:40:54.601  9580  9617 I ReactNativeJS: '[UI_PRESS_PROBE]', '{"event":"VOIP_PRESENCE_ERROR","timestamp":"2026-08-15T20:40:54.601Z","token_ready":true,"user_ready":true,"show_login":false,"show_voip_tester":false,"selected_call_mode":"pstn_assist","voice_id":"nado-000006","token_summary":"len:30:passke...en_331","reason":"effect_start"}'
08-16 05:40:54.602  9580  9617 I ReactNativeJS: '[UI_PRESS_PROBE]', '{"event":"VOIP_PRESENCE_CLOSED","timestamp":"2026-08-15T20:40:54.601Z","token_ready":true,"user_ready":true,"show_login":false,"show_voip_tester":false,"selected_call_mode":"pstn_assist","voice_id":"nado-000006","token_summary":"len:30:passke...en_331","reason":"effect_start","code":1006}'
08-16 05:40:54.602  9580  9617 I ReactNativeJS: '[UI_PRESS_PROBE]', '{"event":"VOIP_PRESENCE_RETRY_SCHEDULED","timestamp":"2026-08-15T20:40:54.602Z","token_ready":true,"user_ready":true,"show_login":false,"show_voip_tester":false,"selected_call_mode":"pstn_assist","voice_id":"nado-000006","token_summary":"len:30:passke...en_331","reason":"close:1006"}'
08-16 05:40:54.650  9580  9617 I ReactNativeJS: '[MISSED_CALL]', '{"event":"fetch","count":0}'
08-16 05:40:54.650  9580  9617 I ReactNativeJS: '[VoIPPendingIncoming]', '{"event":"REQUEST_RESULT","source":"pending_call_initial","token_summary":"len:30:passke...en_331","user_id":6,"status":401,"ok":false}'
08-16 05:40:54.651  9580  9617 I ReactNativeJS: '[VoIPPendingIncoming] fetch failed', 401
08-16 05:40:54.653  9580  9617 W ReactNativeJS: This method is deprecated (as well as all React Native Firebase namespaced API) and will be removed in the next major release as part of move to match Firebase Web modular SDK API. Please see migration guide for more details: https://rnfirebase.io/migrating-to-v22 Please use `getApp()` instead.
08-16 05:40:54.688  9580  9617 I ReactNativeJS: '[AUTH_FLOW]', '{"event":"AUTH_STORAGE_RESTORE_FOUND","user_id":6,"user_email":"119cash@naver.com"}'
08-16 05:40:54.688  9580  9617 I ReactNativeJS: '[AUTH_FLOW]', '{"event":"AUTH_STORAGE_RESTORE_APPLIED","user_id":6,"user_email":"119cash@naver.com"}'
08-16 05:40:54.691  9580  9617 I ReactNativeJS: '[UI_PRESS_PROBE]', '{"event":"VOIP_ACTIVE_CALL_RESUME_SKIPPED_AUTH","timestamp":"2026-08-15T20:40:54.691Z","token_ready":true,"user_ready":true,"show_login":false,"show_voip_tester":false,"selected_call_mode":"pstn_assist","source":"app_launch_resume","status":401,"last_call_id":null}'
08-16 05:40:54.720  9580  9617 W ReactNativeJS: This method is deprecated (as well as all React Native Firebase namespaced API) and will be removed in the next major release as part of move to match Firebase Web modular SDK API. Please see migration guide for more details: https://rnfirebase.io/migrating-to-v22 Please use `getApps()` instead.
08-16 05:40:54.720  9580  9617 W ReactNativeJS: This method is deprecated (as well as all React Native Firebase namespaced API) and will be removed in the next major release as part of move to match Firebase Web modular SDK API. Please see migration guide for more details: https://rnfirebase.io/migrating-to-v22 Please use `getApps()` instead.
08-16 05:40:54.720  9580  9617 W ReactNativeJS: This method is deprecated (as well as all React Native Firebase namespaced API) and will be removed in the next major release as part of move to match Firebase Web modular SDK API. Please see migration guide for more details: https://rnfirebase.io/migrating-to-v22 Please use `getApps()` instead.
08-16 05:40:54.721  9580  9617 W ReactNativeJS: This method is deprecated (as well as all React Native Firebase namespaced API) and will be removed in the next major release as part of move to match Firebase Web modular SDK API. Please see migration guide for more details: https://rnfirebase.io/migrating-to-v22 Please use `getApps()` instead.
08-16 05:40:54.723  9580  9617 I ReactNativeJS: '[VoIPPendingIncoming]', '{"event":"REQUEST_START","source":"pending_call_initial","token_summary":"len:30:passke...en_331","user_id":6,"has_pending_call":false,"has_active_call":false}'
08-16 05:40:54.725  9580  9617 I ReactNativeJS: '[UI_PRESS_PROBE]', '{"event":"VOIP_PRESENCE_CONNECT_ATTEMPT","timestamp":"2026-08-15T20:40:54.725Z","token_ready":true,"user_ready":true,"show_login":false,"show_voip_tester":false,"selected_call_mode":"pstn_assist","voice_id":"nado-000006","token_summary":"len:30:passke...en_331","reason":"effect_start","api_base":"https://metanova1004.com"}'
08-16 05:40:54.726  9580  9617 W ReactNativeJS: This method is deprecated (as well as all React Native Firebase namespaced API) and will be removed in the next major release as part of move to match Firebase Web modular SDK API. Please see migration guide for more details: https://rnfirebase.io/migrating-to-v22 Please use `getApp()` instead.
08-16 05:40:54.726  9580  9617 W ReactNativeJS: This method is deprecated (as well as all React Native Firebase namespaced API) and will be removed in the next major release as part of move to match Firebase Web modular SDK API. Please see migration guide for more details: https://rnfirebase.io/migrating-to-v22 Please use `getApp()` instead.
08-16 05:40:54.726  9580  9617 W ReactNativeJS: This method is deprecated (as well as all React Native Firebase namespaced API) and will be removed in the next major release as part of move to match Firebase Web modular SDK API. Please see migration guide for more details: https://rnfirebase.io/migrating-to-v22 Please use `getApp()` instead.
08-16 05:40:54.729  9580  9617 W ReactNativeJS: This method is deprecated (as well as all React Native Firebase namespaced API) and will be removed in the next major release as part of move to match Firebase Web modular SDK API. Please see migration guide for more details: https://rnfirebase.io/migrating-to-v22 Please use `getApp()` instead.
08-16 05:40:54.730  9580  9617 I ReactNativeJS: '[UI_PRESS_PROBE]', '{"event":"VOIP_NOTIFICATION_PERMISSION_STATUS","timestamp":"2026-08-15T20:40:54.729Z","token_ready":true,"user_ready":true,"show_login":false,"show_voip_tester":false,"selected_call_mode":"pstn_assist","notifications_enabled":true}'
08-16 05:40:54.732  9580  9617 I ReactNativeJS: '[DEEP_LINK_TRACE]', '{"source":"initial_url","outcome":"empty_url"}'
08-16 05:40:54.763  9580  9617 I ReactNativeJS: '[UI_PRESS_PROBE]', '{"event":"VOIP_PRESENCE_ERROR","timestamp":"2026-08-15T20:40:54.762Z","token_ready":true,"user_ready":true,"show_login":false,"show_voip_tester":false,"selected_call_mode":"pstn_assist","voice_id":"nado-000006","token_summary":"len:30:passke...en_331","reason":"effect_start"}'
08-16 05:40:54.764  9580  9617 I ReactNativeJS: '[UI_PRESS_PROBE]', '{"event":"VOIP_PRESENCE_CLOSED","timestamp":"2026-08-15T20:40:54.763Z","token_ready":true,"user_ready":true,"show_login":false,"show_voip_tester":false,"selected_call_mode":"pstn_assist","voice_id":"nado-000006","token_summary":"len:30:passke...en_331","reason":"effect_start","code":1006}'
08-16 05:40:54.764  9580  9617 I ReactNativeJS: '[UI_PRESS_PROBE]', '{"event":"VOIP_PRESENCE_RETRY_SCHEDULED","timestamp":"2026-08-15T20:40:54.764Z","token_ready":true,"user_ready":true,"show_login":false,"show_voip_tester":false,"selected_call_mode":"pstn_assist","voice_id":"nado-000006","token_summary":"len:30:passke...en_331","reason":"close:1006"}'
08-16 05:40:54.766  9580  9617 W ReactNativeJS: This method is deprecated (as well as all React Native Firebase namespaced API) and will be removed in the next major release as part of move to match Firebase Web modular SDK API. Please see migration guide for more details: https://rnfirebase.io/migrating-to-v22 Please use `getApp()` instead.
08-16 05:40:54.777  9580  9617 I ReactNativeJS: '[MISSED_CALL]', '{"event":"fetch","count":0}'
08-16 05:40:54.778  9580  9617 I ReactNativeJS: '[VoIPPendingIncoming]', '{"event":"REQUEST_RESULT","source":"pending_call_initial","token_summary":"len:30:passke...en_331","user_id":6,"status":401,"ok":false}'
08-16 05:40:54.778  9580  9617 I ReactNativeJS: '[VoIPPendingIncoming] fetch failed', 401
08-16 05:40:54.807  9580  9617 W ReactNativeJS: This method is deprecated (as well as all React Native Firebase namespaced API) and will be removed in the next major release as part of move to match Firebase Web modular SDK API. Please see migration guide for more details: https://rnfirebase.io/migrating-to-v22 Please use `getApp()` instead.
08-16 05:40:54.836  9580  9617 I ReactNativeJS: '[UI_PRESS_PROBE]', '{"event":"VOIP_ACTIVE_CALL_RESUME_SKIPPED_AUTH","timestamp":"2026-08-15T20:40:54.835Z","token_ready":true,"user_ready":true,"show_login":false,"show_voip_tester":false,"selected_call_mode":"pstn_assist","source":"app_launch_resume","status":401,"last_call_id":null}'
08-16 05:40:54.864  9580  9617 I ReactNativeJS: '[AUTH_FLOW]', '{"event":"AUTH_STORAGE_RESTORE_FOUND","user_id":6,"user_email":"119cash@naver.com"}'
08-16 05:40:54.864  9580  9617 I ReactNativeJS: '[AUTH_FLOW]', '{"event":"AUTH_STORAGE_RESTORE_APPLIED","user_id":6,"user_email":"119cash@naver.com"}'
08-16 05:40:54.895  9580  9617 W ReactNativeJS: This method is deprecated (as well as all React Native Firebase namespaced API) and will be removed in the next major release as part of move to match Firebase Web modular SDK API. Please see migration guide for more details: https://rnfirebase.io/migrating-to-v22 Please use `getApps()` instead.
08-16 05:40:54.895  9580  9617 W ReactNativeJS: This method is deprecated (as well as all React Native Firebase namespaced API) and will be removed in the next major release as part of move to match Firebase Web modular SDK API. Please see migration guide for more details: https://rnfirebase.io/migrating-to-v22 Please use `getApps()` instead.
08-16 05:40:54.895  9580  9617 W ReactNativeJS: This method is deprecated (as well as all React Native Firebase namespaced API) and will be removed in the next major release as part of move to match Firebase Web modular SDK API. Please see migration guide for more details: https://rnfirebase.io/migrating-to-v22 Please use `getApps()` instead.
08-16 05:40:54.896  9580  9617 W ReactNativeJS: This method is deprecated (as well as all React Native Firebase namespaced API) and will be removed in the next major release as part of move to match Firebase Web modular SDK API. Please see migration guide for more details: https://rnfirebase.io/migrating-to-v22 Please use `getApps()` instead.
08-16 05:40:54.898  9580  9617 I ReactNativeJS: '[VoIPPendingIncoming]', '{"event":"REQUEST_START","source":"pending_call_initial","token_summary":"len:30:passke...en_331","user_id":6,"has_pending_call":false,"has_active_call":false}'
08-16 05:40:54.899  9580  9617 I ReactNativeJS: '[UI_PRESS_PROBE]', '{"event":"VOIP_PRESENCE_CONNECT_ATTEMPT","timestamp":"2026-08-15T20:40:54.899Z","token_ready":true,"user_ready":true,"show_login":false,"show_voip_tester":false,"selected_call_mode":"pstn_assist","voice_id":"nado-000006","token_summary":"len:30:passke...en_331","reason":"effect_start","api_base":"https://metanova1004.com"}'
08-16 05:40:54.901  9580  9617 W ReactNativeJS: This method is deprecated (as well as all React Native Firebase namespaced API) and will be removed in the next major release as part of move to match Firebase Web modular SDK API. Please see migration guide for more details: https://rnfirebase.io/migrating-to-v22 Please use `getApp()` instead.
08-16 05:40:54.901  9580  9617 W ReactNativeJS: This method is deprecated (as well as all React Native Firebase namespaced API) and will be removed in the next major release as part of move to match Firebase Web modular SDK API. Please see migration guide for more details: https://rnfirebase.io/migrating-to-v22 Please use `getApp()` instead.
08-16 05:40:54.901  9580  9617 W ReactNativeJS: This method is deprecated (as well as all React Native Firebase namespaced API) and will be removed in the next major release as part of move to match Firebase Web modular SDK API. Please see migration guide for more details: https://rnfirebase.io/migrating-to-v22 Please use `getApp()` instead.
08-16 05:40:54.904  9580  9617 W ReactNativeJS: This method is deprecated (as well as all React Native Firebase namespaced API) and will be removed in the next major release as part of move to match Firebase Web modular SDK API. Please see migration guide for more details: https://rnfirebase.io/migrating-to-v22 Please use `getApp()` instead.
08-16 05:40:54.905  9580  9617 I ReactNativeJS: '[UI_PRESS_PROBE]', '{"event":"VOIP_NOTIFICATION_PERMISSION_STATUS","timestamp":"2026-08-15T20:40:54.904Z","token_ready":true,"user_ready":true,"show_login":false,"show_voip_tester":false,"selected_call_mode":"pstn_assist","notifications_enabled":true}'
08-16 05:40:54.908  9580  9617 I ReactNativeJS: '[DEEP_LINK_TRACE]', '{"source":"initial_url","outcome":"empty_url"}'
08-16 05:40:54.938  9580  9617 I ReactNativeJS: '[UI_PRESS_PROBE]', '{"event":"VOIP_PRESENCE_ERROR","timestamp":"2026-08-15T20:40:54.937Z","token_ready":true,"user_ready":true,"show_login":false,"show_voip_tester":false,"selected_call_mode":"pstn_assist","voice_id":"nado-000006","token_summary":"len:30:passke...en_331","reason":"effect_start"}'
08-16 05:40:54.938  9580  9617 I ReactNativeJS: '[UI_PRESS_PROBE]', '{"event":"VOIP_PRESENCE_CLOSED","timestamp":"2026-08-15T20:40:54.938Z","token_ready":true,"user_ready":true,"show_login":false,"show_voip_tester":false,"selected_call_mode":"pstn_assist","voice_id":"nado-000006","token_summary":"len:30:passke...en_331","reason":"effect_start","code":1006}'
08-16 05:40:54.939  9580  9617 I ReactNativeJS: '[UI_PRESS_PROBE]', '{"event":"VOIP_PRESENCE_RETRY_SCHEDULED","timestamp":"2026-08-15T20:40:54.938Z","token_ready":true,"user_ready":true,"show_login":false,"show_voip_tester":false,"selected_call_mode":"pstn_assist","voice_id":"nado-000006","token_summary":"len:30:passke...en_331","reason":"close:1006"}'
08-16 05:40:54.970  9580  9617 I ReactNativeJS: '[VoIPPendingIncoming]', '{"event":"REQUEST_RESULT","source":"pending_call_initial","token_summary":"len:30:passke...en_331","user_id":6,"status":401,"ok":false}'
08-16 05:40:54.970  9580  9617 I ReactNativeJS: '[VoIPPendingIncoming] fetch failed', 401
08-16 05:40:54.972  9580  9617 I ReactNativeJS: '[MISSED_CALL]', '{"event":"fetch","count":0}'
08-16 05:40:54.977  9580  9617 W ReactNativeJS: This method is deprecated (as well as all React Native Firebase namespaced API) and will be removed in the next major release as part of move to match Firebase Web modular SDK API. Please see migration guide for more details: https://rnfirebase.io/migrating-to-v22 Please use `getApp()` instead.
08-16 05:40:55.018  9580  9617 I ReactNativeJS: '[AUTH_FLOW]', '{"event":"AUTH_STORAGE_RESTORE_FOUND","user_id":6,"user_email":"119cash@naver.com"}'
08-16 05:40:55.018  9580  9617 I ReactNativeJS: '[AUTH_FLOW]', '{"event":"AUTH_STORAGE_RESTORE_APPLIED","user_id":6,"user_email":"119cash@naver.com"}'
08-16 05:40:55.021  9580  9617 I ReactNativeJS: '[UI_PRESS_PROBE]', '{"event":"VOIP_ACTIVE_CALL_RESUME_SKIPPED_AUTH","timestamp":"2026-08-15T20:40:55.021Z","token_ready":true,"user_ready":true,"show_login":false,"show_voip_tester":false,"selected_call_mode":"pstn_assist","source":"app_launch_resume","status":401,"last_call_id":null}'
08-16 05:40:55.113  9580  9617 W ReactNativeJS: This method is deprecated (as well as all React Native Firebase namespaced API) and will be removed in the next major release as part of move to match Firebase Web modular SDK API. Please see migration guide for more details: https://rnfirebase.io/migrating-to-v22 Please use `getApps()` instead.
08-16 05:40:55.113  9580  9617 W ReactNativeJS: This method is deprecated (as well as all React Native Firebase namespaced API) and will be removed in the next major release as part of move to match Firebase Web modular SDK API. Please see migration guide for more details: https://rnfirebase.io/migrating-to-v22 Please use `getApps()` instead.
08-16 05:40:55.113  9580  9617 W ReactNativeJS: This method is deprecated (as well as all React Native Firebase namespaced API) and will be removed in the next major release as part of move to match Firebase Web modular SDK API. Please see migration guide for more details: https://rnfirebase.io/migrating-to-v22 Please use `getApps()` instead.
08-16 05:40:55.116  9580  9617 W ReactNativeJS: This method is deprecated (as well as all React Native Firebase namespaced API) and will be removed in the next major release as part of move to match Firebase Web modular SDK API. Please see migration guide for more details: https://rnfirebase.io/migrating-to-v22 Please use `getApps()` instead.
08-16 05:40:55.118  9580  9617 I ReactNativeJS: '[VoIPPendingIncoming]', '{"event":"REQUEST_START","source":"pending_call_initial","token_summary":"len:30:passke...en_331","user_id":6,"has_pending_call":false,"has_active_call":false}'
08-16 05:40:55.121  9580  9617 I ReactNativeJS: '[UI_PRESS_PROBE]', '{"event":"VOIP_PRESENCE_CONNECT_ATTEMPT","timestamp":"2026-08-15T20:40:55.121Z","token_ready":true,"user_ready":true,"show_login":false,"show_voip_tester":false,"selected_call_mode":"pstn_assist","voice_id":"nado-000006","token_summary":"len:30:passke...en_331","reason":"effect_start","api_base":"https://metanova1004.com"}'
08-16 05:40:55.123  9580  9617 W ReactNativeJS: This method is deprecated (as well as all React Native Firebase namespaced API) and will be removed in the next major release as part of move to match Firebase Web modular SDK API. Please see migration guide for more details: https://rnfirebase.io/migrating-to-v22 Please use `getApp()` instead.
08-16 05:40:55.123  9580  9617 W ReactNativeJS: This method is deprecated (as well as all React Native Firebase namespaced API) and will be removed in the next major release as part of move to match Firebase Web modular SDK API. Please see migration guide for more details: https://rnfirebase.io/migrating-to-v22 Please use `getApp()` instead.
08-16 05:40:55.123  9580  9617 W ReactNativeJS: This method is deprecated (as well as all React Native Firebase namespaced API) and will be removed in the next major release as part of move to match Firebase Web modular SDK API. Please see migration guide for more details: https://rnfirebase.io/migrating-to-v22 Please use `getApp()` instead.
08-16 05:40:55.125  9580  9617 W ReactNativeJS: This method is deprecated (as well as all React Native Firebase namespaced API) and will be removed in the next major release as part of move to match Firebase Web modular SDK API. Please see migration guide for more details: https://rnfirebase.io/migrating-to-v22 Please use `getApp()` instead.
08-16 05:40:55.127  9580  9617 I ReactNativeJS: '[UI_PRESS_PROBE]', '{"event":"VOIP_NOTIFICATION_PERMISSION_STATUS","timestamp":"2026-08-15T20:40:55.126Z","token_ready":true,"user_ready":true,"show_login":false,"show_voip_tester":false,"selected_call_mode":"pstn_assist","notifications_enabled":true}'
08-16 05:40:55.132  9580  9617 I ReactNativeJS: '[DEEP_LINK_TRACE]', '{"source":"initial_url","outcome":"empty_url"}'
08-16 05:40:55.193  9580  9617 I ReactNativeJS: '[UI_PRESS_PROBE]', '{"event":"VOIP_PRESENCE_ERROR","timestamp":"2026-08-15T20:40:55.193Z","token_ready":true,"user_ready":true,"show_login":false,"show_voip_tester":false,"selected_call_mode":"pstn_assist","voice_id":"nado-000006","token_summary":"len:30:passke...en_331","reason":"effect_start"}'
08-16 05:40:55.194  9580  9617 I ReactNativeJS: '[UI_PRESS_PROBE]', '{"event":"VOIP_PRESENCE_CLOSED","timestamp":"2026-08-15T20:40:55.193Z","token_ready":true,"user_ready":true,"show_login":false,"show_voip_tester":false,"selected_call_mode":"pstn_assist","voice_id":"nado-000006","token_summary":"len:30:passke...en_331","reason":"effect_start","code":1006}'
08-16 05:40:55.194  9580  9617 I ReactNativeJS: '[UI_PRESS_PROBE]', '{"event":"VOIP_PRESENCE_RETRY_SCHEDULED","timestamp":"2026-08-15T20:40:55.194Z","token_ready":true,"user_ready":true,"show_login":false,"show_voip_tester":false,"selected_call_mode":"pstn_assist","voice_id":"nado-000006","token_summary":"len:30:passke...en_331","reason":"close:1006"}'
08-16 05:40:55.196  9580  9617 W ReactNativeJS: This method is deprecated (as well as all React Native Firebase namespaced API) and will be removed in the next major release as part of move to match Firebase Web modular SDK API. Please see migration guide for more details: https://rnfirebase.io/migrating-to-v22 Please use `getApp()` instead.
08-16 05:40:55.200  9580  9617 I ReactNativeJS: '[MISSED_CALL]', '{"event":"fetch","count":0}'
08-16 05:40:55.200  9580  9617 I ReactNativeJS: '[VoIPPendingIncoming]', '{"event":"REQUEST_RESULT","source":"pending_call_initial","token_summary":"len:30:passke...en_331","user_id":6,"status":401,"ok":false}'
08-16 05:40:55.201  9580  9617 I ReactNativeJS: '[VoIPPendingIncoming] fetch failed', 401
08-16 05:40:55.208  9580  9617 W ReactNativeJS: This method is deprecated (as well as all React Native Firebase namespaced API) and will be removed in the next major release as part of move to match Firebase Web modular SDK API. Please see migration guide for more details: https://rnfirebase.io/migrating-to-v22 Please use `getApp()` instead.
08-16 05:40:55.238  9580  9617 I ReactNativeJS: '[AUTH_FLOW]', '{"event":"AUTH_STORAGE_RESTORE_FOUND","user_id":6,"user_email":"119cash@naver.com"}'
08-16 05:40:55.238  9580  9617 I ReactNativeJS: '[AUTH_FLOW]', '{"event":"AUTH_STORAGE_RESTORE_APPLIED","user_id":6,"user_email":"119cash@naver.com"}'
08-16 05:40:55.241  9580  9617 I ReactNativeJS: '[UI_PRESS_PROBE]', '{"event":"VOIP_ACTIVE_CALL_RESUME_SKIPPED_AUTH","timestamp":"2026-08-15T20:40:55.241Z","token_ready":true,"user_ready":true,"show_login":false,"show_voip_tester":false,"selected_call_mode":"pstn_assist","source":"app_launch_resume","status":401,"last_call_id":null}'
08-16 05:40:55.268  9580  9617 W ReactNativeJS: This method is deprecated (as well as all React Native Firebase namespaced API) and will be removed in the next major release as part of move to match Firebase Web modular SDK API. Please see migration guide for more details: https://rnfirebase.io/migrating-to-v22 Please use `getApps()` instead.
08-16 05:40:55.268  9580  9617 W ReactNativeJS: This method is deprecated (as well as all React Native Firebase namespaced API) and will be removed in the next major release as part of move to match Firebase Web modular SDK API. Please see migration guide for more details: https://rnfirebase.io/migrating-to-v22 Please use `getApps()` instead.
08-16 05:40:55.268  9580  9617 W ReactNativeJS: This method is deprecated (as well as all React Native Firebase namespaced API) and will be removed in the next major release as part of move to match Firebase Web modular SDK API. Please see migration guide for more details: https://rnfirebase.io/migrating-to-v22 Please use `getApps()` instead.
08-16 05:40:55.269  9580  9617 W ReactNativeJS: This method is deprecated (as well as all React Native Firebase namespaced API) and will be removed in the next major release as part of move to match Firebase Web modular SDK API. Please see migration guide for more details: https://rnfirebase.io/migrating-to-v22 Please use `getApps()` instead.
08-16 05:40:55.271  9580  9617 I ReactNativeJS: '[VoIPPendingIncoming]', '{"event":"REQUEST_START","source":"pending_call_initial","token_summary":"len:30:passke...en_331","user_id":6,"has_pending_call":false,"has_active_call":false}'
08-16 05:40:55.273  9580  9617 I ReactNativeJS: '[UI_PRESS_PROBE]', '{"event":"VOIP_PRESENCE_CONNECT_ATTEMPT","timestamp":"2026-08-15T20:40:55.272Z","token_ready":true,"user_ready":true,"show_login":false,"show_voip_tester":false,"selected_call_mode":"pstn_assist","voice_id":"nado-000006","token_summary":"len:30:passke...en_331","reason":"effect_start","api_base":"https://metanova1004.com"}'
08-16 05:40:55.274  9580  9617 W ReactNativeJS: This method is deprecated (as well as all React Native Firebase namespaced API) and will be removed in the next major release as part of move to match Firebase Web modular SDK API. Please see migration guide for more details: https://rnfirebase.io/migrating-to-v22 Please use `getApp()` instead.
08-16 05:40:55.274  9580  9617 W ReactNativeJS: This method is deprecated (as well as all React Native Firebase namespaced API) and will be removed in the next major release as part of move to match Firebase Web modular SDK API. Please see migration guide for more details: https://rnfirebase.io/migrating-to-v22 Please use `getApp()` instead.
08-16 05:40:55.274  9580  9617 W ReactNativeJS: This method is deprecated (as well as all React Native Firebase namespaced API) and will be removed in the next major release as part of move to match Firebase Web modular SDK API. Please see migration guide for more details: https://rnfirebase.io/migrating-to-v22 Please use `getApp()` instead.
08-16 05:40:55.276  9580  9617 W ReactNativeJS: This method is deprecated (as well as all React Native Firebase namespaced API) and will be removed in the next major release as part of move to match Firebase Web modular SDK API. Please see migration guide for more details: https://rnfirebase.io/migrating-to-v22 Please use `getApp()` instead.
08-16 05:40:55.277  9580  9617 I ReactNativeJS: '[UI_PRESS_PROBE]', '{"event":"VOIP_NOTIFICATION_PERMISSION_STATUS","timestamp":"2026-08-15T20:40:55.277Z","token_ready":true,"user_ready":true,"show_login":false,"show_voip_tester":false,"selected_call_mode":"pstn_assist","notifications_enabled":true}'
08-16 05:40:55.281  9580  9617 I ReactNativeJS: '[DEEP_LINK_TRACE]', '{"source":"initial_url","outcome":"empty_url"}'
08-16 05:40:55.308  9580  9617 I ReactNativeJS: '[UI_PRESS_PROBE]', '{"event":"VOIP_PRESENCE_ERROR","timestamp":"2026-08-15T20:40:55.308Z","token_ready":true,"user_ready":true,"show_login":false,"show_voip_tester":false,"selected_call_mode":"pstn_assist","voice_id":"nado-000006","token_summary":"len:30:passke...en_331","reason":"effect_start"}'
08-16 05:40:55.309  9580  9617 I ReactNativeJS: '[UI_PRESS_PROBE]', '{"event":"VOIP_PRESENCE_CLOSED","timestamp":"2026-08-15T20:40:55.308Z","token_ready":true,"user_ready":true,"show_login":false,"show_voip_tester":false,"selected_call_mode":"pstn_assist","voice_id":"nado-000006","token_summary":"len:30:passke...en_331","reason":"effect_start","code":1006}'
08-16 05:40:55.309  9580  9617 I ReactNativeJS: '[UI_PRESS_PROBE]', '{"event":"VOIP_PRESENCE_RETRY_SCHEDULED","timestamp":"2026-08-15T20:40:55.309Z","token_ready":true,"user_ready":true,"show_login":false,"show_voip_tester":false,"selected_call_mode":"pstn_assist","voice_id":"nado-000006","token_summary":"len:30:passke...en_331","reason":"close:1006"}'
08-16 05:40:55.344  9580  9617 I ReactNativeJS: '[MISSED_CALL]', '{"event":"fetch","count":0}'
08-16 05:40:55.345  9580  9617 I ReactNativeJS: '[VoIPPendingIncoming]', '{"event":"REQUEST_RESULT","source":"pending_call_initial","token_summary":"len:30:passke...en_331","user_id":6,"status":401,"ok":false}'
08-16 05:40:55.345  9580  9617 I ReactNativeJS: '[VoIPPendingIncoming] fetch failed', 401
08-16 05:40:55.356  9580  9617 W ReactNativeJS: This method is deprecated (as well as all React Native Firebase namespaced API) and will be removed in the next major release as part of move to match Firebase Web modular SDK API. Please see migration guide for more details: https://rnfirebase.io/migrating-to-v22 Please use `getApp()` instead.
08-16 05:40:55.408  9580  9617 I ReactNativeJS: '[AUTH_FLOW]', '{"event":"AUTH_STORAGE_RESTORE_FOUND","user_id":6,"user_email":"119cash@naver.com"}'
08-16 05:40:55.408  9580  9617 I ReactNativeJS: '[AUTH_FLOW]', '{"event":"AUTH_STORAGE_RESTORE_APPLIED","user_id":6,"user_email":"119cash@naver.com"}'
08-16 05:40:55.412  9580  9617 I ReactNativeJS: '[UI_PRESS_PROBE]', '{"event":"VOIP_ACTIVE_CALL_RESUME_SKIPPED_AUTH","timestamp":"2026-08-15T20:40:55.412Z","token_ready":true,"user_ready":true,"show_login":false,"show_voip_tester":false,"selected_call_mode":"pstn_assist","source":"app_launch_resume","status":401,"last_call_id":null}'
08-16 05:40:55.450  9580  9617 W ReactNativeJS: This method is deprecated (as well as all React Native Firebase namespaced API) and will be removed in the next major release as part of move to match Firebase Web modular SDK API. Please see migration guide for more details: https://rnfirebase.io/migrating-to-v22 Please use `getApps()` instead.
08-16 05:40:55.450  9580  9617 W ReactNativeJS: This method is deprecated (as well as all React Native Firebase namespaced API) and will be removed in the next major release as part of move to match Firebase Web modular SDK API. Please see migration guide for more details: https://rnfirebase.io/migrating-to-v22 Please use `getApps()` instead.
08-16 05:40:55.450  9580  9617 W ReactNativeJS: This method is deprecated (as well as all React Native Firebase namespaced API) and will be removed in the next major release as part of move to match Firebase Web modular SDK API. Please see migration guide for more details: https://rnfirebase.io/migrating-to-v22 Please use `getApps()` instead.
08-16 05:40:55.451  9580  9617 W ReactNativeJS: This method is deprecated (as well as all React Native Firebase namespaced API) and will be removed in the next major release as part of move to match Firebase Web modular SDK API. Please see migration guide for more details: https://rnfirebase.io/migrating-to-v22 Please use `getApps()` instead.
08-16 05:40:55.455  9580  9617 I ReactNativeJS: '[VoIPPendingIncoming]', '{"event":"REQUEST_START","source":"pending_call_initial","token_summary":"len:30:passke...en_331","user_id":6,"has_pending_call":false,"has_active_call":false}'
08-16 05:40:55.457  9580  9617 I ReactNativeJS: '[UI_PRESS_PROBE]', '{"event":"VOIP_PRESENCE_CONNECT_ATTEMPT","timestamp":"2026-08-15T20:40:55.457Z","token_ready":true,"user_ready":true,"show_login":false,"show_voip_tester":false,"selected_call_mode":"pstn_assist","voice_id":"nado-000006","token_summary":"len:30:passke...en_331","reason":"effect_start","api_base":"https://metanova1004.com"}'
08-16 05:40:55.458  9580  9617 W ReactNativeJS: This method is deprecated (as well as all React Native Firebase namespaced API) and will be removed in the next major release as part of move to match Firebase Web modular SDK API. Please see migration guide for more details: https://rnfirebase.io/migrating-to-v22 Please use `getApp()` instead.
08-16 05:40:55.458  9580  9617 W ReactNativeJS: This method is deprecated (as well as all React Native Firebase namespaced API) and will be removed in the next major release as part of move to match Firebase Web modular SDK API. Please see migration guide for more details: https://rnfirebase.io/migrating-to-v22 Please use `getApp()` instead.
08-16 05:40:55.458  9580  9617 W ReactNativeJS: This method is deprecated (as well as all React Native Firebase namespaced API) and will be removed in the next major release as part of move to match Firebase Web modular SDK API. Please see migration guide for more details: https://rnfirebase.io/migrating-to-v22 Please use `getApp()` instead.
08-16 05:40:55.460  9580  9617 W ReactNativeJS: This method is deprecated (as well as all React Native Firebase namespaced API) and will be removed in the next major release as part of move to match Firebase Web modular SDK API. Please see migration guide for more details: https://rnfirebase.io/migrating-to-v22 Please use `getApp()` instead.
08-16 05:40:55.461  9580  9617 I ReactNativeJS: '[UI_PRESS_PROBE]', '{"event":"VOIP_NOTIFICATION_PERMISSION_STATUS","timestamp":"2026-08-15T20:40:55.460Z","token_ready":true,"user_ready":true,"show_login":false,"show_voip_tester":false,"selected_call_mode":"pstn_assist","notifications_enabled":true}'
08-16 05:40:55.463  9580  9617 I ReactNativeJS: '[DEEP_LINK_TRACE]', '{"source":"initial_url","outcome":"empty_url"}'
08-16 05:40:55.499  9580  9617 I ReactNativeJS: '[UI_PRESS_PROBE]', '{"event":"VOIP_PRESENCE_ERROR","timestamp":"2026-08-15T20:40:55.498Z","token_ready":true,"user_ready":true,"show_login":false,"show_voip_tester":false,"selected_call_mode":"pstn_assist","voice_id":"nado-000006","token_summary":"len:30:passke...en_331","reason":"effect_start"}'
08-16 05:40:55.499  9580  9617 I ReactNativeJS: '[UI_PRESS_PROBE]', '{"event":"VOIP_PRESENCE_CLOSED","timestamp":"2026-08-15T20:40:55.499Z","token_ready":true,"user_ready":true,"show_login":false,"show_voip_tester":false,"selected_call_mode":"pstn_assist","voice_id":"nado-000006","token_summary":"len:30:passke...en_331","reason":"effect_start","code":1006}'
08-16 05:40:55.500  9580  9617 I ReactNativeJS: '[UI_PRESS_PROBE]', '{"event":"VOIP_PRESENCE_RETRY_SCHEDULED","timestamp":"2026-08-15T20:40:55.499Z","token_ready":true,"user_ready":true,"show_login":false,"show_voip_tester":false,"selected_call_mode":"pstn_assist","voice_id":"nado-000006","token_summary":"len:30:passke...en_331","reason":"close:1006"}'
08-16 05:40:55.528  9580  9617 I ReactNativeJS: '[VoIPPendingIncoming]', '{"event":"REQUEST_RESULT","source":"pending_call_initial","token_summary":"len:30:passke...en_331","user_id":6,"status":401,"ok":false}'
08-16 05:40:55.528  9580  9617 I ReactNativeJS: '[VoIPPendingIncoming] fetch failed', 401
08-16 05:40:55.529  9580  9617 I ReactNativeJS: '[MISSED_CALL]', '{"event":"fetch","count":0}'
08-16 05:40:55.530  9580  9617 W ReactNativeJS: This method is deprecated (as well as all React Native Firebase namespaced API) and will be removed in the next major release as part of move to match Firebase Web modular SDK API. Please see migration guide for more details: https://rnfirebase.io/migrating-to-v22 Please use `getApp()` instead.
08-16 05:40:55.555  9580  9617 I ReactNativeJS: '[UI_PRESS_PROBE]', '{"event":"VOIP_ACTIVE_CALL_RESUME_SKIPPED_AUTH","timestamp":"2026-08-15T20:40:55.554Z","token_ready":true,"user_ready":true,"show_login":false,"show_voip_tester":false,"selected_call_mode":"pstn_assist","source":"app_launch_resume","status":401,"last_call_id":null}'
08-16 05:40:55.579  9580  9617 I ReactNativeJS: '[AUTH_FLOW]', '{"event":"AUTH_STORAGE_RESTORE_FOUND","user_id":6,"user_email":"119cash@naver.com"}'
08-16 05:40:55.580  9580  9617 I ReactNativeJS: '[AUTH_FLOW]', '{"event":"AUTH_STORAGE_RESTORE_APPLIED","user_id":6,"user_email":"119cash@naver.com"}'
08-16 05:40:55.607  9580  9617 W ReactNativeJS: This method is deprecated (as well as all React Native Firebase namespaced API) and will be removed in the next major release as part of move to match Firebase Web modular SDK API. Please see migration guide for more details: https://rnfirebase.io/migrating-to-v22 Please use `getApps()` instead.
08-16 05:40:55.607  9580  9617 W ReactNativeJS: This method is deprecated (as well as all React Native Firebase namespaced API) and will be removed in the next major release as part of move to match Firebase Web modular SDK API. Please see migration guide for more details: https://rnfirebase.io/migrating-to-v22 Please use `getApps()` instead.
08-16 05:40:55.607  9580  9617 W ReactNativeJS: This method is deprecated (as well as all React Native Firebase namespaced API) and will be removed in the next major release as part of move to match Firebase Web modular SDK API. Please see migration guide for more details: https://rnfirebase.io/migrating-to-v22 Please use `getApps()` instead.
08-16 05:40:55.608  9580  9617 W ReactNativeJS: This method is deprecated (as well as all React Native Firebase namespaced API) and will be removed in the next major release as part of move to match Firebase Web modular SDK API. Please see migration guide for more details: https://rnfirebase.io/migrating-to-v22 Please use `getApps()` instead.
08-16 05:40:55.611  9580  9617 I ReactNativeJS: '[VoIPPendingIncoming]', '{"event":"REQUEST_START","source":"pending_call_initial","token_summary":"len:30:passke...en_331","user_id":6,"has_pending_call":false,"has_active_call":false}'
08-16 05:40:55.613  9580  9617 I ReactNativeJS: '[UI_PRESS_PROBE]', '{"event":"VOIP_PRESENCE_CONNECT_ATTEMPT","timestamp":"2026-08-15T20:40:55.612Z","token_ready":true,"user_ready":true,"show_login":false,"show_voip_tester":false,"selected_call_mode":"pstn_assist","voice_id":"nado-000006","token_summary":"len:30:passke...en_331","reason":"effect_start","api_base":"https://metanova1004.com"}'
08-16 05:40:55.614  9580  9617 W ReactNativeJS: This method is deprecated (as well as all React Native Firebase namespaced API) and will be removed in the next major release as part of move to match Firebase Web modular SDK API. Please see migration guide for more details: https://rnfirebase.io/migrating-to-v22 Please use `getApp()` instead.
08-16 05:40:55.614  9580  9617 W ReactNativeJS: This method is deprecated (as well as all React Native Firebase namespaced API) and will be removed in the next major release as part of move to match Firebase Web modular SDK API. Please see migration guide for more details: https://rnfirebase.io/migrating-to-v22 Please use `getApp()` instead.
08-16 05:40:55.614  9580  9617 W ReactNativeJS: This method is deprecated (as well as all React Native Firebase namespaced API) and will be removed in the next major release as part of move to match Firebase Web modular SDK API. Please see migration guide for more details: https://rnfirebase.io/migrating-to-v22 Please use `getApp()` instead.
08-16 05:40:55.616  9580  9617 W ReactNativeJS: This method is deprecated (as well as all React Native Firebase namespaced API) and will be removed in the next major release as part of move to match Firebase Web modular SDK API. Please see migration guide for more details: https://rnfirebase.io/migrating-to-v22 Please use `getApp()` instead.
08-16 05:40:55.617  9580  9617 I ReactNativeJS: '[UI_PRESS_PROBE]', '{"event":"VOIP_NOTIFICATION_PERMISSION_STATUS","timestamp":"2026-08-15T20:40:55.616Z","token_ready":true,"user_ready":true,"show_login":false,"show_voip_tester":false,"selected_call_mode":"pstn_assist","notifications_enabled":true}'
08-16 05:40:55.619  9580  9617 I ReactNativeJS: '[DEEP_LINK_TRACE]', '{"source":"initial_url","outcome":"empty_url"}'
08-16 05:40:55.621  9580  9617 W ReactNativeJS: This method is deprecated (as well as all React Native Firebase namespaced API) and will be removed in the next major release as part of move to match Firebase Web modular SDK API. Please see migration guide for more details: https://rnfirebase.io/migrating-to-v22 Please use `getApp()` instead.
08-16 05:40:55.651  9580  9617 I ReactNativeJS: '[UI_PRESS_PROBE]', '{"event":"VOIP_PRESENCE_ERROR","timestamp":"2026-08-15T20:40:55.651Z","token_ready":true,"user_ready":true,"show_login":false,"show_voip_tester":false,"selected_call_mode":"pstn_assist","voice_id":"nado-000006","token_summary":"len:30:passke...en_331","reason":"effect_start"}'
08-16 05:40:55.652  9580  9617 I ReactNativeJS: '[UI_PRESS_PROBE]', '{"event":"VOIP_PRESENCE_CLOSED","timestamp":"2026-08-15T20:40:55.651Z","token_ready":true,"user_ready":true,"show_login":false,"show_voip_tester":false,"selected_call_mode":"pstn_assist","voice_id":"nado-000006","token_summary":"len:30:passke...en_331","reason":"effect_start","code":1006}'
08-16 05:40:55.652  9580  9617 I ReactNativeJS: '[UI_PRESS_PROBE]', '{"event":"VOIP_PRESENCE_RETRY_SCHEDULED","timestamp":"2026-08-15T20:40:55.652Z","token_ready":true,"user_ready":true,"show_login":false,"show_voip_tester":false,"selected_call_mode":"pstn_assist","voice_id":"nado-000006","token_summary":"len:30:passke...en_331","reason":"close:1006"}'
08-16 05:40:55.694  9580  9617 I ReactNativeJS: '[MISSED_CALL]', '{"event":"fetch","count":0}'
08-16 05:40:55.697  9580  9617 I ReactNativeJS: '[VoIPPendingIncoming]', '{"event":"REQUEST_RESULT","source":"pending_call_initial","token_summary":"len:30:passke...en_331","user_id":6,"status":401,"ok":false}'
08-16 05:40:55.698  9580  9617 I ReactNativeJS: '[VoIPPendingIncoming] fetch failed', 401
08-16 05:40:55.705  9580  9617 W ReactNativeJS: This method is deprecated (as well as all React Native Firebase namespaced API) and will be removed in the next major release as part of move to match Firebase Web modular SDK API. Please see migration guide for more details: https://rnfirebase.io/migrating-to-v22 Please use `getApp()` instead.
08-16 05:40:55.759  9580  9617 I ReactNativeJS: '[AUTH_FLOW]', '{"event":"AUTH_STORAGE_RESTORE_FOUND","user_id":6,"user_email":"119cash@naver.com"}'
08-16 05:40:55.759  9580  9617 I ReactNativeJS: '[AUTH_FLOW]', '{"event":"AUTH_STORAGE_RESTORE_APPLIED","user_id":6,"user_email":"119cash@naver.com"}'
08-16 05:40:55.762  9580  9617 I ReactNativeJS: '[UI_PRESS_PROBE]', '{"event":"VOIP_ACTIVE_CALL_RESUME_SKIPPED_AUTH","timestamp":"2026-08-15T20:40:55.762Z","token_ready":true,"user_ready":true,"show_login":false,"show_voip_tester":false,"selected_call_mode":"pstn_assist","source":"app_launch_resume","status":401,"last_call_id":null}'
08-16 05:40:55.808  9580  9617 W ReactNativeJS: This method is deprecated (as well as all React Native Firebase namespaced API) and will be removed in the next major release as part of move to match Firebase Web modular SDK API. Please see migration guide for more details: https://rnfirebase.io/migrating-to-v22 Please use `getApps()` instead.
08-16 05:40:55.809  9580  9617 W ReactNativeJS: This method is deprecated (as well as all React Native Firebase namespaced API) and will be removed in the next major release as part of move to match Firebase Web modular SDK API. Please see migration guide for more details: https://rnfirebase.io/migrating-to-v22 Please use `getApps()` instead.
08-16 05:40:55.809  9580  9617 W ReactNativeJS: This method is deprecated (as well as all React Native Firebase namespaced API) and will be removed in the next major release as part of move to match Firebase Web modular SDK API. Please see migration guide for more details: https://rnfirebase.io/migrating-to-v22 Please use `getApps()` instead.
08-16 05:40:55.811  9580  9617 W ReactNativeJS: This method is deprecated (as well as all React Native Firebase namespaced API) and will be removed in the next major release as part of move to match Firebase Web modular SDK API. Please see migration guide for more details: https://rnfirebase.io/migrating-to-v22 Please use `getApps()` instead.
08-16 05:40:55.814  9580  9617 I ReactNativeJS: '[VoIPPendingIncoming]', '{"event":"REQUEST_START","source":"pending_call_initial","token_summary":"len:30:passke...en_331","user_id":6,"has_pending_call":false,"has_active_call":false}'
08-16 05:40:55.817  9580  9617 I ReactNativeJS: '[UI_PRESS_PROBE]', '{"event":"VOIP_PRESENCE_CONNECT_ATTEMPT","timestamp":"2026-08-15T20:40:55.816Z","token_ready":true,"user_ready":true,"show_login":false,"show_voip_tester":false,"selected_call_mode":"pstn_assist","voice_id":"nado-000006","token_summary":"len:30:passke...en_331","reason":"effect_start","api_base":"https://metanova1004.com"}'
08-16 05:40:55.819  9580  9617 W ReactNativeJS: This method is deprecated (as well as all React Native Firebase namespaced API) and will be removed in the next major release as part of move to match Firebase Web modular SDK API. Please see migration guide for more details: https://rnfirebase.io/migrating-to-v22 Please use `getApp()` instead.
08-16 05:40:55.819  9580  9617 W ReactNativeJS: This method is deprecated (as well as all React Native Firebase namespaced API) and will be removed in the next major release as part of move to match Firebase Web modular SDK API. Please see migration guide for more details: https://rnfirebase.io/migrating-to-v22 Please use `getApp()` instead.
08-16 05:40:55.819  9580  9617 W ReactNativeJS: This method is deprecated (as well as all React Native Firebase namespaced API) and will be removed in the next major release as part of move to match Firebase Web modular SDK API. Please see migration guide for more details: https://rnfirebase.io/migrating-to-v22 Please use `getApp()` instead.
08-16 05:40:55.822  9580  9617 W ReactNativeJS: This method is deprecated (as well as all React Native Firebase namespaced API) and will be removed in the next major release as part of move to match Firebase Web modular SDK API. Please see migration guide for more details: https://rnfirebase.io/migrating-to-v22 Please use `getApp()` instead.
08-16 05:40:55.824  9580  9617 I ReactNativeJS: '[UI_PRESS_PROBE]', '{"event":"VOIP_NOTIFICATION_PERMISSION_STATUS","timestamp":"2026-08-15T20:40:55.823Z","token_ready":true,"user_ready":true,"show_login":false,"show_voip_tester":false,"selected_call_mode":"pstn_assist","notifications_enabled":true}'
08-16 05:40:55.828  9580  9617 I ReactNativeJS: '[DEEP_LINK_TRACE]', '{"source":"initial_url","outcome":"empty_url"}'
08-16 05:40:55.853  9580  9617 I ReactNativeJS: '[UI_PRESS_PROBE]', '{"event":"VOIP_PRESENCE_ERROR","timestamp":"2026-08-15T20:40:55.853Z","token_ready":true,"user_ready":true,"show_login":false,"show_voip_tester":false,"selected_call_mode":"pstn_assist","voice_id":"nado-000006","token_summary":"len:30:passke...en_331","reason":"effect_start"}'
08-16 05:40:55.854  9580  9617 I ReactNativeJS: '[UI_PRESS_PROBE]', '{"event":"VOIP_PRESENCE_CLOSED","timestamp":"2026-08-15T20:40:55.853Z","token_ready":true,"user_ready":true,"show_login":false,"show_voip_tester":false,"selected_call_mode":"pstn_assist","voice_id":"nado-000006","token_summary":"len:30:passke...en_331","reason":"effect_start","code":1006}'
08-16 05:40:55.854  9580  9617 I ReactNativeJS: '[UI_PRESS_PROBE]', '{"event":"VOIP_PRESENCE_RETRY_SCHEDULED","timestamp":"2026-08-15T20:40:55.854Z","token_ready":true,"user_ready":true,"show_login":false,"show_voip_tester":false,"selected_call_mode":"pstn_assist","voice_id":"nado-000006","token_summary":"len:30:passke...en_331","reason":"close:1006"}'
08-16 05:40:55.891  9580  9617 I ReactNativeJS: '[MISSED_CALL]', '{"event":"fetch","count":0}'
08-16 05:40:55.892  9580  9617 I ReactNativeJS: '[VoIPPendingIncoming]', '{"event":"REQUEST_RESULT","source":"pending_call_initial","token_summary":"len:30:passke...en_331","user_id":6,"status":401,"ok":false}'
08-16 05:40:55.892  9580  9617 I ReactNativeJS: '[VoIPPendingIncoming] fetch failed', 401
08-16 05:40:55.893  9580  9617 W ReactNativeJS: This method is deprecated (as well as all React Native Firebase namespaced API) and will be removed in the next major release as part of move to match Firebase Web modular SDK API. Please see migration guide for more details: https://rnfirebase.io/migrating-to-v22 Please use `getApp()` instead.
08-16 05:40:55.901  9580  9617 I ReactNativeJS: '[UI_PRESS_PROBE]', '{"event":"VOIP_ACTIVE_CALL_RESUME_SKIPPED_AUTH","timestamp":"2026-08-15T20:40:55.900Z","token_ready":true,"user_ready":true,"show_login":false,"show_voip_tester":false,"selected_call_mode":"pstn_assist","source":"app_launch_resume","status":401,"last_call_id":null}'
08-16 05:40:55.945  9580  9617 W ReactNativeJS: This method is deprecated (as well as all React Native Firebase namespaced API) and will be removed in the next major release as part of move to match Firebase Web modular SDK API. Please see migration guide for more details: https://rnfirebase.io/migrating-to-v22 Please use `getApp()` instead.
08-16 05:40:55.964  9580  9617 I ReactNativeJS: '[AUTH_FLOW]', '{"event":"AUTH_STORAGE_RESTORE_FOUND","user_id":6,"user_email":"119cash@naver.com"}'
08-16 05:40:55.964  9580  9617 I ReactNativeJS: '[AUTH_FLOW]', '{"event":"AUTH_STORAGE_RESTORE_APPLIED","user_id":6,"user_email":"119cash@naver.com"}'
08-16 05:40:55.994  9580  9617 W ReactNativeJS: This method is deprecated (as well as all React Native Firebase namespaced API) and will be removed in the next major release as part of move to match Firebase Web modular SDK API. Please see migration guide for more details: https://rnfirebase.io/migrating-to-v22 Please use `getApps()` instead.
08-16 05:40:55.994  9580  9617 W ReactNativeJS: This method is deprecated (as well as all React Native Firebase namespaced API) and will be removed in the next major release as part of move to match Firebase Web modular SDK API. Please see migration guide for more details: https://rnfirebase.io/migrating-to-v22 Please use `getApps()` instead.
08-16 05:40:55.994  9580  9617 W ReactNativeJS: This method is deprecated (as well as all React Native Firebase namespaced API) and will be removed in the next major release as part of move to match Firebase Web modular SDK API. Please see migration guide for more details: https://rnfirebase.io/migrating-to-v22 Please use `getApps()` instead.
08-16 05:40:55.995  9580  9617 W ReactNativeJS: This method is deprecated (as well as all React Native Firebase namespaced API) and will be removed in the next major release as part of move to match Firebase Web modular SDK API. Please see migration guide for more details: https://rnfirebase.io/migrating-to-v22 Please use `getApps()` instead.
08-16 05:40:55.996  9580  9617 I ReactNativeJS: '[VoIPPendingIncoming]', '{"event":"REQUEST_START","source":"pending_call_initial","token_summary":"len:30:passke...en_331","user_id":6,"has_pending_call":false,"has_active_call":false}'
08-16 05:40:55.998  9580  9617 I ReactNativeJS: '[UI_PRESS_PROBE]', '{"event":"VOIP_PRESENCE_CONNECT_ATTEMPT","timestamp":"2026-08-15T20:40:55.997Z","token_ready":true,"user_ready":true,"show_login":false,"show_voip_tester":false,"selected_call_mode":"pstn_assist","voice_id":"nado-000006","token_summary":"len:30:passke...en_331","reason":"effect_start","api_base":"https://metanova1004.com"}'
08-16 05:40:55.999  9580  9617 W ReactNativeJS: This method is deprecated (as well as all React Native Firebase namespaced API) and will be removed in the next major release as part of move to match Firebase Web modular SDK API. Please see migration guide for more details: https://rnfirebase.io/migrating-to-v22 Please use `getApp()` instead.
08-16 05:40:55.999  9580  9617 W ReactNativeJS: This method is deprecated (as well as all React Native Firebase namespaced API) and will be removed in the next major release as part of move to match Firebase Web modular SDK API. Please see migration guide for more details: https://rnfirebase.io/migrating-to-v22 Please use `getApp()` instead.
08-16 05:40:55.999  9580  9617 W ReactNativeJS: This method is deprecated (as well as all React Native Firebase namespaced API) and will be removed in the next major release as part of move to match Firebase Web modular SDK API. Please see migration guide for more details: https://rnfirebase.io/migrating-to-v22 Please use `getApp()` instead.
08-16 05:40:56.000  9580  9617 W ReactNativeJS: This method is deprecated (as well as all React Native Firebase namespaced API) and will be removed in the next major release as part of move to match Firebase Web modular SDK API. Please see migration guide for more details: https://rnfirebase.io/migrating-to-v22 Please use `getApp()` instead.
08-16 05:40:56.001  9580  9617 I ReactNativeJS: '[UI_PRESS_PROBE]', '{"event":"VOIP_NOTIFICATION_PERMISSION_STATUS","timestamp":"2026-08-15T20:40:56.001Z","token_ready":true,"user_ready":true,"show_login":false,"show_voip_tester":false,"selected_call_mode":"pstn_assist","notifications_enabled":true}'
08-16 05:40:56.005  9580  9617 I ReactNativeJS: '[DEEP_LINK_TRACE]', '{"source":"initial_url","outcome":"empty_url"}'
08-16 05:40:56.032  9580  9617 I ReactNativeJS: '[UI_PRESS_PROBE]', '{"event":"VOIP_PRESENCE_ERROR","timestamp":"2026-08-15T20:40:56.032Z","token_ready":true,"user_ready":true,"show_login":false,"show_voip_tester":false,"selected_call_mode":"pstn_assist","voice_id":"nado-000006","token_summary":"len:30:passke...en_331","reason":"effect_start"}'
08-16 05:40:56.033  9580  9617 I ReactNativeJS: '[UI_PRESS_PROBE]', '{"event":"VOIP_PRESENCE_CLOSED","timestamp":"2026-08-15T20:40:56.032Z","token_ready":true,"user_ready":true,"show_login":false,"show_voip_tester":false,"selected_call_mode":"pstn_assist","voice_id":"nado-000006","token_summary":"len:30:passke...en_331","reason":"effect_start","code":1006}'
08-16 05:40:56.033  9580  9617 I ReactNativeJS: '[UI_PRESS_PROBE]', '{"event":"VOIP_PRESENCE_RETRY_SCHEDULED","timestamp":"2026-08-15T20:40:56.033Z","token_ready":true,"user_ready":true,"show_login":false,"show_voip_tester":false,"selected_call_mode":"pstn_assist","voice_id":"nado-000006","token_summary":"len:30:passke...en_331","reason":"close:1006"}'
08-16 05:40:56.061  9580  9617 I ReactNativeJS: '[MISSED_CALL]', '{"event":"fetch","count":0}'
08-16 05:40:56.062  9580  9617 I ReactNativeJS: '[VoIPPendingIncoming]', '{"event":"REQUEST_RESULT","source":"pending_call_initial","token_summary":"len:30:passke...en_331","user_id":6,"status":401,"ok":false}'
08-16 05:40:56.062  9580  9617 I ReactNativeJS: '[VoIPPendingIncoming] fetch failed', 401
08-16 05:40:56.063  9580  9617 W ReactNativeJS: This method is deprecated (as well as all React Native Firebase namespaced API) and will be removed in the next major release as part of move to match Firebase Web modular SDK API. Please see migration guide for more details: https://rnfirebase.io/migrating-to-v22 Please use `getApp()` instead.
08-16 05:40:56.082  9580  9617 I ReactNativeJS: '[UI_PRESS_PROBE]', '{"event":"VOIP_ACTIVE_CALL_RESUME_SKIPPED_AUTH","timestamp":"2026-08-15T20:40:56.081Z","token_ready":true,"user_ready":true,"show_login":false,"show_voip_tester":false,"selected_call_mode":"pstn_assist","source":"app_launch_resume","status":401,"last_call_id":null}'
08-16 05:40:56.137  9580  9617 I ReactNativeJS: '[AUTH_FLOW]', '{"event":"AUTH_STORAGE_RESTORE_FOUND","user_id":6,"user_email":"119cash@naver.com"}'
08-16 05:40:56.138  9580  9617 I ReactNativeJS: '[AUTH_FLOW]', '{"event":"AUTH_STORAGE_RESTORE_APPLIED","user_id":6,"user_email":"119cash@naver.com"}'
08-16 05:40:56.175  9580  9617 W ReactNativeJS: This method is deprecated (as well as all React Native Firebase namespaced API) and will be removed in the next major release as part of move to match Firebase Web modular SDK API. Please see migration guide for more details: https://rnfirebase.io/migrating-to-v22 Please use `getApps()` instead.
08-16 05:40:56.175  9580  9617 W ReactNativeJS: This method is deprecated (as well as all React Native Firebase namespaced API) and will be removed in the next major release as part of move to match Firebase Web modular SDK API. Please see migration guide for more details: https://rnfirebase.io/migrating-to-v22 Please use `getApps()` instead.
08-16 05:40:56.175  9580  9617 W ReactNativeJS: This method is deprecated (as well as all React Native Firebase namespaced API) and will be removed in the next major release as part of move to match Firebase Web modular SDK API. Please see migration guide for more details: https://rnfirebase.io/migrating-to-v22 Please use `getApps()` instead.
08-16 05:40:56.177  9580  9617 W ReactNativeJS: This method is deprecated (as well as all React Native Firebase namespaced API) and will be removed in the next major release as part of move to match Firebase Web modular SDK API. Please see migration guide for more details: https://rnfirebase.io/migrating-to-v22 Please use `getApps()` instead.
08-16 05:40:56.178  9580  9617 I ReactNativeJS: '[VoIPPendingIncoming]', '{"event":"REQUEST_START","source":"pending_call_initial","token_summary":"len:30:passke...en_331","user_id":6,"has_pending_call":false,"has_active_call":false}'
08-16 05:40:56.180  9580  9617 I ReactNativeJS: '[UI_PRESS_PROBE]', '{"event":"VOIP_PRESENCE_CONNECT_ATTEMPT","timestamp":"2026-08-15T20:40:56.180Z","token_ready":true,"user_ready":true,"show_login":false,"show_voip_tester":false,"selected_call_mode":"pstn_assist","voice_id":"nado-000006","token_summary":"len:30:passke...en_331","reason":"effect_start","api_base":"https://metanova1004.com"}'
08-16 05:40:56.181  9580  9617 W ReactNativeJS: This method is deprecated (as well as all React Native Firebase namespaced API) and will be removed in the next major release as part of move to match Firebase Web modular SDK API. Please see migration guide for more details: https://rnfirebase.io/migrating-to-v22 Please use `getApp()` instead.
08-16 05:40:56.182  9580  9617 W ReactNativeJS: This method is deprecated (as well as all React Native Firebase namespaced API) and will be removed in the next major release as part of move to match Firebase Web modular SDK API. Please see migration guide for more details: https://rnfirebase.io/migrating-to-v22 Please use `getApp()` instead.
08-16 05:40:56.182  9580  9617 W ReactNativeJS: This method is deprecated (as well as all React Native Firebase namespaced API) and will be removed in the next major release as part of move to match Firebase Web modular SDK API. Please see migration guide for more details: https://rnfirebase.io/migrating-to-v22 Please use `getApp()` instead.
08-16 05:40:56.184  9580  9617 W ReactNativeJS: This method is deprecated (as well as all React Native Firebase namespaced API) and will be removed in the next major release as part of move to match Firebase Web modular SDK API. Please see migration guide for more details: https://rnfirebase.io/migrating-to-v22 Please use `getApp()` instead.
08-16 05:40:56.185  9580  9617 I ReactNativeJS: '[UI_PRESS_PROBE]', '{"event":"VOIP_NOTIFICATION_PERMISSION_STATUS","timestamp":"2026-08-15T20:40:56.184Z","token_ready":true,"user_ready":true,"show_login":false,"show_voip_tester":false,"selected_call_mode":"pstn_assist","notifications_enabled":true}'
08-16 05:40:56.188  9580  9617 I ReactNativeJS: '[DEEP_LINK_TRACE]', '{"source":"initial_url","outcome":"empty_url"}'
08-16 05:40:56.216  9580  9617 I ReactNativeJS: '[UI_PRESS_PROBE]', '{"event":"VOIP_PRESENCE_ERROR","timestamp":"2026-08-15T20:40:56.215Z","token_ready":true,"user_ready":true,"show_login":false,"show_voip_tester":false,"selected_call_mode":"pstn_assist","voice_id":"nado-000006","token_summary":"len:30:passke...en_331","reason":"effect_start"}'
08-16 05:40:56.216  9580  9617 I ReactNativeJS: '[UI_PRESS_PROBE]', '{"event":"VOIP_PRESENCE_CLOSED","timestamp":"2026-08-15T20:40:56.216Z","token_ready":true,"user_ready":true,"show_login":false,"show_voip_tester":false,"selected_call_mode":"pstn_assist","voice_id":"nado-000006","token_summary":"len:30:passke...en_331","reason":"effect_start","code":1006}'
08-16 05:40:56.216  9580  9617 I ReactNativeJS: '[UI_PRESS_PROBE]', '{"event":"VOIP_PRESENCE_RETRY_SCHEDULED","timestamp":"2026-08-15T20:40:56.216Z","token_ready":true,"user_ready":true,"show_login":false,"show_voip_tester":false,"selected_call_mode":"pstn_assist","voice_id":"nado-000006","token_summary":"len:30:passke...en_331","reason":"close:1006"}'
08-16 05:40:56.255  9580  9617 I ReactNativeJS: '[MISSED_CALL]', '{"event":"fetch","count":0}'
08-16 05:40:56.256  9580  9617 I ReactNativeJS: '[VoIPPendingIncoming]', '{"event":"REQUEST_RESULT","source":"pending_call_initial","token_summary":"len:30:passke...en_331","user_id":6,"status":401,"ok":false}'
08-16 05:40:56.256  9580  9617 I ReactNativeJS: '[VoIPPendingIncoming] fetch failed', 401
08-16 05:40:56.257  9580  9617 W ReactNativeJS: This method is deprecated (as well as all React Native Firebase namespaced API) and will be removed in the next major release as part of move to match Firebase Web modular SDK API. Please see migration guide for more details: https://rnfirebase.io/migrating-to-v22 Please use `getApp()` instead.
08-16 05:40:56.269  9580  9617 I ReactNativeJS: '[UI_PRESS_PROBE]', '{"event":"VOIP_ACTIVE_CALL_RESUME_SKIPPED_AUTH","timestamp":"2026-08-15T20:40:56.268Z","token_ready":true,"user_ready":true,"show_login":false,"show_voip_tester":false,"selected_call_mode":"pstn_assist","source":"app_launch_resume","status":401,"last_call_id":null}'
08-16 05:40:56.295  9580  9617 I ReactNativeJS: '[AUTH_FLOW]', '{"event":"AUTH_STORAGE_RESTORE_FOUND","user_id":6,"user_email":"119cash@naver.com"}'
08-16 05:40:56.295  9580  9617 I ReactNativeJS: '[AUTH_FLOW]', '{"event":"AUTH_STORAGE_RESTORE_APPLIED","user_id":6,"user_email":"119cash@naver.com"}'
08-16 05:40:56.322  9580  9617 W ReactNativeJS: This method is deprecated (as well as all React Native Firebase namespaced API) and will be removed in the next major release as part of move to match Firebase Web modular SDK API. Please see migration guide for more details: https://rnfirebase.io/migrating-to-v22 Please use `getApps()` instead.
08-16 05:40:56.322  9580  9617 W ReactNativeJS: This method is deprecated (as well as all React Native Firebase namespaced API) and will be removed in the next major release as part of move to match Firebase Web modular SDK API. Please see migration guide for more details: https://rnfirebase.io/migrating-to-v22 Please use `getApps()` instead.
08-16 05:40:56.322  9580  9617 W ReactNativeJS: This method is deprecated (as well as all React Native Firebase namespaced API) and will be removed in the next major release as part of move to match Firebase Web modular SDK API. Please see migration guide for more details: https://rnfirebase.io/migrating-to-v22 Please use `getApps()` instead.
08-16 05:40:56.324  9580  9617 W ReactNativeJS: This method is deprecated (as well as all React Native Firebase namespaced API) and will be removed in the next major release as part of move to match Firebase Web modular SDK API. Please see migration guide for more details: https://rnfirebase.io/migrating-to-v22 Please use `getApps()` instead.
08-16 05:40:56.325  9580  9617 I ReactNativeJS: '[VoIPPendingIncoming]', '{"event":"REQUEST_START","source":"pending_call_initial","token_summary":"len:30:passke...en_331","user_id":6,"has_pending_call":false,"has_active_call":false}'
08-16 05:40:56.326  9580  9617 I ReactNativeJS: '[UI_PRESS_PROBE]', '{"event":"VOIP_PRESENCE_CONNECT_ATTEMPT","timestamp":"2026-08-15T20:40:56.326Z","token_ready":true,"user_ready":true,"show_login":false,"show_voip_tester":false,"selected_call_mode":"pstn_assist","voice_id":"nado-000006","token_summary":"len:30:passke...en_331","reason":"effect_start","api_base":"https://metanova1004.com"}'
08-16 05:40:56.328  9580  9617 W ReactNativeJS: This method is deprecated (as well as all React Native Firebase namespaced API) and will be removed in the next major release as part of move to match Firebase Web modular SDK API. Please see migration guide for more details: https://rnfirebase.io/migrating-to-v22 Please use `getApp()` instead.
08-16 05:40:56.328  9580  9617 W ReactNativeJS: This method is deprecated (as well as all React Native Firebase namespaced API) and will be removed in the next major release as part of move to match Firebase Web modular SDK API. Please see migration guide for more details: https://rnfirebase.io/migrating-to-v22 Please use `getApp()` instead.
08-16 05:40:56.328  9580  9617 W ReactNativeJS: This method is deprecated (as well as all React Native Firebase namespaced API) and will be removed in the next major release as part of move to match Firebase Web modular SDK API. Please see migration guide for more details: https://rnfirebase.io/migrating-to-v22 Please use `getApp()` instead.
08-16 05:40:56.330  9580  9617 W ReactNativeJS: This method is deprecated (as well as all React Native Firebase namespaced API) and will be removed in the next major release as part of move to match Firebase Web modular SDK API. Please see migration guide for more details: https://rnfirebase.io/migrating-to-v22 Please use `getApp()` instead.
08-16 05:40:56.331  9580  9617 I ReactNativeJS: '[UI_PRESS_PROBE]', '{"event":"VOIP_NOTIFICATION_PERMISSION_STATUS","timestamp":"2026-08-15T20:40:56.330Z","token_ready":true,"user_ready":true,"show_login":false,"show_voip_tester":false,"selected_call_mode":"pstn_assist","notifications_enabled":true}'
08-16 05:40:56.334  9580  9617 I ReactNativeJS: '[DEEP_LINK_TRACE]', '{"source":"initial_url","outcome":"empty_url"}'
08-16 05:40:56.360  9580  9617 I ReactNativeJS: '[UI_PRESS_PROBE]', '{"event":"VOIP_PRESENCE_ERROR","timestamp":"2026-08-15T20:40:56.359Z","token_ready":true,"user_ready":true,"show_login":false,"show_voip_tester":false,"selected_call_mode":"pstn_assist","voice_id":"nado-000006","token_summary":"len:30:passke...en_331","reason":"effect_start"}'
08-16 05:40:56.360  9580  9617 I ReactNativeJS: '[UI_PRESS_PROBE]', '{"event":"VOIP_PRESENCE_CLOSED","timestamp":"2026-08-15T20:40:56.360Z","token_ready":true,"user_ready":true,"show_login":false,"show_voip_tester":false,"selected_call_mode":"pstn_assist","voice_id":"nado-000006","token_summary":"len:30:passke...en_331","reason":"effect_start","code":1006}'
08-16 05:40:56.361  9580  9617 I ReactNativeJS: '[UI_PRESS_PROBE]', '{"event":"VOIP_PRESENCE_RETRY_SCHEDULED","timestamp":"2026-08-15T20:40:56.360Z","token_ready":true,"user_ready":true,"show_login":false,"show_voip_tester":false,"selected_call_mode":"pstn_assist","voice_id":"nado-000006","token_summary":"len:30:passke...en_331","reason":"close:1006"}'
08-16 05:40:56.389  9580  9617 W ReactNativeJS: This method is deprecated (as well as all React Native Firebase namespaced API) and will be removed in the next major release as part of move to match Firebase Web modular SDK API. Please see migration guide for more details: https://rnfirebase.io/migrating-to-v22 Please use `getApp()` instead.
08-16 05:40:56.399  9580  9617 I ReactNativeJS: '[MISSED_CALL]', '{"event":"fetch","count":0}'
08-16 05:40:56.400  9580  9617 I ReactNativeJS: '[VoIPPendingIncoming]', '{"event":"REQUEST_RESULT","source":"pending_call_initial","token_summary":"len:30:passke...en_331","user_id":6,"status":401,"ok":false}'
08-16 05:40:56.400  9580  9617 I ReactNativeJS: '[VoIPPendingIncoming] fetch failed', 401
08-16 05:40:56.413  9580  9617 W ReactNativeJS: This method is deprecated (as well as all React Native Firebase namespaced API) and will be removed in the next major release as part of move to match Firebase Web modular SDK API. Please see migration guide for more details: https://rnfirebase.io/migrating-to-v22 Please use `getApp()` instead.
08-16 05:40:56.460  9580  9617 I ReactNativeJS: '[AUTH_FLOW]', '{"event":"AUTH_STORAGE_RESTORE_FOUND","user_id":6,"user_email":"119cash@naver.com"}'
08-16 05:40:56.461  9580  9617 I ReactNativeJS: '[AUTH_FLOW]', '{"event":"AUTH_STORAGE_RESTORE_APPLIED","user_id":6,"user_email":"119cash@naver.com"}'
08-16 05:40:56.465  9580  9617 I ReactNativeJS: '[UI_PRESS_PROBE]', '{"event":"VOIP_ACTIVE_CALL_RESUME_SKIPPED_AUTH","timestamp":"2026-08-15T20:40:56.464Z","token_ready":true,"user_ready":true,"show_login":false,"show_voip_tester":false,"selected_call_mode":"pstn_assist","source":"app_launch_resume","status":401,"last_call_id":null}'
08-16 05:40:56.501  9580  9617 W ReactNativeJS: This method is deprecated (as well as all React Native Firebase namespaced API) and will be removed in the next major release as part of move to match Firebase Web modular SDK API. Please see migration guide for more details: https://rnfirebase.io/migrating-to-v22 Please use `getApps()` instead.
08-16 05:40:56.501  9580  9617 W ReactNativeJS: This method is deprecated (as well as all React Native Firebase namespaced API) and will be removed in the next major release as part of move to match Firebase Web modular SDK API. Please see migration guide for more details: https://rnfirebase.io/migrating-to-v22 Please use `getApps()` instead.
08-16 05:40:56.501  9580  9617 W ReactNativeJS: This method is deprecated (as well as all React Native Firebase namespaced API) and will be removed in the next major release as part of move to match Firebase Web modular SDK API. Please see migration guide for more details: https://rnfirebase.io/migrating-to-v22 Please use `getApps()` instead.
08-16 05:40:56.503  9580  9617 W ReactNativeJS: This method is deprecated (as well as all React Native Firebase namespaced API) and will be removed in the next major release as part of move to match Firebase Web modular SDK API. Please see migration guide for more details: https://rnfirebase.io/migrating-to-v22 Please use `getApps()` instead.
08-16 05:40:56.505  9580  9617 I ReactNativeJS: '[VoIPPendingIncoming]', '{"event":"REQUEST_START","source":"pending_call_initial","token_summary":"len:30:passke...en_331","user_id":6,"has_pending_call":false,"has_active_call":false}'
08-16 05:40:56.509  9580  9617 I ReactNativeJS: '[UI_PRESS_PROBE]', '{"event":"VOIP_PRESENCE_CONNECT_ATTEMPT","timestamp":"2026-08-15T20:40:56.508Z","token_ready":true,"user_ready":true,"show_login":false,"show_voip_tester":false,"selected_call_mode":"pstn_assist","voice_id":"nado-000006","token_summary":"len:30:passke...en_331","reason":"effect_start","api_base":"https://metanova1004.com"}'
08-16 05:40:56.510  9580  9617 W ReactNativeJS: This method is deprecated (as well as all React Native Firebase namespaced API) and will be removed in the next major release as part of move to match Firebase Web modular SDK API. Please see migration guide for more details: https://rnfirebase.io/migrating-to-v22 Please use `getApp()` instead.
08-16 05:40:56.510  9580  9617 W ReactNativeJS: This method is deprecated (as well as all React Native Firebase namespaced API) and will be removed in the next major release as part of move to match Firebase Web modular SDK API. Please see migration guide for more details: https://rnfirebase.io/migrating-to-v22 Please use `getApp()` instead.
08-16 05:40:56.510  9580  9617 W ReactNativeJS: This method is deprecated (as well as all React Native Firebase namespaced API) and will be removed in the next major release as part of move to match Firebase Web modular SDK API. Please see migration guide for more details: https://rnfirebase.io/migrating-to-v22 Please use `getApp()` instead.
08-16 05:40:56.512  9580  9617 W ReactNativeJS: This method is deprecated (as well as all React Native Firebase namespaced API) and will be removed in the next major release as part of move to match Firebase Web modular SDK API. Please see migration guide for more details: https://rnfirebase.io/migrating-to-v22 Please use `getApp()` instead.
08-16 05:40:56.513  9580  9617 I ReactNativeJS: '[UI_PRESS_PROBE]', '{"event":"VOIP_NOTIFICATION_PERMISSION_STATUS","timestamp":"2026-08-15T20:40:56.513Z","token_ready":true,"user_ready":true,"show_login":false,"show_voip_tester":false,"selected_call_mode":"pstn_assist","notifications_enabled":true}'
08-16 05:40:56.515  9580  9617 I ReactNativeJS: '[DEEP_LINK_TRACE]', '{"source":"initial_url","outcome":"empty_url"}'
08-16 05:40:56.543  9580  9617 I ReactNativeJS: '[UI_PRESS_PROBE]', '{"event":"VOIP_PRESENCE_ERROR","timestamp":"2026-08-15T20:40:56.542Z","token_ready":true,"user_ready":true,"show_login":false,"show_voip_tester":false,"selected_call_mode":"pstn_assist","voice_id":"nado-000006","token_summary":"len:30:passke...en_331","reason":"effect_start"}'
08-16 05:40:56.543  9580  9617 I ReactNativeJS: '[UI_PRESS_PROBE]', '{"event":"VOIP_PRESENCE_CLOSED","timestamp":"2026-08-15T20:40:56.543Z","token_ready":true,"user_ready":true,"show_login":false,"show_voip_tester":false,"selected_call_mode":"pstn_assist","voice_id":"nado-000006","token_summary":"len:30:passke...en_331","reason":"effect_start","code":1006}'
08-16 05:40:56.544  9580  9617 I ReactNativeJS: '[UI_PRESS_PROBE]', '{"event":"VOIP_PRESENCE_RETRY_SCHEDULED","timestamp":"2026-08-15T20:40:56.543Z","token_ready":true,"user_ready":true,"show_login":false,"show_voip_tester":false,"selected_call_mode":"pstn_assist","voice_id":"nado-000006","token_summary":"len:30:passke...en_331","reason":"close:1006"}'
08-16 05:40:56.547  9580  9617 I ReactNativeJS: '[MISSED_CALL]', '{"event":"fetch","count":0}'
08-16 05:40:56.548  9580  9617 I ReactNativeJS: '[VoIPPendingIncoming]', '{"event":"REQUEST_RESULT","source":"pending_call_initial","token_summary":"len:30:passke...en_331","user_id":6,"status":401,"ok":false}'
08-16 05:40:56.548  9580  9617 I ReactNativeJS: '[VoIPPendingIncoming] fetch failed', 401
08-16 05:40:56.581  9580  9617 W ReactNativeJS: This method is deprecated (as well as all React Native Firebase namespaced API) and will be removed in the next major release as part of move to match Firebase Web modular SDK API. Please see migration guide for more details: https://rnfirebase.io/migrating-to-v22 Please use `getApp()` instead.
08-16 05:40:56.585  9580  9617 I ReactNativeJS: '[AUTH_FLOW]', '{"event":"AUTH_STORAGE_RESTORE_FOUND","user_id":6,"user_email":"119cash@naver.com"}'
08-16 05:40:56.585  9580  9617 I ReactNativeJS: '[AUTH_FLOW]', '{"event":"AUTH_STORAGE_RESTORE_APPLIED","user_id":6,"user_email":"119cash@naver.com"}'
08-16 05:40:56.588  9580  9617 I ReactNativeJS: '[UI_PRESS_PROBE]', '{"event":"VOIP_ACTIVE_CALL_RESUME_SKIPPED_AUTH","timestamp":"2026-08-15T20:40:56.588Z","token_ready":true,"user_ready":true,"show_login":false,"show_voip_tester":false,"selected_call_mode":"pstn_assist","source":"app_launch_resume","status":401,"last_call_id":null}'
08-16 05:40:56.621  9580  9617 W ReactNativeJS: This method is deprecated (as well as all React Native Firebase namespaced API) and will be removed in the next major release as part of move to match Firebase Web modular SDK API. Please see migration guide for more details: https://rnfirebase.io/migrating-to-v22 Please use `getApps()` instead.
08-16 05:40:56.621  9580  9617 W ReactNativeJS: This method is deprecated (as well as all React Native Firebase namespaced API) and will be removed in the next major release as part of move to match Firebase Web modular SDK API. Please see migration guide for more details: https://rnfirebase.io/migrating-to-v22 Please use `getApps()` instead.
08-16 05:40:56.621  9580  9617 W ReactNativeJS: This method is deprecated (as well as all React Native Firebase namespaced API) and will be removed in the next major release as part of move to match Firebase Web modular SDK API. Please see migration guide for more details: https://rnfirebase.io/migrating-to-v22 Please use `getApps()` instead.
08-16 05:40:56.623  9580  9617 W ReactNativeJS: This method is deprecated (as well as all React Native Firebase namespaced API) and will be removed in the next major release as part of move to match Firebase Web modular SDK API. Please see migration guide for more details: https://rnfirebase.io/migrating-to-v22 Please use `getApps()` instead.
08-16 05:40:56.625  9580  9617 I ReactNativeJS: '[VoIPPendingIncoming]', '{"event":"REQUEST_START","source":"pending_call_initial","token_summary":"len:30:passke...en_331","user_id":6,"has_pending_call":false,"has_active_call":false}'
08-16 05:40:56.627  9580  9617 I ReactNativeJS: '[UI_PRESS_PROBE]', '{"event":"VOIP_PRESENCE_CONNECT_ATTEMPT","timestamp":"2026-08-15T20:40:56.627Z","token_ready":true,"user_ready":true,"show_login":false,"show_voip_tester":false,"selected_call_mode":"pstn_assist","voice_id":"nado-000006","token_summary":"len:30:passke...en_331","reason":"effect_start","api_base":"https://metanova1004.com"}'
08-16 05:40:56.629  9580  9617 W ReactNativeJS: This method is deprecated (as well as all React Native Firebase namespaced API) and will be removed in the next major release as part of move to match Firebase Web modular SDK API. Please see migration guide for more details: https://rnfirebase.io/migrating-to-v22 Please use `getApp()` instead.
08-16 05:40:56.630  9580  9617 W ReactNativeJS: This method is deprecated (as well as all React Native Firebase namespaced API) and will be removed in the next major release as part of move to match Firebase Web modular SDK API. Please see migration guide for more details: https://rnfirebase.io/migrating-to-v22 Please use `getApp()` instead.
08-16 05:40:56.630  9580  9617 W ReactNativeJS: This method is deprecated (as well as all React Native Firebase namespaced API) and will be removed in the next major release as part of move to match Firebase Web modular SDK API. Please see migration guide for more details: https://rnfirebase.io/migrating-to-v22 Please use `getApp()` instead.
08-16 05:40:56.632  9580  9617 W ReactNativeJS: This method is deprecated (as well as all React Native Firebase namespaced API) and will be removed in the next major release as part of move to match Firebase Web modular SDK API. Please see migration guide for more details: https://rnfirebase.io/migrating-to-v22 Please use `getApp()` instead.
08-16 05:40:56.633  9580  9617 I ReactNativeJS: '[UI_PRESS_PROBE]', '{"event":"VOIP_NOTIFICATION_PERMISSION_STATUS","timestamp":"2026-08-15T20:40:56.632Z","token_ready":true,"user_ready":true,"show_login":false,"show_voip_tester":false,"selected_call_mode":"pstn_assist","notifications_enabled":true}'
08-16 05:40:56.638  9580  9617 I ReactNativeJS: '[DEEP_LINK_TRACE]', '{"source":"initial_url","outcome":"empty_url"}'
08-16 05:40:56.642  9580  9617 I ReactNativeJS: '[UI_PRESS_PROBE]', '{"event":"VOIP_PRESENCE_ERROR","timestamp":"2026-08-15T20:40:56.642Z","token_ready":true,"user_ready":true,"show_login":false,"show_voip_tester":false,"selected_call_mode":"pstn_assist","voice_id":"nado-000006","token_summary":"len:30:passke...en_331","reason":"effect_start"}'
08-16 05:40:56.643  9580  9617 I ReactNativeJS: '[UI_PRESS_PROBE]', '{"event":"VOIP_PRESENCE_CLOSED","timestamp":"2026-08-15T20:40:56.643Z","token_ready":true,"user_ready":true,"show_login":false,"show_voip_tester":false,"selected_call_mode":"pstn_assist","voice_id":"nado-000006","token_summary":"len:30:passke...en_331","reason":"effect_start","code":1006}'
08-16 05:40:56.643  9580  9617 I ReactNativeJS: '[UI_PRESS_PROBE]', '{"event":"VOIP_PRESENCE_RETRY_SCHEDULED","timestamp":"2026-08-15T20:40:56.643Z","token_ready":true,"user_ready":true,"show_login":false,"show_voip_tester":false,"selected_call_mode":"pstn_assist","voice_id":"nado-000006","token_summary":"len:30:passke...en_331","reason":"close:1006"}'
08-16 05:40:56.681  9580  9617 I ReactNativeJS: '[MISSED_CALL]', '{"event":"fetch","count":0}'
08-16 05:40:56.684  9580  9617 W ReactNativeJS: This method is deprecated (as well as all React Native Firebase namespaced API) and will be removed in the next major release as part of move to match Firebase Web modular SDK API. Please see migration guide for more details: https://rnfirebase.io/migrating-to-v22 Please use `getApp()` instead.
08-16 05:40:56.687  9580  9617 I ReactNativeJS: '[VoIPPendingIncoming]', '{"event":"REQUEST_RESULT","source":"pending_call_initial","token_summary":"len:30:passke...en_331","user_id":6,"status":401,"ok":false}'
08-16 05:40:56.688  9580  9617 I ReactNativeJS: '[VoIPPendingIncoming] fetch failed', 401
08-16 05:40:56.705  9580  9617 I ReactNativeJS: '[AUTH_FLOW]', '{"event":"AUTH_STORAGE_RESTORE_FOUND","user_id":6,"user_email":"119cash@naver.com"}'
08-16 05:40:56.705  9580  9617 I ReactNativeJS: '[AUTH_FLOW]', '{"event":"AUTH_STORAGE_RESTORE_APPLIED","user_id":6,"user_email":"119cash@naver.com"}'
08-16 05:40:56.708  9580  9617 I ReactNativeJS: '[UI_PRESS_PROBE]', '{"event":"VOIP_ACTIVE_CALL_RESUME_SKIPPED_AUTH","timestamp":"2026-08-15T20:40:56.708Z","token_ready":true,"user_ready":true,"show_login":false,"show_voip_tester":false,"selected_call_mode":"pstn_assist","source":"app_launch_resume","status":401,"last_call_id":null}'
08-16 05:40:56.739  9580  9617 W ReactNativeJS: This method is deprecated (as well as all React Native Firebase namespaced API) and will be removed in the next major release as part of move to match Firebase Web modular SDK API. Please see migration guide for more details: https://rnfirebase.io/migrating-to-v22 Please use `getApps()` instead.
08-16 05:40:56.740  9580  9617 W ReactNativeJS: This method is deprecated (as well as all React Native Firebase namespaced API) and will be removed in the next major release as part of move to match Firebase Web modular SDK API. Please see migration guide for more details: https://rnfirebase.io/migrating-to-v22 Please use `getApps()` instead.
08-16 05:40:56.740  9580  9617 W ReactNativeJS: This method is deprecated (as well as all React Native Firebase namespaced API) and will be removed in the next major release as part of move to match Firebase Web modular SDK API. Please see migration guide for more details: https://rnfirebase.io/migrating-to-v22 Please use `getApps()` instead.
08-16 05:40:56.741  9580  9617 W ReactNativeJS: This method is deprecated (as well as all React Native Firebase namespaced API) and will be removed in the next major release as part of move to match Firebase Web modular SDK API. Please see migration guide for more details: https://rnfirebase.io/migrating-to-v22 Please use `getApps()` instead.
08-16 05:40:56.743  9580  9617 I ReactNativeJS: '[VoIPPendingIncoming]', '{"event":"REQUEST_START","source":"pending_call_initial","token_summary":"len:30:passke...en_331","user_id":6,"has_pending_call":false,"has_active_call":false}'
08-16 05:40:56.745  9580  9617 I ReactNativeJS: '[UI_PRESS_PROBE]', '{"event":"VOIP_PRESENCE_CONNECT_ATTEMPT","timestamp":"2026-08-15T20:40:56.745Z","token_ready":true,"user_ready":true,"show_login":false,"show_voip_tester":false,"selected_call_mode":"pstn_assist","voice_id":"nado-000006","token_summary":"len:30:passke...en_331","reason":"effect_start","api_base":"https://metanova1004.com"}'
08-16 05:40:56.748  9580  9617 W ReactNativeJS: This method is deprecated (as well as all React Native Firebase namespaced API) and will be removed in the next major release as part of move to match Firebase Web modular SDK API. Please see migration guide for more details: https://rnfirebase.io/migrating-to-v22 Please use `getApp()` instead.
08-16 05:40:56.748  9580  9617 W ReactNativeJS: This method is deprecated (as well as all React Native Firebase namespaced API) and will be removed in the next major release as part of move to match Firebase Web modular SDK API. Please see migration guide for more details: https://rnfirebase.io/migrating-to-v22 Please use `getApp()` instead.
08-16 05:40:56.748  9580  9617 W ReactNativeJS: This method is deprecated (as well as all React Native Firebase namespaced API) and will be removed in the next major release as part of move to match Firebase Web modular SDK API. Please see migration guide for more details: https://rnfirebase.io/migrating-to-v22 Please use `getApp()` instead.
08-16 05:40:56.750  9580  9617 W ReactNativeJS: This method is deprecated (as well as all React Native Firebase namespaced API) and will be removed in the next major release as part of move to match Firebase Web modular SDK API. Please see migration guide for more details: https://rnfirebase.io/migrating-to-v22 Please use `getApp()` instead.
08-16 05:40:56.751  9580  9617 I ReactNativeJS: '[UI_PRESS_PROBE]', '{"event":"VOIP_NOTIFICATION_PERMISSION_STATUS","timestamp":"2026-08-15T20:40:56.751Z","token_ready":true,"user_ready":true,"show_login":false,"show_voip_tester":false,"selected_call_mode":"pstn_assist","notifications_enabled":true}'
08-16 05:40:56.757  9580  9617 I ReactNativeJS: '[DEEP_LINK_TRACE]', '{"source":"initial_url","outcome":"empty_url"}'
08-16 05:40:56.764  9580  9617 I ReactNativeJS: '[UI_PRESS_PROBE]', '{"event":"VOIP_PRESENCE_ERROR","timestamp":"2026-08-15T20:40:56.764Z","token_ready":true,"user_ready":true,"show_login":false,"show_voip_tester":false,"selected_call_mode":"pstn_assist","voice_id":"nado-000006","token_summary":"len:30:passke...en_331","reason":"effect_start"}'
08-16 05:40:56.766  9580  9617 I ReactNativeJS: '[UI_PRESS_PROBE]', '{"event":"VOIP_PRESENCE_CLOSED","timestamp":"2026-08-15T20:40:56.765Z","token_ready":true,"user_ready":true,"show_login":false,"show_voip_tester":false,"selected_call_mode":"pstn_assist","voice_id":"nado-000006","token_summary":"len:30:passke...en_331","reason":"effect_start","code":1006}'
08-16 05:40:56.766  9580  9617 I ReactNativeJS: '[UI_PRESS_PROBE]', '{"event":"VOIP_PRESENCE_RETRY_SCHEDULED","timestamp":"2026-08-15T20:40:56.766Z","token_ready":true,"user_ready":true,"show_login":false,"show_voip_tester":false,"selected_call_mode":"pstn_assist","voice_id":"nado-000006","token_summary":"len:30:passke...en_331","reason":"close:1006"}'
08-16 05:40:56.809  9580  9617 W ReactNativeJS: This method is deprecated (as well as all React Native Firebase namespaced API) and will be removed in the next major release as part of move to match Firebase Web modular SDK API. Please see migration guide for more details: https://rnfirebase.io/migrating-to-v22 Please use `getApp()` instead.
08-16 05:40:56.814  9580  9617 W ReactNativeJS: This method is deprecated (as well as all React Native Firebase namespaced API) and will be removed in the next major release as part of move to match Firebase Web modular SDK API. Please see migration guide for more details: https://rnfirebase.io/migrating-to-v22 Please use `getApp()` instead.
08-16 05:40:56.816  9580  9617 I ReactNativeJS: '[VoIPPendingIncoming]', '{"event":"REQUEST_RESULT","source":"pending_call_initial","token_summary":"len:30:passke...en_331","user_id":6,"status":401,"ok":false}'
08-16 05:40:56.817  9580  9617 I ReactNativeJS: '[VoIPPendingIncoming] fetch failed', 401
08-16 05:40:56.818  9580  9617 I ReactNativeJS: '[MISSED_CALL]', '{"event":"fetch","count":0}'
08-16 05:40:56.821  9580  9617 I ReactNativeJS: '[UI_PRESS_PROBE]', '{"event":"VOIP_ACTIVE_CALL_RESUME_SKIPPED_AUTH","timestamp":"2026-08-15T20:40:56.821Z","token_ready":true,"user_ready":true,"show_login":false,"show_voip_tester":false,"selected_call_mode":"pstn_assist","source":"app_launch_resume","status":401,"last_call_id":null}'
08-16 05:40:56.880  9580  9617 I ReactNativeJS: '[AUTH_FLOW]', '{"event":"AUTH_STORAGE_RESTORE_FOUND","user_id":6,"user_email":"119cash@naver.com"}'
08-16 05:40:56.880  9580  9617 I ReactNativeJS: '[AUTH_FLOW]', '{"event":"AUTH_STORAGE_RESTORE_APPLIED","user_id":6,"user_email":"119cash@naver.com"}'
08-16 05:40:56.918  9580  9617 W ReactNativeJS: This method is deprecated (as well as all React Native Firebase namespaced API) and will be removed in the next major release as part of move to match Firebase Web modular SDK API. Please see migration guide for more details: https://rnfirebase.io/migrating-to-v22 Please use `getApps()` instead.
08-16 05:40:56.918  9580  9617 W ReactNativeJS: This method is deprecated (as well as all React Native Firebase namespaced API) and will be removed in the next major release as part of move to match Firebase Web modular SDK API. Please see migration guide for more details: https://rnfirebase.io/migrating-to-v22 Please use `getApps()` instead.
08-16 05:40:56.918  9580  9617 W ReactNativeJS: This method is deprecated (as well as all React Native Firebase namespaced API) and will be removed in the next major release as part of move to match Firebase Web modular SDK API. Please see migration guide for more details: https://rnfirebase.io/migrating-to-v22 Please use `getApps()` instead.
08-16 05:40:56.920  9580  9617 W ReactNativeJS: This method is deprecated (as well as all React Native Firebase namespaced API) and will be removed in the next major release as part of move to match Firebase Web modular SDK API. Please see migration guide for more details: https://rnfirebase.io/migrating-to-v22 Please use `getApps()` instead.
08-16 05:40:56.923  9580  9617 I ReactNativeJS: '[VoIPPendingIncoming]', '{"event":"REQUEST_START","source":"pending_call_initial","token_summary":"len:30:passke...en_331","user_id":6,"has_pending_call":false,"has_active_call":false}'
08-16 05:40:56.926  9580  9617 I ReactNativeJS: '[UI_PRESS_PROBE]', '{"event":"VOIP_PRESENCE_CONNECT_ATTEMPT","timestamp":"2026-08-15T20:40:56.925Z","token_ready":true,"user_ready":true,"show_login":false,"show_voip_tester":false,"selected_call_mode":"pstn_assist","voice_id":"nado-000006","token_summary":"len:30:passke...en_331","reason":"effect_start","api_base":"https://metanova1004.com"}'
08-16 05:40:56.927  9580  9617 W ReactNativeJS: This method is deprecated (as well as all React Native Firebase namespaced API) and will be removed in the next major release as part of move to match Firebase Web modular SDK API. Please see migration guide for more details: https://rnfirebase.io/migrating-to-v22 Please use `getApp()` instead.
08-16 05:40:56.927  9580  9617 W ReactNativeJS: This method is deprecated (as well as all React Native Firebase namespaced API) and will be removed in the next major release as part of move to match Firebase Web modular SDK API. Please see migration guide for more details: https://rnfirebase.io/migrating-to-v22 Please use `getApp()` instead.
08-16 05:40:56.928  9580  9617 W ReactNativeJS: This method is deprecated (as well as all React Native Firebase namespaced API) and will be removed in the next major release as part of move to match Firebase Web modular SDK API. Please see migration guide for more details: https://rnfirebase.io/migrating-to-v22 Please use `getApp()` instead.
08-16 05:40:56.929  9580  9617 W ReactNativeJS: This method is deprecated (as well as all React Native Firebase namespaced API) and will be removed in the next major release as part of move to match Firebase Web modular SDK API. Please see migration guide for more details: https://rnfirebase.io/migrating-to-v22 Please use `getApp()` instead.
08-16 05:40:56.931  9580  9617 I ReactNativeJS: '[UI_PRESS_PROBE]', '{"event":"VOIP_NOTIFICATION_PERMISSION_STATUS","timestamp":"2026-08-15T20:40:56.931Z","token_ready":true,"user_ready":true,"show_login":false,"show_voip_tester":false,"selected_call_mode":"pstn_assist","notifications_enabled":true}'
08-16 05:40:56.937  9580  9617 I ReactNativeJS: '[DEEP_LINK_TRACE]', '{"source":"initial_url","outcome":"empty_url"}'
08-16 05:40:56.941  9580  9617 I ReactNativeJS: '[UI_PRESS_PROBE]', '{"event":"VOIP_PRESENCE_ERROR","timestamp":"2026-08-15T20:40:56.940Z","token_ready":true,"user_ready":true,"show_login":false,"show_voip_tester":false,"selected_call_mode":"pstn_assist","voice_id":"nado-000006","token_summary":"len:30:passke...en_331","reason":"effect_start"}'
08-16 05:40:56.941  9580  9617 I ReactNativeJS: '[UI_PRESS_PROBE]', '{"event":"VOIP_PRESENCE_CLOSED","timestamp":"2026-08-15T20:40:56.941Z","token_ready":true,"user_ready":true,"show_login":false,"show_voip_tester":false,"selected_call_mode":"pstn_assist","voice_id":"nado-000006","token_summary":"len:30:passke...en_331","reason":"effect_start","code":1006}'
08-16 05:40:56.942  9580  9617 I ReactNativeJS: '[UI_PRESS_PROBE]', '{"event":"VOIP_PRESENCE_RETRY_SCHEDULED","timestamp":"2026-08-15T20:40:56.941Z","token_ready":true,"user_ready":true,"show_login":false,"show_voip_tester":false,"selected_call_mode":"pstn_assist","voice_id":"nado-000006","token_summary":"len:30:passke...en_331","reason":"close:1006"}'
08-16 05:40:56.977  9580  9617 W ReactNativeJS: This method is deprecated (as well as all React Native Firebase namespaced API) and will be removed in the next major release as part of move to match Firebase Web modular SDK API. Please see migration guide for more details: https://rnfirebase.io/migrating-to-v22 Please use `getApp()` instead.
08-16 05:40:56.980  9580  9617 I ReactNativeJS: '[MISSED_CALL]', '{"event":"fetch","count":0}'
08-16 05:40:56.981  9580  9617 I ReactNativeJS: '[VoIPPendingIncoming]', '{"event":"REQUEST_RESULT","source":"pending_call_initial","token_summary":"len:30:passke...en_331","user_id":6,"status":401,"ok":false}'
08-16 05:40:56.981  9580  9617 I ReactNativeJS: '[VoIPPendingIncoming] fetch failed', 401
08-16 05:40:56.984  9580  9617 I ReactNativeJS: '[UI_PRESS_PROBE]', '{"event":"VOIP_ACTIVE_CALL_RESUME_SKIPPED_AUTH","timestamp":"2026-08-15T20:40:56.984Z","token_ready":true,"user_ready":true,"show_login":false,"show_voip_tester":false,"selected_call_mode":"pstn_assist","source":"app_launch_resume","status":401,"last_call_id":null}'
08-16 05:40:57.046  9580  9617 I ReactNativeJS: '[AUTH_FLOW]', '{"event":"AUTH_STORAGE_RESTORE_FOUND","user_id":6,"user_email":"119cash@naver.com"}'
08-16 05:40:57.046  9580  9617 I ReactNativeJS: '[AUTH_FLOW]', '{"event":"AUTH_STORAGE_RESTORE_APPLIED","user_id":6,"user_email":"119cash@naver.com"}'
08-16 05:40:57.088  9580  9617 W ReactNativeJS: This method is deprecated (as well as all React Native Firebase namespaced API) and will be removed in the next major release as part of move to match Firebase Web modular SDK API. Please see migration guide for more details: https://rnfirebase.io/migrating-to-v22 Please use `getApps()` instead.
08-16 05:40:57.088  9580  9617 W ReactNativeJS: This method is deprecated (as well as all React Native Firebase namespaced API) and will be removed in the next major release as part of move to match Firebase Web modular SDK API. Please see migration guide for more details: https://rnfirebase.io/migrating-to-v22 Please use `getApps()` instead.
08-16 05:40:57.088  9580  9617 W ReactNativeJS: This method is deprecated (as well as all React Native Firebase namespaced API) and will be removed in the next major release as part of move to match Firebase Web modular SDK API. Please see migration guide for more details: https://rnfirebase.io/migrating-to-v22 Please use `getApps()` instead.
08-16 05:40:57.089  9580  9617 W ReactNativeJS: This method is deprecated (as well as all React Native Firebase namespaced API) and will be removed in the next major release as part of move to match Firebase Web modular SDK API. Please see migration guide for more details: https://rnfirebase.io/migrating-to-v22 Please use `getApps()` instead.
08-16 05:40:57.092  9580  9617 I ReactNativeJS: '[VoIPPendingIncoming]', '{"event":"REQUEST_START","source":"pending_call_initial","token_summary":"len:30:passke...en_331","user_id":6,"has_pending_call":false,"has_active_call":false}'
08-16 05:40:57.094  9580  9617 I ReactNativeJS: '[UI_PRESS_PROBE]', '{"event":"VOIP_PRESENCE_CONNECT_ATTEMPT","timestamp":"2026-08-15T20:40:57.094Z","token_ready":true,"user_ready":true,"show_login":false,"show_voip_tester":false,"selected_call_mode":"pstn_assist","voice_id":"nado-000006","token_summary":"len:30:passke...en_331","reason":"effect_start","api_base":"https://metanova1004.com"}'
08-16 05:40:57.096  9580  9617 W ReactNativeJS: This method is deprecated (as well as all React Native Firebase namespaced API) and will be removed in the next major release as part of move to match Firebase Web modular SDK API. Please see migration guide for more details: https://rnfirebase.io/migrating-to-v22 Please use `getApp()` instead.
08-16 05:40:57.096  9580  9617 W ReactNativeJS: This method is deprecated (as well as all React Native Firebase namespaced API) and will be removed in the next major release as part of move to match Firebase Web modular SDK API. Please see migration guide for more details: https://rnfirebase.io/migrating-to-v22 Please use `getApp()` instead.
08-16 05:40:57.097  9580  9617 W ReactNativeJS: This method is deprecated (as well as all React Native Firebase namespaced API) and will be removed in the next major release as part of move to match Firebase Web modular SDK API. Please see migration guide for more details: https://rnfirebase.io/migrating-to-v22 Please use `getApp()` instead.
08-16 05:40:57.099  9580  9617 W ReactNativeJS: This method is deprecated (as well as all React Native Firebase namespaced API) and will be removed in the next major release as part of move to match Firebase Web modular SDK API. Please see migration guide for more details: https://rnfirebase.io/migrating-to-v22 Please use `getApp()` instead.
08-16 05:40:57.100  9580  9617 I ReactNativeJS: '[UI_PRESS_PROBE]', '{"event":"VOIP_NOTIFICATION_PERMISSION_STATUS","timestamp":"2026-08-15T20:40:57.099Z","token_ready":true,"user_ready":true,"show_login":false,"show_voip_tester":false,"selected_call_mode":"pstn_assist","notifications_enabled":true}'
08-16 05:40:57.104  9580  9617 I ReactNativeJS: '[DEEP_LINK_TRACE]', '{"source":"initial_url","outcome":"empty_url"}'
08-16 05:40:57.112  9580  9617 W ReactNativeJS: This method is deprecated (as well as all React Native Firebase namespaced API) and will be removed in the next major release as part of move to match Firebase Web modular SDK API. Please see migration guide for more details: https://rnfirebase.io/migrating-to-v22 Please use `getApp()` instead.
08-16 05:40:57.113  9580  9617 W ReactNativeJS: This method is deprecated (as well as all React Native Firebase namespaced API) and will be removed in the next major release as part of move to match Firebase Web modular SDK API. Please see migration guide for more details: https://rnfirebase.io/migrating-to-v22 Please use `getApps()` instead.
08-16 05:40:57.113  9580  9617 W ReactNativeJS: This method is deprecated (as well as all React Native Firebase namespaced API) and will be removed in the next major release as part of move to match Firebase Web modular SDK API. Please see migration guide for more details: https://rnfirebase.io/migrating-to-v22 Please use `getApp()` instead.
08-16 05:40:57.113  9580  9617 W ReactNativeJS: This method is deprecated (as well as all React Native Firebase namespaced API) and will be removed in the next major release as part of move to match Firebase Web modular SDK API. Please see migration guide for more details: https://rnfirebase.io/migrating-to-v22 Please use `getApp()` instead.
08-16 05:40:57.120  9580  9617 I ReactNativeJS: '[DEEP_LINK_TRACE]', '{"source":"active_initial_url","outcome":"empty_url"}'
08-16 05:41:09.834  9580  9617 I ReactNativeJS: '[UI_PRESS_PROBE]', '{"event":"VOIP_PRESENCE_ERROR","timestamp":"2026-08-15T20:41:09.833Z","token_ready":true,"user_ready":true,"show_login":false,"show_voip_tester":false,"selected_call_mode":"pstn_assist","voice_id":"nado-000006","token_summary":"len:30:passke...en_331","reason":"effect_start"}'
08-16 05:41:09.835  9580  9617 I ReactNativeJS: '[UI_PRESS_PROBE]', '{"event":"VOIP_PRESENCE_CLOSED","timestamp":"2026-08-15T20:41:09.834Z","token_ready":true,"user_ready":true,"show_login":false,"show_voip_tester":false,"selected_call_mode":"pstn_assist","voice_id":"nado-000006","token_summary":"len:30:passke...en_331","reason":"effect_start","code":1006}'
08-16 05:41:09.835  9580  9617 I ReactNativeJS: '[UI_PRESS_PROBE]', '{"event":"VOIP_PRESENCE_RETRY_SCHEDULED","timestamp":"2026-08-15T20:41:09.835Z","token_ready":true,"user_ready":true,"show_login":false,"show_voip_tester":false,"selected_call_mode":"pstn_assist","voice_id":"nado-000006","token_summary":"len:30:passke...en_331","reason":"close:1006"}'
08-16 05:41:09.894  9580  9617 I ReactNativeJS: '[MISSED_CALL]', '{"event":"fetch","count":0}'
08-16 05:41:09.895  9580  9617 I ReactNativeJS: '[VoIPPendingIncoming]', '{"event":"REQUEST_RESULT","source":"pending_call_initial","token_summary":"len:30:passke...en_331","user_id":6,"status":401,"ok":false}'
08-16 05:41:09.895  9580  9617 I ReactNativeJS: '[VoIPPendingIncoming] fetch failed', 401
08-16 05:41:09.896  9580  9617 I ReactNativeJS: '[MISSED_CALL]', '{"event":"fetch","count":0}'
08-16 05:41:09.896  9580  9617 W ReactNativeJS: This method is deprecated (as well as all React Native Firebase namespaced API) and will be removed in the next major release as part of move to match Firebase Web modular SDK API. Please see migration guide for more details: https://rnfirebase.io/migrating-to-v22 Please use `getApp()` instead.
08-16 05:41:10.343  9580  9617 W ReactNativeJS: This method is deprecated (as well as all React Native Firebase namespaced API) and will be removed in the next major release as part of move to match Firebase Web modular SDK API. Please see migration guide for more details: https://rnfirebase.io/migrating-to-v22 Please use `getApp()` instead.
08-16 05:41:10.784  9580  9617 W ReactNativeJS: This method is deprecated (as well as all React Native Firebase namespaced API) and will be removed in the next major release as part of move to match Firebase Web modular SDK API. Please see migration guide for more details: https://rnfirebase.io/migrating-to-v22 Please use `getApp()` instead.
08-16 05:41:11.230  9580  9617 W ReactNativeJS: This method is deprecated (as well as all React Native Firebase namespaced API) and will be removed in the next major release as part of move to match Firebase Web modular SDK API. Please see migration guide for more details: https://rnfirebase.io/migrating-to-v22 Please use `getApp()` instead.
08-16 05:41:11.549  9580  9617 W ReactNativeJS: This method is deprecated (as well as all React Native Firebase namespaced API) and will be removed in the next major release as part of move to match Firebase Web modular SDK API. Please see migration guide for more details: https://rnfirebase.io/migrating-to-v22 Please use `getApp()` instead.
08-16 05:41:11.986  9580  9617 W ReactNativeJS: This method is deprecated (as well as all React Native Firebase namespaced API) and will be removed in the next major release as part of move to match Firebase Web modular SDK API. Please see migration guide for more details: https://rnfirebase.io/migrating-to-v22 Please use `getApp()` instead.
08-16 05:41:12.151  9580  9617 I ReactNativeJS: '[VoIPPendingIncoming]', '{"event":"REQUEST_START","source":"pending_call_poll","token_summary":"len:30:passke...en_331","user_id":6,"has_pending_call":false,"has_active_call":false}'
08-16 05:41:12.364  9580  9617 W ReactNativeJS: This method is deprecated (as well as all React Native Firebase namespaced API) and will be removed in the next major release as part of move to match Firebase Web modular SDK API. Please see migration guide for more details: https://rnfirebase.io/migrating-to-v22 Please use `getApp()` instead.
08-16 05:41:12.836  9580  9617 W ReactNativeJS: This method is deprecated (as well as all React Native Firebase namespaced API) and will be removed in the next major release as part of move to match Firebase Web modular SDK API. Please see migration guide for more details: https://rnfirebase.io/migrating-to-v22 Please use `getApp()` instead.
08-16 05:41:13.281  9580  9617 W ReactNativeJS: This method is deprecated (as well as all React Native Firebase namespaced API) and will be removed in the next major release as part of move to match Firebase Web modular SDK API. Please see migration guide for more details: https://rnfirebase.io/migrating-to-v22 Please use `getApp()` instead.
08-16 05:41:13.615  9580  9617 W ReactNativeJS: This method is deprecated (as well as all React Native Firebase namespaced API) and will be removed in the next major release as part of move to match Firebase Web modular SDK API. Please see migration guide for more details: https://rnfirebase.io/migrating-to-v22 Please use `getApp()` instead.
08-16 05:41:13.991  9580  9617 W ReactNativeJS: This method is deprecated (as well as all React Native Firebase namespaced API) and will be removed in the next major release as part of move to match Firebase Web modular SDK API. Please see migration guide for more details: https://rnfirebase.io/migrating-to-v22 Please use `getApp()` instead.
08-16 05:41:14.453  9580  9617 W ReactNativeJS: This method is deprecated (as well as all React Native Firebase namespaced API) and will be removed in the next major release as part of move to match Firebase Web modular SDK API. Please see migration guide for more details: https://rnfirebase.io/migrating-to-v22 Please use `getApp()` instead.
08-16 05:41:14.907  9580  9617 W ReactNativeJS: This method is deprecated (as well as all React Native Firebase namespaced API) and will be removed in the next major release as part of move to match Firebase Web modular SDK API. Please see migration guide for more details: https://rnfirebase.io/migrating-to-v22 Please use `getApp()` instead.
08-16 05:41:15.186  9580  9617 W ReactNativeJS: This method is deprecated (as well as all React Native Firebase namespaced API) and will be removed in the next major release as part of move to match Firebase Web modular SDK API. Please see migration guide for more details: https://rnfirebase.io/migrating-to-v22 Please use `getApp()` instead.
08-16 05:41:15.595  9580  9617 W ReactNativeJS: This method is deprecated (as well as all React Native Firebase namespaced API) and will be removed in the next major release as part of move to match Firebase Web modular SDK API. Please see migration guide for more details: https://rnfirebase.io/migrating-to-v22 Please use `getApp()` instead.
08-16 05:41:16.071  9580  9617 W ReactNativeJS: This method is deprecated (as well as all React Native Firebase namespaced API) and will be removed in the next major release as part of move to match Firebase Web modular SDK API. Please see migration guide for more details: https://rnfirebase.io/migrating-to-v22 Please use `getApp()` instead.
08-16 05:41:16.519  9580  9617 W ReactNativeJS: This method is deprecated (as well as all React Native Firebase namespaced API) and will be removed in the next major release as part of move to match Firebase Web modular SDK API. Please see migration guide for more details: https://rnfirebase.io/migrating-to-v22 Please use `getApp()` instead.
08-16 05:41:16.981  9580  9617 W ReactNativeJS: This method is deprecated (as well as all React Native Firebase namespaced API) and will be removed in the next major release as part of move to match Firebase Web modular SDK API. Please see migration guide for more details: https://rnfirebase.io/migrating-to-v22 Please use `getApp()` instead.
08-16 05:41:17.409  9580  9617 W ReactNativeJS: This method is deprecated (as well as all React Native Firebase namespaced API) and will be removed in the next major release as part of move to match Firebase Web modular SDK API. Please see migration guide for more details: https://rnfirebase.io/migrating-to-v22 Please use `getApp()` instead.
08-16 05:41:17.835  9580  9617 W ReactNativeJS: This method is deprecated (as well as all React Native Firebase namespaced API) and will be removed in the next major release as part of move to match Firebase Web modular SDK API. Please see migration guide for more details: https://rnfirebase.io/migrating-to-v22 Please use `getApp()` instead.
08-16 05:41:18.226  9580  9617 W ReactNativeJS: This method is deprecated (as well as all React Native Firebase namespaced API) and will be removed in the next major release as part of move to match Firebase Web modular SDK API. Please see migration guide for more details: https://rnfirebase.io/migrating-to-v22 Please use `getApp()` instead.
08-16 05:41:18.702  9580  9617 W ReactNativeJS: This method is deprecated (as well as all React Native Firebase namespaced API) and will be removed in the next major release as part of move to match Firebase Web modular SDK API. Please see migration guide for more details: https://rnfirebase.io/migrating-to-v22 Please use `getApp()` instead.
08-16 05:41:19.097  9580  9617 W ReactNativeJS: This method is deprecated (as well as all React Native Firebase namespaced API) and will be removed in the next major release as part of move to match Firebase Web modular SDK API. Please see migration guide for more details: https://rnfirebase.io/migrating-to-v22 Please use `getApp()` instead.
08-16 05:41:19.460  9580  9617 W ReactNativeJS: This method is deprecated (as well as all React Native Firebase namespaced API) and will be removed in the next major release as part of move to match Firebase Web modular SDK API. Please see migration guide for more details: https://rnfirebase.io/migrating-to-v22 Please use `getApp()` instead.
08-16 05:41:19.993  9580  9617 W ReactNativeJS: This method is deprecated (as well as all React Native Firebase namespaced API) and will be removed in the next major release as part of move to match Firebase Web modular SDK API. Please see migration guide for more details: https://rnfirebase.io/migrating-to-v22 Please use `getApp()` instead.
08-16 05:41:20.523  9580  9617 W ReactNativeJS: This method is deprecated (as well as all React Native Firebase namespaced API) and will be removed in the next major release as part of move to match Firebase Web modular SDK API. Please see migration guide for more details: https://rnfirebase.io/migrating-to-v22 Please use `getApp()` instead.
08-16 05:41:20.828  9580  9617 W ReactNativeJS: This method is deprecated (as well as all React Native Firebase namespaced API) and will be removed in the next major release as part of move to match Firebase Web modular SDK API. Please see migration guide for more details: https://rnfirebase.io/migrating-to-v22 Please use `getApp()` instead.
08-16 05:41:21.254  9580  9617 W ReactNativeJS: This method is deprecated (as well as all React Native Firebase namespaced API) and will be removed in the next major release as part of move to match Firebase Web modular SDK API. Please see migration guide for more details: https://rnfirebase.io/migrating-to-v22 Please use `getApp()` instead.
08-16 05:41:21.641  9580  9617 W ReactNativeJS: This method is deprecated (as well as all React Native Firebase namespaced API) and will be removed in the next major release as part of move to match Firebase Web modular SDK API. Please see migration guide for more details: https://rnfirebase.io/migrating-to-v22 Please use `getApp()` instead.
08-16 05:41:22.145  9580  9617 W ReactNativeJS: This method is deprecated (as well as all React Native Firebase namespaced API) and will be removed in the next major release as part of move to match Firebase Web modular SDK API. Please see migration guide for more details: https://rnfirebase.io/migrating-to-v22 Please use `getApp()` instead.
08-16 05:41:22.593  9580  9617 W ReactNativeJS: This method is deprecated (as well as all React Native Firebase namespaced API) and will be removed in the next major release as part of move to match Firebase Web modular SDK API. Please see migration guide for more details: https://rnfirebase.io/migrating-to-v22 Please use `getApp()` instead.
08-16 05:41:22.670  9580  9617 W ReactNativeJS: This method is deprecated (as well as all React Native Firebase namespaced API) and will be removed in the next major release as part of move to match Firebase Web modular SDK API. Please see migration guide for more details: https://rnfirebase.io/migrating-to-v22 Please use `getApp()` instead.
08-16 05:41:22.787  9580  9617 I ReactNativeJS: '[UI_PRESS_PROBE]', '{"event":"VOIP_ACTIVE_CALL_RESUME_SKIPPED_AUTH","timestamp":"2026-08-15T20:41:22.786Z","token_ready":true,"user_ready":true,"show_login":false,"show_voip_tester":false,"selected_call_mode":"pstn_assist","source":"app_launch_resume","status":401,"last_call_id":null}'
08-16 05:41:23.131  9580  9617 W ReactNativeJS: This method is deprecated (as well as all React Native Firebase namespaced API) and will be removed in the next major release as part of move to match Firebase Web modular SDK API. Please see migration guide for more details: https://rnfirebase.io/migrating-to-v22 Please use `getApp()` instead.
08-16 05:41:23.166  9580  9617 I ReactNativeJS: '[DEEP_LINK_TRACE]', '{"source":"bootstrap_initial_url_600","outcome":"empty_url"}'
08-16 05:41:23.620  9580  9617 W ReactNativeJS: This method is deprecated (as well as all React Native Firebase namespaced API) and will be removed in the next major release as part of move to match Firebase Web modular SDK API. Please see migration guide for more details: https://rnfirebase.io/migrating-to-v22 Please use `getApp()` instead.
08-16 05:41:24.044  9580  9617 W ReactNativeJS: This method is deprecated (as well as all React Native Firebase namespaced API) and will be removed in the next major release as part of move to match Firebase Web modular SDK API. Please see migration guide for more details: https://rnfirebase.io/migrating-to-v22 Please use `getApp()` instead.
08-16 05:41:24.207  9580  9617 I ReactNativeJS: '[DEEP_LINK_TRACE]', '{"source":"bootstrap_initial_url_1600","outcome":"empty_url"}'
08-16 05:41:24.285  9580  9617 I ReactNativeJS: '[UI_PRESS_PROBE]', '{"event":"VOIP_PRESENCE_CONNECT_ATTEMPT","timestamp":"2026-08-15T20:41:24.285Z","token_ready":true,"user_ready":true,"show_login":false,"show_voip_tester":false,"selected_call_mode":"pstn_assist","voice_id":"nado-000006","token_summary":"len:30:passke...en_331","reason":"retry:close:1006","api_base":"https://metanova1004.com"}'
08-16 05:41:24.497  9580  9617 W ReactNativeJS: This method is deprecated (as well as all React Native Firebase namespaced API) and will be removed in the next major release as part of move to match Firebase Web modular SDK API. Please see migration guide for more details: https://rnfirebase.io/migrating-to-v22 Please use `getApp()` instead.
08-16 05:41:24.952  9580  9617 W ReactNativeJS: This method is deprecated (as well as all React Native Firebase namespaced API) and will be removed in the next major release as part of move to match Firebase Web modular SDK API. Please see migration guide for more details: https://rnfirebase.io/migrating-to-v22 Please use `getApp()` instead.
08-16 05:41:25.087  9580  9617 I ReactNativeJS: '[VoIPPendingIncoming]', '{"event":"REQUEST_RESULT","source":"pending_call_poll","token_summary":"len:30:passke...en_331","user_id":6,"status":401,"ok":false}'
08-16 05:41:25.087  9580  9617 I ReactNativeJS: '[VoIPPendingIncoming] fetch failed', 401
08-16 05:41:25.356  9580  9617 W ReactNativeJS: This method is deprecated (as well as all React Native Firebase namespaced API) and will be removed in the next major release as part of move to match Firebase Web modular SDK API. Please see migration guide for more details: https://rnfirebase.io/migrating-to-v22 Please use `getApp()` instead.
08-16 05:41:25.744  9580  9617 I ReactNativeJS: '[DEEP_LINK_TRACE]', '{"source":"bootstrap_initial_url_3200","outcome":"empty_url"}'
08-16 05:41:25.794  9580  9617 W ReactNativeJS: This method is deprecated (as well as all React Native Firebase namespaced API) and will be removed in the next major release as part of move to match Firebase Web modular SDK API. Please see migration guide for more details: https://rnfirebase.io/migrating-to-v22 Please use `getApp()` instead.
08-16 05:41:26.247  9580  9617 W ReactNativeJS: This method is deprecated (as well as all React Native Firebase namespaced API) and will be removed in the next major release as part of move to match Firebase Web modular SDK API. Please see migration guide for more details: https://rnfirebase.io/migrating-to-v22 Please use `getApp()` instead.
08-16 05:41:26.728  9580  9617 W ReactNativeJS: This method is deprecated (as well as all React Native Firebase namespaced API) and will be removed in the next major release as part of move to match Firebase Web modular SDK API. Please see migration guide for more details: https://rnfirebase.io/migrating-to-v22 Please use `getApp()` instead.
08-16 05:41:27.066  9580  9617 W ReactNativeJS: This method is deprecated (as well as all React Native Firebase namespaced API) and will be removed in the next major release as part of move to match Firebase Web modular SDK API. Please see migration guide for more details: https://rnfirebase.io/migrating-to-v22 Please use `getApp()` instead.
08-16 05:41:27.490  9580  9617 W ReactNativeJS: This method is deprecated (as well as all React Native Firebase namespaced API) and will be removed in the next major release as part of move to match Firebase Web modular SDK API. Please see migration guide for more details: https://rnfirebase.io/migrating-to-v22 Please use `getApp()` instead.
08-16 05:41:27.593  9580  9617 I ReactNativeJS: '[VoIPPendingIncoming]', '{"event":"REQUEST_START","source":"pending_call_poll","token_summary":"len:30:passke...en_331","user_id":6,"has_pending_call":false,"has_active_call":false}'
08-16 05:41:27.793  9580  9617 I ReactNativeJS: '[DEEP_LINK_TRACE]', '{"source":"bootstrap_initial_url_5200","outcome":"empty_url"}'
08-16 05:41:28.008  9580  9617 W ReactNativeJS: This method is deprecated (as well as all React Native Firebase namespaced API) and will be removed in the next major release as part of move to match Firebase Web modular SDK API. Please see migration guide for more details: https://rnfirebase.io/migrating-to-v22 Please use `getApp()` instead.
08-16 05:41:28.392  9580  9617 W ReactNativeJS: This method is deprecated (as well as all React Native Firebase namespaced API) and will be removed in the next major release as part of move to match Firebase Web modular SDK API. Please see migration guide for more details: https://rnfirebase.io/migrating-to-v22 Please use `getApp()` instead.
08-16 05:41:28.862  9580  9617 W ReactNativeJS: This method is deprecated (as well as all React Native Firebase namespaced API) and will be removed in the next major release as part of move to match Firebase Web modular SDK API. Please see migration guide for more details: https://rnfirebase.io/migrating-to-v22 Please use `getApp()` instead.
08-16 05:41:29.410  9580  9617 W ReactNativeJS: This method is deprecated (as well as all React Native Firebase namespaced API) and will be removed in the next major release as part of move to match Firebase Web modular SDK API. Please see migration guide for more details: https://rnfirebase.io/migrating-to-v22 Please use `getApp()` instead.
08-16 05:41:29.850  9580  9617 W ReactNativeJS: This method is deprecated (as well as all React Native Firebase namespaced API) and will be removed in the next major release as part of move to match Firebase Web modular SDK API. Please see migration guide for more details: https://rnfirebase.io/migrating-to-v22 Please use `getApp()` instead.
08-16 05:41:30.342  9580  9617 W ReactNativeJS: This method is deprecated (as well as all React Native Firebase namespaced API) and will be removed in the next major release as part of move to match Firebase Web modular SDK API. Please see migration guide for more details: https://rnfirebase.io/migrating-to-v22 Please use `getApp()` instead.
08-16 05:41:30.785  9580  9617 W ReactNativeJS: This method is deprecated (as well as all React Native Firebase namespaced API) and will be removed in the next major release as part of move to match Firebase Web modular SDK API. Please see migration guide for more details: https://rnfirebase.io/migrating-to-v22 Please use `getApp()` instead.
08-16 05:41:31.196  9580  9617 W ReactNativeJS: This method is deprecated (as well as all React Native Firebase namespaced API) and will be removed in the next major release as part of move to match Firebase Web modular SDK API. Please see migration guide for more details: https://rnfirebase.io/migrating-to-v22 Please use `getApp()` instead.
08-16 05:41:31.518  9580  9617 W ReactNativeJS: This method is deprecated (as well as all React Native Firebase namespaced API) and will be removed in the next major release as part of move to match Firebase Web modular SDK API. Please see migration guide for more details: https://rnfirebase.io/migrating-to-v22 Please use `getApp()` instead.
08-16 05:41:31.958  9580  9617 W ReactNativeJS: This method is deprecated (as well as all React Native Firebase namespaced API) and will be removed in the next major release as part of move to match Firebase Web modular SDK API. Please see migration guide for more details: https://rnfirebase.io/migrating-to-v22 Please use `getApp()` instead.
08-16 05:41:32.434  9580  9617 W ReactNativeJS: This method is deprecated (as well as all React Native Firebase namespaced API) and will be removed in the next major release as part of move to match Firebase Web modular SDK API. Please see migration guide for more details: https://rnfirebase.io/migrating-to-v22 Please use `getApp()` instead.
08-16 05:41:32.882  9580  9617 W ReactNativeJS: This method is deprecated (as well as all React Native Firebase namespaced API) and will be removed in the next major release as part of move to match Firebase Web modular SDK API. Please see migration guide for more details: https://rnfirebase.io/migrating-to-v22 Please use `getApp()` instead.
08-16 05:41:33.337  9580  9617 W ReactNativeJS: This method is deprecated (as well as all React Native Firebase namespaced API) and will be removed in the next major release as part of move to match Firebase Web modular SDK API. Please see migration guide for more details: https://rnfirebase.io/migrating-to-v22 Please use `getApp()` instead.
08-16 05:41:33.652  9580  9617 W ReactNativeJS: This method is deprecated (as well as all React Native Firebase namespaced API) and will be removed in the next major release as part of move to match Firebase Web modular SDK API. Please see migration guide for more details: https://rnfirebase.io/migrating-to-v22 Please use `getApp()` instead.
08-16 05:41:34.048  9580  9617 W ReactNativeJS: This method is deprecated (as well as all React Native Firebase namespaced API) and will be removed in the next major release as part of move to match Firebase Web modular SDK API. Please see migration guide for more details: https://rnfirebase.io/migrating-to-v22 Please use `getApp()` instead.
08-16 05:41:34.553  9580  9617 W ReactNativeJS: This method is deprecated (as well as all React Native Firebase namespaced API) and will be removed in the next major release as part of move to match Firebase Web modular SDK API. Please see migration guide for more details: https://rnfirebase.io/migrating-to-v22 Please use `getApp()` instead.
08-16 05:41:34.861  9580  9617 W ReactNativeJS: This method is deprecated (as well as all React Native Firebase namespaced API) and will be removed in the next major release as part of move to match Firebase Web modular SDK API. Please see migration guide for more details: https://rnfirebase.io/migrating-to-v22 Please use `getApp()` instead.
08-16 05:41:35.290  9580  9617 W ReactNativeJS: This method is deprecated (as well as all React Native Firebase namespaced API) and will be removed in the next major release as part of move to match Firebase Web modular SDK API. Please see migration guide for more details: https://rnfirebase.io/migrating-to-v22 Please use `getApp()` instead.
08-16 05:41:35.680  9580  9617 W ReactNativeJS: This method is deprecated (as well as all React Native Firebase namespaced API) and will be removed in the next major release as part of move to match Firebase Web modular SDK API. Please see migration guide for more details: https://rnfirebase.io/migrating-to-v22 Please use `getApp()` instead.
08-16 05:41:35.741  9580  9617 I ReactNativeJS: '[UI_PRESS_PROBE]', '{"event":"VOIP_ACTIVE_CALL_RESUME_SKIPPED_AUTH","timestamp":"2026-08-15T20:41:35.740Z","token_ready":true,"user_ready":true,"show_login":false,"show_voip_tester":false,"selected_call_mode":"pstn_assist","source":"app_state_resume","status":401,"last_call_id":null}'
08-16 05:41:35.791  9580  9617 I ReactNativeJS: '[WORLDLINGCO_TUNING]', '{"event":"remote_loaded","updated_at":"2026-08-14T06:06:31Z","version":6}'
08-16 05:41:36.085  9580  9617 W ReactNativeJS: This method is deprecated (as well as all React Native Firebase namespaced API) and will be removed in the next major release as part of move to match Firebase Web modular SDK API. Please see migration guide for more details: https://rnfirebase.io/migrating-to-v22 Please use `getApp()` instead.
08-16 05:41:36.544  9580  9617 W ReactNativeJS: This method is deprecated (as well as all React Native Firebase namespaced API) and will be removed in the next major release as part of move to match Firebase Web modular SDK API. Please see migration guide for more details: https://rnfirebase.io/migrating-to-v22 Please use `getApp()` instead.
08-16 05:41:36.892  9580  9617 W ReactNativeJS: This method is deprecated (as well as all React Native Firebase namespaced API) and will be removed in the next major release as part of move to match Firebase Web modular SDK API. Please see migration guide for more details: https://rnfirebase.io/migrating-to-v22 Please use `getApp()` instead.
08-16 05:41:37.326  9580  9617 W ReactNativeJS: This method is deprecated (as well as all React Native Firebase namespaced API) and will be removed in the next major release as part of move to match Firebase Web modular SDK API. Please see migration guide for more details: https://rnfirebase.io/migrating-to-v22 Please use `getApp()` instead.
08-16 05:41:37.329  9580  9617 I ReactNativeJS: '[UI_PRESS_PROBE]', '{"event":"VOIP_PRESENCE_ERROR","timestamp":"2026-08-15T20:41:37.328Z","token_ready":true,"user_ready":true,"show_login":false,"show_voip_tester":false,"selected_call_mode":"pstn_assist","voice_id":"nado-000006","token_summary":"len:30:passke...en_331","reason":"retry:close:1006"}'
08-16 05:41:37.329  9580  9617 I ReactNativeJS: '[UI_PRESS_PROBE]', '{"event":"VOIP_PRESENCE_CLOSED","timestamp":"2026-08-15T20:41:37.329Z","token_ready":true,"user_ready":true,"show_login":false,"show_voip_tester":false,"selected_call_mode":"pstn_assist","voice_id":"nado-000006","token_summary":"len:30:passke...en_331","reason":"retry:close:1006","code":1006}'
08-16 05:41:37.330  9580  9617 I ReactNativeJS: '[UI_PRESS_PROBE]', '{"event":"VOIP_PRESENCE_RETRY_SCHEDULED","timestamp":"2026-08-15T20:41:37.329Z","token_ready":true,"user_ready":true,"show_login":false,"show_voip_tester":false,"selected_call_mode":"pstn_assist","voice_id":"nado-000006","token_summary":"len:30:passke...en_331","reason":"close:1006"}'
08-16 05:41:37.779  9580  9617 W ReactNativeJS: This method is deprecated (as well as all React Native Firebase namespaced API) and will be removed in the next major release as part of move to match Firebase Web modular SDK API. Please see migration guide for more details: https://rnfirebase.io/migrating-to-v22 Please use `getApp()` instead.
08-16 05:41:38.224  9580  9617 W ReactNativeJS: This method is deprecated (as well as all React Native Firebase namespaced API) and will be removed in the next major release as part of move to match Firebase Web modular SDK API. Please see migration guide for more details: https://rnfirebase.io/migrating-to-v22 Please use `getApp()` instead.
08-16 05:41:40.569  9580  9617 I ReactNativeJS: '[VoIPPendingIncoming]', '{"event":"REQUEST_RESULT","source":"pending_call_poll","token_summary":"len:30:passke...en_331","user_id":6,"status":401,"ok":false}'
08-16 05:41:40.569  9580  9617 I ReactNativeJS: '[VoIPPendingIncoming] fetch failed', 401
