--------- beginning of main
08-16 06:00:30.518 I/ReactNativeJS(25481): '[VoIP] WebRTC module loaded', { module: 'react-native-webrtc',
08-16 06:00:30.518 I/ReactNativeJS(25481):   hasPeerConnection: true,
08-16 06:00:30.518 I/ReactNativeJS(25481):   hasMediaDevices: true }
08-16 06:00:30.533 W/ReactNativeJS(25481): This method is deprecated (as well as all React Native Firebase namespaced API) and will be removed in the next major release as part of move to match Firebase Web modular SDK API. Please see migration guide for more details: https://rnfirebase.io/migrating-to-v22 Please use `getApps()` instead.
08-16 06:00:30.534 W/ReactNativeJS(25481): This method is deprecated (as well as all React Native Firebase namespaced API) and will be removed in the next major release as part of move to match Firebase Web modular SDK API. Please see migration guide for more details: https://rnfirebase.io/migrating-to-v22 Please use `initializeApp()` instead.
08-16 06:00:30.536 W/ReactNativeJS(25481): This method is deprecated (as well as all React Native Firebase namespaced API) and will be removed in the next major release as part of move to match Firebase Web modular SDK API. Please see migration guide for more details: https://rnfirebase.io/migrating-to-v22 Please use `getApps()` instead.
08-16 06:00:30.536 W/ReactNativeJS(25481): This method is deprecated (as well as all React Native Firebase namespaced API) and will be removed in the next major release as part of move to match Firebase Web modular SDK API. Please see migration guide for more details: https://rnfirebase.io/migrating-to-v22 Please use `getApp()` instead.
08-16 06:00:30.553 I/ReactNativeJS(25481): Running "main"
08-16 06:00:30.774 I/ReactNativeJS(25481): '[UI_PRESS_PROBE]', '{"event":"NETWORK_TRANSPORT_CHANGED","timestamp":"2026-08-15T21:00:30.774Z","token_ready":false,"user_ready":false,"show_login":false,"show_voip_tester":false,"selected_call_mode":"pstn_assist","transport":"unknown","cellular_generation":null,"label":"알 수 없음","is_connected":false,"is_internet_reachable":null,"carrier":null,"ssid":null,"is_accurate_voip_test_ready":false,"previous_label":null}'
08-16 06:00:30.777 I/ReactNativeJS(25481): '[WORLDLINGCO_API] base_url', 'https://metanova1004.com'
08-16 06:00:30.783 I/ReactNativeJS(25481): [VoIPToneService] AudioContext not available (React Native environment)
08-16 06:00:30.786 I/ReactNativeJS(25481): '[FACE_CONVERSATION]', '{"event":"silero_probe","supported":false}'
08-16 06:00:30.799 I/ReactNativeJS(25481): '[DEEP_LINK_TRACE]', '{"source":"initial_url","outcome":"empty_url"}'
08-16 06:00:30.922 I/ReactNativeJS(25481): '[DEEP_LINK_TRACE]', '{"source":"active_initial_url","outcome":"empty_url"}'
08-16 06:00:31.324 I/ReactNativeJS(25481): '[WORLDLINGCO_TUNING]', '{"event":"remote_loaded","updated_at":"2026-08-14T06:06:31Z","version":6}'
08-16 06:00:31.471 I/ReactNativeJS(25481): '[DEEP_LINK_TRACE]', '{"source":"bootstrap_initial_url_600","outcome":"empty_url"}'
08-16 06:00:32.490 I/ReactNativeJS(25481): '[DEEP_LINK_TRACE]', '{"source":"bootstrap_initial_url_1600","outcome":"empty_url"}'
08-16 06:00:34.085 I/ReactNativeJS(25481): '[DEEP_LINK_TRACE]', '{"source":"bootstrap_initial_url_3200","outcome":"empty_url"}'
08-16 06:00:36.088 I/ReactNativeJS(25481): '[DEEP_LINK_TRACE]', '{"source":"bootstrap_initial_url_5200","outcome":"empty_url"}'
08-16 06:00:44.709 I/ReactNativeJS(25481): '[DEEP_LINK_TRACE]', '{"source":"initial_url","outcome":"empty_url"}'
08-16 06:00:44.828 I/ReactNativeJS(25481): '[AUTH_FLOW]', '{"event":"AUTH_STORAGE_RESTORE_FOUND","user_id":6,"user_email":"119cash@naver.com"}'
08-16 06:00:44.828 I/ReactNativeJS(25481): '[AUTH_FLOW]', '{"event":"AUTH_STORAGE_RESTORE_APPLIED","user_id":6,"user_email":"119cash@naver.com"}'
08-16 06:00:44.992 W/ReactNativeJS(25481): This method is deprecated (as well as all React Native Firebase namespaced API) and will be removed in the next major release as part of move to match Firebase Web modular SDK API. Please see migration guide for more details: https://rnfirebase.io/migrating-to-v22 Please use `getApps()` instead.
08-16 06:00:44.992 W/ReactNativeJS(25481): This method is deprecated (as well as all React Native Firebase namespaced API) and will be removed in the next major release as part of move to match Firebase Web modular SDK API. Please see migration guide for more details: https://rnfirebase.io/migrating-to-v22 Please use `getApps()` instead.
08-16 06:00:44.992 W/ReactNativeJS(25481): This method is deprecated (as well as all React Native Firebase namespaced API) and will be removed in the next major release as part of move to match Firebase Web modular SDK API. Please see migration guide for more details: https://rnfirebase.io/migrating-to-v22 Please use `getApps()` instead.
08-16 06:00:44.995 W/ReactNativeJS(25481): This method is deprecated (as well as all React Native Firebase namespaced API) and will be removed in the next major release as part of move to match Firebase Web modular SDK API. Please see migration guide for more details: https://rnfirebase.io/migrating-to-v22 Please use `getApps()` instead.
08-16 06:00:45.000 I/ReactNativeJS(25481): '[VoIPPendingIncoming]', '{"event":"REQUEST_START","source":"pending_call_initial","token_summary":"len:30:passke...en_331","user_id":6,"has_pending_call":false,"has_active_call":false}'
08-16 06:00:45.006 I/ReactNativeJS(25481): '[UI_PRESS_PROBE]', '{"event":"VOIP_PRESENCE_CONNECT_ATTEMPT","timestamp":"2026-08-15T21:00:45.005Z","token_ready":true,"user_ready":true,"show_login":false,"show_voip_tester":false,"selected_call_mode":"pstn_assist","voice_id":"nado-000006","token_summary":"len:30:passke...en_331","reason":"effect_start","api_base":"https://metanova1004.com"}'
08-16 06:00:45.046 W/ReactNativeJS(25481): This method is deprecated (as well as all React Native Firebase namespaced API) and will be removed in the next major release as part of move to match Firebase Web modular SDK API. Please see migration guide for more details: https://rnfirebase.io/migrating-to-v22 Please use `getApp()` instead.
08-16 06:00:45.047 W/ReactNativeJS(25481): This method is deprecated (as well as all React Native Firebase namespaced API) and will be removed in the next major release as part of move to match Firebase Web modular SDK API. Please see migration guide for more details: https://rnfirebase.io/migrating-to-v22 Please use `getApp()` instead.
08-16 06:00:45.047 W/ReactNativeJS(25481): This method is deprecated (as well as all React Native Firebase namespaced API) and will be removed in the next major release as part of move to match Firebase Web modular SDK API. Please see migration guide for more details: https://rnfirebase.io/migrating-to-v22 Please use `getApp()` instead.
08-16 06:00:45.050 W/ReactNativeJS(25481): This method is deprecated (as well as all React Native Firebase namespaced API) and will be removed in the next major release as part of move to match Firebase Web modular SDK API. Please see migration guide for more details: https://rnfirebase.io/migrating-to-v22 Please use `getApp()` instead.
08-16 06:00:45.051 I/ReactNativeJS(25481): '[UI_PRESS_PROBE]', '{"event":"VOIP_NOTIFICATION_PERMISSION_STATUS","timestamp":"2026-08-15T21:00:45.051Z","token_ready":true,"user_ready":true,"show_login":false,"show_voip_tester":false,"selected_call_mode":"pstn_assist","notifications_enabled":true}'
08-16 06:00:45.234 I/ReactNativeJS(25481): '[DEEP_LINK_TRACE]', '{"source":"initial_url","outcome":"empty_url"}'
08-16 06:00:45.243 I/ReactNativeJS(25481): '[MISSED_CALL]', '{"event":"fetch","count":0}'
08-16 06:00:45.244 I/ReactNativeJS(25481): '[VoIPPendingIncoming]', '{"event":"REQUEST_RESULT","source":"pending_call_initial","token_summary":"len:30:passke...en_331","user_id":6,"status":401,"ok":false}'
08-16 06:00:45.244 I/ReactNativeJS(25481): '[VoIPPendingIncoming] fetch failed', 401
08-16 06:00:45.247 I/ReactNativeJS(25481): '[UI_PRESS_PROBE]', '{"event":"VOIP_PRESENCE_ERROR","timestamp":"2026-08-15T21:00:45.246Z","token_ready":true,"user_ready":true,"show_login":false,"show_voip_tester":false,"selected_call_mode":"pstn_assist","voice_id":"nado-000006","token_summary":"len:30:passke...en_331","reason":"effect_start"}'
08-16 06:00:45.248 I/ReactNativeJS(25481): '[UI_PRESS_PROBE]', '{"event":"VOIP_PRESENCE_CLOSED","timestamp":"2026-08-15T21:00:45.247Z","token_ready":true,"user_ready":true,"show_login":false,"show_voip_tester":false,"selected_call_mode":"pstn_assist","voice_id":"nado-000006","token_summary":"len:30:passke...en_331","reason":"effect_start","code":1006}'
08-16 06:00:45.248 I/ReactNativeJS(25481): '[UI_PRESS_PROBE]', '{"event":"VOIP_PRESENCE_RETRY_SCHEDULED","timestamp":"2026-08-15T21:00:45.248Z","token_ready":true,"user_ready":true,"show_login":false,"show_voip_tester":false,"selected_call_mode":"pstn_assist","voice_id":"nado-000006","token_summary":"len:30:passke...en_331","reason":"close:1006"}'
08-16 06:00:45.288 I/ReactNativeJS(25481): '[UI_PRESS_PROBE]', '{"event":"NETWORK_TRANSPORT_CHANGED","timestamp":"2026-08-15T21:00:45.287Z","token_ready":true,"user_ready":true,"show_login":false,"show_voip_tester":false,"selected_call_mode":"pstn_assist","transport":"wifi","cellular_generation":null,"label":"WiFi","is_connected":true,"is_internet_reachable":true,"carrier":null,"ssid":"KT_WiFi_7_0A7C","is_accurate_voip_test_ready":false,"previous_label":"알 수 없음"}'
08-16 06:00:45.857 W/ReactNativeJS(25481): This method is deprecated (as well as all React Native Firebase namespaced API) and will be removed in the next major release as part of move to match Firebase Web modular SDK API. Please see migration guide for more details: https://rnfirebase.io/migrating-to-v22 Please use `getApp()` instead.
08-16 06:00:46.029 I/ReactNativeJS(25481): '[DEEP_LINK_TRACE]', '{"source":"bootstrap_initial_url_600","outcome":"empty_url"}'
08-16 06:00:46.054 I/ReactNativeJS(25481): '[UI_PRESS_PROBE]', '{"event":"VOIP_ACTIVE_CALL_RESUME_SKIPPED_AUTH","timestamp":"2026-08-15T21:00:46.054Z","token_ready":true,"user_ready":true,"show_login":false,"show_voip_tester":false,"selected_call_mode":"pstn_assist","source":"app_launch_resume","status":401,"last_call_id":null}'
08-16 06:00:46.421 W/ReactNativeJS(25481): This method is deprecated (as well as all React Native Firebase namespaced API) and will be removed in the next major release as part of move to match Firebase Web modular SDK API. Please see migration guide for more details: https://rnfirebase.io/migrating-to-v22 Please use `getApp()` instead.
08-16 06:00:46.844 I/ReactNativeJS(25481): '[UI_PRESS_PROBE]', '{"event":"VOIP_FCM_TOPIC_READY","timestamp":"2026-08-15T21:00:46.844Z","token_ready":true,"user_ready":true,"show_login":false,"show_voip_tester":false,"selected_call_mode":"pstn_assist","topic":"worldlingo_voip_nado_000006","push_token_present":true}'
08-16 06:00:46.935 I/ReactNativeJS(25481): '[UI_PRESS_PROBE]', '{"event":"VOIP_PRESENCE_CONNECT_ATTEMPT","timestamp":"2026-08-15T21:00:46.935Z","token_ready":true,"user_ready":true,"show_login":false,"show_voip_tester":false,"selected_call_mode":"pstn_assist","voice_id":"nado-000006","token_summary":"len:30:passke...en_331","reason":"retry:close:1006","api_base":"https://metanova1004.com"}'
08-16 06:00:47.029 I/ReactNativeJS(25481): '[DEEP_LINK_TRACE]', '{"source":"bootstrap_initial_url_1600","outcome":"empty_url"}'
08-16 06:00:47.270 I/ReactNativeJS(25481): '[UI_PRESS_PROBE]', '{"event":"VOIP_PRESENCE_ERROR","timestamp":"2026-08-15T21:00:47.270Z","token_ready":true,"user_ready":true,"show_login":false,"show_voip_tester":false,"selected_call_mode":"pstn_assist","voice_id":"nado-000006","token_summary":"len:30:passke...en_331","reason":"retry:close:1006"}'
08-16 06:00:47.271 I/ReactNativeJS(25481): '[UI_PRESS_PROBE]', '{"event":"VOIP_PRESENCE_CLOSED","timestamp":"2026-08-15T21:00:47.271Z","token_ready":true,"user_ready":true,"show_login":false,"show_voip_tester":false,"selected_call_mode":"pstn_assist","voice_id":"nado-000006","token_summary":"len:30:passke...en_331","reason":"retry:close:1006","code":1006}'
08-16 06:00:47.272 I/ReactNativeJS(25481): '[UI_PRESS_PROBE]', '{"event":"VOIP_PRESENCE_RETRY_SCHEDULED","timestamp":"2026-08-15T21:00:47.271Z","token_ready":true,"user_ready":true,"show_login":false,"show_voip_tester":false,"selected_call_mode":"pstn_assist","voice_id":"nado-000006","token_summary":"len:30:passke...en_331","reason":"close:1006"}'
08-16 06:00:47.657 W/ReactNativeJS(25481): This method is deprecated (as well as all React Native Firebase namespaced API) and will be removed in the next major release as part of move to match Firebase Web modular SDK API. Please see migration guide for more details: https://rnfirebase.io/migrating-to-v22 Please use `getApps()` instead.
08-16 06:00:47.685 I/ReactNativeJS(25481): '[VoIPPendingIncoming]', '{"event":"REQUEST_START","source":"pending_call_poll","token_summary":"len:30:passke...en_331","user_id":6,"has_pending_call":false,"has_active_call":false}'
08-16 06:00:47.842 W/ReactNativeJS(25481): This method is deprecated (as well as all React Native Firebase namespaced API) and will be removed in the next major release as part of move to match Firebase Web modular SDK API. Please see migration guide for more details: https://rnfirebase.io/migrating-to-v22 Please use `getApp()` instead.
08-16 06:00:47.842 W/ReactNativeJS(25481): This method is deprecated (as well as all React Native Firebase namespaced API) and will be removed in the next major release as part of move to match Firebase Web modular SDK API. Please see migration guide for more details: https://rnfirebase.io/migrating-to-v22 Please use `getApps()` instead.
08-16 06:00:47.842 W/ReactNativeJS(25481): This method is deprecated (as well as all React Native Firebase namespaced API) and will be removed in the next major release as part of move to match Firebase Web modular SDK API. Please see migration guide for more details: https://rnfirebase.io/migrating-to-v22 Please use `getApp()` instead.
08-16 06:00:47.842 W/ReactNativeJS(25481): This method is deprecated (as well as all React Native Firebase namespaced API) and will be removed in the next major release as part of move to match Firebase Web modular SDK API. Please see migration guide for more details: https://rnfirebase.io/migrating-to-v22 Please use `getApp()` instead.
08-16 06:00:47.918 I/ReactNativeJS(25481): '[VoIPPendingIncoming]', '{"event":"REQUEST_RESULT","source":"pending_call_poll","token_summary":"len:30:passke...en_331","user_id":6,"status":401,"ok":false}'
08-16 06:00:47.918 I/ReactNativeJS(25481): '[VoIPPendingIncoming] fetch failed', 401
08-16 06:00:48.551 I/ReactNativeJS(25481): '[DEEP_LINK_TRACE]', '{"source":"bootstrap_initial_url_3200","outcome":"empty_url"}'
08-16 06:00:48.939 I/ReactNativeJS(25481): '[UI_PRESS_PROBE]', '{"event":"VOIP_PRESENCE_CONNECT_ATTEMPT","timestamp":"2026-08-15T21:00:48.939Z","token_ready":true,"user_ready":true,"show_login":false,"show_voip_tester":false,"selected_call_mode":"pstn_assist","voice_id":"nado-000006","token_summary":"len:30:passke...en_331","reason":"retry:close:1006","api_base":"https://metanova1004.com"}'
08-16 06:00:49.129 I/ReactNativeJS(25481): '[UI_PRESS_PROBE]', '{"event":"VOIP_PRESENCE_ERROR","timestamp":"2026-08-15T21:00:49.128Z","token_ready":true,"user_ready":true,"show_login":false,"show_voip_tester":false,"selected_call_mode":"pstn_assist","voice_id":"nado-000006","token_summary":"len:30:passke...en_331","reason":"retry:close:1006"}'
08-16 06:00:49.129 I/ReactNativeJS(25481): '[UI_PRESS_PROBE]', '{"event":"VOIP_PRESENCE_CLOSED","timestamp":"2026-08-15T21:00:49.129Z","token_ready":true,"user_ready":true,"show_login":false,"show_voip_tester":false,"selected_call_mode":"pstn_assist","voice_id":"nado-000006","token_summary":"len:30:passke...en_331","reason":"retry:close:1006","code":1006}'
08-16 06:00:49.129 I/ReactNativeJS(25481): '[UI_PRESS_PROBE]', '{"event":"VOIP_PRESENCE_RETRY_SCHEDULED","timestamp":"2026-08-15T21:00:49.129Z","token_ready":true,"user_ready":true,"show_login":false,"show_voip_tester":false,"selected_call_mode":"pstn_assist","voice_id":"nado-000006","token_summary":"len:30:passke...en_331","reason":"close:1006"}'
08-16 06:00:50.366 I/ReactNativeJS(25481): '[VoIPPendingIncoming]', '{"event":"REQUEST_START","source":"pending_call_poll","token_summary":"len:30:passke...en_331","user_id":6,"has_pending_call":false,"has_active_call":false}'
08-16 06:00:50.672 I/ReactNativeJS(25481): '[VoIPPendingIncoming]', '{"event":"REQUEST_RESULT","source":"pending_call_poll","token_summary":"len:30:passke...en_331","user_id":6,"status":401,"ok":false}'
08-16 06:00:50.672 I/ReactNativeJS(25481): '[VoIPPendingIncoming] fetch failed', 401
08-16 06:00:50.810 I/ReactNativeJS(25481): '[DEEP_LINK_TRACE]', '{"source":"bootstrap_initial_url_5200","outcome":"empty_url"}'
08-16 06:00:50.917 I/ReactNativeJS(25481): '[UI_PRESS_PROBE]', '{"event":"VOIP_PRESENCE_CONNECT_ATTEMPT","timestamp":"2026-08-15T21:00:50.917Z","token_ready":true,"user_ready":true,"show_login":false,"show_voip_tester":false,"selected_call_mode":"pstn_assist","voice_id":"nado-000006","token_summary":"len:30:passke...en_331","reason":"retry:close:1006","api_base":"https://metanova1004.com"}'
08-16 06:00:51.209 I/ReactNativeJS(25481): '[UI_PRESS_PROBE]', '{"event":"VOIP_PRESENCE_ERROR","timestamp":"2026-08-15T21:00:51.208Z","token_ready":true,"user_ready":true,"show_login":false,"show_voip_tester":false,"selected_call_mode":"pstn_assist","voice_id":"nado-000006","token_summary":"len:30:passke...en_331","reason":"retry:close:1006"}'
08-16 06:00:51.209 I/ReactNativeJS(25481): '[UI_PRESS_PROBE]', '{"event":"VOIP_PRESENCE_CLOSED","timestamp":"2026-08-15T21:00:51.209Z","token_ready":true,"user_ready":true,"show_login":false,"show_voip_tester":false,"selected_call_mode":"pstn_assist","voice_id":"nado-000006","token_summary":"len:30:passke...en_331","reason":"retry:close:1006","code":1006}'
08-16 06:00:51.209 I/ReactNativeJS(25481): '[UI_PRESS_PROBE]', '{"event":"VOIP_PRESENCE_RETRY_SCHEDULED","timestamp":"2026-08-15T21:00:51.209Z","token_ready":true,"user_ready":true,"show_login":false,"show_voip_tester":false,"selected_call_mode":"pstn_assist","voice_id":"nado-000006","token_summary":"len:30:passke...en_331","reason":"close:1006"}'
08-16 06:00:52.846 I/ReactNativeJS(25481): '[VoIPPendingIncoming]', '{"event":"REQUEST_START","source":"pending_call_poll","token_summary":"len:30:passke...en_331","user_id":6,"has_pending_call":false,"has_active_call":false}'
08-16 06:00:53.009 I/ReactNativeJS(25481): '[UI_PRESS_PROBE]', '{"event":"VOIP_PRESENCE_CONNECT_ATTEMPT","timestamp":"2026-08-15T21:00:53.008Z","token_ready":true,"user_ready":true,"show_login":false,"show_voip_tester":false,"selected_call_mode":"pstn_assist","voice_id":"nado-000006","token_summary":"len:30:passke...en_331","reason":"retry:close:1006","api_base":"https://metanova1004.com"}'
08-16 06:00:53.165 I/ReactNativeJS(25481): '[VoIPPendingIncoming]', '{"event":"REQUEST_RESULT","source":"pending_call_poll","token_summary":"len:30:passke...en_331","user_id":6,"status":401,"ok":false}'
08-16 06:00:53.166 I/ReactNativeJS(25481): '[VoIPPendingIncoming] fetch failed', 401
08-16 06:00:53.330 I/ReactNativeJS(25481): '[UI_PRESS_PROBE]', '{"event":"VOIP_PRESENCE_ERROR","timestamp":"2026-08-15T21:00:53.329Z","token_ready":true,"user_ready":true,"show_login":false,"show_voip_tester":false,"selected_call_mode":"pstn_assist","voice_id":"nado-000006","token_summary":"len:30:passke...en_331","reason":"retry:close:1006"}'
08-16 06:00:53.331 I/ReactNativeJS(25481): '[UI_PRESS_PROBE]', '{"event":"VOIP_PRESENCE_CLOSED","timestamp":"2026-08-15T21:00:53.330Z","token_ready":true,"user_ready":true,"show_login":false,"show_voip_tester":false,"selected_call_mode":"pstn_assist","voice_id":"nado-000006","token_summary":"len:30:passke...en_331","reason":"retry:close:1006","code":1006}'
08-16 06:00:53.331 I/ReactNativeJS(25481): '[UI_PRESS_PROBE]', '{"event":"VOIP_PRESENCE_RETRY_SCHEDULED","timestamp":"2026-08-15T21:00:53.331Z","token_ready":true,"user_ready":true,"show_login":false,"show_voip_tester":false,"selected_call_mode":"pstn_assist","voice_id":"nado-000006","token_summary":"len:30:passke...en_331","reason":"close:1006"}'
08-16 06:00:54.076 I/ReactNativeJS(25481): '[DEEP_LINK_TRACE]', '{"source":"initial_url","outcome":"empty_url"}'
08-16 06:00:54.881 I/ReactNativeJS(25481): '[DEEP_LINK_TRACE]', '{"source":"bootstrap_initial_url_600","outcome":"empty_url"}'
08-16 06:00:55.098 I/ReactNativeJS(25481): '[UI_PRESS_PROBE]', '{"event":"VOIP_PRESENCE_CONNECT_ATTEMPT","timestamp":"2026-08-15T21:00:55.098Z","token_ready":true,"user_ready":true,"show_login":false,"show_voip_tester":false,"selected_call_mode":"pstn_assist","voice_id":"nado-000006","token_summary":"len:30:passke...en_331","reason":"retry:close:1006","api_base":"https://metanova1004.com"}'
08-16 06:00:55.359 I/ReactNativeJS(25481): '[VoIPPendingIncoming]', '{"event":"REQUEST_START","source":"pending_call_poll","token_summary":"len:30:passke...en_331","user_id":6,"has_pending_call":false,"has_active_call":false}'
08-16 06:00:55.390 I/ReactNativeJS(25481): '[UI_PRESS_PROBE]', '{"event":"VOIP_PRESENCE_ERROR","timestamp":"2026-08-15T21:00:55.390Z","token_ready":true,"user_ready":true,"show_login":false,"show_voip_tester":false,"selected_call_mode":"pstn_assist","voice_id":"nado-000006","token_summary":"len:30:passke...en_331","reason":"retry:close:1006"}'
08-16 06:00:55.390 I/ReactNativeJS(25481): '[UI_PRESS_PROBE]', '{"event":"VOIP_PRESENCE_CLOSED","timestamp":"2026-08-15T21:00:55.390Z","token_ready":true,"user_ready":true,"show_login":false,"show_voip_tester":false,"selected_call_mode":"pstn_assist","voice_id":"nado-000006","token_summary":"len:30:passke...en_331","reason":"retry:close:1006","code":1006}'
08-16 06:00:55.391 I/ReactNativeJS(25481): '[UI_PRESS_PROBE]', '{"event":"VOIP_PRESENCE_RETRY_SCHEDULED","timestamp":"2026-08-15T21:00:55.391Z","token_ready":true,"user_ready":true,"show_login":false,"show_voip_tester":false,"selected_call_mode":"pstn_assist","voice_id":"nado-000006","token_summary":"len:30:passke...en_331","reason":"close:1006"}'
08-16 06:00:55.638 I/ReactNativeJS(25481): '[VoIPPendingIncoming]', '{"event":"REQUEST_RESULT","source":"pending_call_poll","token_summary":"len:30:passke...en_331","user_id":6,"status":401,"ok":false}'
08-16 06:00:55.638 I/ReactNativeJS(25481): '[VoIPPendingIncoming] fetch failed', 401
08-16 06:00:55.854 I/ReactNativeJS(25481): '[DEEP_LINK_TRACE]', '{"source":"bootstrap_initial_url_1600","outcome":"empty_url"}'
08-16 06:00:57.120 I/ReactNativeJS(25481): '[UI_PRESS_PROBE]', '{"event":"VOIP_PRESENCE_CONNECT_ATTEMPT","timestamp":"2026-08-15T21:00:57.119Z","token_ready":true,"user_ready":true,"show_login":false,"show_voip_tester":false,"selected_call_mode":"pstn_assist","voice_id":"nado-000006","token_summary":"len:30:passke...en_331","reason":"retry:close:1006","api_base":"https://metanova1004.com"}'
08-16 06:00:57.366 I/ReactNativeJS(25481): '[UI_PRESS_PROBE]', '{"event":"VOIP_PRESENCE_ERROR","timestamp":"2026-08-15T21:00:57.366Z","token_ready":true,"user_ready":true,"show_login":false,"show_voip_tester":false,"selected_call_mode":"pstn_assist","voice_id":"nado-000006","token_summary":"len:30:passke...en_331","reason":"retry:close:1006"}'
08-16 06:00:57.367 I/ReactNativeJS(25481): '[UI_PRESS_PROBE]', '{"event":"VOIP_PRESENCE_CLOSED","timestamp":"2026-08-15T21:00:57.367Z","token_ready":true,"user_ready":true,"show_login":false,"show_voip_tester":false,"selected_call_mode":"pstn_assist","voice_id":"nado-000006","token_summary":"len:30:passke...en_331","reason":"retry:close:1006","code":1006}'
08-16 06:00:57.367 I/ReactNativeJS(25481): '[UI_PRESS_PROBE]', '{"event":"VOIP_PRESENCE_RETRY_SCHEDULED","timestamp":"2026-08-15T21:00:57.367Z","token_ready":true,"user_ready":true,"show_login":false,"show_voip_tester":false,"selected_call_mode":"pstn_assist","voice_id":"nado-000006","token_summary":"len:30:passke...en_331","reason":"close:1006"}'
08-16 06:00:57.434 I/ReactNativeJS(25481): '[DEEP_LINK_TRACE]', '{"source":"bootstrap_initial_url_3200","outcome":"empty_url"}'
08-16 06:00:57.825 I/ReactNativeJS(25481): '[VoIPPendingIncoming]', '{"event":"REQUEST_START","source":"pending_call_poll","token_summary":"len:30:passke...en_331","user_id":6,"has_pending_call":false,"has_active_call":false}'
08-16 06:00:58.107 I/ReactNativeJS(25481): '[VoIPPendingIncoming]', '{"event":"REQUEST_RESULT","source":"pending_call_poll","token_summary":"len:30:passke...en_331","user_id":6,"status":401,"ok":false}'
08-16 06:00:58.108 I/ReactNativeJS(25481): '[VoIPPendingIncoming] fetch failed', 401
08-16 06:00:59.131 I/ReactNativeJS(25481): '[UI_PRESS_PROBE]', '{"event":"VOIP_PRESENCE_CONNECT_ATTEMPT","timestamp":"2026-08-15T21:00:59.131Z","token_ready":true,"user_ready":true,"show_login":false,"show_voip_tester":false,"selected_call_mode":"pstn_assist","voice_id":"nado-000006","token_summary":"len:30:passke...en_331","reason":"retry:close:1006","api_base":"https://metanova1004.com"}'
08-16 06:00:59.430 I/ReactNativeJS(25481): '[UI_PRESS_PROBE]', '{"event":"VOIP_PRESENCE_ERROR","timestamp":"2026-08-15T21:00:59.430Z","token_ready":true,"user_ready":true,"show_login":false,"show_voip_tester":false,"selected_call_mode":"pstn_assist","voice_id":"nado-000006","token_summary":"len:30:passke...en_331","reason":"retry:close:1006"}'
08-16 06:00:59.430 I/ReactNativeJS(25481): '[UI_PRESS_PROBE]', '{"event":"VOIP_PRESENCE_CLOSED","timestamp":"2026-08-15T21:00:59.430Z","token_ready":true,"user_ready":true,"show_login":false,"show_voip_tester":false,"selected_call_mode":"pstn_assist","voice_id":"nado-000006","token_summary":"len:30:passke...en_331","reason":"retry:close:1006","code":1006}'
08-16 06:00:59.431 I/ReactNativeJS(25481): '[UI_PRESS_PROBE]', '{"event":"VOIP_PRESENCE_RETRY_SCHEDULED","timestamp":"2026-08-15T21:00:59.430Z","token_ready":true,"user_ready":true,"show_login":false,"show_voip_tester":false,"selected_call_mode":"pstn_assist","voice_id":"nado-000006","token_summary":"len:30:passke...en_331","reason":"close:1006"}'
08-16 06:00:59.537 I/ReactNativeJS(25481): '[DEEP_LINK_TRACE]', '{"source":"bootstrap_initial_url_5200","outcome":"empty_url"}'
08-16 06:01:00.406 I/ReactNativeJS(25481): '[VoIPPendingIncoming]', '{"event":"REQUEST_START","source":"pending_call_poll","token_summary":"len:30:passke...en_331","user_id":6,"has_pending_call":false,"has_active_call":false}'
08-16 06:01:00.729 I/ReactNativeJS(25481): '[VoIPPendingIncoming]', '{"event":"REQUEST_RESULT","source":"pending_call_poll","token_summary":"len:30:passke...en_331","user_id":6,"status":401,"ok":false}'
08-16 06:01:00.730 I/ReactNativeJS(25481): '[VoIPPendingIncoming] fetch failed', 401
08-16 06:01:01.177 I/ReactNativeJS(25481): '[UI_PRESS_PROBE]', '{"event":"VOIP_PRESENCE_CONNECT_ATTEMPT","timestamp":"2026-08-15T21:01:01.176Z","token_ready":true,"user_ready":true,"show_login":false,"show_voip_tester":false,"selected_call_mode":"pstn_assist","voice_id":"nado-000006","token_summary":"len:30:passke...en_331","reason":"retry:close:1006","api_base":"https://metanova1004.com"}'
08-16 06:01:01.488 I/ReactNativeJS(25481): '[UI_PRESS_PROBE]', '{"event":"VOIP_PRESENCE_ERROR","timestamp":"2026-08-15T21:01:01.481Z","token_ready":true,"user_ready":true,"show_login":false,"show_voip_tester":false,"selected_call_mode":"pstn_assist","voice_id":"nado-000006","token_summary":"len:30:passke...en_331","reason":"retry:close:1006"}'
08-16 06:01:01.489 I/ReactNativeJS(25481): '[UI_PRESS_PROBE]', '{"event":"VOIP_PRESENCE_CLOSED","timestamp":"2026-08-15T21:01:01.488Z","token_ready":true,"user_ready":true,"show_login":false,"show_voip_tester":false,"selected_call_mode":"pstn_assist","voice_id":"nado-000006","token_summary":"len:30:passke...en_331","reason":"retry:close:1006","code":1006}'
08-16 06:01:01.489 I/ReactNativeJS(25481): '[UI_PRESS_PROBE]', '{"event":"VOIP_PRESENCE_RETRY_SCHEDULED","timestamp":"2026-08-15T21:01:01.489Z","token_ready":true,"user_ready":true,"show_login":false,"show_voip_tester":false,"selected_call_mode":"pstn_assist","voice_id":"nado-000006","token_summary":"len:30:passke...en_331","reason":"close:1006"}'
08-16 06:01:02.902 I/ReactNativeJS(25481): '[VoIPPendingIncoming]', '{"event":"REQUEST_START","source":"pending_call_poll","token_summary":"len:30:passke...en_331","user_id":6,"has_pending_call":false,"has_active_call":false}'
08-16 06:01:03.212 I/ReactNativeJS(25481): '[VoIPPendingIncoming]', '{"event":"REQUEST_RESULT","source":"pending_call_poll","token_summary":"len:30:passke...en_331","user_id":6,"status":401,"ok":false}'
08-16 06:01:03.213 I/ReactNativeJS(25481): '[VoIPPendingIncoming] fetch failed', 401
08-16 06:01:03.243 I/ReactNativeJS(25481): '[UI_PRESS_PROBE]', '{"event":"VOIP_PRESENCE_CONNECT_ATTEMPT","timestamp":"2026-08-15T21:01:03.243Z","token_ready":true,"user_ready":true,"show_login":false,"show_voip_tester":false,"selected_call_mode":"pstn_assist","voice_id":"nado-000006","token_summary":"len:30:passke...en_331","reason":"retry:close:1006","api_base":"https://metanova1004.com"}'
08-16 06:01:03.521 I/ReactNativeJS(25481): '[UI_PRESS_PROBE]', '{"event":"VOIP_PRESENCE_ERROR","timestamp":"2026-08-15T21:01:03.520Z","token_ready":true,"user_ready":true,"show_login":false,"show_voip_tester":false,"selected_call_mode":"pstn_assist","voice_id":"nado-000006","token_summary":"len:30:passke...en_331","reason":"retry:close:1006"}'
08-16 06:01:03.521 I/ReactNativeJS(25481): '[UI_PRESS_PROBE]', '{"event":"VOIP_PRESENCE_CLOSED","timestamp":"2026-08-15T21:01:03.521Z","token_ready":true,"user_ready":true,"show_login":false,"show_voip_tester":false,"selected_call_mode":"pstn_assist","voice_id":"nado-000006","token_summary":"len:30:passke...en_331","reason":"retry:close:1006","code":1006}'
08-16 06:01:03.521 I/ReactNativeJS(25481): '[UI_PRESS_PROBE]', '{"event":"VOIP_PRESENCE_RETRY_SCHEDULED","timestamp":"2026-08-15T21:01:03.521Z","token_ready":true,"user_ready":true,"show_login":false,"show_voip_tester":false,"selected_call_mode":"pstn_assist","voice_id":"nado-000006","token_summary":"len:30:passke...en_331","reason":"close:1006"}'
08-16 06:01:05.344 I/ReactNativeJS(25481): '[UI_PRESS_PROBE]', '{"event":"VOIP_PRESENCE_CONNECT_ATTEMPT","timestamp":"2026-08-15T21:01:05.343Z","token_ready":true,"user_ready":true,"show_login":false,"show_voip_tester":false,"selected_call_mode":"pstn_assist","voice_id":"nado-000006","token_summary":"len:30:passke...en_331","reason":"retry:close:1006","api_base":"https://metanova1004.com"}'
08-16 06:01:05.414 I/ReactNativeJS(25481): '[VoIPPendingIncoming]', '{"event":"REQUEST_START","source":"pending_call_poll","token_summary":"len:30:passke...en_331","user_id":6,"has_pending_call":false,"has_active_call":false}'
08-16 06:01:05.659 I/ReactNativeJS(25481): '[UI_PRESS_PROBE]', '{"event":"VOIP_PRESENCE_ERROR","timestamp":"2026-08-15T21:01:05.659Z","token_ready":true,"user_ready":true,"show_login":false,"show_voip_tester":false,"selected_call_mode":"pstn_assist","voice_id":"nado-000006","token_summary":"len:30:passke...en_331","reason":"retry:close:1006"}'
08-16 06:01:05.660 I/ReactNativeJS(25481): '[UI_PRESS_PROBE]', '{"event":"VOIP_PRESENCE_CLOSED","timestamp":"2026-08-15T21:01:05.660Z","token_ready":true,"user_ready":true,"show_login":false,"show_voip_tester":false,"selected_call_mode":"pstn_assist","voice_id":"nado-000006","token_summary":"len:30:passke...en_331","reason":"retry:close:1006","code":1006}'
08-16 06:01:05.661 I/ReactNativeJS(25481): '[UI_PRESS_PROBE]', '{"event":"VOIP_PRESENCE_RETRY_SCHEDULED","timestamp":"2026-08-15T21:01:05.660Z","token_ready":true,"user_ready":true,"show_login":false,"show_voip_tester":false,"selected_call_mode":"pstn_assist","voice_id":"nado-000006","token_summary":"len:30:passke...en_331","reason":"close:1006"}'
08-16 06:01:05.781 I/ReactNativeJS(25481): '[VoIPPendingIncoming]', '{"event":"REQUEST_RESULT","source":"pending_call_poll","token_summary":"len:30:passke...en_331","user_id":6,"status":401,"ok":false}'
08-16 06:01:05.781 I/ReactNativeJS(25481): '[VoIPPendingIncoming] fetch failed', 401
08-16 06:01:07.387 I/ReactNativeJS(25481): '[UI_PRESS_PROBE]', '{"event":"VOIP_PRESENCE_CONNECT_ATTEMPT","timestamp":"2026-08-15T21:01:07.386Z","token_ready":true,"user_ready":true,"show_login":false,"show_voip_tester":false,"selected_call_mode":"pstn_assist","voice_id":"nado-000006","token_summary":"len:30:passke...en_331","reason":"retry:close:1006","api_base":"https://metanova1004.com"}'
08-16 06:01:07.629 I/ReactNativeJS(25481): '[UI_PRESS_PROBE]', '{"event":"VOIP_PRESENCE_ERROR","timestamp":"2026-08-15T21:01:07.629Z","token_ready":true,"user_ready":true,"show_login":false,"show_voip_tester":false,"selected_call_mode":"pstn_assist","voice_id":"nado-000006","token_summary":"len:30:passke...en_331","reason":"retry:close:1006"}'
08-16 06:01:07.630 I/ReactNativeJS(25481): '[UI_PRESS_PROBE]', '{"event":"VOIP_PRESENCE_CLOSED","timestamp":"2026-08-15T21:01:07.629Z","token_ready":true,"user_ready":true,"show_login":false,"show_voip_tester":false,"selected_call_mode":"pstn_assist","voice_id":"nado-000006","token_summary":"len:30:passke...en_331","reason":"retry:close:1006","code":1006}'
08-16 06:01:07.630 I/ReactNativeJS(25481): '[UI_PRESS_PROBE]', '{"event":"VOIP_PRESENCE_RETRY_SCHEDULED","timestamp":"2026-08-15T21:01:07.630Z","token_ready":true,"user_ready":true,"show_login":false,"show_voip_tester":false,"selected_call_mode":"pstn_assist","voice_id":"nado-000006","token_summary":"len:30:passke...en_331","reason":"close:1006"}'
08-16 06:01:07.894 I/ReactNativeJS(25481): '[VoIPPendingIncoming]', '{"event":"REQUEST_START","source":"pending_call_poll","token_summary":"len:30:passke...en_331","user_id":6,"has_pending_call":false,"has_active_call":false}'
08-16 06:01:08.182 I/ReactNativeJS(25481): '[VoIPPendingIncoming]', '{"event":"REQUEST_RESULT","source":"pending_call_poll","token_summary":"len:30:passke...en_331","user_id":6,"status":401,"ok":false}'
08-16 06:01:08.183 I/ReactNativeJS(25481): '[VoIPPendingIncoming] fetch failed', 401
08-16 06:01:09.363 I/ReactNativeJS(25481): '[UI_PRESS_PROBE]', '{"event":"VOIP_PRESENCE_CONNECT_ATTEMPT","timestamp":"2026-08-15T21:01:09.362Z","token_ready":true,"user_ready":true,"show_login":false,"show_voip_tester":false,"selected_call_mode":"pstn_assist","voice_id":"nado-000006","token_summary":"len:30:passke...en_331","reason":"retry:close:1006","api_base":"https://metanova1004.com"}'
08-16 06:01:09.623 I/ReactNativeJS(25481): '[UI_PRESS_PROBE]', '{"event":"VOIP_PRESENCE_ERROR","timestamp":"2026-08-15T21:01:09.622Z","token_ready":true,"user_ready":true,"show_login":false,"show_voip_tester":false,"selected_call_mode":"pstn_assist","voice_id":"nado-000006","token_summary":"len:30:passke...en_331","reason":"retry:close:1006"}'
08-16 06:01:09.623 I/ReactNativeJS(25481): '[UI_PRESS_PROBE]', '{"event":"VOIP_PRESENCE_CLOSED","timestamp":"2026-08-15T21:01:09.623Z","token_ready":true,"user_ready":true,"show_login":false,"show_voip_tester":false,"selected_call_mode":"pstn_assist","voice_id":"nado-000006","token_summary":"len:30:passke...en_331","reason":"retry:close:1006","code":1006}'
08-16 06:01:09.623 I/ReactNativeJS(25481): '[UI_PRESS_PROBE]', '{"event":"VOIP_PRESENCE_RETRY_SCHEDULED","timestamp":"2026-08-15T21:01:09.623Z","token_ready":true,"user_ready":true,"show_login":false,"show_voip_tester":false,"selected_call_mode":"pstn_assist","voice_id":"nado-000006","token_summary":"len:30:passke...en_331","reason":"close:1006"}'
08-16 06:01:10.421 I/ReactNativeJS(25481): '[VoIPPendingIncoming]', '{"event":"REQUEST_START","source":"pending_call_poll","token_summary":"len:30:passke...en_331","user_id":6,"has_pending_call":false,"has_active_call":false}'
08-16 06:01:10.705 I/ReactNativeJS(25481): '[VoIPPendingIncoming]', '{"event":"REQUEST_RESULT","source":"pending_call_poll","token_summary":"len:30:passke...en_331","user_id":6,"status":401,"ok":false}'
08-16 06:01:10.705 I/ReactNativeJS(25481): '[VoIPPendingIncoming] fetch failed', 401
08-16 06:01:11.364 I/ReactNativeJS(25481): '[UI_PRESS_PROBE]', '{"event":"VOIP_PRESENCE_CONNECT_ATTEMPT","timestamp":"2026-08-15T21:01:11.364Z","token_ready":true,"user_ready":true,"show_login":false,"show_voip_tester":false,"selected_call_mode":"pstn_assist","voice_id":"nado-000006","token_summary":"len:30:passke...en_331","reason":"retry:close:1006","api_base":"https://metanova1004.com"}'
08-16 06:01:11.609 I/ReactNativeJS(25481): '[UI_PRESS_PROBE]', '{"event":"VOIP_PRESENCE_ERROR","timestamp":"2026-08-15T21:01:11.608Z","token_ready":true,"user_ready":true,"show_login":false,"show_voip_tester":false,"selected_call_mode":"pstn_assist","voice_id":"nado-000006","token_summary":"len:30:passke...en_331","reason":"retry:close:1006"}'
08-16 06:01:11.609 I/ReactNativeJS(25481): '[UI_PRESS_PROBE]', '{"event":"VOIP_PRESENCE_CLOSED","timestamp":"2026-08-15T21:01:11.609Z","token_ready":true,"user_ready":true,"show_login":false,"show_voip_tester":false,"selected_call_mode":"pstn_assist","voice_id":"nado-000006","token_summary":"len:30:passke...en_331","reason":"retry:close:1006","code":1006}'
08-16 06:01:11.609 I/ReactNativeJS(25481): '[UI_PRESS_PROBE]', '{"event":"VOIP_PRESENCE_RETRY_SCHEDULED","timestamp":"2026-08-15T21:01:11.609Z","token_ready":true,"user_ready":true,"show_login":false,"show_voip_tester":false,"selected_call_mode":"pstn_assist","voice_id":"nado-000006","token_summary":"len:30:passke...en_331","reason":"close:1006"}'
08-16 06:01:12.931 I/ReactNativeJS(25481): '[VoIPPendingIncoming]', '{"event":"REQUEST_START","source":"pending_call_poll","token_summary":"len:30:passke...en_331","user_id":6,"has_pending_call":false,"has_active_call":false}'
08-16 06:01:13.230 I/ReactNativeJS(25481): '[VoIPPendingIncoming]', '{"event":"REQUEST_RESULT","source":"pending_call_poll","token_summary":"len:30:passke...en_331","user_id":6,"status":401,"ok":false}'
08-16 06:01:13.230 I/ReactNativeJS(25481): '[VoIPPendingIncoming] fetch failed', 401
08-16 06:01:13.332 I/ReactNativeJS(25481): '[UI_PRESS_PROBE]', '{"event":"VOIP_PRESENCE_CONNECT_ATTEMPT","timestamp":"2026-08-15T21:01:13.332Z","token_ready":true,"user_ready":true,"show_login":false,"show_voip_tester":false,"selected_call_mode":"pstn_assist","voice_id":"nado-000006","token_summary":"len:30:passke...en_331","reason":"retry:close:1006","api_base":"https://metanova1004.com"}'
08-16 06:01:13.583 I/ReactNativeJS(25481): '[UI_PRESS_PROBE]', '{"event":"VOIP_PRESENCE_ERROR","timestamp":"2026-08-15T21:01:13.583Z","token_ready":true,"user_ready":true,"show_login":false,"show_voip_tester":false,"selected_call_mode":"pstn_assist","voice_id":"nado-000006","token_summary":"len:30:passke...en_331","reason":"retry:close:1006"}'
08-16 06:01:13.584 I/ReactNativeJS(25481): '[UI_PRESS_PROBE]', '{"event":"VOIP_PRESENCE_CLOSED","timestamp":"2026-08-15T21:01:13.584Z","token_ready":true,"user_ready":true,"show_login":false,"show_voip_tester":false,"selected_call_mode":"pstn_assist","voice_id":"nado-000006","token_summary":"len:30:passke...en_331","reason":"retry:close:1006","code":1006}'
08-16 06:01:13.584 I/ReactNativeJS(25481): '[UI_PRESS_PROBE]', '{"event":"VOIP_PRESENCE_RETRY_SCHEDULED","timestamp":"2026-08-15T21:01:13.584Z","token_ready":true,"user_ready":true,"show_login":false,"show_voip_tester":false,"selected_call_mode":"pstn_assist","voice_id":"nado-000006","token_summary":"len:30:passke...en_331","reason":"close:1006"}'
08-16 06:01:15.346 I/ReactNativeJS(25481): '[UI_PRESS_PROBE]', '{"event":"VOIP_PRESENCE_CONNECT_ATTEMPT","timestamp":"2026-08-15T21:01:15.346Z","token_ready":true,"user_ready":true,"show_login":false,"show_voip_tester":false,"selected_call_mode":"pstn_assist","voice_id":"nado-000006","token_summary":"len:30:passke...en_331","reason":"retry:close:1006","api_base":"https://metanova1004.com"}'
08-16 06:01:15.480 I/ReactNativeJS(25481): '[VoIPPendingIncoming]', '{"event":"REQUEST_START","source":"pending_call_poll","token_summary":"len:30:passke...en_331","user_id":6,"has_pending_call":false,"has_active_call":false}'
08-16 06:01:15.619 I/ReactNativeJS(25481): '[UI_PRESS_PROBE]', '{"event":"VOIP_PRESENCE_ERROR","timestamp":"2026-08-15T21:01:15.618Z","token_ready":true,"user_ready":true,"show_login":false,"show_voip_tester":false,"selected_call_mode":"pstn_assist","voice_id":"nado-000006","token_summary":"len:30:passke...en_331","reason":"retry:close:1006"}'
08-16 06:01:15.619 I/ReactNativeJS(25481): '[UI_PRESS_PROBE]', '{"event":"VOIP_PRESENCE_CLOSED","timestamp":"2026-08-15T21:01:15.619Z","token_ready":true,"user_ready":true,"show_login":false,"show_voip_tester":false,"selected_call_mode":"pstn_assist","voice_id":"nado-000006","token_summary":"len:30:passke...en_331","reason":"retry:close:1006","code":1006}'
08-16 06:01:15.620 I/ReactNativeJS(25481): '[UI_PRESS_PROBE]', '{"event":"VOIP_PRESENCE_RETRY_SCHEDULED","timestamp":"2026-08-15T21:01:15.619Z","token_ready":true,"user_ready":true,"show_login":false,"show_voip_tester":false,"selected_call_mode":"pstn_assist","voice_id":"nado-000006","token_summary":"len:30:passke...en_331","reason":"close:1006"}'
08-16 06:01:15.738 I/ReactNativeJS(25481): '[VoIPPendingIncoming]', '{"event":"REQUEST_RESULT","source":"pending_call_poll","token_summary":"len:30:passke...en_331","user_id":6,"status":401,"ok":false}'
08-16 06:01:15.738 I/ReactNativeJS(25481): '[VoIPPendingIncoming] fetch failed', 401
08-16 06:01:17.353 I/ReactNativeJS(25481): '[UI_PRESS_PROBE]', '{"event":"VOIP_PRESENCE_CONNECT_ATTEMPT","timestamp":"2026-08-15T21:01:17.352Z","token_ready":true,"user_ready":true,"show_login":false,"show_voip_tester":false,"selected_call_mode":"pstn_assist","voice_id":"nado-000006","token_summary":"len:30:passke...en_331","reason":"retry:close:1006","api_base":"https://metanova1004.com"}'
08-16 06:01:17.597 I/ReactNativeJS(25481): '[UI_PRESS_PROBE]', '{"event":"VOIP_PRESENCE_ERROR","timestamp":"2026-08-15T21:01:17.596Z","token_ready":true,"user_ready":true,"show_login":false,"show_voip_tester":false,"selected_call_mode":"pstn_assist","voice_id":"nado-000006","token_summary":"len:30:passke...en_331","reason":"retry:close:1006"}'
08-16 06:01:17.597 I/ReactNativeJS(25481): '[UI_PRESS_PROBE]', '{"event":"VOIP_PRESENCE_CLOSED","timestamp":"2026-08-15T21:01:17.597Z","token_ready":true,"user_ready":true,"show_login":false,"show_voip_tester":false,"selected_call_mode":"pstn_assist","voice_id":"nado-000006","token_summary":"len:30:passke...en_331","reason":"retry:close:1006","code":1006}'
08-16 06:01:17.597 I/ReactNativeJS(25481): '[UI_PRESS_PROBE]', '{"event":"VOIP_PRESENCE_RETRY_SCHEDULED","timestamp":"2026-08-15T21:01:17.597Z","token_ready":true,"user_ready":true,"show_login":false,"show_voip_tester":false,"selected_call_mode":"pstn_assist","voice_id":"nado-000006","token_summary":"len:30:passke...en_331","reason":"close:1006"}'
08-16 06:01:17.937 I/ReactNativeJS(25481): '[VoIPPendingIncoming]', '{"event":"REQUEST_START","source":"pending_call_poll","token_summary":"len:30:passke...en_331","user_id":6,"has_pending_call":false,"has_active_call":false}'
08-16 06:01:18.267 I/ReactNativeJS(25481): '[VoIPPendingIncoming]', '{"event":"REQUEST_RESULT","source":"pending_call_poll","token_summary":"len:30:passke...en_331","user_id":6,"status":401,"ok":false}'
08-16 06:01:18.267 I/ReactNativeJS(25481): '[VoIPPendingIncoming] fetch failed', 401
08-16 06:01:19.335 I/ReactNativeJS(25481): '[UI_PRESS_PROBE]', '{"event":"VOIP_PRESENCE_CONNECT_ATTEMPT","timestamp":"2026-08-15T21:01:19.335Z","token_ready":true,"user_ready":true,"show_login":false,"show_voip_tester":false,"selected_call_mode":"pstn_assist","voice_id":"nado-000006","token_summary":"len:30:passke...en_331","reason":"retry:close:1006","api_base":"https://metanova1004.com"}'
08-16 06:01:19.581 I/ReactNativeJS(25481): '[UI_PRESS_PROBE]', '{"event":"VOIP_PRESENCE_ERROR","timestamp":"2026-08-15T21:01:19.581Z","token_ready":true,"user_ready":true,"show_login":false,"show_voip_tester":false,"selected_call_mode":"pstn_assist","voice_id":"nado-000006","token_summary":"len:30:passke...en_331","reason":"retry:close:1006"}'
08-16 06:01:19.581 I/ReactNativeJS(25481): '[UI_PRESS_PROBE]', '{"event":"VOIP_PRESENCE_CLOSED","timestamp":"2026-08-15T21:01:19.581Z","token_ready":true,"user_ready":true,"show_login":false,"show_voip_tester":false,"selected_call_mode":"pstn_assist","voice_id":"nado-000006","token_summary":"len:30:passke...en_331","reason":"retry:close:1006","code":1006}'
08-16 06:01:19.581 I/ReactNativeJS(25481): '[UI_PRESS_PROBE]', '{"event":"VOIP_PRESENCE_RETRY_SCHEDULED","timestamp":"2026-08-15T21:01:19.581Z","token_ready":true,"user_ready":true,"show_login":false,"show_voip_tester":false,"selected_call_mode":"pstn_assist","voice_id":"nado-000006","token_summary":"len:30:passke...en_331","reason":"close:1006"}'
08-16 06:01:20.466 I/ReactNativeJS(25481): '[VoIPPendingIncoming]', '{"event":"REQUEST_START","source":"pending_call_poll","token_summary":"len:30:passke...en_331","user_id":6,"has_pending_call":false,"has_active_call":false}'
08-16 06:01:20.766 I/ReactNativeJS(25481): '[VoIPPendingIncoming]', '{"event":"REQUEST_RESULT","source":"pending_call_poll","token_summary":"len:30:passke...en_331","user_id":6,"status":401,"ok":false}'
08-16 06:01:20.767 I/ReactNativeJS(25481): '[VoIPPendingIncoming] fetch failed', 401
08-16 06:01:21.377 I/ReactNativeJS(25481): '[UI_PRESS_PROBE]', '{"event":"VOIP_PRESENCE_CONNECT_ATTEMPT","timestamp":"2026-08-15T21:01:21.377Z","token_ready":true,"user_ready":true,"show_login":false,"show_voip_tester":false,"selected_call_mode":"pstn_assist","voice_id":"nado-000006","token_summary":"len:30:passke...en_331","reason":"retry:close:1006","api_base":"https://metanova1004.com"}'
08-16 06:01:21.675 I/ReactNativeJS(25481): '[UI_PRESS_PROBE]', '{"event":"VOIP_PRESENCE_ERROR","timestamp":"2026-08-15T21:01:21.674Z","token_ready":true,"user_ready":true,"show_login":false,"show_voip_tester":false,"selected_call_mode":"pstn_assist","voice_id":"nado-000006","token_summary":"len:30:passke...en_331","reason":"retry:close:1006"}'
08-16 06:01:21.675 I/ReactNativeJS(25481): '[UI_PRESS_PROBE]', '{"event":"VOIP_PRESENCE_CLOSED","timestamp":"2026-08-15T21:01:21.675Z","token_ready":true,"user_ready":true,"show_login":false,"show_voip_tester":false,"selected_call_mode":"pstn_assist","voice_id":"nado-000006","token_summary":"len:30:passke...en_331","reason":"retry:close:1006","code":1006}'
08-16 06:01:21.676 I/ReactNativeJS(25481): '[UI_PRESS_PROBE]', '{"event":"VOIP_PRESENCE_RETRY_SCHEDULED","timestamp":"2026-08-15T21:01:21.675Z","token_ready":true,"user_ready":true,"show_login":false,"show_voip_tester":false,"selected_call_mode":"pstn_assist","voice_id":"nado-000006","token_summary":"len:30:passke...en_331","reason":"close:1006"}'
08-16 06:01:22.999 I/ReactNativeJS(25481): '[VoIPPendingIncoming]', '{"event":"REQUEST_START","source":"pending_call_poll","token_summary":"len:30:passke...en_331","user_id":6,"has_pending_call":false,"has_active_call":false}'
08-16 06:01:23.284 I/ReactNativeJS(25481): '[VoIPPendingIncoming]', '{"event":"REQUEST_RESULT","source":"pending_call_poll","token_summary":"len:30:passke...en_331","user_id":6,"status":401,"ok":false}'
08-16 06:01:23.285 I/ReactNativeJS(25481): '[VoIPPendingIncoming] fetch failed', 401
08-16 06:01:23.416 I/ReactNativeJS(25481): '[UI_PRESS_PROBE]', '{"event":"VOIP_PRESENCE_CONNECT_ATTEMPT","timestamp":"2026-08-15T21:01:23.416Z","token_ready":true,"user_ready":true,"show_login":false,"show_voip_tester":false,"selected_call_mode":"pstn_assist","voice_id":"nado-000006","token_summary":"len:30:passke...en_331","reason":"retry:close:1006","api_base":"https://metanova1004.com"}'
08-16 06:01:23.662 I/ReactNativeJS(25481): '[UI_PRESS_PROBE]', '{"event":"VOIP_PRESENCE_ERROR","timestamp":"2026-08-15T21:01:23.662Z","token_ready":true,"user_ready":true,"show_login":false,"show_voip_tester":false,"selected_call_mode":"pstn_assist","voice_id":"nado-000006","token_summary":"len:30:passke...en_331","reason":"retry:close:1006"}'
08-16 06:01:23.663 I/ReactNativeJS(25481): '[UI_PRESS_PROBE]', '{"event":"VOIP_PRESENCE_CLOSED","timestamp":"2026-08-15T21:01:23.663Z","token_ready":true,"user_ready":true,"show_login":false,"show_voip_tester":false,"selected_call_mode":"pstn_assist","voice_id":"nado-000006","token_summary":"len:30:passke...en_331","reason":"retry:close:1006","code":1006}'
08-16 06:01:23.663 I/ReactNativeJS(25481): '[UI_PRESS_PROBE]', '{"event":"VOIP_PRESENCE_RETRY_SCHEDULED","timestamp":"2026-08-15T21:01:23.663Z","token_ready":true,"user_ready":true,"show_login":false,"show_voip_tester":false,"selected_call_mode":"pstn_assist","voice_id":"nado-000006","token_summary":"len:30:passke...en_331","reason":"close:1006"}'
08-16 06:01:25.409 I/ReactNativeJS(25481): '[UI_PRESS_PROBE]', '{"event":"VOIP_PRESENCE_CONNECT_ATTEMPT","timestamp":"2026-08-15T21:01:25.409Z","token_ready":true,"user_ready":true,"show_login":false,"show_voip_tester":false,"selected_call_mode":"pstn_assist","voice_id":"nado-000006","token_summary":"len:30:passke...en_331","reason":"retry:close:1006","api_base":"https://metanova1004.com"}'
08-16 06:01:25.504 I/ReactNativeJS(25481): '[VoIPPendingIncoming]', '{"event":"REQUEST_START","source":"pending_call_poll","token_summary":"len:30:passke...en_331","user_id":6,"has_pending_call":false,"has_active_call":false}'
08-16 06:01:25.706 I/ReactNativeJS(25481): '[UI_PRESS_PROBE]', '{"event":"VOIP_PRESENCE_ERROR","timestamp":"2026-08-15T21:01:25.706Z","token_ready":true,"user_ready":true,"show_login":false,"show_voip_tester":false,"selected_call_mode":"pstn_assist","voice_id":"nado-000006","token_summary":"len:30:passke...en_331","reason":"retry:close:1006"}'
08-16 06:01:25.707 I/ReactNativeJS(25481): '[UI_PRESS_PROBE]', '{"event":"VOIP_PRESENCE_CLOSED","timestamp":"2026-08-15T21:01:25.706Z","token_ready":true,"user_ready":true,"show_login":false,"show_voip_tester":false,"selected_call_mode":"pstn_assist","voice_id":"nado-000006","token_summary":"len:30:passke...en_331","reason":"retry:close:1006","code":1006}'
08-16 06:01:25.707 I/ReactNativeJS(25481): '[UI_PRESS_PROBE]', '{"event":"VOIP_PRESENCE_RETRY_SCHEDULED","timestamp":"2026-08-15T21:01:25.707Z","token_ready":true,"user_ready":true,"show_login":false,"show_voip_tester":false,"selected_call_mode":"pstn_assist","voice_id":"nado-000006","token_summary":"len:30:passke...en_331","reason":"close:1006"}'
08-16 06:01:25.829 I/ReactNativeJS(25481): '[VoIPPendingIncoming]', '{"event":"REQUEST_RESULT","source":"pending_call_poll","token_summary":"len:30:passke...en_331","user_id":6,"status":401,"ok":false}'
08-16 06:01:25.829 I/ReactNativeJS(25481): '[VoIPPendingIncoming] fetch failed', 401
08-16 06:01:27.491 I/ReactNativeJS(25481): '[UI_PRESS_PROBE]', '{"event":"VOIP_PRESENCE_CONNECT_ATTEMPT","timestamp":"2026-08-15T21:01:27.490Z","token_ready":true,"user_ready":true,"show_login":false,"show_voip_tester":false,"selected_call_mode":"pstn_assist","voice_id":"nado-000006","token_summary":"len:30:passke...en_331","reason":"retry:close:1006","api_base":"https://metanova1004.com"}'
08-16 06:01:27.787 I/ReactNativeJS(25481): '[UI_PRESS_PROBE]', '{"event":"VOIP_PRESENCE_ERROR","timestamp":"2026-08-15T21:01:27.787Z","token_ready":true,"user_ready":true,"show_login":false,"show_voip_tester":false,"selected_call_mode":"pstn_assist","voice_id":"nado-000006","token_summary":"len:30:passke...en_331","reason":"retry:close:1006"}'
08-16 06:01:27.788 I/ReactNativeJS(25481): '[UI_PRESS_PROBE]', '{"event":"VOIP_PRESENCE_CLOSED","timestamp":"2026-08-15T21:01:27.788Z","token_ready":true,"user_ready":true,"show_login":false,"show_voip_tester":false,"selected_call_mode":"pstn_assist","voice_id":"nado-000006","token_summary":"len:30:passke...en_331","reason":"retry:close:1006","code":1006}'
08-16 06:01:27.788 I/ReactNativeJS(25481): '[UI_PRESS_PROBE]', '{"event":"VOIP_PRESENCE_RETRY_SCHEDULED","timestamp":"2026-08-15T21:01:27.788Z","token_ready":true,"user_ready":true,"show_login":false,"show_voip_tester":false,"selected_call_mode":"pstn_assist","voice_id":"nado-000006","token_summary":"len:30:passke...en_331","reason":"close:1006"}'
08-16 06:01:28.073 I/ReactNativeJS(25481): '[VoIPPendingIncoming]', '{"event":"REQUEST_START","source":"pending_call_poll","token_summary":"len:30:passke...en_331","user_id":6,"has_pending_call":false,"has_active_call":false}'
08-16 06:01:28.357 I/ReactNativeJS(25481): '[VoIPPendingIncoming]', '{"event":"REQUEST_RESULT","source":"pending_call_poll","token_summary":"len:30:passke...en_331","user_id":6,"status":401,"ok":false}'
08-16 06:01:28.357 I/ReactNativeJS(25481): '[VoIPPendingIncoming] fetch failed', 401
08-16 06:01:29.524 I/ReactNativeJS(25481): '[UI_PRESS_PROBE]', '{"event":"VOIP_PRESENCE_CONNECT_ATTEMPT","timestamp":"2026-08-15T21:01:29.524Z","token_ready":true,"user_ready":true,"show_login":false,"show_voip_tester":false,"selected_call_mode":"pstn_assist","voice_id":"nado-000006","token_summary":"len:30:passke...en_331","reason":"retry:close:1006","api_base":"https://metanova1004.com"}'
08-16 06:01:29.780 I/ReactNativeJS(25481): '[UI_PRESS_PROBE]', '{"event":"VOIP_PRESENCE_ERROR","timestamp":"2026-08-15T21:01:29.780Z","token_ready":true,"user_ready":true,"show_login":false,"show_voip_tester":false,"selected_call_mode":"pstn_assist","voice_id":"nado-000006","token_summary":"len:30:passke...en_331","reason":"retry:close:1006"}'
08-16 06:01:29.780 I/ReactNativeJS(25481): '[UI_PRESS_PROBE]', '{"event":"VOIP_PRESENCE_CLOSED","timestamp":"2026-08-15T21:01:29.780Z","token_ready":true,"user_ready":true,"show_login":false,"show_voip_tester":false,"selected_call_mode":"pstn_assist","voice_id":"nado-000006","token_summary":"len:30:passke...en_331","reason":"retry:close:1006","code":1006}'
08-16 06:01:29.781 I/ReactNativeJS(25481): '[UI_PRESS_PROBE]', '{"event":"VOIP_PRESENCE_RETRY_SCHEDULED","timestamp":"2026-08-15T21:01:29.780Z","token_ready":true,"user_ready":true,"show_login":false,"show_voip_tester":false,"selected_call_mode":"pstn_assist","voice_id":"nado-000006","token_summary":"len:30:passke...en_331","reason":"close:1006"}'
08-16 06:01:30.540 I/ReactNativeJS(25481): '[VoIPPendingIncoming]', '{"event":"REQUEST_START","source":"pending_call_poll","token_summary":"len:30:passke...en_331","user_id":6,"has_pending_call":false,"has_active_call":false}'
08-16 06:01:30.849 I/ReactNativeJS(25481): '[VoIPPendingIncoming]', '{"event":"REQUEST_RESULT","source":"pending_call_poll","token_summary":"len:30:passke...en_331","user_id":6,"status":401,"ok":false}'
08-16 06:01:30.849 I/ReactNativeJS(25481): '[VoIPPendingIncoming] fetch failed', 401
08-16 06:01:31.553 I/ReactNativeJS(25481): '[UI_PRESS_PROBE]', '{"event":"VOIP_PRESENCE_CONNECT_ATTEMPT","timestamp":"2026-08-15T21:01:31.553Z","token_ready":true,"user_ready":true,"show_login":false,"show_voip_tester":false,"selected_call_mode":"pstn_assist","voice_id":"nado-000006","token_summary":"len:30:passke...en_331","reason":"retry:close:1006","api_base":"https://metanova1004.com"}'
08-16 06:01:31.854 I/ReactNativeJS(25481): '[UI_PRESS_PROBE]', '{"event":"VOIP_PRESENCE_ERROR","timestamp":"2026-08-15T21:01:31.853Z","token_ready":true,"user_ready":true,"show_login":false,"show_voip_tester":false,"selected_call_mode":"pstn_assist","voice_id":"nado-000006","token_summary":"len:30:passke...en_331","reason":"retry:close:1006"}'
08-16 06:01:31.854 I/ReactNativeJS(25481): '[UI_PRESS_PROBE]', '{"event":"VOIP_PRESENCE_CLOSED","timestamp":"2026-08-15T21:01:31.854Z","token_ready":true,"user_ready":true,"show_login":false,"show_voip_tester":false,"selected_call_mode":"pstn_assist","voice_id":"nado-000006","token_summary":"len:30:passke...en_331","reason":"retry:close:1006","code":1006}'
08-16 06:01:31.855 I/ReactNativeJS(25481): '[UI_PRESS_PROBE]', '{"event":"VOIP_PRESENCE_RETRY_SCHEDULED","timestamp":"2026-08-15T21:01:31.854Z","token_ready":true,"user_ready":true,"show_login":false,"show_voip_tester":false,"selected_call_mode":"pstn_assist","voice_id":"nado-000006","token_summary":"len:30:passke...en_331","reason":"close:1006"}'
08-16 06:01:33.039 I/ReactNativeJS(25481): '[VoIPPendingIncoming]', '{"event":"REQUEST_START","source":"pending_call_poll","token_summary":"len:30:passke...en_331","user_id":6,"has_pending_call":false,"has_active_call":false}'
08-16 06:01:33.336 I/ReactNativeJS(25481): '[VoIPPendingIncoming]', '{"event":"REQUEST_RESULT","source":"pending_call_poll","token_summary":"len:30:passke...en_331","user_id":6,"status":401,"ok":false}'
08-16 06:01:33.337 I/ReactNativeJS(25481): '[VoIPPendingIncoming] fetch failed', 401
08-16 06:01:33.622 I/ReactNativeJS(25481): '[UI_PRESS_PROBE]', '{"event":"VOIP_PRESENCE_CONNECT_ATTEMPT","timestamp":"2026-08-15T21:01:33.622Z","token_ready":true,"user_ready":true,"show_login":false,"show_voip_tester":false,"selected_call_mode":"pstn_assist","voice_id":"nado-000006","token_summary":"len:30:passke...en_331","reason":"retry:close:1006","api_base":"https://metanova1004.com"}'
08-16 06:01:33.878 I/ReactNativeJS(25481): '[UI_PRESS_PROBE]', '{"event":"VOIP_PRESENCE_ERROR","timestamp":"2026-08-15T21:01:33.877Z","token_ready":true,"user_ready":true,"show_login":false,"show_voip_tester":false,"selected_call_mode":"pstn_assist","voice_id":"nado-000006","token_summary":"len:30:passke...en_331","reason":"retry:close:1006"}'
08-16 06:01:33.878 I/ReactNativeJS(25481): '[UI_PRESS_PROBE]', '{"event":"VOIP_PRESENCE_CLOSED","timestamp":"2026-08-15T21:01:33.878Z","token_ready":true,"user_ready":true,"show_login":false,"show_voip_tester":false,"selected_call_mode":"pstn_assist","voice_id":"nado-000006","token_summary":"len:30:passke...en_331","reason":"retry:close:1006","code":1006}'
08-16 06:01:33.878 I/ReactNativeJS(25481): '[UI_PRESS_PROBE]', '{"event":"VOIP_PRESENCE_RETRY_SCHEDULED","timestamp":"2026-08-15T21:01:33.878Z","token_ready":true,"user_ready":true,"show_login":false,"show_voip_tester":false,"selected_call_mode":"pstn_assist","voice_id":"nado-000006","token_summary":"len:30:passke...en_331","reason":"close:1006"}'
08-16 06:01:35.545 I/ReactNativeJS(25481): '[VoIPPendingIncoming]', '{"event":"REQUEST_START","source":"pending_call_poll","token_summary":"len:30:passke...en_331","user_id":6,"has_pending_call":false,"has_active_call":false}'
08-16 06:01:35.628 I/ReactNativeJS(25481): '[UI_PRESS_PROBE]', '{"event":"VOIP_PRESENCE_CONNECT_ATTEMPT","timestamp":"2026-08-15T21:01:35.628Z","token_ready":true,"user_ready":true,"show_login":false,"show_voip_tester":false,"selected_call_mode":"pstn_assist","voice_id":"nado-000006","token_summary":"len:30:passke...en_331","reason":"retry:close:1006","api_base":"https://metanova1004.com"}'
08-16 06:01:35.828 I/ReactNativeJS(25481): '[VoIPPendingIncoming]', '{"event":"REQUEST_RESULT","source":"pending_call_poll","token_summary":"len:30:passke...en_331","user_id":6,"status":401,"ok":false}'
08-16 06:01:35.828 I/ReactNativeJS(25481): '[VoIPPendingIncoming] fetch failed', 401
08-16 06:01:35.883 I/ReactNativeJS(25481): '[UI_PRESS_PROBE]', '{"event":"VOIP_PRESENCE_ERROR","timestamp":"2026-08-15T21:01:35.882Z","token_ready":true,"user_ready":true,"show_login":false,"show_voip_tester":false,"selected_call_mode":"pstn_assist","voice_id":"nado-000006","token_summary":"len:30:passke...en_331","reason":"retry:close:1006"}'
08-16 06:01:35.883 I/ReactNativeJS(25481): '[UI_PRESS_PROBE]', '{"event":"VOIP_PRESENCE_CLOSED","timestamp":"2026-08-15T21:01:35.883Z","token_ready":true,"user_ready":true,"show_login":false,"show_voip_tester":false,"selected_call_mode":"pstn_assist","voice_id":"nado-000006","token_summary":"len:30:passke...en_331","reason":"retry:close:1006","code":1006}'
08-16 06:01:35.883 I/ReactNativeJS(25481): '[UI_PRESS_PROBE]', '{"event":"VOIP_PRESENCE_RETRY_SCHEDULED","timestamp":"2026-08-15T21:01:35.883Z","token_ready":true,"user_ready":true,"show_login":false,"show_voip_tester":false,"selected_call_mode":"pstn_assist","voice_id":"nado-000006","token_summary":"len:30:passke...en_331","reason":"close:1006"}'
08-16 06:01:37.643 I/ReactNativeJS(25481): '[UI_PRESS_PROBE]', '{"event":"VOIP_PRESENCE_CONNECT_ATTEMPT","timestamp":"2026-08-15T21:01:37.642Z","token_ready":true,"user_ready":true,"show_login":false,"show_voip_tester":false,"selected_call_mode":"pstn_assist","voice_id":"nado-000006","token_summary":"len:30:passke...en_331","reason":"retry:close:1006","api_base":"https://metanova1004.com"}'
08-16 06:01:37.909 I/ReactNativeJS(25481): '[UI_PRESS_PROBE]', '{"event":"VOIP_PRESENCE_ERROR","timestamp":"2026-08-15T21:01:37.908Z","token_ready":true,"user_ready":true,"show_login":false,"show_voip_tester":false,"selected_call_mode":"pstn_assist","voice_id":"nado-000006","token_summary":"len:30:passke...en_331","reason":"retry:close:1006"}'
08-16 06:01:37.909 I/ReactNativeJS(25481): '[UI_PRESS_PROBE]', '{"event":"VOIP_PRESENCE_CLOSED","timestamp":"2026-08-15T21:01:37.909Z","token_ready":true,"user_ready":true,"show_login":false,"show_voip_tester":false,"selected_call_mode":"pstn_assist","voice_id":"nado-000006","token_summary":"len:30:passke...en_331","reason":"retry:close:1006","code":1006}'
08-16 06:01:37.909 I/ReactNativeJS(25481): '[UI_PRESS_PROBE]', '{"event":"VOIP_PRESENCE_RETRY_SCHEDULED","timestamp":"2026-08-15T21:01:37.909Z","token_ready":true,"user_ready":true,"show_login":false,"show_voip_tester":false,"selected_call_mode":"pstn_assist","voice_id":"nado-000006","token_summary":"len:30:passke...en_331","reason":"close:1006"}'
08-16 06:01:38.071 I/ReactNativeJS(25481): '[VoIPPendingIncoming]', '{"event":"REQUEST_START","source":"pending_call_poll","token_summary":"len:30:passke...en_331","user_id":6,"has_pending_call":false,"has_active_call":false}'
08-16 06:01:38.361 I/ReactNativeJS(25481): '[VoIPPendingIncoming]', '{"event":"REQUEST_RESULT","source":"pending_call_poll","token_summary":"len:30:passke...en_331","user_id":6,"status":401,"ok":false}'
08-16 06:01:38.361 I/ReactNativeJS(25481): '[VoIPPendingIncoming] fetch failed', 401
08-16 06:01:39.689 I/ReactNativeJS(25481): '[UI_PRESS_PROBE]', '{"event":"VOIP_PRESENCE_CONNECT_ATTEMPT","timestamp":"2026-08-15T21:01:39.689Z","token_ready":true,"user_ready":true,"show_login":false,"show_voip_tester":false,"selected_call_mode":"pstn_assist","voice_id":"nado-000006","token_summary":"len:30:passke...en_331","reason":"retry:close:1006","api_base":"https://metanova1004.com"}'
08-16 06:01:39.980 I/ReactNativeJS(25481): '[UI_PRESS_PROBE]', '{"event":"VOIP_PRESENCE_ERROR","timestamp":"2026-08-15T21:01:39.980Z","token_ready":true,"user_ready":true,"show_login":false,"show_voip_tester":false,"selected_call_mode":"pstn_assist","voice_id":"nado-000006","token_summary":"len:30:passke...en_331","reason":"retry:close:1006"}'
08-16 06:01:39.980 I/ReactNativeJS(25481): '[UI_PRESS_PROBE]', '{"event":"VOIP_PRESENCE_CLOSED","timestamp":"2026-08-15T21:01:39.980Z","token_ready":true,"user_ready":true,"show_login":false,"show_voip_tester":false,"selected_call_mode":"pstn_assist","voice_id":"nado-000006","token_summary":"len:30:passke...en_331","reason":"retry:close:1006","code":1006}'
08-16 06:01:39.981 I/ReactNativeJS(25481): '[UI_PRESS_PROBE]', '{"event":"VOIP_PRESENCE_RETRY_SCHEDULED","timestamp":"2026-08-15T21:01:39.980Z","token_ready":true,"user_ready":true,"show_login":false,"show_voip_tester":false,"selected_call_mode":"pstn_assist","voice_id":"nado-000006","token_summary":"len:30:passke...en_331","reason":"close:1006"}'
08-16 06:01:40.574 I/ReactNativeJS(25481): '[VoIPPendingIncoming]', '{"event":"REQUEST_START","source":"pending_call_poll","token_summary":"len:30:passke...en_331","user_id":6,"has_pending_call":false,"has_active_call":false}'
08-16 06:01:40.857 I/ReactNativeJS(25481): '[VoIPPendingIncoming]', '{"event":"REQUEST_RESULT","source":"pending_call_poll","token_summary":"len:30:passke...en_331","user_id":6,"status":401,"ok":false}'
08-16 06:01:40.857 I/ReactNativeJS(25481): '[VoIPPendingIncoming] fetch failed', 401
08-16 06:01:41.709 I/ReactNativeJS(25481): '[UI_PRESS_PROBE]', '{"event":"VOIP_PRESENCE_CONNECT_ATTEMPT","timestamp":"2026-08-15T21:01:41.708Z","token_ready":true,"user_ready":true,"show_login":false,"show_voip_tester":false,"selected_call_mode":"pstn_assist","voice_id":"nado-000006","token_summary":"len:30:passke...en_331","reason":"retry:close:1006","api_base":"https://metanova1004.com"}'
08-16 06:01:41.959 I/ReactNativeJS(25481): '[UI_PRESS_PROBE]', '{"event":"VOIP_PRESENCE_ERROR","timestamp":"2026-08-15T21:01:41.959Z","token_ready":true,"user_ready":true,"show_login":false,"show_voip_tester":false,"selected_call_mode":"pstn_assist","voice_id":"nado-000006","token_summary":"len:30:passke...en_331","reason":"retry:close:1006"}'
08-16 06:01:41.960 I/ReactNativeJS(25481): '[UI_PRESS_PROBE]', '{"event":"VOIP_PRESENCE_CLOSED","timestamp":"2026-08-15T21:01:41.959Z","token_ready":true,"user_ready":true,"show_login":false,"show_voip_tester":false,"selected_call_mode":"pstn_assist","voice_id":"nado-000006","token_summary":"len:30:passke...en_331","reason":"retry:close:1006","code":1006}'
08-16 06:01:41.960 I/ReactNativeJS(25481): '[UI_PRESS_PROBE]', '{"event":"VOIP_PRESENCE_RETRY_SCHEDULED","timestamp":"2026-08-15T21:01:41.960Z","token_ready":true,"user_ready":true,"show_login":false,"show_voip_tester":false,"selected_call_mode":"pstn_assist","voice_id":"nado-000006","token_summary":"len:30:passke...en_331","reason":"close:1006"}'
08-16 06:01:43.106 I/ReactNativeJS(25481): '[VoIPPendingIncoming]', '{"event":"REQUEST_START","source":"pending_call_poll","token_summary":"len:30:passke...en_331","user_id":6,"has_pending_call":false,"has_active_call":false}'
08-16 06:01:43.406 I/ReactNativeJS(25481): '[VoIPPendingIncoming]', '{"event":"REQUEST_RESULT","source":"pending_call_poll","token_summary":"len:30:passke...en_331","user_id":6,"status":401,"ok":false}'
08-16 06:01:43.406 I/ReactNativeJS(25481): '[VoIPPendingIncoming] fetch failed', 401
08-16 06:01:43.717 I/ReactNativeJS(25481): '[UI_PRESS_PROBE]', '{"event":"VOIP_PRESENCE_CONNECT_ATTEMPT","timestamp":"2026-08-15T21:01:43.717Z","token_ready":true,"user_ready":true,"show_login":false,"show_voip_tester":false,"selected_call_mode":"pstn_assist","voice_id":"nado-000006","token_summary":"len:30:passke...en_331","reason":"retry:close:1006","api_base":"https://metanova1004.com"}'
08-16 06:01:43.973 I/ReactNativeJS(25481): '[UI_PRESS_PROBE]', '{"event":"VOIP_PRESENCE_ERROR","timestamp":"2026-08-15T21:01:43.972Z","token_ready":true,"user_ready":true,"show_login":false,"show_voip_tester":false,"selected_call_mode":"pstn_assist","voice_id":"nado-000006","token_summary":"len:30:passke...en_331","reason":"retry:close:1006"}'
08-16 06:01:43.973 I/ReactNativeJS(25481): '[UI_PRESS_PROBE]', '{"event":"VOIP_PRESENCE_CLOSED","timestamp":"2026-08-15T21:01:43.973Z","token_ready":true,"user_ready":true,"show_login":false,"show_voip_tester":false,"selected_call_mode":"pstn_assist","voice_id":"nado-000006","token_summary":"len:30:passke...en_331","reason":"retry:close:1006","code":1006}'
08-16 06:01:43.973 I/ReactNativeJS(25481): '[UI_PRESS_PROBE]', '{"event":"VOIP_PRESENCE_RETRY_SCHEDULED","timestamp":"2026-08-15T21:01:43.973Z","token_ready":true,"user_ready":true,"show_login":false,"show_voip_tester":false,"selected_call_mode":"pstn_assist","voice_id":"nado-000006","token_summary":"len:30:passke...en_331","reason":"close:1006"}'
08-16 06:01:45.625 I/ReactNativeJS(25481): '[VoIPPendingIncoming]', '{"event":"REQUEST_START","source":"pending_call_poll","token_summary":"len:30:passke...en_331","user_id":6,"has_pending_call":false,"has_active_call":false}'
08-16 06:01:45.755 I/ReactNativeJS(25481): '[UI_PRESS_PROBE]', '{"event":"VOIP_PRESENCE_CONNECT_ATTEMPT","timestamp":"2026-08-15T21:01:45.755Z","token_ready":true,"user_ready":true,"show_login":false,"show_voip_tester":false,"selected_call_mode":"pstn_assist","voice_id":"nado-000006","token_summary":"len:30:passke...en_331","reason":"retry:close:1006","api_base":"https://metanova1004.com"}'
08-16 06:01:45.927 I/ReactNativeJS(25481): '[VoIPPendingIncoming]', '{"event":"REQUEST_RESULT","source":"pending_call_poll","token_summary":"len:30:passke...en_331","user_id":6,"status":401,"ok":false}'
08-16 06:01:45.927 I/ReactNativeJS(25481): '[VoIPPendingIncoming] fetch failed', 401
08-16 06:01:46.015 I/ReactNativeJS(25481): '[UI_PRESS_PROBE]', '{"event":"VOIP_PRESENCE_ERROR","timestamp":"2026-08-15T21:01:46.014Z","token_ready":true,"user_ready":true,"show_login":false,"show_voip_tester":false,"selected_call_mode":"pstn_assist","voice_id":"nado-000006","token_summary":"len:30:passke...en_331","reason":"retry:close:1006"}'
08-16 06:01:46.016 I/ReactNativeJS(25481): '[UI_PRESS_PROBE]', '{"event":"VOIP_PRESENCE_CLOSED","timestamp":"2026-08-15T21:01:46.015Z","token_ready":true,"user_ready":true,"show_login":false,"show_voip_tester":false,"selected_call_mode":"pstn_assist","voice_id":"nado-000006","token_summary":"len:30:passke...en_331","reason":"retry:close:1006","code":1006}'
08-16 06:01:46.016 I/ReactNativeJS(25481): '[UI_PRESS_PROBE]', '{"event":"VOIP_PRESENCE_RETRY_SCHEDULED","timestamp":"2026-08-15T21:01:46.016Z","token_ready":true,"user_ready":true,"show_login":false,"show_voip_tester":false,"selected_call_mode":"pstn_assist","voice_id":"nado-000006","token_summary":"len:30:passke...en_331","reason":"close:1006"}'
08-16 06:01:47.758 I/ReactNativeJS(25481): '[UI_PRESS_PROBE]', '{"event":"VOIP_PRESENCE_CONNECT_ATTEMPT","timestamp":"2026-08-15T21:01:47.758Z","token_ready":true,"user_ready":true,"show_login":false,"show_voip_tester":false,"selected_call_mode":"pstn_assist","voice_id":"nado-000006","token_summary":"len:30:passke...en_331","reason":"retry:close:1006","api_base":"https://metanova1004.com"}'
08-16 06:01:48.012 I/ReactNativeJS(25481): '[UI_PRESS_PROBE]', '{"event":"VOIP_PRESENCE_ERROR","timestamp":"2026-08-15T21:01:48.012Z","token_ready":true,"user_ready":true,"show_login":false,"show_voip_tester":false,"selected_call_mode":"pstn_assist","voice_id":"nado-000006","token_summary":"len:30:passke...en_331","reason":"retry:close:1006"}'
08-16 06:01:48.013 I/ReactNativeJS(25481): '[UI_PRESS_PROBE]', '{"event":"VOIP_PRESENCE_CLOSED","timestamp":"2026-08-15T21:01:48.012Z","token_ready":true,"user_ready":true,"show_login":false,"show_voip_tester":false,"selected_call_mode":"pstn_assist","voice_id":"nado-000006","token_summary":"len:30:passke...en_331","reason":"retry:close:1006","code":1006}'
08-16 06:01:48.013 I/ReactNativeJS(25481): '[UI_PRESS_PROBE]', '{"event":"VOIP_PRESENCE_RETRY_SCHEDULED","timestamp":"2026-08-15T21:01:48.013Z","token_ready":true,"user_ready":true,"show_login":false,"show_voip_tester":false,"selected_call_mode":"pstn_assist","voice_id":"nado-000006","token_summary":"len:30:passke...en_331","reason":"close:1006"}'
08-16 06:01:48.121 I/ReactNativeJS(25481): '[VoIPPendingIncoming]', '{"event":"REQUEST_START","source":"pending_call_poll","token_summary":"len:30:passke...en_331","user_id":6,"has_pending_call":false,"has_active_call":false}'
08-16 06:01:48.409 I/ReactNativeJS(25481): '[VoIPPendingIncoming]', '{"event":"REQUEST_RESULT","source":"pending_call_poll","token_summary":"len:30:passke...en_331","user_id":6,"status":401,"ok":false}'
08-16 06:01:48.409 I/ReactNativeJS(25481): '[VoIPPendingIncoming] fetch failed', 401
08-16 06:01:49.763 I/ReactNativeJS(25481): '[UI_PRESS_PROBE]', '{"event":"VOIP_PRESENCE_CONNECT_ATTEMPT","timestamp":"2026-08-15T21:01:49.763Z","token_ready":true,"user_ready":true,"show_login":false,"show_voip_tester":false,"selected_call_mode":"pstn_assist","voice_id":"nado-000006","token_summary":"len:30:passke...en_331","reason":"retry:close:1006","api_base":"https://metanova1004.com"}'
08-16 06:01:50.038 I/ReactNativeJS(25481): '[UI_PRESS_PROBE]', '{"event":"VOIP_PRESENCE_ERROR","timestamp":"2026-08-15T21:01:50.038Z","token_ready":true,"user_ready":true,"show_login":false,"show_voip_tester":false,"selected_call_mode":"pstn_assist","voice_id":"nado-000006","token_summary":"len:30:passke...en_331","reason":"retry:close:1006"}'
08-16 06:01:50.039 I/ReactNativeJS(25481): '[UI_PRESS_PROBE]', '{"event":"VOIP_PRESENCE_CLOSED","timestamp":"2026-08-15T21:01:50.039Z","token_ready":true,"user_ready":true,"show_login":false,"show_voip_tester":false,"selected_call_mode":"pstn_assist","voice_id":"nado-000006","token_summary":"len:30:passke...en_331","reason":"retry:close:1006","code":1006}'
08-16 06:01:50.039 I/ReactNativeJS(25481): '[UI_PRESS_PROBE]', '{"event":"VOIP_PRESENCE_RETRY_SCHEDULED","timestamp":"2026-08-15T21:01:50.039Z","token_ready":true,"user_ready":true,"show_login":false,"show_voip_tester":false,"selected_call_mode":"pstn_assist","voice_id":"nado-000006","token_summary":"len:30:passke...en_331","reason":"close:1006"}'
08-16 06:01:50.624 I/ReactNativeJS(25481): '[VoIPPendingIncoming]', '{"event":"REQUEST_START","source":"pending_call_poll","token_summary":"len:30:passke...en_331","user_id":6,"has_pending_call":false,"has_active_call":false}'
08-16 06:01:50.939 I/ReactNativeJS(25481): '[VoIPPendingIncoming]', '{"event":"REQUEST_RESULT","source":"pending_call_poll","token_summary":"len:30:passke...en_331","user_id":6,"status":401,"ok":false}'
08-16 06:01:50.940 I/ReactNativeJS(25481): '[VoIPPendingIncoming] fetch failed', 401
08-16 06:01:51.794 I/ReactNativeJS(25481): '[UI_PRESS_PROBE]', '{"event":"VOIP_PRESENCE_CONNECT_ATTEMPT","timestamp":"2026-08-15T21:01:51.793Z","token_ready":true,"user_ready":true,"show_login":false,"show_voip_tester":false,"selected_call_mode":"pstn_assist","voice_id":"nado-000006","token_summary":"len:30:passke...en_331","reason":"retry:close:1006","api_base":"https://metanova1004.com"}'
08-16 06:01:52.066 I/ReactNativeJS(25481): '[UI_PRESS_PROBE]', '{"event":"VOIP_PRESENCE_ERROR","timestamp":"2026-08-15T21:01:52.066Z","token_ready":true,"user_ready":true,"show_login":false,"show_voip_tester":false,"selected_call_mode":"pstn_assist","voice_id":"nado-000006","token_summary":"len:30:passke...en_331","reason":"retry:close:1006"}'
08-16 06:01:52.067 I/ReactNativeJS(25481): '[UI_PRESS_PROBE]', '{"event":"VOIP_PRESENCE_CLOSED","timestamp":"2026-08-15T21:01:52.067Z","token_ready":true,"user_ready":true,"show_login":false,"show_voip_tester":false,"selected_call_mode":"pstn_assist","voice_id":"nado-000006","token_summary":"len:30:passke...en_331","reason":"retry:close:1006","code":1006}'
08-16 06:01:52.067 I/ReactNativeJS(25481): '[UI_PRESS_PROBE]', '{"event":"VOIP_PRESENCE_RETRY_SCHEDULED","timestamp":"2026-08-15T21:01:52.067Z","token_ready":true,"user_ready":true,"show_login":false,"show_voip_tester":false,"selected_call_mode":"pstn_assist","voice_id":"nado-000006","token_summary":"len:30:passke...en_331","reason":"close:1006"}'
08-16 06:01:53.148 I/ReactNativeJS(25481): '[VoIPPendingIncoming]', '{"event":"REQUEST_START","source":"pending_call_poll","token_summary":"len:30:passke...en_331","user_id":6,"has_pending_call":false,"has_active_call":false}'
08-16 06:01:53.432 I/ReactNativeJS(25481): '[VoIPPendingIncoming]', '{"event":"REQUEST_RESULT","source":"pending_call_poll","token_summary":"len:30:passke...en_331","user_id":6,"status":401,"ok":false}'
08-16 06:01:53.432 I/ReactNativeJS(25481): '[VoIPPendingIncoming] fetch failed', 401
08-16 06:01:53.826 I/ReactNativeJS(25481): '[UI_PRESS_PROBE]', '{"event":"VOIP_PRESENCE_CONNECT_ATTEMPT","timestamp":"2026-08-15T21:01:53.825Z","token_ready":true,"user_ready":true,"show_login":false,"show_voip_tester":false,"selected_call_mode":"pstn_assist","voice_id":"nado-000006","token_summary":"len:30:passke...en_331","reason":"retry:close:1006","api_base":"https://metanova1004.com"}'
08-16 06:01:54.108 I/ReactNativeJS(25481): '[UI_PRESS_PROBE]', '{"event":"VOIP_PRESENCE_ERROR","timestamp":"2026-08-15T21:01:54.108Z","token_ready":true,"user_ready":true,"show_login":false,"show_voip_tester":false,"selected_call_mode":"pstn_assist","voice_id":"nado-000006","token_summary":"len:30:passke...en_331","reason":"retry:close:1006"}'
08-16 06:01:54.109 I/ReactNativeJS(25481): '[UI_PRESS_PROBE]', '{"event":"VOIP_PRESENCE_CLOSED","timestamp":"2026-08-15T21:01:54.108Z","token_ready":true,"user_ready":true,"show_login":false,"show_voip_tester":false,"selected_call_mode":"pstn_assist","voice_id":"nado-000006","token_summary":"len:30:passke...en_331","reason":"retry:close:1006","code":1006}'
08-16 06:01:54.109 I/ReactNativeJS(25481): '[UI_PRESS_PROBE]', '{"event":"VOIP_PRESENCE_RETRY_SCHEDULED","timestamp":"2026-08-15T21:01:54.109Z","token_ready":true,"user_ready":true,"show_login":false,"show_voip_tester":false,"selected_call_mode":"pstn_assist","voice_id":"nado-000006","token_summary":"len:30:passke...en_331","reason":"close:1006"}'
08-16 06:01:55.650 I/ReactNativeJS(25481): '[VoIPPendingIncoming]', '{"event":"REQUEST_START","source":"pending_call_poll","token_summary":"len:30:passke...en_331","user_id":6,"has_pending_call":false,"has_active_call":false}'
08-16 06:01:55.845 I/ReactNativeJS(25481): '[UI_PRESS_PROBE]', '{"event":"VOIP_PRESENCE_CONNECT_ATTEMPT","timestamp":"2026-08-15T21:01:55.845Z","token_ready":true,"user_ready":true,"show_login":false,"show_voip_tester":false,"selected_call_mode":"pstn_assist","voice_id":"nado-000006","token_summary":"len:30:passke...en_331","reason":"retry:close:1006","api_base":"https://metanova1004.com"}'
08-16 06:01:55.937 I/ReactNativeJS(25481): '[VoIPPendingIncoming]', '{"event":"REQUEST_RESULT","source":"pending_call_poll","token_summary":"len:30:passke...en_331","user_id":6,"status":401,"ok":false}'
08-16 06:01:55.937 I/ReactNativeJS(25481): '[VoIPPendingIncoming] fetch failed', 401
08-16 06:01:56.105 I/ReactNativeJS(25481): '[UI_PRESS_PROBE]', '{"event":"VOIP_PRESENCE_ERROR","timestamp":"2026-08-15T21:01:56.105Z","token_ready":true,"user_ready":true,"show_login":false,"show_voip_tester":false,"selected_call_mode":"pstn_assist","voice_id":"nado-000006","token_summary":"len:30:passke...en_331","reason":"retry:close:1006"}'
08-16 06:01:56.106 I/ReactNativeJS(25481): '[UI_PRESS_PROBE]', '{"event":"VOIP_PRESENCE_CLOSED","timestamp":"2026-08-15T21:01:56.105Z","token_ready":true,"user_ready":true,"show_login":false,"show_voip_tester":false,"selected_call_mode":"pstn_assist","voice_id":"nado-000006","token_summary":"len:30:passke...en_331","reason":"retry:close:1006","code":1006}'
08-16 06:01:56.106 I/ReactNativeJS(25481): '[UI_PRESS_PROBE]', '{"event":"VOIP_PRESENCE_RETRY_SCHEDULED","timestamp":"2026-08-15T21:01:56.106Z","token_ready":true,"user_ready":true,"show_login":false,"show_voip_tester":false,"selected_call_mode":"pstn_assist","voice_id":"nado-000006","token_summary":"len:30:passke...en_331","reason":"close:1006"}'
08-16 06:01:57.885 I/ReactNativeJS(25481): '[UI_PRESS_PROBE]', '{"event":"VOIP_PRESENCE_CONNECT_ATTEMPT","timestamp":"2026-08-15T21:01:57.885Z","token_ready":true,"user_ready":true,"show_login":false,"show_voip_tester":false,"selected_call_mode":"pstn_assist","voice_id":"nado-000006","token_summary":"len:30:passke...en_331","reason":"retry:close:1006","api_base":"https://metanova1004.com"}'
08-16 06:01:58.175 I/ReactNativeJS(25481): '[UI_PRESS_PROBE]', '{"event":"VOIP_PRESENCE_ERROR","timestamp":"2026-08-15T21:01:58.175Z","token_ready":true,"user_ready":true,"show_login":false,"show_voip_tester":false,"selected_call_mode":"pstn_assist","voice_id":"nado-000006","token_summary":"len:30:passke...en_331","reason":"retry:close:1006"}'
08-16 06:01:58.176 I/ReactNativeJS(25481): '[UI_PRESS_PROBE]', '{"event":"VOIP_PRESENCE_CLOSED","timestamp":"2026-08-15T21:01:58.175Z","token_ready":true,"user_ready":true,"show_login":false,"show_voip_tester":false,"selected_call_mode":"pstn_assist","voice_id":"nado-000006","token_summary":"len:30:passke...en_331","reason":"retry:close:1006","code":1006}'
08-16 06:01:58.176 I/ReactNativeJS(25481): '[UI_PRESS_PROBE]', '{"event":"VOIP_PRESENCE_RETRY_SCHEDULED","timestamp":"2026-08-15T21:01:58.176Z","token_ready":true,"user_ready":true,"show_login":false,"show_voip_tester":false,"selected_call_mode":"pstn_assist","voice_id":"nado-000006","token_summary":"len:30:passke...en_331","reason":"close:1006"}'
08-16 06:01:58.222 I/ReactNativeJS(25481): '[VoIPPendingIncoming]', '{"event":"REQUEST_START","source":"pending_call_poll","token_summary":"len:30:passke...en_331","user_id":6,"has_pending_call":false,"has_active_call":false}'
08-16 06:01:58.511 I/ReactNativeJS(25481): '[VoIPPendingIncoming]', '{"event":"REQUEST_RESULT","source":"pending_call_poll","token_summary":"len:30:passke...en_331","user_id":6,"status":401,"ok":false}'
08-16 06:01:58.511 I/ReactNativeJS(25481): '[VoIPPendingIncoming] fetch failed', 401
08-16 06:01:59.917 I/ReactNativeJS(25481): '[UI_PRESS_PROBE]', '{"event":"VOIP_PRESENCE_CONNECT_ATTEMPT","timestamp":"2026-08-15T21:01:59.917Z","token_ready":true,"user_ready":true,"show_login":false,"show_voip_tester":false,"selected_call_mode":"pstn_assist","voice_id":"nado-000006","token_summary":"len:30:passke...en_331","reason":"retry:close:1006","api_base":"https://metanova1004.com"}'
08-16 06:02:00.172 I/ReactNativeJS(25481): '[UI_PRESS_PROBE]', '{"event":"VOIP_PRESENCE_ERROR","timestamp":"2026-08-15T21:02:00.171Z","token_ready":true,"user_ready":true,"show_login":false,"show_voip_tester":false,"selected_call_mode":"pstn_assist","voice_id":"nado-000006","token_summary":"len:30:passke...en_331","reason":"retry:close:1006"}'
08-16 06:02:00.172 I/ReactNativeJS(25481): '[UI_PRESS_PROBE]', '{"event":"VOIP_PRESENCE_CLOSED","timestamp":"2026-08-15T21:02:00.172Z","token_ready":true,"user_ready":true,"show_login":false,"show_voip_tester":false,"selected_call_mode":"pstn_assist","voice_id":"nado-000006","token_summary":"len:30:passke...en_331","reason":"retry:close:1006","code":1006}'
08-16 06:02:00.172 I/ReactNativeJS(25481): '[UI_PRESS_PROBE]', '{"event":"VOIP_PRESENCE_RETRY_SCHEDULED","timestamp":"2026-08-15T21:02:00.172Z","token_ready":true,"user_ready":true,"show_login":false,"show_voip_tester":false,"selected_call_mode":"pstn_assist","voice_id":"nado-000006","token_summary":"len:30:passke...en_331","reason":"close:1006"}'
08-16 06:02:00.685 I/ReactNativeJS(25481): '[VoIPPendingIncoming]', '{"event":"REQUEST_START","source":"pending_call_poll","token_summary":"len:30:passke...en_331","user_id":6,"has_pending_call":false,"has_active_call":false}'
08-16 06:02:00.963 I/ReactNativeJS(25481): '[VoIPPendingIncoming]', '{"event":"REQUEST_RESULT","source":"pending_call_poll","token_summary":"len:30:passke...en_331","user_id":6,"status":401,"ok":false}'
08-16 06:02:00.964 I/ReactNativeJS(25481): '[VoIPPendingIncoming] fetch failed', 401
08-16 06:02:01.912 I/ReactNativeJS(25481): '[UI_PRESS_PROBE]', '{"event":"VOIP_PRESENCE_CONNECT_ATTEMPT","timestamp":"2026-08-15T21:02:01.911Z","token_ready":true,"user_ready":true,"show_login":false,"show_voip_tester":false,"selected_call_mode":"pstn_assist","voice_id":"nado-000006","token_summary":"len:30:passke...en_331","reason":"retry:close:1006","api_base":"https://metanova1004.com"}'
08-16 06:02:02.173 I/ReactNativeJS(25481): '[UI_PRESS_PROBE]', '{"event":"VOIP_PRESENCE_ERROR","timestamp":"2026-08-15T21:02:02.173Z","token_ready":true,"user_ready":true,"show_login":false,"show_voip_tester":false,"selected_call_mode":"pstn_assist","voice_id":"nado-000006","token_summary":"len:30:passke...en_331","reason":"retry:close:1006"}'
08-16 06:02:02.174 I/ReactNativeJS(25481): '[UI_PRESS_PROBE]', '{"event":"VOIP_PRESENCE_CLOSED","timestamp":"2026-08-15T21:02:02.173Z","token_ready":true,"user_ready":true,"show_login":false,"show_voip_tester":false,"selected_call_mode":"pstn_assist","voice_id":"nado-000006","token_summary":"len:30:passke...en_331","reason":"retry:close:1006","code":1006}'
08-16 06:02:02.174 I/ReactNativeJS(25481): '[UI_PRESS_PROBE]', '{"event":"VOIP_PRESENCE_RETRY_SCHEDULED","timestamp":"2026-08-15T21:02:02.174Z","token_ready":true,"user_ready":true,"show_login":false,"show_voip_tester":false,"selected_call_mode":"pstn_assist","voice_id":"nado-000006","token_summary":"len:30:passke...en_331","reason":"close:1006"}'
08-16 06:02:03.196 I/ReactNativeJS(25481): '[VoIPPendingIncoming]', '{"event":"REQUEST_START","source":"pending_call_poll","token_summary":"len:30:passke...en_331","user_id":6,"has_pending_call":false,"has_active_call":false}'
08-16 06:02:03.494 I/ReactNativeJS(25481): '[VoIPPendingIncoming]', '{"event":"REQUEST_RESULT","source":"pending_call_poll","token_summary":"len:30:passke...en_331","user_id":6,"status":401,"ok":false}'
08-16 06:02:03.494 I/ReactNativeJS(25481): '[VoIPPendingIncoming] fetch failed', 401
08-16 06:02:03.922 I/ReactNativeJS(25481): '[UI_PRESS_PROBE]', '{"event":"VOIP_PRESENCE_CONNECT_ATTEMPT","timestamp":"2026-08-15T21:02:03.922Z","token_ready":true,"user_ready":true,"show_login":false,"show_voip_tester":false,"selected_call_mode":"pstn_assist","voice_id":"nado-000006","token_summary":"len:30:passke...en_331","reason":"retry:close:1006","api_base":"https://metanova1004.com"}'
08-16 06:02:04.193 I/ReactNativeJS(25481): '[UI_PRESS_PROBE]', '{"event":"VOIP_PRESENCE_ERROR","timestamp":"2026-08-15T21:02:04.192Z","token_ready":true,"user_ready":true,"show_login":false,"show_voip_tester":false,"selected_call_mode":"pstn_assist","voice_id":"nado-000006","token_summary":"len:30:passke...en_331","reason":"retry:close:1006"}'
08-16 06:02:04.193 I/ReactNativeJS(25481): '[UI_PRESS_PROBE]', '{"event":"VOIP_PRESENCE_CLOSED","timestamp":"2026-08-15T21:02:04.193Z","token_ready":true,"user_ready":true,"show_login":false,"show_voip_tester":false,"selected_call_mode":"pstn_assist","voice_id":"nado-000006","token_summary":"len:30:passke...en_331","reason":"retry:close:1006","code":1006}'
08-16 06:02:04.194 I/ReactNativeJS(25481): '[UI_PRESS_PROBE]', '{"event":"VOIP_PRESENCE_RETRY_SCHEDULED","timestamp":"2026-08-15T21:02:04.193Z","token_ready":true,"user_ready":true,"show_login":false,"show_voip_tester":false,"selected_call_mode":"pstn_assist","voice_id":"nado-000006","token_summary":"len:30:passke...en_331","reason":"close:1006"}'
08-16 06:02:05.749 I/ReactNativeJS(25481): '[VoIPPendingIncoming]', '{"event":"REQUEST_START","source":"pending_call_poll","token_summary":"len:30:passke...en_331","user_id":6,"has_pending_call":false,"has_active_call":false}'
08-16 06:02:05.946 I/ReactNativeJS(25481): '[UI_PRESS_PROBE]', '{"event":"VOIP_PRESENCE_CONNECT_ATTEMPT","timestamp":"2026-08-15T21:02:05.946Z","token_ready":true,"user_ready":true,"show_login":false,"show_voip_tester":false,"selected_call_mode":"pstn_assist","voice_id":"nado-000006","token_summary":"len:30:passke...en_331","reason":"retry:close:1006","api_base":"https://metanova1004.com"}'
08-16 06:02:06.032 I/ReactNativeJS(25481): '[VoIPPendingIncoming]', '{"event":"REQUEST_RESULT","source":"pending_call_poll","token_summary":"len:30:passke...en_331","user_id":6,"status":401,"ok":false}'
08-16 06:02:06.032 I/ReactNativeJS(25481): '[VoIPPendingIncoming] fetch failed', 401
08-16 06:02:06.202 I/ReactNativeJS(25481): '[UI_PRESS_PROBE]', '{"event":"VOIP_PRESENCE_ERROR","timestamp":"2026-08-15T21:02:06.201Z","token_ready":true,"user_ready":true,"show_login":false,"show_voip_tester":false,"selected_call_mode":"pstn_assist","voice_id":"nado-000006","token_summary":"len:30:passke...en_331","reason":"retry:close:1006"}'
08-16 06:02:06.202 I/ReactNativeJS(25481): '[UI_PRESS_PROBE]', '{"event":"VOIP_PRESENCE_CLOSED","timestamp":"2026-08-15T21:02:06.202Z","token_ready":true,"user_ready":true,"show_login":false,"show_voip_tester":false,"selected_call_mode":"pstn_assist","voice_id":"nado-000006","token_summary":"len:30:passke...en_331","reason":"retry:close:1006","code":1006}'
08-16 06:02:06.202 I/ReactNativeJS(25481): '[UI_PRESS_PROBE]', '{"event":"VOIP_PRESENCE_RETRY_SCHEDULED","timestamp":"2026-08-15T21:02:06.202Z","token_ready":true,"user_ready":true,"show_login":false,"show_voip_tester":false,"selected_call_mode":"pstn_assist","voice_id":"nado-000006","token_summary":"len:30:passke...en_331","reason":"close:1006"}'
08-16 06:02:07.987 I/ReactNativeJS(25481): '[UI_PRESS_PROBE]', '{"event":"VOIP_PRESENCE_CONNECT_ATTEMPT","timestamp":"2026-08-15T21:02:07.986Z","token_ready":true,"user_ready":true,"show_login":false,"show_voip_tester":false,"selected_call_mode":"pstn_assist","voice_id":"nado-000006","token_summary":"len:30:passke...en_331","reason":"retry:close:1006","api_base":"https://metanova1004.com"}'
08-16 06:02:08.220 I/ReactNativeJS(25481): '[VoIPPendingIncoming]', '{"event":"REQUEST_START","source":"pending_call_poll","token_summary":"len:30:passke...en_331","user_id":6,"has_pending_call":false,"has_active_call":false}'
08-16 06:02:08.257 I/ReactNativeJS(25481): '[UI_PRESS_PROBE]', '{"event":"VOIP_PRESENCE_ERROR","timestamp":"2026-08-15T21:02:08.257Z","token_ready":true,"user_ready":true,"show_login":false,"show_voip_tester":false,"selected_call_mode":"pstn_assist","voice_id":"nado-000006","token_summary":"len:30:passke...en_331","reason":"retry:close:1006"}'
08-16 06:02:08.257 I/ReactNativeJS(25481): '[UI_PRESS_PROBE]', '{"event":"VOIP_PRESENCE_CLOSED","timestamp":"2026-08-15T21:02:08.257Z","token_ready":true,"user_ready":true,"show_login":false,"show_voip_tester":false,"selected_call_mode":"pstn_assist","voice_id":"nado-000006","token_summary":"len:30:passke...en_331","reason":"retry:close:1006","code":1006}'
08-16 06:02:08.258 I/ReactNativeJS(25481): '[UI_PRESS_PROBE]', '{"event":"VOIP_PRESENCE_RETRY_SCHEDULED","timestamp":"2026-08-15T21:02:08.257Z","token_ready":true,"user_ready":true,"show_login":false,"show_voip_tester":false,"selected_call_mode":"pstn_assist","voice_id":"nado-000006","token_summary":"len:30:passke...en_331","reason":"close:1006"}'
08-16 06:02:08.536 I/ReactNativeJS(25481): '[VoIPPendingIncoming]', '{"event":"REQUEST_RESULT","source":"pending_call_poll","token_summary":"len:30:passke...en_331","user_id":6,"status":401,"ok":false}'
08-16 06:02:08.536 I/ReactNativeJS(25481): '[VoIPPendingIncoming] fetch failed', 401
08-16 06:02:10.038 I/ReactNativeJS(25481): '[UI_PRESS_PROBE]', '{"event":"VOIP_PRESENCE_CONNECT_ATTEMPT","timestamp":"2026-08-15T21:02:10.037Z","token_ready":true,"user_ready":true,"show_login":false,"show_voip_tester":false,"selected_call_mode":"pstn_assist","voice_id":"nado-000006","token_summary":"len:30:passke...en_331","reason":"retry:close:1006","api_base":"https://metanova1004.com"}'
08-16 06:02:10.313 I/ReactNativeJS(25481): '[UI_PRESS_PROBE]', '{"event":"VOIP_PRESENCE_ERROR","timestamp":"2026-08-15T21:02:10.313Z","token_ready":true,"user_ready":true,"show_login":false,"show_voip_tester":false,"selected_call_mode":"pstn_assist","voice_id":"nado-000006","token_summary":"len:30:passke...en_331","reason":"retry:close:1006"}'
08-16 06:02:10.313 I/ReactNativeJS(25481): '[UI_PRESS_PROBE]', '{"event":"VOIP_PRESENCE_CLOSED","timestamp":"2026-08-15T21:02:10.313Z","token_ready":true,"user_ready":true,"show_login":false,"show_voip_tester":false,"selected_call_mode":"pstn_assist","voice_id":"nado-000006","token_summary":"len:30:passke...en_331","reason":"retry:close:1006","code":1006}'
08-16 06:02:10.314 I/ReactNativeJS(25481): '[UI_PRESS_PROBE]', '{"event":"VOIP_PRESENCE_RETRY_SCHEDULED","timestamp":"2026-08-15T21:02:10.313Z","token_ready":true,"user_ready":true,"show_login":false,"show_voip_tester":false,"selected_call_mode":"pstn_assist","voice_id":"nado-000006","token_summary":"len:30:passke...en_331","reason":"close:1006"}'
08-16 06:02:10.736 I/ReactNativeJS(25481): '[VoIPPendingIncoming]', '{"event":"REQUEST_START","source":"pending_call_poll","token_summary":"len:30:passke...en_331","user_id":6,"has_pending_call":false,"has_active_call":false}'
08-16 06:02:11.025 I/ReactNativeJS(25481): '[VoIPPendingIncoming]', '{"event":"REQUEST_RESULT","source":"pending_call_poll","token_summary":"len:30:passke...en_331","user_id":6,"status":401,"ok":false}'
08-16 06:02:11.025 I/ReactNativeJS(25481): '[VoIPPendingIncoming] fetch failed', 401
08-16 06:02:12.069 I/ReactNativeJS(25481): '[UI_PRESS_PROBE]', '{"event":"VOIP_PRESENCE_CONNECT_ATTEMPT","timestamp":"2026-08-15T21:02:12.069Z","token_ready":true,"user_ready":true,"show_login":false,"show_voip_tester":false,"selected_call_mode":"pstn_assist","voice_id":"nado-000006","token_summary":"len:30:passke...en_331","reason":"retry:close:1006","api_base":"https://metanova1004.com"}'
08-16 06:02:12.323 I/ReactNativeJS(25481): '[UI_PRESS_PROBE]', '{"event":"VOIP_PRESENCE_ERROR","timestamp":"2026-08-15T21:02:12.322Z","token_ready":true,"user_ready":true,"show_login":false,"show_voip_tester":false,"selected_call_mode":"pstn_assist","voice_id":"nado-000006","token_summary":"len:30:passke...en_331","reason":"retry:close:1006"}'
08-16 06:02:12.323 I/ReactNativeJS(25481): '[UI_PRESS_PROBE]', '{"event":"VOIP_PRESENCE_CLOSED","timestamp":"2026-08-15T21:02:12.323Z","token_ready":true,"user_ready":true,"show_login":false,"show_voip_tester":false,"selected_call_mode":"pstn_assist","voice_id":"nado-000006","token_summary":"len:30:passke...en_331","reason":"retry:close:1006","code":1006}'
08-16 06:02:12.324 I/ReactNativeJS(25481): '[UI_PRESS_PROBE]', '{"event":"VOIP_PRESENCE_RETRY_SCHEDULED","timestamp":"2026-08-15T21:02:12.323Z","token_ready":true,"user_ready":true,"show_login":false,"show_voip_tester":false,"selected_call_mode":"pstn_assist","voice_id":"nado-000006","token_summary":"len:30:passke...en_331","reason":"close:1006"}'
08-16 06:02:13.248 I/ReactNativeJS(25481): '[VoIPPendingIncoming]', '{"event":"REQUEST_START","source":"pending_call_poll","token_summary":"len:30:passke...en_331","user_id":6,"has_pending_call":false,"has_active_call":false}'
08-16 06:02:13.552 I/ReactNativeJS(25481): '[VoIPPendingIncoming]', '{"event":"REQUEST_RESULT","source":"pending_call_poll","token_summary":"len:30:passke...en_331","user_id":6,"status":401,"ok":false}'
08-16 06:02:13.552 I/ReactNativeJS(25481): '[VoIPPendingIncoming] fetch failed', 401
08-16 06:02:14.093 I/ReactNativeJS(25481): '[UI_PRESS_PROBE]', '{"event":"VOIP_PRESENCE_CONNECT_ATTEMPT","timestamp":"2026-08-15T21:02:14.092Z","token_ready":true,"user_ready":true,"show_login":false,"show_voip_tester":false,"selected_call_mode":"pstn_assist","voice_id":"nado-000006","token_summary":"len:30:passke...en_331","reason":"retry:close:1006","api_base":"https://metanova1004.com"}'
08-16 06:02:14.349 I/ReactNativeJS(25481): '[UI_PRESS_PROBE]', '{"event":"VOIP_PRESENCE_ERROR","timestamp":"2026-08-15T21:02:14.349Z","token_ready":true,"user_ready":true,"show_login":false,"show_voip_tester":false,"selected_call_mode":"pstn_assist","voice_id":"nado-000006","token_summary":"len:30:passke...en_331","reason":"retry:close:1006"}'
08-16 06:02:14.349 I/ReactNativeJS(25481): '[UI_PRESS_PROBE]', '{"event":"VOIP_PRESENCE_CLOSED","timestamp":"2026-08-15T21:02:14.349Z","token_ready":true,"user_ready":true,"show_login":false,"show_voip_tester":false,"selected_call_mode":"pstn_assist","voice_id":"nado-000006","token_summary":"len:30:passke...en_331","reason":"retry:close:1006","code":1006}'
08-16 06:02:14.350 I/ReactNativeJS(25481): '[UI_PRESS_PROBE]', '{"event":"VOIP_PRESENCE_RETRY_SCHEDULED","timestamp":"2026-08-15T21:02:14.349Z","token_ready":true,"user_ready":true,"show_login":false,"show_voip_tester":false,"selected_call_mode":"pstn_assist","voice_id":"nado-000006","token_summary":"len:30:passke...en_331","reason":"close:1006"}'
08-16 06:02:15.765 I/ReactNativeJS(25481): '[VoIPPendingIncoming]', '{"event":"REQUEST_START","source":"pending_call_poll","token_summary":"len:30:passke...en_331","user_id":6,"has_pending_call":false,"has_active_call":false}'
08-16 06:02:16.050 I/ReactNativeJS(25481): '[VoIPPendingIncoming]', '{"event":"REQUEST_RESULT","source":"pending_call_poll","token_summary":"len:30:passke...en_331","user_id":6,"status":401,"ok":false}'
08-16 06:02:16.050 I/ReactNativeJS(25481): '[VoIPPendingIncoming] fetch failed', 401
08-16 06:02:16.087 I/ReactNativeJS(25481): '[UI_PRESS_PROBE]', '{"event":"VOIP_PRESENCE_CONNECT_ATTEMPT","timestamp":"2026-08-15T21:02:16.087Z","token_ready":true,"user_ready":true,"show_login":false,"show_voip_tester":false,"selected_call_mode":"pstn_assist","voice_id":"nado-000006","token_summary":"len:30:passke...en_331","reason":"retry:close:1006","api_base":"https://metanova1004.com"}'
08-16 06:02:16.354 I/ReactNativeJS(25481): '[UI_PRESS_PROBE]', '{"event":"VOIP_PRESENCE_ERROR","timestamp":"2026-08-15T21:02:16.353Z","token_ready":true,"user_ready":true,"show_login":false,"show_voip_tester":false,"selected_call_mode":"pstn_assist","voice_id":"nado-000006","token_summary":"len:30:passke...en_331","reason":"retry:close:1006"}'
08-16 06:02:16.354 I/ReactNativeJS(25481): '[UI_PRESS_PROBE]', '{"event":"VOIP_PRESENCE_CLOSED","timestamp":"2026-08-15T21:02:16.354Z","token_ready":true,"user_ready":true,"show_login":false,"show_voip_tester":false,"selected_call_mode":"pstn_assist","voice_id":"nado-000006","token_summary":"len:30:passke...en_331","reason":"retry:close:1006","code":1006}'
08-16 06:02:16.354 I/ReactNativeJS(25481): '[UI_PRESS_PROBE]', '{"event":"VOIP_PRESENCE_RETRY_SCHEDULED","timestamp":"2026-08-15T21:02:16.354Z","token_ready":true,"user_ready":true,"show_login":false,"show_voip_tester":false,"selected_call_mode":"pstn_assist","voice_id":"nado-000006","token_summary":"len:30:passke...en_331","reason":"close:1006"}'
08-16 06:02:18.111 I/ReactNativeJS(25481): '[UI_PRESS_PROBE]', '{"event":"VOIP_PRESENCE_CONNECT_ATTEMPT","timestamp":"2026-08-15T21:02:18.110Z","token_ready":true,"user_ready":true,"show_login":false,"show_voip_tester":false,"selected_call_mode":"pstn_assist","voice_id":"nado-000006","token_summary":"len:30:passke...en_331","reason":"retry:close:1006","api_base":"https://metanova1004.com"}'
08-16 06:02:18.314 I/ReactNativeJS(25481): '[VoIPPendingIncoming]', '{"event":"REQUEST_START","source":"pending_call_poll","token_summary":"len:30:passke...en_331","user_id":6,"has_pending_call":false,"has_active_call":false}'
08-16 06:02:18.396 I/ReactNativeJS(25481): '[UI_PRESS_PROBE]', '{"event":"VOIP_PRESENCE_ERROR","timestamp":"2026-08-15T21:02:18.396Z","token_ready":true,"user_ready":true,"show_login":false,"show_voip_tester":false,"selected_call_mode":"pstn_assist","voice_id":"nado-000006","token_summary":"len:30:passke...en_331","reason":"retry:close:1006"}'
08-16 06:02:18.397 I/ReactNativeJS(25481): '[UI_PRESS_PROBE]', '{"event":"VOIP_PRESENCE_CLOSED","timestamp":"2026-08-15T21:02:18.397Z","token_ready":true,"user_ready":true,"show_login":false,"show_voip_tester":false,"selected_call_mode":"pstn_assist","voice_id":"nado-000006","token_summary":"len:30:passke...en_331","reason":"retry:close:1006","code":1006}'
08-16 06:02:18.397 I/ReactNativeJS(25481): '[UI_PRESS_PROBE]', '{"event":"VOIP_PRESENCE_RETRY_SCHEDULED","timestamp":"2026-08-15T21:02:18.397Z","token_ready":true,"user_ready":true,"show_login":false,"show_voip_tester":false,"selected_call_mode":"pstn_assist","voice_id":"nado-000006","token_summary":"len:30:passke...en_331","reason":"close:1006"}'
08-16 06:02:18.602 I/ReactNativeJS(25481): '[VoIPPendingIncoming]', '{"event":"REQUEST_RESULT","source":"pending_call_poll","token_summary":"len:30:passke...en_331","user_id":6,"status":401,"ok":false}'
08-16 06:02:18.603 I/ReactNativeJS(25481): '[VoIPPendingIncoming] fetch failed', 401
08-16 06:02:20.130 I/ReactNativeJS(25481): '[UI_PRESS_PROBE]', '{"event":"VOIP_PRESENCE_CONNECT_ATTEMPT","timestamp":"2026-08-15T21:02:20.130Z","token_ready":true,"user_ready":true,"show_login":false,"show_voip_tester":false,"selected_call_mode":"pstn_assist","voice_id":"nado-000006","token_summary":"len:30:passke...en_331","reason":"retry:close:1006","api_base":"https://metanova1004.com"}'
08-16 06:02:20.387 I/ReactNativeJS(25481): '[UI_PRESS_PROBE]', '{"event":"VOIP_PRESENCE_ERROR","timestamp":"2026-08-15T21:02:20.387Z","token_ready":true,"user_ready":true,"show_login":false,"show_voip_tester":false,"selected_call_mode":"pstn_assist","voice_id":"nado-000006","token_summary":"len:30:passke...en_331","reason":"retry:close:1006"}'
08-16 06:02:20.387 I/ReactNativeJS(25481): '[UI_PRESS_PROBE]', '{"event":"VOIP_PRESENCE_CLOSED","timestamp":"2026-08-15T21:02:20.387Z","token_ready":true,"user_ready":true,"show_login":false,"show_voip_tester":false,"selected_call_mode":"pstn_assist","voice_id":"nado-000006","token_summary":"len:30:passke...en_331","reason":"retry:close:1006","code":1006}'
08-16 06:02:20.388 I/ReactNativeJS(25481): '[UI_PRESS_PROBE]', '{"event":"VOIP_PRESENCE_RETRY_SCHEDULED","timestamp":"2026-08-15T21:02:20.387Z","token_ready":true,"user_ready":true,"show_login":false,"show_voip_tester":false,"selected_call_mode":"pstn_assist","voice_id":"nado-000006","token_summary":"len:30:passke...en_331","reason":"close:1006"}'
08-16 06:02:20.787 I/ReactNativeJS(25481): '[VoIPPendingIncoming]', '{"event":"REQUEST_START","source":"pending_call_poll","token_summary":"len:30:passke...en_331","user_id":6,"has_pending_call":false,"has_active_call":false}'
08-16 06:02:21.069 I/ReactNativeJS(25481): '[VoIPPendingIncoming]', '{"event":"REQUEST_RESULT","source":"pending_call_poll","token_summary":"len:30:passke...en_331","user_id":6,"status":401,"ok":false}'
08-16 06:02:21.069 I/ReactNativeJS(25481): '[VoIPPendingIncoming] fetch failed', 401
08-16 06:02:22.134 I/ReactNativeJS(25481): '[UI_PRESS_PROBE]', '{"event":"VOIP_PRESENCE_CONNECT_ATTEMPT","timestamp":"2026-08-15T21:02:22.134Z","token_ready":true,"user_ready":true,"show_login":false,"show_voip_tester":false,"selected_call_mode":"pstn_assist","voice_id":"nado-000006","token_summary":"len:30:passke...en_331","reason":"retry:close:1006","api_base":"https://metanova1004.com"}'
08-16 06:02:22.398 I/ReactNativeJS(25481): '[UI_PRESS_PROBE]', '{"event":"VOIP_PRESENCE_ERROR","timestamp":"2026-08-15T21:02:22.397Z","token_ready":true,"user_ready":true,"show_login":false,"show_voip_tester":false,"selected_call_mode":"pstn_assist","voice_id":"nado-000006","token_summary":"len:30:passke...en_331","reason":"retry:close:1006"}'
08-16 06:02:22.398 I/ReactNativeJS(25481): '[UI_PRESS_PROBE]', '{"event":"VOIP_PRESENCE_CLOSED","timestamp":"2026-08-15T21:02:22.398Z","token_ready":true,"user_ready":true,"show_login":false,"show_voip_tester":false,"selected_call_mode":"pstn_assist","voice_id":"nado-000006","token_summary":"len:30:passke...en_331","reason":"retry:close:1006","code":1006}'
08-16 06:02:22.398 I/ReactNativeJS(25481): '[UI_PRESS_PROBE]', '{"event":"VOIP_PRESENCE_RETRY_SCHEDULED","timestamp":"2026-08-15T21:02:22.398Z","token_ready":true,"user_ready":true,"show_login":false,"show_voip_tester":false,"selected_call_mode":"pstn_assist","voice_id":"nado-000006","token_summary":"len:30:passke...en_331","reason":"close:1006"}'
08-16 06:02:23.312 I/ReactNativeJS(25481): '[VoIPPendingIncoming]', '{"event":"REQUEST_START","source":"pending_call_poll","token_summary":"len:30:passke...en_331","user_id":6,"has_pending_call":false,"has_active_call":false}'
08-16 06:02:23.633 I/ReactNativeJS(25481): '[VoIPPendingIncoming]', '{"event":"REQUEST_RESULT","source":"pending_call_poll","token_summary":"len:30:passke...en_331","user_id":6,"status":401,"ok":false}'
08-16 06:02:23.633 I/ReactNativeJS(25481): '[VoIPPendingIncoming] fetch failed', 401
08-16 06:02:24.180 I/ReactNativeJS(25481): '[UI_PRESS_PROBE]', '{"event":"VOIP_PRESENCE_CONNECT_ATTEMPT","timestamp":"2026-08-15T21:02:24.180Z","token_ready":true,"user_ready":true,"show_login":false,"show_voip_tester":false,"selected_call_mode":"pstn_assist","voice_id":"nado-000006","token_summary":"len:30:passke...en_331","reason":"retry:close:1006","api_base":"https://metanova1004.com"}'
08-16 06:02:24.455 I/ReactNativeJS(25481): '[UI_PRESS_PROBE]', '{"event":"VOIP_PRESENCE_ERROR","timestamp":"2026-08-15T21:02:24.455Z","token_ready":true,"user_ready":true,"show_login":false,"show_voip_tester":false,"selected_call_mode":"pstn_assist","voice_id":"nado-000006","token_summary":"len:30:passke...en_331","reason":"retry:close:1006"}'
08-16 06:02:24.456 I/ReactNativeJS(25481): '[UI_PRESS_PROBE]', '{"event":"VOIP_PRESENCE_CLOSED","timestamp":"2026-08-15T21:02:24.456Z","token_ready":true,"user_ready":true,"show_login":false,"show_voip_tester":false,"selected_call_mode":"pstn_assist","voice_id":"nado-000006","token_summary":"len:30:passke...en_331","reason":"retry:close:1006","code":1006}'
08-16 06:02:24.456 I/ReactNativeJS(25481): '[UI_PRESS_PROBE]', '{"event":"VOIP_PRESENCE_RETRY_SCHEDULED","timestamp":"2026-08-15T21:02:24.456Z","token_ready":true,"user_ready":true,"show_login":false,"show_voip_tester":false,"selected_call_mode":"pstn_assist","voice_id":"nado-000006","token_summary":"len:30:passke...en_331","reason":"close:1006"}'
08-16 06:02:25.825 I/ReactNativeJS(25481): '[VoIPPendingIncoming]', '{"event":"REQUEST_START","source":"pending_call_poll","token_summary":"len:30:passke...en_331","user_id":6,"has_pending_call":false,"has_active_call":false}'
08-16 06:02:26.110 I/ReactNativeJS(25481): '[VoIPPendingIncoming]', '{"event":"REQUEST_RESULT","source":"pending_call_poll","token_summary":"len:30:passke...en_331","user_id":6,"status":401,"ok":false}'
08-16 06:02:26.111 I/ReactNativeJS(25481): '[VoIPPendingIncoming] fetch failed', 401
08-16 06:02:26.200 I/ReactNativeJS(25481): '[UI_PRESS_PROBE]', '{"event":"VOIP_PRESENCE_CONNECT_ATTEMPT","timestamp":"2026-08-15T21:02:26.200Z","token_ready":true,"user_ready":true,"show_login":false,"show_voip_tester":false,"selected_call_mode":"pstn_assist","voice_id":"nado-000006","token_summary":"len:30:passke...en_331","reason":"retry:close:1006","api_base":"https://metanova1004.com"}'
08-16 06:02:26.453 I/ReactNativeJS(25481): '[UI_PRESS_PROBE]', '{"event":"VOIP_PRESENCE_ERROR","timestamp":"2026-08-15T21:02:26.452Z","token_ready":true,"user_ready":true,"show_login":false,"show_voip_tester":false,"selected_call_mode":"pstn_assist","voice_id":"nado-000006","token_summary":"len:30:passke...en_331","reason":"retry:close:1006"}'
08-16 06:02:26.453 I/ReactNativeJS(25481): '[UI_PRESS_PROBE]', '{"event":"VOIP_PRESENCE_CLOSED","timestamp":"2026-08-15T21:02:26.453Z","token_ready":true,"user_ready":true,"show_login":false,"show_voip_tester":false,"selected_call_mode":"pstn_assist","voice_id":"nado-000006","token_summary":"len:30:passke...en_331","reason":"retry:close:1006","code":1006}'
08-16 06:02:26.453 I/ReactNativeJS(25481): '[UI_PRESS_PROBE]', '{"event":"VOIP_PRESENCE_RETRY_SCHEDULED","timestamp":"2026-08-15T21:02:26.453Z","token_ready":true,"user_ready":true,"show_login":false,"show_voip_tester":false,"selected_call_mode":"pstn_assist","voice_id":"nado-000006","token_summary":"len:30:passke...en_331","reason":"close:1006"}'
08-16 06:02:28.199 I/ReactNativeJS(25481): '[UI_PRESS_PROBE]', '{"event":"VOIP_PRESENCE_CONNECT_ATTEMPT","timestamp":"2026-08-15T21:02:28.198Z","token_ready":true,"user_ready":true,"show_login":false,"show_voip_tester":false,"selected_call_mode":"pstn_assist","voice_id":"nado-000006","token_summary":"len:30:passke...en_331","reason":"retry:close:1006","api_base":"https://metanova1004.com"}'
08-16 06:02:28.337 I/ReactNativeJS(25481): '[VoIPPendingIncoming]', '{"event":"REQUEST_START","source":"pending_call_poll","token_summary":"len:30:passke...en_331","user_id":6,"has_pending_call":false,"has_active_call":false}'
08-16 06:02:28.457 I/ReactNativeJS(25481): '[UI_PRESS_PROBE]', '{"event":"VOIP_PRESENCE_ERROR","timestamp":"2026-08-15T21:02:28.456Z","token_ready":true,"user_ready":true,"show_login":false,"show_voip_tester":false,"selected_call_mode":"pstn_assist","voice_id":"nado-000006","token_summary":"len:30:passke...en_331","reason":"retry:close:1006"}'
08-16 06:02:28.457 I/ReactNativeJS(25481): '[UI_PRESS_PROBE]', '{"event":"VOIP_PRESENCE_CLOSED","timestamp":"2026-08-15T21:02:28.457Z","token_ready":true,"user_ready":true,"show_login":false,"show_voip_tester":false,"selected_call_mode":"pstn_assist","voice_id":"nado-000006","token_summary":"len:30:passke...en_331","reason":"retry:close:1006","code":1006}'
08-16 06:02:28.457 I/ReactNativeJS(25481): '[UI_PRESS_PROBE]', '{"event":"VOIP_PRESENCE_RETRY_SCHEDULED","timestamp":"2026-08-15T21:02:28.457Z","token_ready":true,"user_ready":true,"show_login":false,"show_voip_tester":false,"selected_call_mode":"pstn_assist","voice_id":"nado-000006","token_summary":"len:30:passke...en_331","reason":"close:1006"}'
08-16 06:02:28.631 I/ReactNativeJS(25481): '[VoIPPendingIncoming]', '{"event":"REQUEST_RESULT","source":"pending_call_poll","token_summary":"len:30:passke...en_331","user_id":6,"status":401,"ok":false}'
08-16 06:02:28.631 I/ReactNativeJS(25481): '[VoIPPendingIncoming] fetch failed', 401
08-16 06:02:30.225 I/ReactNativeJS(25481): '[UI_PRESS_PROBE]', '{"event":"VOIP_PRESENCE_CONNECT_ATTEMPT","timestamp":"2026-08-15T21:02:30.225Z","token_ready":true,"user_ready":true,"show_login":false,"show_voip_tester":false,"selected_call_mode":"pstn_assist","voice_id":"nado-000006","token_summary":"len:30:passke...en_331","reason":"retry:close:1006","api_base":"https://metanova1004.com"}'
08-16 06:02:30.505 I/ReactNativeJS(25481): '[UI_PRESS_PROBE]', '{"event":"VOIP_PRESENCE_ERROR","timestamp":"2026-08-15T21:02:30.505Z","token_ready":true,"user_ready":true,"show_login":false,"show_voip_tester":false,"selected_call_mode":"pstn_assist","voice_id":"nado-000006","token_summary":"len:30:passke...en_331","reason":"retry:close:1006"}'
08-16 06:02:30.506 I/ReactNativeJS(25481): '[UI_PRESS_PROBE]', '{"event":"VOIP_PRESENCE_CLOSED","timestamp":"2026-08-15T21:02:30.506Z","token_ready":true,"user_ready":true,"show_login":false,"show_voip_tester":false,"selected_call_mode":"pstn_assist","voice_id":"nado-000006","token_summary":"len:30:passke...en_331","reason":"retry:close:1006","code":1006}'
08-16 06:02:30.506 I/ReactNativeJS(25481): '[UI_PRESS_PROBE]', '{"event":"VOIP_PRESENCE_RETRY_SCHEDULED","timestamp":"2026-08-15T21:02:30.506Z","token_ready":true,"user_ready":true,"show_login":false,"show_voip_tester":false,"selected_call_mode":"pstn_assist","voice_id":"nado-000006","token_summary":"len:30:passke...en_331","reason":"close:1006"}'
08-16 06:02:30.843 I/ReactNativeJS(25481): '[VoIPPendingIncoming]', '{"event":"REQUEST_START","source":"pending_call_poll","token_summary":"len:30:passke...en_331","user_id":6,"has_pending_call":false,"has_active_call":false}'
08-16 06:02:31.150 I/ReactNativeJS(25481): '[VoIPPendingIncoming]', '{"event":"REQUEST_RESULT","source":"pending_call_poll","token_summary":"len:30:passke...en_331","user_id":6,"status":401,"ok":false}'
08-16 06:02:31.150 I/ReactNativeJS(25481): '[VoIPPendingIncoming] fetch failed', 401
08-16 06:02:32.272 I/ReactNativeJS(25481): '[UI_PRESS_PROBE]', '{"event":"VOIP_PRESENCE_CONNECT_ATTEMPT","timestamp":"2026-08-15T21:02:32.272Z","token_ready":true,"user_ready":true,"show_login":false,"show_voip_tester":false,"selected_call_mode":"pstn_assist","voice_id":"nado-000006","token_summary":"len:30:passke...en_331","reason":"retry:close:1006","api_base":"https://metanova1004.com"}'
08-16 06:02:32.556 I/ReactNativeJS(25481): '[UI_PRESS_PROBE]', '{"event":"VOIP_PRESENCE_ERROR","timestamp":"2026-08-15T21:02:32.556Z","token_ready":true,"user_ready":true,"show_login":false,"show_voip_tester":false,"selected_call_mode":"pstn_assist","voice_id":"nado-000006","token_summary":"len:30:passke...en_331","reason":"retry:close:1006"}'
08-16 06:02:32.556 I/ReactNativeJS(25481): '[UI_PRESS_PROBE]', '{"event":"VOIP_PRESENCE_CLOSED","timestamp":"2026-08-15T21:02:32.556Z","token_ready":true,"user_ready":true,"show_login":false,"show_voip_tester":false,"selected_call_mode":"pstn_assist","voice_id":"nado-000006","token_summary":"len:30:passke...en_331","reason":"retry:close:1006","code":1006}'
08-16 06:02:32.557 I/ReactNativeJS(25481): '[UI_PRESS_PROBE]', '{"event":"VOIP_PRESENCE_RETRY_SCHEDULED","timestamp":"2026-08-15T21:02:32.556Z","token_ready":true,"user_ready":true,"show_login":false,"show_voip_tester":false,"selected_call_mode":"pstn_assist","voice_id":"nado-000006","token_summary":"len:30:passke...en_331","reason":"close:1006"}'
