--------- beginning of main
08-16 06:02:34.843 I/ReactNativeJS(27514): '[VoIP] WebRTC module loaded', { module: 'react-native-webrtc',
08-16 06:02:34.843 I/ReactNativeJS(27514):   hasPeerConnection: true,
08-16 06:02:34.843 I/ReactNativeJS(27514):   hasMediaDevices: true }
08-16 06:02:34.856 W/ReactNativeJS(27514): This method is deprecated (as well as all React Native Firebase namespaced API) and will be removed in the next major release as part of move to match Firebase Web modular SDK API. Please see migration guide for more details: https://rnfirebase.io/migrating-to-v22 Please use `getApps()` instead.
08-16 06:02:34.857 W/ReactNativeJS(27514): This method is deprecated (as well as all React Native Firebase namespaced API) and will be removed in the next major release as part of move to match Firebase Web modular SDK API. Please see migration guide for more details: https://rnfirebase.io/migrating-to-v22 Please use `initializeApp()` instead.
08-16 06:02:34.858 W/ReactNativeJS(27514): This method is deprecated (as well as all React Native Firebase namespaced API) and will be removed in the next major release as part of move to match Firebase Web modular SDK API. Please see migration guide for more details: https://rnfirebase.io/migrating-to-v22 Please use `getApps()` instead.
08-16 06:02:34.858 W/ReactNativeJS(27514): This method is deprecated (as well as all React Native Firebase namespaced API) and will be removed in the next major release as part of move to match Firebase Web modular SDK API. Please see migration guide for more details: https://rnfirebase.io/migrating-to-v22 Please use `getApp()` instead.
08-16 06:02:34.875 I/ReactNativeJS(27514): Running "main"
08-16 06:02:35.091 I/ReactNativeJS(27514): '[UI_PRESS_PROBE]', '{"event":"NETWORK_TRANSPORT_CHANGED","timestamp":"2026-08-15T21:02:35.091Z","token_ready":false,"user_ready":false,"show_login":false,"show_voip_tester":false,"selected_call_mode":"pstn_assist","transport":"unknown","cellular_generation":null,"label":"알 수 없음","is_connected":false,"is_internet_reachable":null,"carrier":null,"ssid":null,"is_accurate_voip_test_ready":false,"previous_label":null}'
08-16 06:02:35.094 I/ReactNativeJS(27514): '[WORLDLINGCO_API] base_url', 'https://metanova1004.com'
08-16 06:02:35.097 I/ReactNativeJS(27514): [VoIPToneService] AudioContext not available (React Native environment)
08-16 06:02:35.100 I/ReactNativeJS(27514): '[FACE_CONVERSATION]', '{"event":"silero_probe","supported":false}'
08-16 06:02:35.143 I/ReactNativeJS(27514): '[DEEP_LINK_TRACE]', '{"source":"initial_url","outcome":"empty_url"}'
08-16 06:02:35.234 I/ReactNativeJS(27514): '[DEEP_LINK_TRACE]', '{"source":"active_initial_url","outcome":"empty_url"}'
08-16 06:02:35.608 I/ReactNativeJS(27514): '[WORLDLINGCO_TUNING]', '{"event":"remote_loaded","updated_at":"2026-08-14T06:06:31Z","version":6}'
08-16 06:02:35.802 I/ReactNativeJS(27514): '[DEEP_LINK_TRACE]', '{"source":"bootstrap_initial_url_600","outcome":"empty_url"}'
08-16 06:02:36.802 I/ReactNativeJS(27514): '[DEEP_LINK_TRACE]', '{"source":"bootstrap_initial_url_1600","outcome":"empty_url"}'
08-16 06:02:38.396 I/ReactNativeJS(27514): '[DEEP_LINK_TRACE]', '{"source":"bootstrap_initial_url_3200","outcome":"empty_url"}'
08-16 06:02:40.398 I/ReactNativeJS(27514): '[DEEP_LINK_TRACE]', '{"source":"bootstrap_initial_url_5200","outcome":"empty_url"}'
08-16 06:02:49.053 I/ReactNativeJS(27514): '[DEEP_LINK_TRACE]', '{"source":"initial_url","outcome":"empty_url"}'
08-16 06:02:49.141 I/ReactNativeJS(27514): '[AUTH_FLOW]', '{"event":"AUTH_STORAGE_RESTORE_FOUND","user_id":6,"user_email":"119cash@naver.com"}'
08-16 06:02:49.141 I/ReactNativeJS(27514): '[AUTH_FLOW]', '{"event":"AUTH_STORAGE_RESTORE_APPLIED","user_id":6,"user_email":"119cash@naver.com"}'
08-16 06:02:49.315 W/ReactNativeJS(27514): This method is deprecated (as well as all React Native Firebase namespaced API) and will be removed in the next major release as part of move to match Firebase Web modular SDK API. Please see migration guide for more details: https://rnfirebase.io/migrating-to-v22 Please use `getApps()` instead.
08-16 06:02:49.315 W/ReactNativeJS(27514): This method is deprecated (as well as all React Native Firebase namespaced API) and will be removed in the next major release as part of move to match Firebase Web modular SDK API. Please see migration guide for more details: https://rnfirebase.io/migrating-to-v22 Please use `getApps()` instead.
08-16 06:02:49.316 W/ReactNativeJS(27514): This method is deprecated (as well as all React Native Firebase namespaced API) and will be removed in the next major release as part of move to match Firebase Web modular SDK API. Please see migration guide for more details: https://rnfirebase.io/migrating-to-v22 Please use `getApps()` instead.
08-16 06:02:49.318 W/ReactNativeJS(27514): This method is deprecated (as well as all React Native Firebase namespaced API) and will be removed in the next major release as part of move to match Firebase Web modular SDK API. Please see migration guide for more details: https://rnfirebase.io/migrating-to-v22 Please use `getApps()` instead.
08-16 06:02:49.321 I/ReactNativeJS(27514): '[VoIPPendingIncoming]', '{"event":"REQUEST_START","source":"pending_call_initial","token_summary":"len:30:passke...en_331","user_id":6,"has_pending_call":false,"has_active_call":false}'
08-16 06:02:49.324 I/ReactNativeJS(27514): '[UI_PRESS_PROBE]', '{"event":"VOIP_PRESENCE_CONNECT_ATTEMPT","timestamp":"2026-08-15T21:02:49.323Z","token_ready":true,"user_ready":true,"show_login":false,"show_voip_tester":false,"selected_call_mode":"pstn_assist","voice_id":"nado-000006","token_summary":"len:30:passke...en_331","reason":"effect_start","api_base":"https://metanova1004.com"}'
08-16 06:02:49.366 W/ReactNativeJS(27514): This method is deprecated (as well as all React Native Firebase namespaced API) and will be removed in the next major release as part of move to match Firebase Web modular SDK API. Please see migration guide for more details: https://rnfirebase.io/migrating-to-v22 Please use `getApp()` instead.
08-16 06:02:49.366 W/ReactNativeJS(27514): This method is deprecated (as well as all React Native Firebase namespaced API) and will be removed in the next major release as part of move to match Firebase Web modular SDK API. Please see migration guide for more details: https://rnfirebase.io/migrating-to-v22 Please use `getApp()` instead.
08-16 06:02:49.367 W/ReactNativeJS(27514): This method is deprecated (as well as all React Native Firebase namespaced API) and will be removed in the next major release as part of move to match Firebase Web modular SDK API. Please see migration guide for more details: https://rnfirebase.io/migrating-to-v22 Please use `getApp()` instead.
08-16 06:02:49.369 W/ReactNativeJS(27514): This method is deprecated (as well as all React Native Firebase namespaced API) and will be removed in the next major release as part of move to match Firebase Web modular SDK API. Please see migration guide for more details: https://rnfirebase.io/migrating-to-v22 Please use `getApp()` instead.
08-16 06:02:49.370 I/ReactNativeJS(27514): '[UI_PRESS_PROBE]', '{"event":"VOIP_NOTIFICATION_PERMISSION_STATUS","timestamp":"2026-08-15T21:02:49.370Z","token_ready":true,"user_ready":true,"show_login":false,"show_voip_tester":false,"selected_call_mode":"pstn_assist","notifications_enabled":true}'
08-16 06:02:49.569 I/ReactNativeJS(27514): '[DEEP_LINK_TRACE]', '{"source":"initial_url","outcome":"empty_url"}'
08-16 06:02:49.583 I/ReactNativeJS(27514): '[MISSED_CALL]', '{"event":"fetch","count":0}'
08-16 06:02:49.584 I/ReactNativeJS(27514): '[VoIPPendingIncoming]', '{"event":"REQUEST_RESULT","source":"pending_call_initial","token_summary":"len:30:passke...en_331","user_id":6,"status":401,"ok":false}'
08-16 06:02:49.584 I/ReactNativeJS(27514): '[VoIPPendingIncoming] fetch failed', 401
08-16 06:02:49.587 I/ReactNativeJS(27514): '[UI_PRESS_PROBE]', '{"event":"VOIP_PRESENCE_ERROR","timestamp":"2026-08-15T21:02:49.587Z","token_ready":true,"user_ready":true,"show_login":false,"show_voip_tester":false,"selected_call_mode":"pstn_assist","voice_id":"nado-000006","token_summary":"len:30:passke...en_331","reason":"effect_start"}'
08-16 06:02:49.588 I/ReactNativeJS(27514): '[UI_PRESS_PROBE]', '{"event":"VOIP_PRESENCE_CLOSED","timestamp":"2026-08-15T21:02:49.587Z","token_ready":true,"user_ready":true,"show_login":false,"show_voip_tester":false,"selected_call_mode":"pstn_assist","voice_id":"nado-000006","token_summary":"len:30:passke...en_331","reason":"effect_start","code":1006}'
08-16 06:02:49.588 I/ReactNativeJS(27514): '[UI_PRESS_PROBE]', '{"event":"VOIP_PRESENCE_RETRY_SCHEDULED","timestamp":"2026-08-15T21:02:49.588Z","token_ready":true,"user_ready":true,"show_login":false,"show_voip_tester":false,"selected_call_mode":"pstn_assist","voice_id":"nado-000006","token_summary":"len:30:passke...en_331","reason":"close:1006"}'
08-16 06:02:49.634 I/ReactNativeJS(27514): '[UI_PRESS_PROBE]', '{"event":"NETWORK_TRANSPORT_CHANGED","timestamp":"2026-08-15T21:02:49.634Z","token_ready":true,"user_ready":true,"show_login":false,"show_voip_tester":false,"selected_call_mode":"pstn_assist","transport":"wifi","cellular_generation":null,"label":"WiFi","is_connected":true,"is_internet_reachable":true,"carrier":null,"ssid":"KT_WiFi_7_0A7C","is_accurate_voip_test_ready":false,"previous_label":"알 수 없음"}'
08-16 06:02:50.076 W/ReactNativeJS(27514): This method is deprecated (as well as all React Native Firebase namespaced API) and will be removed in the next major release as part of move to match Firebase Web modular SDK API. Please see migration guide for more details: https://rnfirebase.io/migrating-to-v22 Please use `getApp()` instead.
08-16 06:02:50.267 I/ReactNativeJS(27514): '[DEEP_LINK_TRACE]', '{"source":"bootstrap_initial_url_600","outcome":"empty_url"}'
08-16 06:02:50.268 I/ReactNativeJS(27514): '[UI_PRESS_PROBE]', '{"event":"VOIP_ACTIVE_CALL_RESUME_SKIPPED_AUTH","timestamp":"2026-08-15T21:02:50.267Z","token_ready":true,"user_ready":true,"show_login":false,"show_voip_tester":false,"selected_call_mode":"pstn_assist","source":"app_launch_resume","status":401,"last_call_id":null}'
08-16 06:02:50.913 W/ReactNativeJS(27514): This method is deprecated (as well as all React Native Firebase namespaced API) and will be removed in the next major release as part of move to match Firebase Web modular SDK API. Please see migration guide for more details: https://rnfirebase.io/migrating-to-v22 Please use `getApp()` instead.
08-16 06:02:51.282 I/ReactNativeJS(27514): '[UI_PRESS_PROBE]', '{"event":"VOIP_PRESENCE_CONNECT_ATTEMPT","timestamp":"2026-08-15T21:02:51.281Z","token_ready":true,"user_ready":true,"show_login":false,"show_voip_tester":false,"selected_call_mode":"pstn_assist","voice_id":"nado-000006","token_summary":"len:30:passke...en_331","reason":"retry:close:1006","api_base":"https://metanova1004.com"}'
08-16 06:02:51.316 I/ReactNativeJS(27514): '[DEEP_LINK_TRACE]', '{"source":"bootstrap_initial_url_1600","outcome":"empty_url"}'
08-16 06:02:51.365 I/ReactNativeJS(27514): '[UI_PRESS_PROBE]', '{"event":"VOIP_FCM_TOPIC_READY","timestamp":"2026-08-15T21:02:51.364Z","token_ready":true,"user_ready":true,"show_login":false,"show_voip_tester":false,"selected_call_mode":"pstn_assist","topic":"worldlingo_voip_nado_000006","push_token_present":true}'
08-16 06:02:51.539 I/ReactNativeJS(27514): '[UI_PRESS_PROBE]', '{"event":"VOIP_PRESENCE_ERROR","timestamp":"2026-08-15T21:02:51.539Z","token_ready":true,"user_ready":true,"show_login":false,"show_voip_tester":false,"selected_call_mode":"pstn_assist","voice_id":"nado-000006","token_summary":"len:30:passke...en_331","reason":"retry:close:1006"}'
08-16 06:02:51.540 I/ReactNativeJS(27514): '[UI_PRESS_PROBE]', '{"event":"VOIP_PRESENCE_CLOSED","timestamp":"2026-08-15T21:02:51.539Z","token_ready":true,"user_ready":true,"show_login":false,"show_voip_tester":false,"selected_call_mode":"pstn_assist","voice_id":"nado-000006","token_summary":"len:30:passke...en_331","reason":"retry:close:1006","code":1006}'
08-16 06:02:51.540 I/ReactNativeJS(27514): '[UI_PRESS_PROBE]', '{"event":"VOIP_PRESENCE_RETRY_SCHEDULED","timestamp":"2026-08-15T21:02:51.540Z","token_ready":true,"user_ready":true,"show_login":false,"show_voip_tester":false,"selected_call_mode":"pstn_assist","voice_id":"nado-000006","token_summary":"len:30:passke...en_331","reason":"close:1006"}'
08-16 06:02:51.990 W/ReactNativeJS(27514): This method is deprecated (as well as all React Native Firebase namespaced API) and will be removed in the next major release as part of move to match Firebase Web modular SDK API. Please see migration guide for more details: https://rnfirebase.io/migrating-to-v22 Please use `getApps()` instead.
08-16 06:02:51.992 I/ReactNativeJS(27514): '[VoIPPendingIncoming]', '{"event":"REQUEST_START","source":"pending_call_poll","token_summary":"len:30:passke...en_331","user_id":6,"has_pending_call":false,"has_active_call":false}'
08-16 06:02:52.164 W/ReactNativeJS(27514): This method is deprecated (as well as all React Native Firebase namespaced API) and will be removed in the next major release as part of move to match Firebase Web modular SDK API. Please see migration guide for more details: https://rnfirebase.io/migrating-to-v22 Please use `getApp()` instead.
08-16 06:02:52.164 W/ReactNativeJS(27514): This method is deprecated (as well as all React Native Firebase namespaced API) and will be removed in the next major release as part of move to match Firebase Web modular SDK API. Please see migration guide for more details: https://rnfirebase.io/migrating-to-v22 Please use `getApps()` instead.
08-16 06:02:52.164 W/ReactNativeJS(27514): This method is deprecated (as well as all React Native Firebase namespaced API) and will be removed in the next major release as part of move to match Firebase Web modular SDK API. Please see migration guide for more details: https://rnfirebase.io/migrating-to-v22 Please use `getApp()` instead.
08-16 06:02:52.164 W/ReactNativeJS(27514): This method is deprecated (as well as all React Native Firebase namespaced API) and will be removed in the next major release as part of move to match Firebase Web modular SDK API. Please see migration guide for more details: https://rnfirebase.io/migrating-to-v22 Please use `getApp()` instead.
08-16 06:02:52.218 I/ReactNativeJS(27514): '[VoIPPendingIncoming]', '{"event":"REQUEST_RESULT","source":"pending_call_poll","token_summary":"len:30:passke...en_331","user_id":6,"status":401,"ok":false}'
08-16 06:02:52.218 I/ReactNativeJS(27514): '[VoIPPendingIncoming] fetch failed', 401
08-16 06:02:52.885 I/ReactNativeJS(27514): '[DEEP_LINK_TRACE]', '{"source":"bootstrap_initial_url_3200","outcome":"empty_url"}'
08-16 06:02:53.229 I/ReactNativeJS(27514): '[UI_PRESS_PROBE]', '{"event":"VOIP_PRESENCE_CONNECT_ATTEMPT","timestamp":"2026-08-15T21:02:53.229Z","token_ready":true,"user_ready":true,"show_login":false,"show_voip_tester":false,"selected_call_mode":"pstn_assist","voice_id":"nado-000006","token_summary":"len:30:passke...en_331","reason":"retry:close:1006","api_base":"https://metanova1004.com"}'
08-16 06:02:53.425 I/ReactNativeJS(27514): '[UI_PRESS_PROBE]', '{"event":"VOIP_PRESENCE_ERROR","timestamp":"2026-08-15T21:02:53.424Z","token_ready":true,"user_ready":true,"show_login":false,"show_voip_tester":false,"selected_call_mode":"pstn_assist","voice_id":"nado-000006","token_summary":"len:30:passke...en_331","reason":"retry:close:1006"}'
08-16 06:02:53.425 I/ReactNativeJS(27514): '[UI_PRESS_PROBE]', '{"event":"VOIP_PRESENCE_CLOSED","timestamp":"2026-08-15T21:02:53.425Z","token_ready":true,"user_ready":true,"show_login":false,"show_voip_tester":false,"selected_call_mode":"pstn_assist","voice_id":"nado-000006","token_summary":"len:30:passke...en_331","reason":"retry:close:1006","code":1006}'
08-16 06:02:53.425 I/ReactNativeJS(27514): '[UI_PRESS_PROBE]', '{"event":"VOIP_PRESENCE_RETRY_SCHEDULED","timestamp":"2026-08-15T21:02:53.425Z","token_ready":true,"user_ready":true,"show_login":false,"show_voip_tester":false,"selected_call_mode":"pstn_assist","voice_id":"nado-000006","token_summary":"len:30:passke...en_331","reason":"close:1006"}'
08-16 06:02:54.616 I/ReactNativeJS(27514): '[VoIPPendingIncoming]', '{"event":"REQUEST_START","source":"pending_call_poll","token_summary":"len:30:passke...en_331","user_id":6,"has_pending_call":false,"has_active_call":false}'
08-16 06:02:54.987 I/ReactNativeJS(27514): '[VoIPPendingIncoming]', '{"event":"REQUEST_RESULT","source":"pending_call_poll","token_summary":"len:30:passke...en_331","user_id":6,"status":401,"ok":false}'
08-16 06:02:54.987 I/ReactNativeJS(27514): '[VoIPPendingIncoming] fetch failed', 401
08-16 06:02:55.147 I/ReactNativeJS(27514): '[DEEP_LINK_TRACE]', '{"source":"bootstrap_initial_url_5200","outcome":"empty_url"}'
08-16 06:02:55.232 I/ReactNativeJS(27514): '[UI_PRESS_PROBE]', '{"event":"VOIP_PRESENCE_CONNECT_ATTEMPT","timestamp":"2026-08-15T21:02:55.232Z","token_ready":true,"user_ready":true,"show_login":false,"show_voip_tester":false,"selected_call_mode":"pstn_assist","voice_id":"nado-000006","token_summary":"len:30:passke...en_331","reason":"retry:close:1006","api_base":"https://metanova1004.com"}'
08-16 06:02:55.560 I/ReactNativeJS(27514): '[UI_PRESS_PROBE]', '{"event":"VOIP_PRESENCE_ERROR","timestamp":"2026-08-15T21:02:55.559Z","token_ready":true,"user_ready":true,"show_login":false,"show_voip_tester":false,"selected_call_mode":"pstn_assist","voice_id":"nado-000006","token_summary":"len:30:passke...en_331","reason":"retry:close:1006"}'
08-16 06:02:55.560 I/ReactNativeJS(27514): '[UI_PRESS_PROBE]', '{"event":"VOIP_PRESENCE_CLOSED","timestamp":"2026-08-15T21:02:55.560Z","token_ready":true,"user_ready":true,"show_login":false,"show_voip_tester":false,"selected_call_mode":"pstn_assist","voice_id":"nado-000006","token_summary":"len:30:passke...en_331","reason":"retry:close:1006","code":1006}'
08-16 06:02:55.560 I/ReactNativeJS(27514): '[UI_PRESS_PROBE]', '{"event":"VOIP_PRESENCE_RETRY_SCHEDULED","timestamp":"2026-08-15T21:02:55.560Z","token_ready":true,"user_ready":true,"show_login":false,"show_voip_tester":false,"selected_call_mode":"pstn_assist","voice_id":"nado-000006","token_summary":"len:30:passke...en_331","reason":"close:1006"}'
08-16 06:02:57.198 I/ReactNativeJS(27514): '[VoIPPendingIncoming]', '{"event":"REQUEST_START","source":"pending_call_poll","token_summary":"len:30:passke...en_331","user_id":6,"has_pending_call":false,"has_active_call":false}'
08-16 06:02:57.338 I/ReactNativeJS(27514): '[UI_PRESS_PROBE]', '{"event":"VOIP_PRESENCE_CONNECT_ATTEMPT","timestamp":"2026-08-15T21:02:57.337Z","token_ready":true,"user_ready":true,"show_login":false,"show_voip_tester":false,"selected_call_mode":"pstn_assist","voice_id":"nado-000006","token_summary":"len:30:passke...en_331","reason":"retry:close:1006","api_base":"https://metanova1004.com"}'
08-16 06:02:57.522 I/ReactNativeJS(27514): '[VoIPPendingIncoming]', '{"event":"REQUEST_RESULT","source":"pending_call_poll","token_summary":"len:30:passke...en_331","user_id":6,"status":401,"ok":false}'
08-16 06:02:57.522 I/ReactNativeJS(27514): '[VoIPPendingIncoming] fetch failed', 401
08-16 06:02:57.634 I/ReactNativeJS(27514): '[UI_PRESS_PROBE]', '{"event":"VOIP_PRESENCE_ERROR","timestamp":"2026-08-15T21:02:57.634Z","token_ready":true,"user_ready":true,"show_login":false,"show_voip_tester":false,"selected_call_mode":"pstn_assist","voice_id":"nado-000006","token_summary":"len:30:passke...en_331","reason":"retry:close:1006"}'
08-16 06:02:57.635 I/ReactNativeJS(27514): '[UI_PRESS_PROBE]', '{"event":"VOIP_PRESENCE_CLOSED","timestamp":"2026-08-15T21:02:57.634Z","token_ready":true,"user_ready":true,"show_login":false,"show_voip_tester":false,"selected_call_mode":"pstn_assist","voice_id":"nado-000006","token_summary":"len:30:passke...en_331","reason":"retry:close:1006","code":1006}'
08-16 06:02:57.635 I/ReactNativeJS(27514): '[UI_PRESS_PROBE]', '{"event":"VOIP_PRESENCE_RETRY_SCHEDULED","timestamp":"2026-08-15T21:02:57.635Z","token_ready":true,"user_ready":true,"show_login":false,"show_voip_tester":false,"selected_call_mode":"pstn_assist","voice_id":"nado-000006","token_summary":"len:30:passke...en_331","reason":"close:1006"}'
08-16 06:02:58.225 I/ReactNativeJS(27514): '[DEEP_LINK_TRACE]', '{"source":"initial_url","outcome":"empty_url"}'
08-16 06:02:59.073 I/ReactNativeJS(27514): '[DEEP_LINK_TRACE]', '{"source":"bootstrap_initial_url_600","outcome":"empty_url"}'
08-16 06:02:59.391 I/ReactNativeJS(27514): '[UI_PRESS_PROBE]', '{"event":"VOIP_PRESENCE_CONNECT_ATTEMPT","timestamp":"2026-08-15T21:02:59.391Z","token_ready":true,"user_ready":true,"show_login":false,"show_voip_tester":false,"selected_call_mode":"pstn_assist","voice_id":"nado-000006","token_summary":"len:30:passke...en_331","reason":"retry:close:1006","api_base":"https://metanova1004.com"}'
08-16 06:02:59.690 I/ReactNativeJS(27514): '[UI_PRESS_PROBE]', '{"event":"VOIP_PRESENCE_ERROR","timestamp":"2026-08-15T21:02:59.689Z","token_ready":true,"user_ready":true,"show_login":false,"show_voip_tester":false,"selected_call_mode":"pstn_assist","voice_id":"nado-000006","token_summary":"len:30:passke...en_331","reason":"retry:close:1006"}'
08-16 06:02:59.690 I/ReactNativeJS(27514): '[UI_PRESS_PROBE]', '{"event":"VOIP_PRESENCE_CLOSED","timestamp":"2026-08-15T21:02:59.690Z","token_ready":true,"user_ready":true,"show_login":false,"show_voip_tester":false,"selected_call_mode":"pstn_assist","voice_id":"nado-000006","token_summary":"len:30:passke...en_331","reason":"retry:close:1006","code":1006}'
08-16 06:02:59.691 I/ReactNativeJS(27514): '[UI_PRESS_PROBE]', '{"event":"VOIP_PRESENCE_RETRY_SCHEDULED","timestamp":"2026-08-15T21:02:59.690Z","token_ready":true,"user_ready":true,"show_login":false,"show_voip_tester":false,"selected_call_mode":"pstn_assist","voice_id":"nado-000006","token_summary":"len:30:passke...en_331","reason":"close:1006"}'
08-16 06:02:59.726 I/ReactNativeJS(27514): '[VoIPPendingIncoming]', '{"event":"REQUEST_START","source":"pending_call_poll","token_summary":"len:30:passke...en_331","user_id":6,"has_pending_call":false,"has_active_call":false}'
08-16 06:03:00.009 I/ReactNativeJS(27514): '[VoIPPendingIncoming]', '{"event":"REQUEST_RESULT","source":"pending_call_poll","token_summary":"len:30:passke...en_331","user_id":6,"status":401,"ok":false}'
08-16 06:03:00.009 I/ReactNativeJS(27514): '[VoIPPendingIncoming] fetch failed', 401
08-16 06:03:00.040 I/ReactNativeJS(27514): '[DEEP_LINK_TRACE]', '{"source":"bootstrap_initial_url_1600","outcome":"empty_url"}'
08-16 06:03:01.426 I/ReactNativeJS(27514): '[UI_PRESS_PROBE]', '{"event":"VOIP_PRESENCE_CONNECT_ATTEMPT","timestamp":"2026-08-15T21:03:01.425Z","token_ready":true,"user_ready":true,"show_login":false,"show_voip_tester":false,"selected_call_mode":"pstn_assist","voice_id":"nado-000006","token_summary":"len:30:passke...en_331","reason":"retry:close:1006","api_base":"https://metanova1004.com"}'
08-16 06:03:01.615 I/ReactNativeJS(27514): '[DEEP_LINK_TRACE]', '{"source":"bootstrap_initial_url_3200","outcome":"empty_url"}'
08-16 06:03:01.674 I/ReactNativeJS(27514): '[UI_PRESS_PROBE]', '{"event":"VOIP_PRESENCE_ERROR","timestamp":"2026-08-15T21:03:01.674Z","token_ready":true,"user_ready":true,"show_login":false,"show_voip_tester":false,"selected_call_mode":"pstn_assist","voice_id":"nado-000006","token_summary":"len:30:passke...en_331","reason":"retry:close:1006"}'
08-16 06:03:01.675 I/ReactNativeJS(27514): '[UI_PRESS_PROBE]', '{"event":"VOIP_PRESENCE_CLOSED","timestamp":"2026-08-15T21:03:01.675Z","token_ready":true,"user_ready":true,"show_login":false,"show_voip_tester":false,"selected_call_mode":"pstn_assist","voice_id":"nado-000006","token_summary":"len:30:passke...en_331","reason":"retry:close:1006","code":1006}'
08-16 06:03:01.675 I/ReactNativeJS(27514): '[UI_PRESS_PROBE]', '{"event":"VOIP_PRESENCE_RETRY_SCHEDULED","timestamp":"2026-08-15T21:03:01.675Z","token_ready":true,"user_ready":true,"show_login":false,"show_voip_tester":false,"selected_call_mode":"pstn_assist","voice_id":"nado-000006","token_summary":"len:30:passke...en_331","reason":"close:1006"}'
08-16 06:03:02.171 I/ReactNativeJS(27514): '[VoIPPendingIncoming]', '{"event":"REQUEST_START","source":"pending_call_poll","token_summary":"len:30:passke...en_331","user_id":6,"has_pending_call":false,"has_active_call":false}'
08-16 06:03:02.460 I/ReactNativeJS(27514): '[VoIPPendingIncoming]', '{"event":"REQUEST_RESULT","source":"pending_call_poll","token_summary":"len:30:passke...en_331","user_id":6,"status":401,"ok":false}'
08-16 06:03:02.460 I/ReactNativeJS(27514): '[VoIPPendingIncoming] fetch failed', 401
08-16 06:03:03.445 I/ReactNativeJS(27514): '[UI_PRESS_PROBE]', '{"event":"VOIP_PRESENCE_CONNECT_ATTEMPT","timestamp":"2026-08-15T21:03:03.445Z","token_ready":true,"user_ready":true,"show_login":false,"show_voip_tester":false,"selected_call_mode":"pstn_assist","voice_id":"nado-000006","token_summary":"len:30:passke...en_331","reason":"retry:close:1006","api_base":"https://metanova1004.com"}'
08-16 06:03:03.701 I/ReactNativeJS(27514): '[DEEP_LINK_TRACE]', '{"source":"bootstrap_initial_url_5200","outcome":"empty_url"}'
08-16 06:03:03.731 I/ReactNativeJS(27514): '[UI_PRESS_PROBE]', '{"event":"VOIP_PRESENCE_ERROR","timestamp":"2026-08-15T21:03:03.730Z","token_ready":true,"user_ready":true,"show_login":false,"show_voip_tester":false,"selected_call_mode":"pstn_assist","voice_id":"nado-000006","token_summary":"len:30:passke...en_331","reason":"retry:close:1006"}'
08-16 06:03:03.731 I/ReactNativeJS(27514): '[UI_PRESS_PROBE]', '{"event":"VOIP_PRESENCE_CLOSED","timestamp":"2026-08-15T21:03:03.731Z","token_ready":true,"user_ready":true,"show_login":false,"show_voip_tester":false,"selected_call_mode":"pstn_assist","voice_id":"nado-000006","token_summary":"len:30:passke...en_331","reason":"retry:close:1006","code":1006}'
08-16 06:03:03.732 I/ReactNativeJS(27514): '[UI_PRESS_PROBE]', '{"event":"VOIP_PRESENCE_RETRY_SCHEDULED","timestamp":"2026-08-15T21:03:03.732Z","token_ready":true,"user_ready":true,"show_login":false,"show_voip_tester":false,"selected_call_mode":"pstn_assist","voice_id":"nado-000006","token_summary":"len:30:passke...en_331","reason":"close:1006"}'
08-16 06:03:04.723 I/ReactNativeJS(27514): '[VoIPPendingIncoming]', '{"event":"REQUEST_START","source":"pending_call_poll","token_summary":"len:30:passke...en_331","user_id":6,"has_pending_call":false,"has_active_call":false}'
08-16 06:03:05.041 I/ReactNativeJS(27514): '[VoIPPendingIncoming]', '{"event":"REQUEST_RESULT","source":"pending_call_poll","token_summary":"len:30:passke...en_331","user_id":6,"status":401,"ok":false}'
08-16 06:03:05.042 I/ReactNativeJS(27514): '[VoIPPendingIncoming] fetch failed', 401
08-16 06:03:05.492 I/ReactNativeJS(27514): '[UI_PRESS_PROBE]', '{"event":"VOIP_PRESENCE_CONNECT_ATTEMPT","timestamp":"2026-08-15T21:03:05.492Z","token_ready":true,"user_ready":true,"show_login":false,"show_voip_tester":false,"selected_call_mode":"pstn_assist","voice_id":"nado-000006","token_summary":"len:30:passke...en_331","reason":"retry:close:1006","api_base":"https://metanova1004.com"}'
08-16 06:03:05.777 I/ReactNativeJS(27514): '[UI_PRESS_PROBE]', '{"event":"VOIP_PRESENCE_ERROR","timestamp":"2026-08-15T21:03:05.776Z","token_ready":true,"user_ready":true,"show_login":false,"show_voip_tester":false,"selected_call_mode":"pstn_assist","voice_id":"nado-000006","token_summary":"len:30:passke...en_331","reason":"retry:close:1006"}'
08-16 06:03:05.777 I/ReactNativeJS(27514): '[UI_PRESS_PROBE]', '{"event":"VOIP_PRESENCE_CLOSED","timestamp":"2026-08-15T21:03:05.777Z","token_ready":true,"user_ready":true,"show_login":false,"show_voip_tester":false,"selected_call_mode":"pstn_assist","voice_id":"nado-000006","token_summary":"len:30:passke...en_331","reason":"retry:close:1006","code":1006}'
08-16 06:03:05.777 I/ReactNativeJS(27514): '[UI_PRESS_PROBE]', '{"event":"VOIP_PRESENCE_RETRY_SCHEDULED","timestamp":"2026-08-15T21:03:05.777Z","token_ready":true,"user_ready":true,"show_login":false,"show_voip_tester":false,"selected_call_mode":"pstn_assist","voice_id":"nado-000006","token_summary":"len:30:passke...en_331","reason":"close:1006"}'
08-16 06:03:07.247 I/ReactNativeJS(27514): '[VoIPPendingIncoming]', '{"event":"REQUEST_START","source":"pending_call_poll","token_summary":"len:30:passke...en_331","user_id":6,"has_pending_call":false,"has_active_call":false}'
08-16 06:03:07.531 I/ReactNativeJS(27514): '[UI_PRESS_PROBE]', '{"event":"VOIP_PRESENCE_CONNECT_ATTEMPT","timestamp":"2026-08-15T21:03:07.531Z","token_ready":true,"user_ready":true,"show_login":false,"show_voip_tester":false,"selected_call_mode":"pstn_assist","voice_id":"nado-000006","token_summary":"len:30:passke...en_331","reason":"retry:close:1006","api_base":"https://metanova1004.com"}'
08-16 06:03:07.568 I/ReactNativeJS(27514): '[VoIPPendingIncoming]', '{"event":"REQUEST_RESULT","source":"pending_call_poll","token_summary":"len:30:passke...en_331","user_id":6,"status":401,"ok":false}'
08-16 06:03:07.569 I/ReactNativeJS(27514): '[VoIPPendingIncoming] fetch failed', 401
08-16 06:03:07.818 I/ReactNativeJS(27514): '[UI_PRESS_PROBE]', '{"event":"VOIP_PRESENCE_ERROR","timestamp":"2026-08-15T21:03:07.818Z","token_ready":true,"user_ready":true,"show_login":false,"show_voip_tester":false,"selected_call_mode":"pstn_assist","voice_id":"nado-000006","token_summary":"len:30:passke...en_331","reason":"retry:close:1006"}'
08-16 06:03:07.819 I/ReactNativeJS(27514): '[UI_PRESS_PROBE]', '{"event":"VOIP_PRESENCE_CLOSED","timestamp":"2026-08-15T21:03:07.818Z","token_ready":true,"user_ready":true,"show_login":false,"show_voip_tester":false,"selected_call_mode":"pstn_assist","voice_id":"nado-000006","token_summary":"len:30:passke...en_331","reason":"retry:close:1006","code":1006}'
08-16 06:03:07.819 I/ReactNativeJS(27514): '[UI_PRESS_PROBE]', '{"event":"VOIP_PRESENCE_RETRY_SCHEDULED","timestamp":"2026-08-15T21:03:07.819Z","token_ready":true,"user_ready":true,"show_login":false,"show_voip_tester":false,"selected_call_mode":"pstn_assist","voice_id":"nado-000006","token_summary":"len:30:passke...en_331","reason":"close:1006"}'
08-16 06:03:09.599 I/ReactNativeJS(27514): '[UI_PRESS_PROBE]', '{"event":"VOIP_PRESENCE_CONNECT_ATTEMPT","timestamp":"2026-08-15T21:03:09.599Z","token_ready":true,"user_ready":true,"show_login":false,"show_voip_tester":false,"selected_call_mode":"pstn_assist","voice_id":"nado-000006","token_summary":"len:30:passke...en_331","reason":"retry:close:1006","api_base":"https://metanova1004.com"}'
08-16 06:03:09.793 I/ReactNativeJS(27514): '[VoIPPendingIncoming]', '{"event":"REQUEST_START","source":"pending_call_poll","token_summary":"len:30:passke...en_331","user_id":6,"has_pending_call":false,"has_active_call":false}'
08-16 06:03:09.907 I/ReactNativeJS(27514): '[UI_PRESS_PROBE]', '{"event":"VOIP_PRESENCE_ERROR","timestamp":"2026-08-15T21:03:09.907Z","token_ready":true,"user_ready":true,"show_login":false,"show_voip_tester":false,"selected_call_mode":"pstn_assist","voice_id":"nado-000006","token_summary":"len:30:passke...en_331","reason":"retry:close:1006"}'
08-16 06:03:09.908 I/ReactNativeJS(27514): '[UI_PRESS_PROBE]', '{"event":"VOIP_PRESENCE_CLOSED","timestamp":"2026-08-15T21:03:09.907Z","token_ready":true,"user_ready":true,"show_login":false,"show_voip_tester":false,"selected_call_mode":"pstn_assist","voice_id":"nado-000006","token_summary":"len:30:passke...en_331","reason":"retry:close:1006","code":1006}'
08-16 06:03:09.908 I/ReactNativeJS(27514): '[UI_PRESS_PROBE]', '{"event":"VOIP_PRESENCE_RETRY_SCHEDULED","timestamp":"2026-08-15T21:03:09.908Z","token_ready":true,"user_ready":true,"show_login":false,"show_voip_tester":false,"selected_call_mode":"pstn_assist","voice_id":"nado-000006","token_summary":"len:30:passke...en_331","reason":"close:1006"}'
08-16 06:03:10.121 I/ReactNativeJS(27514): '[VoIPPendingIncoming]', '{"event":"REQUEST_RESULT","source":"pending_call_poll","token_summary":"len:30:passke...en_331","user_id":6,"status":401,"ok":false}'
08-16 06:03:10.121 I/ReactNativeJS(27514): '[VoIPPendingIncoming] fetch failed', 401
08-16 06:03:11.656 I/ReactNativeJS(27514): '[UI_PRESS_PROBE]', '{"event":"VOIP_PRESENCE_CONNECT_ATTEMPT","timestamp":"2026-08-15T21:03:11.655Z","token_ready":true,"user_ready":true,"show_login":false,"show_voip_tester":false,"selected_call_mode":"pstn_assist","voice_id":"nado-000006","token_summary":"len:30:passke...en_331","reason":"retry:close:1006","api_base":"https://metanova1004.com"}'
08-16 06:03:11.955 I/ReactNativeJS(27514): '[UI_PRESS_PROBE]', '{"event":"VOIP_PRESENCE_ERROR","timestamp":"2026-08-15T21:03:11.955Z","token_ready":true,"user_ready":true,"show_login":false,"show_voip_tester":false,"selected_call_mode":"pstn_assist","voice_id":"nado-000006","token_summary":"len:30:passke...en_331","reason":"retry:close:1006"}'
08-16 06:03:11.956 I/ReactNativeJS(27514): '[UI_PRESS_PROBE]', '{"event":"VOIP_PRESENCE_CLOSED","timestamp":"2026-08-15T21:03:11.955Z","token_ready":true,"user_ready":true,"show_login":false,"show_voip_tester":false,"selected_call_mode":"pstn_assist","voice_id":"nado-000006","token_summary":"len:30:passke...en_331","reason":"retry:close:1006","code":1006}'
08-16 06:03:11.956 I/ReactNativeJS(27514): '[UI_PRESS_PROBE]', '{"event":"VOIP_PRESENCE_RETRY_SCHEDULED","timestamp":"2026-08-15T21:03:11.956Z","token_ready":true,"user_ready":true,"show_login":false,"show_voip_tester":false,"selected_call_mode":"pstn_assist","voice_id":"nado-000006","token_summary":"len:30:passke...en_331","reason":"close:1006"}'
08-16 06:03:12.253 I/ReactNativeJS(27514): '[VoIPPendingIncoming]', '{"event":"REQUEST_START","source":"pending_call_poll","token_summary":"len:30:passke...en_331","user_id":6,"has_pending_call":false,"has_active_call":false}'
08-16 06:03:12.560 I/ReactNativeJS(27514): '[VoIPPendingIncoming]', '{"event":"REQUEST_RESULT","source":"pending_call_poll","token_summary":"len:30:passke...en_331","user_id":6,"status":401,"ok":false}'
08-16 06:03:12.560 I/ReactNativeJS(27514): '[VoIPPendingIncoming] fetch failed', 401
08-16 06:03:13.682 I/ReactNativeJS(27514): '[UI_PRESS_PROBE]', '{"event":"VOIP_PRESENCE_CONNECT_ATTEMPT","timestamp":"2026-08-15T21:03:13.681Z","token_ready":true,"user_ready":true,"show_login":false,"show_voip_tester":false,"selected_call_mode":"pstn_assist","voice_id":"nado-000006","token_summary":"len:30:passke...en_331","reason":"retry:close:1006","api_base":"https://metanova1004.com"}'
08-16 06:03:13.937 I/ReactNativeJS(27514): '[UI_PRESS_PROBE]', '{"event":"VOIP_PRESENCE_ERROR","timestamp":"2026-08-15T21:03:13.937Z","token_ready":true,"user_ready":true,"show_login":false,"show_voip_tester":false,"selected_call_mode":"pstn_assist","voice_id":"nado-000006","token_summary":"len:30:passke...en_331","reason":"retry:close:1006"}'
08-16 06:03:13.938 I/ReactNativeJS(27514): '[UI_PRESS_PROBE]', '{"event":"VOIP_PRESENCE_CLOSED","timestamp":"2026-08-15T21:03:13.937Z","token_ready":true,"user_ready":true,"show_login":false,"show_voip_tester":false,"selected_call_mode":"pstn_assist","voice_id":"nado-000006","token_summary":"len:30:passke...en_331","reason":"retry:close:1006","code":1006}'
08-16 06:03:13.938 I/ReactNativeJS(27514): '[UI_PRESS_PROBE]', '{"event":"VOIP_PRESENCE_RETRY_SCHEDULED","timestamp":"2026-08-15T21:03:13.938Z","token_ready":true,"user_ready":true,"show_login":false,"show_voip_tester":false,"selected_call_mode":"pstn_assist","voice_id":"nado-000006","token_summary":"len:30:passke...en_331","reason":"close:1006"}'
08-16 06:03:14.765 I/ReactNativeJS(27514): '[VoIPPendingIncoming]', '{"event":"REQUEST_START","source":"pending_call_poll","token_summary":"len:30:passke...en_331","user_id":6,"has_pending_call":false,"has_active_call":false}'
08-16 06:03:15.073 I/ReactNativeJS(27514): '[VoIPPendingIncoming]', '{"event":"REQUEST_RESULT","source":"pending_call_poll","token_summary":"len:30:passke...en_331","user_id":6,"status":401,"ok":false}'
08-16 06:03:15.073 I/ReactNativeJS(27514): '[VoIPPendingIncoming] fetch failed', 401
08-16 06:03:15.674 I/ReactNativeJS(27514): '[UI_PRESS_PROBE]', '{"event":"VOIP_PRESENCE_CONNECT_ATTEMPT","timestamp":"2026-08-15T21:03:15.674Z","token_ready":true,"user_ready":true,"show_login":false,"show_voip_tester":false,"selected_call_mode":"pstn_assist","voice_id":"nado-000006","token_summary":"len:30:passke...en_331","reason":"retry:close:1006","api_base":"https://metanova1004.com"}'
08-16 06:03:15.956 I/ReactNativeJS(27514): '[UI_PRESS_PROBE]', '{"event":"VOIP_PRESENCE_ERROR","timestamp":"2026-08-15T21:03:15.956Z","token_ready":true,"user_ready":true,"show_login":false,"show_voip_tester":false,"selected_call_mode":"pstn_assist","voice_id":"nado-000006","token_summary":"len:30:passke...en_331","reason":"retry:close:1006"}'
08-16 06:03:15.957 I/ReactNativeJS(27514): '[UI_PRESS_PROBE]', '{"event":"VOIP_PRESENCE_CLOSED","timestamp":"2026-08-15T21:03:15.956Z","token_ready":true,"user_ready":true,"show_login":false,"show_voip_tester":false,"selected_call_mode":"pstn_assist","voice_id":"nado-000006","token_summary":"len:30:passke...en_331","reason":"retry:close:1006","code":1006}'
08-16 06:03:15.957 I/ReactNativeJS(27514): '[UI_PRESS_PROBE]', '{"event":"VOIP_PRESENCE_RETRY_SCHEDULED","timestamp":"2026-08-15T21:03:15.957Z","token_ready":true,"user_ready":true,"show_login":false,"show_voip_tester":false,"selected_call_mode":"pstn_assist","voice_id":"nado-000006","token_summary":"len:30:passke...en_331","reason":"close:1006"}'
08-16 06:03:17.256 I/ReactNativeJS(27514): '[VoIPPendingIncoming]', '{"event":"REQUEST_START","source":"pending_call_poll","token_summary":"len:30:passke...en_331","user_id":6,"has_pending_call":false,"has_active_call":false}'
08-16 06:03:17.533 I/ReactNativeJS(27514): '[VoIPPendingIncoming]', '{"event":"REQUEST_RESULT","source":"pending_call_poll","token_summary":"len:30:passke...en_331","user_id":6,"status":401,"ok":false}'
08-16 06:03:17.533 I/ReactNativeJS(27514): '[VoIPPendingIncoming] fetch failed', 401
08-16 06:03:17.683 I/ReactNativeJS(27514): '[UI_PRESS_PROBE]', '{"event":"VOIP_PRESENCE_CONNECT_ATTEMPT","timestamp":"2026-08-15T21:03:17.683Z","token_ready":true,"user_ready":true,"show_login":false,"show_voip_tester":false,"selected_call_mode":"pstn_assist","voice_id":"nado-000006","token_summary":"len:30:passke...en_331","reason":"retry:close:1006","api_base":"https://metanova1004.com"}'
08-16 06:03:17.927 I/ReactNativeJS(27514): '[UI_PRESS_PROBE]', '{"event":"VOIP_PRESENCE_ERROR","timestamp":"2026-08-15T21:03:17.926Z","token_ready":true,"user_ready":true,"show_login":false,"show_voip_tester":false,"selected_call_mode":"pstn_assist","voice_id":"nado-000006","token_summary":"len:30:passke...en_331","reason":"retry:close:1006"}'
08-16 06:03:17.927 I/ReactNativeJS(27514): '[UI_PRESS_PROBE]', '{"event":"VOIP_PRESENCE_CLOSED","timestamp":"2026-08-15T21:03:17.927Z","token_ready":true,"user_ready":true,"show_login":false,"show_voip_tester":false,"selected_call_mode":"pstn_assist","voice_id":"nado-000006","token_summary":"len:30:passke...en_331","reason":"retry:close:1006","code":1006}'
08-16 06:03:17.927 I/ReactNativeJS(27514): '[UI_PRESS_PROBE]', '{"event":"VOIP_PRESENCE_RETRY_SCHEDULED","timestamp":"2026-08-15T21:03:17.927Z","token_ready":true,"user_ready":true,"show_login":false,"show_voip_tester":false,"selected_call_mode":"pstn_assist","voice_id":"nado-000006","token_summary":"len:30:passke...en_331","reason":"close:1006"}'
08-16 06:03:19.670 I/ReactNativeJS(27514): '[UI_PRESS_PROBE]', '{"event":"VOIP_PRESENCE_CONNECT_ATTEMPT","timestamp":"2026-08-15T21:03:19.670Z","token_ready":true,"user_ready":true,"show_login":false,"show_voip_tester":false,"selected_call_mode":"pstn_assist","voice_id":"nado-000006","token_summary":"len:30:passke...en_331","reason":"retry:close:1006","api_base":"https://metanova1004.com"}'
08-16 06:03:19.772 I/ReactNativeJS(27514): '[VoIPPendingIncoming]', '{"event":"REQUEST_START","source":"pending_call_poll","token_summary":"len:30:passke...en_331","user_id":6,"has_pending_call":false,"has_active_call":false}'
08-16 06:03:19.923 I/ReactNativeJS(27514): '[UI_PRESS_PROBE]', '{"event":"VOIP_PRESENCE_ERROR","timestamp":"2026-08-15T21:03:19.923Z","token_ready":true,"user_ready":true,"show_login":false,"show_voip_tester":false,"selected_call_mode":"pstn_assist","voice_id":"nado-000006","token_summary":"len:30:passke...en_331","reason":"retry:close:1006"}'
08-16 06:03:19.924 I/ReactNativeJS(27514): '[UI_PRESS_PROBE]', '{"event":"VOIP_PRESENCE_CLOSED","timestamp":"2026-08-15T21:03:19.923Z","token_ready":true,"user_ready":true,"show_login":false,"show_voip_tester":false,"selected_call_mode":"pstn_assist","voice_id":"nado-000006","token_summary":"len:30:passke...en_331","reason":"retry:close:1006","code":1006}'
08-16 06:03:19.924 I/ReactNativeJS(27514): '[UI_PRESS_PROBE]', '{"event":"VOIP_PRESENCE_RETRY_SCHEDULED","timestamp":"2026-08-15T21:03:19.924Z","token_ready":true,"user_ready":true,"show_login":false,"show_voip_tester":false,"selected_call_mode":"pstn_assist","voice_id":"nado-000006","token_summary":"len:30:passke...en_331","reason":"close:1006"}'
08-16 06:03:20.050 I/ReactNativeJS(27514): '[VoIPPendingIncoming]', '{"event":"REQUEST_RESULT","source":"pending_call_poll","token_summary":"len:30:passke...en_331","user_id":6,"status":401,"ok":false}'
08-16 06:03:20.050 I/ReactNativeJS(27514): '[VoIPPendingIncoming] fetch failed', 401
08-16 06:03:21.666 I/ReactNativeJS(27514): '[UI_PRESS_PROBE]', '{"event":"VOIP_PRESENCE_CONNECT_ATTEMPT","timestamp":"2026-08-15T21:03:21.666Z","token_ready":true,"user_ready":true,"show_login":false,"show_voip_tester":false,"selected_call_mode":"pstn_assist","voice_id":"nado-000006","token_summary":"len:30:passke...en_331","reason":"retry:close:1006","api_base":"https://metanova1004.com"}'
08-16 06:03:21.953 I/ReactNativeJS(27514): '[UI_PRESS_PROBE]', '{"event":"VOIP_PRESENCE_ERROR","timestamp":"2026-08-15T21:03:21.952Z","token_ready":true,"user_ready":true,"show_login":false,"show_voip_tester":false,"selected_call_mode":"pstn_assist","voice_id":"nado-000006","token_summary":"len:30:passke...en_331","reason":"retry:close:1006"}'
08-16 06:03:21.953 I/ReactNativeJS(27514): '[UI_PRESS_PROBE]', '{"event":"VOIP_PRESENCE_CLOSED","timestamp":"2026-08-15T21:03:21.953Z","token_ready":true,"user_ready":true,"show_login":false,"show_voip_tester":false,"selected_call_mode":"pstn_assist","voice_id":"nado-000006","token_summary":"len:30:passke...en_331","reason":"retry:close:1006","code":1006}'
08-16 06:03:21.953 I/ReactNativeJS(27514): '[UI_PRESS_PROBE]', '{"event":"VOIP_PRESENCE_RETRY_SCHEDULED","timestamp":"2026-08-15T21:03:21.953Z","token_ready":true,"user_ready":true,"show_login":false,"show_voip_tester":false,"selected_call_mode":"pstn_assist","voice_id":"nado-000006","token_summary":"len:30:passke...en_331","reason":"close:1006"}'
08-16 06:03:22.329 I/ReactNativeJS(27514): '[VoIPPendingIncoming]', '{"event":"REQUEST_START","source":"pending_call_poll","token_summary":"len:30:passke...en_331","user_id":6,"has_pending_call":false,"has_active_call":false}'
08-16 06:03:22.652 I/ReactNativeJS(27514): '[VoIPPendingIncoming]', '{"event":"REQUEST_RESULT","source":"pending_call_poll","token_summary":"len:30:passke...en_331","user_id":6,"status":401,"ok":false}'
08-16 06:03:22.652 I/ReactNativeJS(27514): '[VoIPPendingIncoming] fetch failed', 401
08-16 06:03:23.697 I/ReactNativeJS(27514): '[UI_PRESS_PROBE]', '{"event":"VOIP_PRESENCE_CONNECT_ATTEMPT","timestamp":"2026-08-15T21:03:23.697Z","token_ready":true,"user_ready":true,"show_login":false,"show_voip_tester":false,"selected_call_mode":"pstn_assist","voice_id":"nado-000006","token_summary":"len:30:passke...en_331","reason":"retry:close:1006","api_base":"https://metanova1004.com"}'
08-16 06:03:23.943 I/ReactNativeJS(27514): '[UI_PRESS_PROBE]', '{"event":"VOIP_PRESENCE_ERROR","timestamp":"2026-08-15T21:03:23.943Z","token_ready":true,"user_ready":true,"show_login":false,"show_voip_tester":false,"selected_call_mode":"pstn_assist","voice_id":"nado-000006","token_summary":"len:30:passke...en_331","reason":"retry:close:1006"}'
08-16 06:03:23.944 I/ReactNativeJS(27514): '[UI_PRESS_PROBE]', '{"event":"VOIP_PRESENCE_CLOSED","timestamp":"2026-08-15T21:03:23.943Z","token_ready":true,"user_ready":true,"show_login":false,"show_voip_tester":false,"selected_call_mode":"pstn_assist","voice_id":"nado-000006","token_summary":"len:30:passke...en_331","reason":"retry:close:1006","code":1006}'
08-16 06:03:23.944 I/ReactNativeJS(27514): '[UI_PRESS_PROBE]', '{"event":"VOIP_PRESENCE_RETRY_SCHEDULED","timestamp":"2026-08-15T21:03:23.944Z","token_ready":true,"user_ready":true,"show_login":false,"show_voip_tester":false,"selected_call_mode":"pstn_assist","voice_id":"nado-000006","token_summary":"len:30:passke...en_331","reason":"close:1006"}'
08-16 06:03:24.818 I/ReactNativeJS(27514): '[VoIPPendingIncoming]', '{"event":"REQUEST_START","source":"pending_call_poll","token_summary":"len:30:passke...en_331","user_id":6,"has_pending_call":false,"has_active_call":false}'
08-16 06:03:25.084 I/ReactNativeJS(27514): '[VoIPPendingIncoming]', '{"event":"REQUEST_RESULT","source":"pending_call_poll","token_summary":"len:30:passke...en_331","user_id":6,"status":401,"ok":false}'
08-16 06:03:25.084 I/ReactNativeJS(27514): '[VoIPPendingIncoming] fetch failed', 401
08-16 06:03:25.745 I/ReactNativeJS(27514): '[UI_PRESS_PROBE]', '{"event":"VOIP_PRESENCE_CONNECT_ATTEMPT","timestamp":"2026-08-15T21:03:25.744Z","token_ready":true,"user_ready":true,"show_login":false,"show_voip_tester":false,"selected_call_mode":"pstn_assist","voice_id":"nado-000006","token_summary":"len:30:passke...en_331","reason":"retry:close:1006","api_base":"https://metanova1004.com"}'
08-16 06:03:26.038 I/ReactNativeJS(27514): '[UI_PRESS_PROBE]', '{"event":"VOIP_PRESENCE_ERROR","timestamp":"2026-08-15T21:03:26.038Z","token_ready":true,"user_ready":true,"show_login":false,"show_voip_tester":false,"selected_call_mode":"pstn_assist","voice_id":"nado-000006","token_summary":"len:30:passke...en_331","reason":"retry:close:1006"}'
08-16 06:03:26.039 I/ReactNativeJS(27514): '[UI_PRESS_PROBE]', '{"event":"VOIP_PRESENCE_CLOSED","timestamp":"2026-08-15T21:03:26.038Z","token_ready":true,"user_ready":true,"show_login":false,"show_voip_tester":false,"selected_call_mode":"pstn_assist","voice_id":"nado-000006","token_summary":"len:30:passke...en_331","reason":"retry:close:1006","code":1006}'
08-16 06:03:26.039 I/ReactNativeJS(27514): '[UI_PRESS_PROBE]', '{"event":"VOIP_PRESENCE_RETRY_SCHEDULED","timestamp":"2026-08-15T21:03:26.039Z","token_ready":true,"user_ready":true,"show_login":false,"show_voip_tester":false,"selected_call_mode":"pstn_assist","voice_id":"nado-000006","token_summary":"len:30:passke...en_331","reason":"close:1006"}'
08-16 06:03:27.326 I/ReactNativeJS(27514): '[VoIPPendingIncoming]', '{"event":"REQUEST_START","source":"pending_call_poll","token_summary":"len:30:passke...en_331","user_id":6,"has_pending_call":false,"has_active_call":false}'
08-16 06:03:27.630 I/ReactNativeJS(27514): '[VoIPPendingIncoming]', '{"event":"REQUEST_RESULT","source":"pending_call_poll","token_summary":"len:30:passke...en_331","user_id":6,"status":401,"ok":false}'
08-16 06:03:27.630 I/ReactNativeJS(27514): '[VoIPPendingIncoming] fetch failed', 401
08-16 06:03:27.791 I/ReactNativeJS(27514): '[UI_PRESS_PROBE]', '{"event":"VOIP_PRESENCE_CONNECT_ATTEMPT","timestamp":"2026-08-15T21:03:27.791Z","token_ready":true,"user_ready":true,"show_login":false,"show_voip_tester":false,"selected_call_mode":"pstn_assist","voice_id":"nado-000006","token_summary":"len:30:passke...en_331","reason":"retry:close:1006","api_base":"https://metanova1004.com"}'
08-16 06:03:28.073 I/ReactNativeJS(27514): '[UI_PRESS_PROBE]', '{"event":"VOIP_PRESENCE_ERROR","timestamp":"2026-08-15T21:03:28.073Z","token_ready":true,"user_ready":true,"show_login":false,"show_voip_tester":false,"selected_call_mode":"pstn_assist","voice_id":"nado-000006","token_summary":"len:30:passke...en_331","reason":"retry:close:1006"}'
08-16 06:03:28.073 I/ReactNativeJS(27514): '[UI_PRESS_PROBE]', '{"event":"VOIP_PRESENCE_CLOSED","timestamp":"2026-08-15T21:03:28.073Z","token_ready":true,"user_ready":true,"show_login":false,"show_voip_tester":false,"selected_call_mode":"pstn_assist","voice_id":"nado-000006","token_summary":"len:30:passke...en_331","reason":"retry:close:1006","code":1006}'
08-16 06:03:28.074 I/ReactNativeJS(27514): '[UI_PRESS_PROBE]', '{"event":"VOIP_PRESENCE_RETRY_SCHEDULED","timestamp":"2026-08-15T21:03:28.074Z","token_ready":true,"user_ready":true,"show_login":false,"show_voip_tester":false,"selected_call_mode":"pstn_assist","voice_id":"nado-000006","token_summary":"len:30:passke...en_331","reason":"close:1006"}'
08-16 06:03:29.832 I/ReactNativeJS(27514): '[UI_PRESS_PROBE]', '{"event":"VOIP_PRESENCE_CONNECT_ATTEMPT","timestamp":"2026-08-15T21:03:29.832Z","token_ready":true,"user_ready":true,"show_login":false,"show_voip_tester":false,"selected_call_mode":"pstn_assist","voice_id":"nado-000006","token_summary":"len:30:passke...en_331","reason":"retry:close:1006","api_base":"https://metanova1004.com"}'
08-16 06:03:29.833 I/ReactNativeJS(27514): '[VoIPPendingIncoming]', '{"event":"REQUEST_START","source":"pending_call_poll","token_summary":"len:30:passke...en_331","user_id":6,"has_pending_call":false,"has_active_call":false}'
08-16 06:03:30.097 I/ReactNativeJS(27514): '[UI_PRESS_PROBE]', '{"event":"VOIP_PRESENCE_ERROR","timestamp":"2026-08-15T21:03:30.096Z","token_ready":true,"user_ready":true,"show_login":false,"show_voip_tester":false,"selected_call_mode":"pstn_assist","voice_id":"nado-000006","token_summary":"len:30:passke...en_331","reason":"retry:close:1006"}'
08-16 06:03:30.097 I/ReactNativeJS(27514): '[UI_PRESS_PROBE]', '{"event":"VOIP_PRESENCE_CLOSED","timestamp":"2026-08-15T21:03:30.097Z","token_ready":true,"user_ready":true,"show_login":false,"show_voip_tester":false,"selected_call_mode":"pstn_assist","voice_id":"nado-000006","token_summary":"len:30:passke...en_331","reason":"retry:close:1006","code":1006}'
08-16 06:03:30.097 I/ReactNativeJS(27514): '[UI_PRESS_PROBE]', '{"event":"VOIP_PRESENCE_RETRY_SCHEDULED","timestamp":"2026-08-15T21:03:30.097Z","token_ready":true,"user_ready":true,"show_login":false,"show_voip_tester":false,"selected_call_mode":"pstn_assist","voice_id":"nado-000006","token_summary":"len:30:passke...en_331","reason":"close:1006"}'
08-16 06:03:30.128 I/ReactNativeJS(27514): '[VoIPPendingIncoming]', '{"event":"REQUEST_RESULT","source":"pending_call_poll","token_summary":"len:30:passke...en_331","user_id":6,"status":401,"ok":false}'
08-16 06:03:30.128 I/ReactNativeJS(27514): '[VoIPPendingIncoming] fetch failed', 401
08-16 06:03:31.856 I/ReactNativeJS(27514): '[UI_PRESS_PROBE]', '{"event":"VOIP_PRESENCE_CONNECT_ATTEMPT","timestamp":"2026-08-15T21:03:31.855Z","token_ready":true,"user_ready":true,"show_login":false,"show_voip_tester":false,"selected_call_mode":"pstn_assist","voice_id":"nado-000006","token_summary":"len:30:passke...en_331","reason":"retry:close:1006","api_base":"https://metanova1004.com"}'
08-16 06:03:32.150 I/ReactNativeJS(27514): '[UI_PRESS_PROBE]', '{"event":"VOIP_PRESENCE_ERROR","timestamp":"2026-08-15T21:03:32.149Z","token_ready":true,"user_ready":true,"show_login":false,"show_voip_tester":false,"selected_call_mode":"pstn_assist","voice_id":"nado-000006","token_summary":"len:30:passke...en_331","reason":"retry:close:1006"}'
08-16 06:03:32.150 I/ReactNativeJS(27514): '[UI_PRESS_PROBE]', '{"event":"VOIP_PRESENCE_CLOSED","timestamp":"2026-08-15T21:03:32.150Z","token_ready":true,"user_ready":true,"show_login":false,"show_voip_tester":false,"selected_call_mode":"pstn_assist","voice_id":"nado-000006","token_summary":"len:30:passke...en_331","reason":"retry:close:1006","code":1006}'
08-16 06:03:32.150 I/ReactNativeJS(27514): '[UI_PRESS_PROBE]', '{"event":"VOIP_PRESENCE_RETRY_SCHEDULED","timestamp":"2026-08-15T21:03:32.150Z","token_ready":true,"user_ready":true,"show_login":false,"show_voip_tester":false,"selected_call_mode":"pstn_assist","voice_id":"nado-000006","token_summary":"len:30:passke...en_331","reason":"close:1006"}'
08-16 06:03:32.398 I/ReactNativeJS(27514): '[VoIPPendingIncoming]', '{"event":"REQUEST_START","source":"pending_call_poll","token_summary":"len:30:passke...en_331","user_id":6,"has_pending_call":false,"has_active_call":false}'
08-16 06:03:32.712 I/ReactNativeJS(27514): '[VoIPPendingIncoming]', '{"event":"REQUEST_RESULT","source":"pending_call_poll","token_summary":"len:30:passke...en_331","user_id":6,"status":401,"ok":false}'
08-16 06:03:32.713 I/ReactNativeJS(27514): '[VoIPPendingIncoming] fetch failed', 401
08-16 06:03:33.921 I/ReactNativeJS(27514): '[UI_PRESS_PROBE]', '{"event":"VOIP_PRESENCE_CONNECT_ATTEMPT","timestamp":"2026-08-15T21:03:33.921Z","token_ready":true,"user_ready":true,"show_login":false,"show_voip_tester":false,"selected_call_mode":"pstn_assist","voice_id":"nado-000006","token_summary":"len:30:passke...en_331","reason":"retry:close:1006","api_base":"https://metanova1004.com"}'
08-16 06:03:34.188 I/ReactNativeJS(27514): '[UI_PRESS_PROBE]', '{"event":"VOIP_PRESENCE_ERROR","timestamp":"2026-08-15T21:03:34.188Z","token_ready":true,"user_ready":true,"show_login":false,"show_voip_tester":false,"selected_call_mode":"pstn_assist","voice_id":"nado-000006","token_summary":"len:30:passke...en_331","reason":"retry:close:1006"}'
08-16 06:03:34.189 I/ReactNativeJS(27514): '[UI_PRESS_PROBE]', '{"event":"VOIP_PRESENCE_CLOSED","timestamp":"2026-08-15T21:03:34.188Z","token_ready":true,"user_ready":true,"show_login":false,"show_voip_tester":false,"selected_call_mode":"pstn_assist","voice_id":"nado-000006","token_summary":"len:30:passke...en_331","reason":"retry:close:1006","code":1006}'
08-16 06:03:34.189 I/ReactNativeJS(27514): '[UI_PRESS_PROBE]', '{"event":"VOIP_PRESENCE_RETRY_SCHEDULED","timestamp":"2026-08-15T21:03:34.189Z","token_ready":true,"user_ready":true,"show_login":false,"show_voip_tester":false,"selected_call_mode":"pstn_assist","voice_id":"nado-000006","token_summary":"len:30:passke...en_331","reason":"close:1006"}'
08-16 06:03:34.905 I/ReactNativeJS(27514): '[VoIPPendingIncoming]', '{"event":"REQUEST_START","source":"pending_call_poll","token_summary":"len:30:passke...en_331","user_id":6,"has_pending_call":false,"has_active_call":false}'
08-16 06:03:35.210 I/ReactNativeJS(27514): '[VoIPPendingIncoming]', '{"event":"REQUEST_RESULT","source":"pending_call_poll","token_summary":"len:30:passke...en_331","user_id":6,"status":401,"ok":false}'
08-16 06:03:35.210 I/ReactNativeJS(27514): '[VoIPPendingIncoming] fetch failed', 401
08-16 06:03:35.957 I/ReactNativeJS(27514): '[UI_PRESS_PROBE]', '{"event":"VOIP_PRESENCE_CONNECT_ATTEMPT","timestamp":"2026-08-15T21:03:35.957Z","token_ready":true,"user_ready":true,"show_login":false,"show_voip_tester":false,"selected_call_mode":"pstn_assist","voice_id":"nado-000006","token_summary":"len:30:passke...en_331","reason":"retry:close:1006","api_base":"https://metanova1004.com"}'
08-16 06:03:36.234 I/ReactNativeJS(27514): '[UI_PRESS_PROBE]', '{"event":"VOIP_PRESENCE_ERROR","timestamp":"2026-08-15T21:03:36.233Z","token_ready":true,"user_ready":true,"show_login":false,"show_voip_tester":false,"selected_call_mode":"pstn_assist","voice_id":"nado-000006","token_summary":"len:30:passke...en_331","reason":"retry:close:1006"}'
08-16 06:03:36.234 I/ReactNativeJS(27514): '[UI_PRESS_PROBE]', '{"event":"VOIP_PRESENCE_CLOSED","timestamp":"2026-08-15T21:03:36.234Z","token_ready":true,"user_ready":true,"show_login":false,"show_voip_tester":false,"selected_call_mode":"pstn_assist","voice_id":"nado-000006","token_summary":"len:30:passke...en_331","reason":"retry:close:1006","code":1006}'
08-16 06:03:36.235 I/ReactNativeJS(27514): '[UI_PRESS_PROBE]', '{"event":"VOIP_PRESENCE_RETRY_SCHEDULED","timestamp":"2026-08-15T21:03:36.234Z","token_ready":true,"user_ready":true,"show_login":false,"show_voip_tester":false,"selected_call_mode":"pstn_assist","voice_id":"nado-000006","token_summary":"len:30:passke...en_331","reason":"close:1006"}'
08-16 06:03:37.371 I/ReactNativeJS(27514): '[VoIPPendingIncoming]', '{"event":"REQUEST_START","source":"pending_call_poll","token_summary":"len:30:passke...en_331","user_id":6,"has_pending_call":false,"has_active_call":false}'
08-16 06:03:37.652 I/ReactNativeJS(27514): '[VoIPPendingIncoming]', '{"event":"REQUEST_RESULT","source":"pending_call_poll","token_summary":"len:30:passke...en_331","user_id":6,"status":401,"ok":false}'
08-16 06:03:37.652 I/ReactNativeJS(27514): '[VoIPPendingIncoming] fetch failed', 401
08-16 06:03:37.976 I/ReactNativeJS(27514): '[UI_PRESS_PROBE]', '{"event":"VOIP_PRESENCE_CONNECT_ATTEMPT","timestamp":"2026-08-15T21:03:37.975Z","token_ready":true,"user_ready":true,"show_login":false,"show_voip_tester":false,"selected_call_mode":"pstn_assist","voice_id":"nado-000006","token_summary":"len:30:passke...en_331","reason":"retry:close:1006","api_base":"https://metanova1004.com"}'
08-16 06:03:38.228 I/ReactNativeJS(27514): '[UI_PRESS_PROBE]', '{"event":"VOIP_PRESENCE_ERROR","timestamp":"2026-08-15T21:03:38.228Z","token_ready":true,"user_ready":true,"show_login":false,"show_voip_tester":false,"selected_call_mode":"pstn_assist","voice_id":"nado-000006","token_summary":"len:30:passke...en_331","reason":"retry:close:1006"}'
08-16 06:03:38.229 I/ReactNativeJS(27514): '[UI_PRESS_PROBE]', '{"event":"VOIP_PRESENCE_CLOSED","timestamp":"2026-08-15T21:03:38.229Z","token_ready":true,"user_ready":true,"show_login":false,"show_voip_tester":false,"selected_call_mode":"pstn_assist","voice_id":"nado-000006","token_summary":"len:30:passke...en_331","reason":"retry:close:1006","code":1006}'
08-16 06:03:38.229 I/ReactNativeJS(27514): '[UI_PRESS_PROBE]', '{"event":"VOIP_PRESENCE_RETRY_SCHEDULED","timestamp":"2026-08-15T21:03:38.229Z","token_ready":true,"user_ready":true,"show_login":false,"show_voip_tester":false,"selected_call_mode":"pstn_assist","voice_id":"nado-000006","token_summary":"len:30:passke...en_331","reason":"close:1006"}'
08-16 06:03:39.895 I/ReactNativeJS(27514): '[VoIPPendingIncoming]', '{"event":"REQUEST_START","source":"pending_call_poll","token_summary":"len:30:passke...en_331","user_id":6,"has_pending_call":false,"has_active_call":false}'
08-16 06:03:39.979 I/ReactNativeJS(27514): '[UI_PRESS_PROBE]', '{"event":"VOIP_PRESENCE_CONNECT_ATTEMPT","timestamp":"2026-08-15T21:03:39.979Z","token_ready":true,"user_ready":true,"show_login":false,"show_voip_tester":false,"selected_call_mode":"pstn_assist","voice_id":"nado-000006","token_summary":"len:30:passke...en_331","reason":"retry:close:1006","api_base":"https://metanova1004.com"}'
08-16 06:03:40.198 I/ReactNativeJS(27514): '[VoIPPendingIncoming]', '{"event":"REQUEST_RESULT","source":"pending_call_poll","token_summary":"len:30:passke...en_331","user_id":6,"status":401,"ok":false}'
08-16 06:03:40.198 I/ReactNativeJS(27514): '[VoIPPendingIncoming] fetch failed', 401
08-16 06:03:40.276 I/ReactNativeJS(27514): '[UI_PRESS_PROBE]', '{"event":"VOIP_PRESENCE_ERROR","timestamp":"2026-08-15T21:03:40.275Z","token_ready":true,"user_ready":true,"show_login":false,"show_voip_tester":false,"selected_call_mode":"pstn_assist","voice_id":"nado-000006","token_summary":"len:30:passke...en_331","reason":"retry:close:1006"}'
08-16 06:03:40.276 I/ReactNativeJS(27514): '[UI_PRESS_PROBE]', '{"event":"VOIP_PRESENCE_CLOSED","timestamp":"2026-08-15T21:03:40.276Z","token_ready":true,"user_ready":true,"show_login":false,"show_voip_tester":false,"selected_call_mode":"pstn_assist","voice_id":"nado-000006","token_summary":"len:30:passke...en_331","reason":"retry:close:1006","code":1006}'
08-16 06:03:40.276 I/ReactNativeJS(27514): '[UI_PRESS_PROBE]', '{"event":"VOIP_PRESENCE_RETRY_SCHEDULED","timestamp":"2026-08-15T21:03:40.276Z","token_ready":true,"user_ready":true,"show_login":false,"show_voip_tester":false,"selected_call_mode":"pstn_assist","voice_id":"nado-000006","token_summary":"len:30:passke...en_331","reason":"close:1006"}'
08-16 06:03:42.029 I/ReactNativeJS(27514): '[UI_PRESS_PROBE]', '{"event":"VOIP_PRESENCE_CONNECT_ATTEMPT","timestamp":"2026-08-15T21:03:42.029Z","token_ready":true,"user_ready":true,"show_login":false,"show_voip_tester":false,"selected_call_mode":"pstn_assist","voice_id":"nado-000006","token_summary":"len:30:passke...en_331","reason":"retry:close:1006","api_base":"https://metanova1004.com"}'
08-16 06:03:42.302 I/ReactNativeJS(27514): '[UI_PRESS_PROBE]', '{"event":"VOIP_PRESENCE_ERROR","timestamp":"2026-08-15T21:03:42.301Z","token_ready":true,"user_ready":true,"show_login":false,"show_voip_tester":false,"selected_call_mode":"pstn_assist","voice_id":"nado-000006","token_summary":"len:30:passke...en_331","reason":"retry:close:1006"}'
08-16 06:03:42.303 I/ReactNativeJS(27514): '[UI_PRESS_PROBE]', '{"event":"VOIP_PRESENCE_CLOSED","timestamp":"2026-08-15T21:03:42.302Z","token_ready":true,"user_ready":true,"show_login":false,"show_voip_tester":false,"selected_call_mode":"pstn_assist","voice_id":"nado-000006","token_summary":"len:30:passke...en_331","reason":"retry:close:1006","code":1006}'
08-16 06:03:42.303 I/ReactNativeJS(27514): '[UI_PRESS_PROBE]', '{"event":"VOIP_PRESENCE_RETRY_SCHEDULED","timestamp":"2026-08-15T21:03:42.303Z","token_ready":true,"user_ready":true,"show_login":false,"show_voip_tester":false,"selected_call_mode":"pstn_assist","voice_id":"nado-000006","token_summary":"len:30:passke...en_331","reason":"close:1006"}'
08-16 06:03:42.419 I/ReactNativeJS(27514): '[VoIPPendingIncoming]', '{"event":"REQUEST_START","source":"pending_call_poll","token_summary":"len:30:passke...en_331","user_id":6,"has_pending_call":false,"has_active_call":false}'
08-16 06:03:42.720 I/ReactNativeJS(27514): '[VoIPPendingIncoming]', '{"event":"REQUEST_RESULT","source":"pending_call_poll","token_summary":"len:30:passke...en_331","user_id":6,"status":401,"ok":false}'
08-16 06:03:42.720 I/ReactNativeJS(27514): '[VoIPPendingIncoming] fetch failed', 401
08-16 06:03:44.048 I/ReactNativeJS(27514): '[UI_PRESS_PROBE]', '{"event":"VOIP_PRESENCE_CONNECT_ATTEMPT","timestamp":"2026-08-15T21:03:44.048Z","token_ready":true,"user_ready":true,"show_login":false,"show_voip_tester":false,"selected_call_mode":"pstn_assist","voice_id":"nado-000006","token_summary":"len:30:passke...en_331","reason":"retry:close:1006","api_base":"https://metanova1004.com"}'
08-16 06:03:44.304 I/ReactNativeJS(27514): '[UI_PRESS_PROBE]', '{"event":"VOIP_PRESENCE_ERROR","timestamp":"2026-08-15T21:03:44.303Z","token_ready":true,"user_ready":true,"show_login":false,"show_voip_tester":false,"selected_call_mode":"pstn_assist","voice_id":"nado-000006","token_summary":"len:30:passke...en_331","reason":"retry:close:1006"}'
08-16 06:03:44.304 I/ReactNativeJS(27514): '[UI_PRESS_PROBE]', '{"event":"VOIP_PRESENCE_CLOSED","timestamp":"2026-08-15T21:03:44.304Z","token_ready":true,"user_ready":true,"show_login":false,"show_voip_tester":false,"selected_call_mode":"pstn_assist","voice_id":"nado-000006","token_summary":"len:30:passke...en_331","reason":"retry:close:1006","code":1006}'
08-16 06:03:44.305 I/ReactNativeJS(27514): '[UI_PRESS_PROBE]', '{"event":"VOIP_PRESENCE_RETRY_SCHEDULED","timestamp":"2026-08-15T21:03:44.304Z","token_ready":true,"user_ready":true,"show_login":false,"show_voip_tester":false,"selected_call_mode":"pstn_assist","voice_id":"nado-000006","token_summary":"len:30:passke...en_331","reason":"close:1006"}'
08-16 06:03:44.919 I/ReactNativeJS(27514): '[VoIPPendingIncoming]', '{"event":"REQUEST_START","source":"pending_call_poll","token_summary":"len:30:passke...en_331","user_id":6,"has_pending_call":false,"has_active_call":false}'
08-16 06:03:45.211 I/ReactNativeJS(27514): '[VoIPPendingIncoming]', '{"event":"REQUEST_RESULT","source":"pending_call_poll","token_summary":"len:30:passke...en_331","user_id":6,"status":401,"ok":false}'
08-16 06:03:45.211 I/ReactNativeJS(27514): '[VoIPPendingIncoming] fetch failed', 401
08-16 06:03:46.038 I/ReactNativeJS(27514): '[UI_PRESS_PROBE]', '{"event":"VOIP_PRESENCE_CONNECT_ATTEMPT","timestamp":"2026-08-15T21:03:46.038Z","token_ready":true,"user_ready":true,"show_login":false,"show_voip_tester":false,"selected_call_mode":"pstn_assist","voice_id":"nado-000006","token_summary":"len:30:passke...en_331","reason":"retry:close:1006","api_base":"https://metanova1004.com"}'
08-16 06:03:46.291 I/ReactNativeJS(27514): '[UI_PRESS_PROBE]', '{"event":"VOIP_PRESENCE_ERROR","timestamp":"2026-08-15T21:03:46.291Z","token_ready":true,"user_ready":true,"show_login":false,"show_voip_tester":false,"selected_call_mode":"pstn_assist","voice_id":"nado-000006","token_summary":"len:30:passke...en_331","reason":"retry:close:1006"}'
08-16 06:03:46.292 I/ReactNativeJS(27514): '[UI_PRESS_PROBE]', '{"event":"VOIP_PRESENCE_CLOSED","timestamp":"2026-08-15T21:03:46.292Z","token_ready":true,"user_ready":true,"show_login":false,"show_voip_tester":false,"selected_call_mode":"pstn_assist","voice_id":"nado-000006","token_summary":"len:30:passke...en_331","reason":"retry:close:1006","code":1006}'
08-16 06:03:46.292 I/ReactNativeJS(27514): '[UI_PRESS_PROBE]', '{"event":"VOIP_PRESENCE_RETRY_SCHEDULED","timestamp":"2026-08-15T21:03:46.292Z","token_ready":true,"user_ready":true,"show_login":false,"show_voip_tester":false,"selected_call_mode":"pstn_assist","voice_id":"nado-000006","token_summary":"len:30:passke...en_331","reason":"close:1006"}'
08-16 06:03:47.436 I/ReactNativeJS(27514): '[VoIPPendingIncoming]', '{"event":"REQUEST_START","source":"pending_call_poll","token_summary":"len:30:passke...en_331","user_id":6,"has_pending_call":false,"has_active_call":false}'
08-16 06:03:47.720 I/ReactNativeJS(27514): '[VoIPPendingIncoming]', '{"event":"REQUEST_RESULT","source":"pending_call_poll","token_summary":"len:30:passke...en_331","user_id":6,"status":401,"ok":false}'
08-16 06:03:47.720 I/ReactNativeJS(27514): '[VoIPPendingIncoming] fetch failed', 401
08-16 06:03:48.057 I/ReactNativeJS(27514): '[UI_PRESS_PROBE]', '{"event":"VOIP_PRESENCE_CONNECT_ATTEMPT","timestamp":"2026-08-15T21:03:48.057Z","token_ready":true,"user_ready":true,"show_login":false,"show_voip_tester":false,"selected_call_mode":"pstn_assist","voice_id":"nado-000006","token_summary":"len:30:passke...en_331","reason":"retry:close:1006","api_base":"https://metanova1004.com"}'
08-16 06:03:48.321 I/ReactNativeJS(27514): '[UI_PRESS_PROBE]', '{"event":"VOIP_PRESENCE_ERROR","timestamp":"2026-08-15T21:03:48.321Z","token_ready":true,"user_ready":true,"show_login":false,"show_voip_tester":false,"selected_call_mode":"pstn_assist","voice_id":"nado-000006","token_summary":"len:30:passke...en_331","reason":"retry:close:1006"}'
08-16 06:03:48.321 I/ReactNativeJS(27514): '[UI_PRESS_PROBE]', '{"event":"VOIP_PRESENCE_CLOSED","timestamp":"2026-08-15T21:03:48.321Z","token_ready":true,"user_ready":true,"show_login":false,"show_voip_tester":false,"selected_call_mode":"pstn_assist","voice_id":"nado-000006","token_summary":"len:30:passke...en_331","reason":"retry:close:1006","code":1006}'
08-16 06:03:48.322 I/ReactNativeJS(27514): '[UI_PRESS_PROBE]', '{"event":"VOIP_PRESENCE_RETRY_SCHEDULED","timestamp":"2026-08-15T21:03:48.321Z","token_ready":true,"user_ready":true,"show_login":false,"show_voip_tester":false,"selected_call_mode":"pstn_assist","voice_id":"nado-000006","token_summary":"len:30:passke...en_331","reason":"close:1006"}'
08-16 06:03:49.970 I/ReactNativeJS(27514): '[VoIPPendingIncoming]', '{"event":"REQUEST_START","source":"pending_call_poll","token_summary":"len:30:passke...en_331","user_id":6,"has_pending_call":false,"has_active_call":false}'
08-16 06:03:50.119 I/ReactNativeJS(27514): '[UI_PRESS_PROBE]', '{"event":"VOIP_PRESENCE_CONNECT_ATTEMPT","timestamp":"2026-08-15T21:03:50.119Z","token_ready":true,"user_ready":true,"show_login":false,"show_voip_tester":false,"selected_call_mode":"pstn_assist","voice_id":"nado-000006","token_summary":"len:30:passke...en_331","reason":"retry:close:1006","api_base":"https://metanova1004.com"}'
08-16 06:03:50.288 I/ReactNativeJS(27514): '[VoIPPendingIncoming]', '{"event":"REQUEST_RESULT","source":"pending_call_poll","token_summary":"len:30:passke...en_331","user_id":6,"status":401,"ok":false}'
08-16 06:03:50.288 I/ReactNativeJS(27514): '[VoIPPendingIncoming] fetch failed', 401
08-16 06:03:50.382 I/ReactNativeJS(27514): '[UI_PRESS_PROBE]', '{"event":"VOIP_PRESENCE_ERROR","timestamp":"2026-08-15T21:03:50.382Z","token_ready":true,"user_ready":true,"show_login":false,"show_voip_tester":false,"selected_call_mode":"pstn_assist","voice_id":"nado-000006","token_summary":"len:30:passke...en_331","reason":"retry:close:1006"}'
08-16 06:03:50.383 I/ReactNativeJS(27514): '[UI_PRESS_PROBE]', '{"event":"VOIP_PRESENCE_CLOSED","timestamp":"2026-08-15T21:03:50.383Z","token_ready":true,"user_ready":true,"show_login":false,"show_voip_tester":false,"selected_call_mode":"pstn_assist","voice_id":"nado-000006","token_summary":"len:30:passke...en_331","reason":"retry:close:1006","code":1006}'
08-16 06:03:50.383 I/ReactNativeJS(27514): '[UI_PRESS_PROBE]', '{"event":"VOIP_PRESENCE_RETRY_SCHEDULED","timestamp":"2026-08-15T21:03:50.383Z","token_ready":true,"user_ready":true,"show_login":false,"show_voip_tester":false,"selected_call_mode":"pstn_assist","voice_id":"nado-000006","token_summary":"len:30:passke...en_331","reason":"close:1006"}'
08-16 06:03:52.127 I/ReactNativeJS(27514): '[UI_PRESS_PROBE]', '{"event":"VOIP_PRESENCE_CONNECT_ATTEMPT","timestamp":"2026-08-15T21:03:52.126Z","token_ready":true,"user_ready":true,"show_login":false,"show_voip_tester":false,"selected_call_mode":"pstn_assist","voice_id":"nado-000006","token_summary":"len:30:passke...en_331","reason":"retry:close:1006","api_base":"https://metanova1004.com"}'
08-16 06:03:52.391 I/ReactNativeJS(27514): '[UI_PRESS_PROBE]', '{"event":"VOIP_PRESENCE_ERROR","timestamp":"2026-08-15T21:03:52.390Z","token_ready":true,"user_ready":true,"show_login":false,"show_voip_tester":false,"selected_call_mode":"pstn_assist","voice_id":"nado-000006","token_summary":"len:30:passke...en_331","reason":"retry:close:1006"}'
08-16 06:03:52.391 I/ReactNativeJS(27514): '[UI_PRESS_PROBE]', '{"event":"VOIP_PRESENCE_CLOSED","timestamp":"2026-08-15T21:03:52.391Z","token_ready":true,"user_ready":true,"show_login":false,"show_voip_tester":false,"selected_call_mode":"pstn_assist","voice_id":"nado-000006","token_summary":"len:30:passke...en_331","reason":"retry:close:1006","code":1006}'
08-16 06:03:52.392 I/ReactNativeJS(27514): '[UI_PRESS_PROBE]', '{"event":"VOIP_PRESENCE_RETRY_SCHEDULED","timestamp":"2026-08-15T21:03:52.391Z","token_ready":true,"user_ready":true,"show_login":false,"show_voip_tester":false,"selected_call_mode":"pstn_assist","voice_id":"nado-000006","token_summary":"len:30:passke...en_331","reason":"close:1006"}'
08-16 06:03:52.472 I/ReactNativeJS(27514): '[VoIPPendingIncoming]', '{"event":"REQUEST_START","source":"pending_call_poll","token_summary":"len:30:passke...en_331","user_id":6,"has_pending_call":false,"has_active_call":false}'
08-16 06:03:52.760 I/ReactNativeJS(27514): '[VoIPPendingIncoming]', '{"event":"REQUEST_RESULT","source":"pending_call_poll","token_summary":"len:30:passke...en_331","user_id":6,"status":401,"ok":false}'
08-16 06:03:52.760 I/ReactNativeJS(27514): '[VoIPPendingIncoming] fetch failed', 401
08-16 06:03:54.127 I/ReactNativeJS(27514): '[UI_PRESS_PROBE]', '{"event":"VOIP_PRESENCE_CONNECT_ATTEMPT","timestamp":"2026-08-15T21:03:54.126Z","token_ready":true,"user_ready":true,"show_login":false,"show_voip_tester":false,"selected_call_mode":"pstn_assist","voice_id":"nado-000006","token_summary":"len:30:passke...en_331","reason":"retry:close:1006","api_base":"https://metanova1004.com"}'
08-16 06:03:54.382 I/ReactNativeJS(27514): '[UI_PRESS_PROBE]', '{"event":"VOIP_PRESENCE_ERROR","timestamp":"2026-08-15T21:03:54.381Z","token_ready":true,"user_ready":true,"show_login":false,"show_voip_tester":false,"selected_call_mode":"pstn_assist","voice_id":"nado-000006","token_summary":"len:30:passke...en_331","reason":"retry:close:1006"}'
08-16 06:03:54.382 I/ReactNativeJS(27514): '[UI_PRESS_PROBE]', '{"event":"VOIP_PRESENCE_CLOSED","timestamp":"2026-08-15T21:03:54.382Z","token_ready":true,"user_ready":true,"show_login":false,"show_voip_tester":false,"selected_call_mode":"pstn_assist","voice_id":"nado-000006","token_summary":"len:30:passke...en_331","reason":"retry:close:1006","code":1006}'
08-16 06:03:54.382 I/ReactNativeJS(27514): '[UI_PRESS_PROBE]', '{"event":"VOIP_PRESENCE_RETRY_SCHEDULED","timestamp":"2026-08-15T21:03:54.382Z","token_ready":true,"user_ready":true,"show_login":false,"show_voip_tester":false,"selected_call_mode":"pstn_assist","voice_id":"nado-000006","token_summary":"len:30:passke...en_331","reason":"close:1006"}'
08-16 06:03:54.978 I/ReactNativeJS(27514): '[VoIPPendingIncoming]', '{"event":"REQUEST_START","source":"pending_call_poll","token_summary":"len:30:passke...en_331","user_id":6,"has_pending_call":false,"has_active_call":false}'
08-16 06:03:55.290 I/ReactNativeJS(27514): '[VoIPPendingIncoming]', '{"event":"REQUEST_RESULT","source":"pending_call_poll","token_summary":"len:30:passke...en_331","user_id":6,"status":401,"ok":false}'
08-16 06:03:55.290 I/ReactNativeJS(27514): '[VoIPPendingIncoming] fetch failed', 401
08-16 06:03:56.113 I/ReactNativeJS(27514): '[UI_PRESS_PROBE]', '{"event":"VOIP_PRESENCE_CONNECT_ATTEMPT","timestamp":"2026-08-15T21:03:56.113Z","token_ready":true,"user_ready":true,"show_login":false,"show_voip_tester":false,"selected_call_mode":"pstn_assist","voice_id":"nado-000006","token_summary":"len:30:passke...en_331","reason":"retry:close:1006","api_base":"https://metanova1004.com"}'
08-16 06:03:56.366 I/ReactNativeJS(27514): '[UI_PRESS_PROBE]', '{"event":"VOIP_PRESENCE_ERROR","timestamp":"2026-08-15T21:03:56.366Z","token_ready":true,"user_ready":true,"show_login":false,"show_voip_tester":false,"selected_call_mode":"pstn_assist","voice_id":"nado-000006","token_summary":"len:30:passke...en_331","reason":"retry:close:1006"}'
08-16 06:03:56.367 I/ReactNativeJS(27514): '[UI_PRESS_PROBE]', '{"event":"VOIP_PRESENCE_CLOSED","timestamp":"2026-08-15T21:03:56.367Z","token_ready":true,"user_ready":true,"show_login":false,"show_voip_tester":false,"selected_call_mode":"pstn_assist","voice_id":"nado-000006","token_summary":"len:30:passke...en_331","reason":"retry:close:1006","code":1006}'
08-16 06:03:56.367 I/ReactNativeJS(27514): '[UI_PRESS_PROBE]', '{"event":"VOIP_PRESENCE_RETRY_SCHEDULED","timestamp":"2026-08-15T21:03:56.367Z","token_ready":true,"user_ready":true,"show_login":false,"show_voip_tester":false,"selected_call_mode":"pstn_assist","voice_id":"nado-000006","token_summary":"len:30:passke...en_331","reason":"close:1006"}'
08-16 06:03:57.496 I/ReactNativeJS(27514): '[VoIPPendingIncoming]', '{"event":"REQUEST_START","source":"pending_call_poll","token_summary":"len:30:passke...en_331","user_id":6,"has_pending_call":false,"has_active_call":false}'
08-16 06:03:57.786 I/ReactNativeJS(27514): '[VoIPPendingIncoming]', '{"event":"REQUEST_RESULT","source":"pending_call_poll","token_summary":"len:30:passke...en_331","user_id":6,"status":401,"ok":false}'
08-16 06:03:57.786 I/ReactNativeJS(27514): '[VoIPPendingIncoming] fetch failed', 401
08-16 06:03:58.104 I/ReactNativeJS(27514): '[UI_PRESS_PROBE]', '{"event":"VOIP_PRESENCE_CONNECT_ATTEMPT","timestamp":"2026-08-15T21:03:58.104Z","token_ready":true,"user_ready":true,"show_login":false,"show_voip_tester":false,"selected_call_mode":"pstn_assist","voice_id":"nado-000006","token_summary":"len:30:passke...en_331","reason":"retry:close:1006","api_base":"https://metanova1004.com"}'
08-16 06:03:58.360 I/ReactNativeJS(27514): '[UI_PRESS_PROBE]', '{"event":"VOIP_PRESENCE_ERROR","timestamp":"2026-08-15T21:03:58.359Z","token_ready":true,"user_ready":true,"show_login":false,"show_voip_tester":false,"selected_call_mode":"pstn_assist","voice_id":"nado-000006","token_summary":"len:30:passke...en_331","reason":"retry:close:1006"}'
08-16 06:03:58.360 I/ReactNativeJS(27514): '[UI_PRESS_PROBE]', '{"event":"VOIP_PRESENCE_CLOSED","timestamp":"2026-08-15T21:03:58.360Z","token_ready":true,"user_ready":true,"show_login":false,"show_voip_tester":false,"selected_call_mode":"pstn_assist","voice_id":"nado-000006","token_summary":"len:30:passke...en_331","reason":"retry:close:1006","code":1006}'
08-16 06:03:58.360 I/ReactNativeJS(27514): '[UI_PRESS_PROBE]', '{"event":"VOIP_PRESENCE_RETRY_SCHEDULED","timestamp":"2026-08-15T21:03:58.360Z","token_ready":true,"user_ready":true,"show_login":false,"show_voip_tester":false,"selected_call_mode":"pstn_assist","voice_id":"nado-000006","token_summary":"len:30:passke...en_331","reason":"close:1006"}'
08-16 06:03:59.991 I/ReactNativeJS(27514): '[VoIPPendingIncoming]', '{"event":"REQUEST_START","source":"pending_call_poll","token_summary":"len:30:passke...en_331","user_id":6,"has_pending_call":false,"has_active_call":false}'
08-16 06:04:00.105 I/ReactNativeJS(27514): '[UI_PRESS_PROBE]', '{"event":"VOIP_PRESENCE_CONNECT_ATTEMPT","timestamp":"2026-08-15T21:04:00.105Z","token_ready":true,"user_ready":true,"show_login":false,"show_voip_tester":false,"selected_call_mode":"pstn_assist","voice_id":"nado-000006","token_summary":"len:30:passke...en_331","reason":"retry:close:1006","api_base":"https://metanova1004.com"}'
08-16 06:04:00.276 I/ReactNativeJS(27514): '[VoIPPendingIncoming]', '{"event":"REQUEST_RESULT","source":"pending_call_poll","token_summary":"len:30:passke...en_331","user_id":6,"status":401,"ok":false}'
08-16 06:04:00.276 I/ReactNativeJS(27514): '[VoIPPendingIncoming] fetch failed', 401
08-16 06:04:00.358 I/ReactNativeJS(27514): '[UI_PRESS_PROBE]', '{"event":"VOIP_PRESENCE_ERROR","timestamp":"2026-08-15T21:04:00.358Z","token_ready":true,"user_ready":true,"show_login":false,"show_voip_tester":false,"selected_call_mode":"pstn_assist","voice_id":"nado-000006","token_summary":"len:30:passke...en_331","reason":"retry:close:1006"}'
08-16 06:04:00.358 I/ReactNativeJS(27514): '[UI_PRESS_PROBE]', '{"event":"VOIP_PRESENCE_CLOSED","timestamp":"2026-08-15T21:04:00.358Z","token_ready":true,"user_ready":true,"show_login":false,"show_voip_tester":false,"selected_call_mode":"pstn_assist","voice_id":"nado-000006","token_summary":"len:30:passke...en_331","reason":"retry:close:1006","code":1006}'
08-16 06:04:00.359 I/ReactNativeJS(27514): '[UI_PRESS_PROBE]', '{"event":"VOIP_PRESENCE_RETRY_SCHEDULED","timestamp":"2026-08-15T21:04:00.359Z","token_ready":true,"user_ready":true,"show_login":false,"show_voip_tester":false,"selected_call_mode":"pstn_assist","voice_id":"nado-000006","token_summary":"len:30:passke...en_331","reason":"close:1006"}'
08-16 06:04:02.123 I/ReactNativeJS(27514): '[UI_PRESS_PROBE]', '{"event":"VOIP_PRESENCE_CONNECT_ATTEMPT","timestamp":"2026-08-15T21:04:02.123Z","token_ready":true,"user_ready":true,"show_login":false,"show_voip_tester":false,"selected_call_mode":"pstn_assist","voice_id":"nado-000006","token_summary":"len:30:passke...en_331","reason":"retry:close:1006","api_base":"https://metanova1004.com"}'
08-16 06:04:02.376 I/ReactNativeJS(27514): '[UI_PRESS_PROBE]', '{"event":"VOIP_PRESENCE_ERROR","timestamp":"2026-08-15T21:04:02.376Z","token_ready":true,"user_ready":true,"show_login":false,"show_voip_tester":false,"selected_call_mode":"pstn_assist","voice_id":"nado-000006","token_summary":"len:30:passke...en_331","reason":"retry:close:1006"}'
08-16 06:04:02.377 I/ReactNativeJS(27514): '[UI_PRESS_PROBE]', '{"event":"VOIP_PRESENCE_CLOSED","timestamp":"2026-08-15T21:04:02.376Z","token_ready":true,"user_ready":true,"show_login":false,"show_voip_tester":false,"selected_call_mode":"pstn_assist","voice_id":"nado-000006","token_summary":"len:30:passke...en_331","reason":"retry:close:1006","code":1006}'
08-16 06:04:02.377 I/ReactNativeJS(27514): '[UI_PRESS_PROBE]', '{"event":"VOIP_PRESENCE_RETRY_SCHEDULED","timestamp":"2026-08-15T21:04:02.377Z","token_ready":true,"user_ready":true,"show_login":false,"show_voip_tester":false,"selected_call_mode":"pstn_assist","voice_id":"nado-000006","token_summary":"len:30:passke...en_331","reason":"close:1006"}'
08-16 06:04:02.523 I/ReactNativeJS(27514): '[VoIPPendingIncoming]', '{"event":"REQUEST_START","source":"pending_call_poll","token_summary":"len:30:passke...en_331","user_id":6,"has_pending_call":false,"has_active_call":false}'
08-16 06:04:02.809 I/ReactNativeJS(27514): '[VoIPPendingIncoming]', '{"event":"REQUEST_RESULT","source":"pending_call_poll","token_summary":"len:30:passke...en_331","user_id":6,"status":401,"ok":false}'
08-16 06:04:02.809 I/ReactNativeJS(27514): '[VoIPPendingIncoming] fetch failed', 401
08-16 06:04:04.105 I/ReactNativeJS(27514): '[UI_PRESS_PROBE]', '{"event":"VOIP_PRESENCE_CONNECT_ATTEMPT","timestamp":"2026-08-15T21:04:04.104Z","token_ready":true,"user_ready":true,"show_login":false,"show_voip_tester":false,"selected_call_mode":"pstn_assist","voice_id":"nado-000006","token_summary":"len:30:passke...en_331","reason":"retry:close:1006","api_base":"https://metanova1004.com"}'
08-16 06:04:04.361 I/ReactNativeJS(27514): '[UI_PRESS_PROBE]', '{"event":"VOIP_PRESENCE_ERROR","timestamp":"2026-08-15T21:04:04.360Z","token_ready":true,"user_ready":true,"show_login":false,"show_voip_tester":false,"selected_call_mode":"pstn_assist","voice_id":"nado-000006","token_summary":"len:30:passke...en_331","reason":"retry:close:1006"}'
08-16 06:04:04.361 I/ReactNativeJS(27514): '[UI_PRESS_PROBE]', '{"event":"VOIP_PRESENCE_CLOSED","timestamp":"2026-08-15T21:04:04.361Z","token_ready":true,"user_ready":true,"show_login":false,"show_voip_tester":false,"selected_call_mode":"pstn_assist","voice_id":"nado-000006","token_summary":"len:30:passke...en_331","reason":"retry:close:1006","code":1006}'
08-16 06:04:04.361 I/ReactNativeJS(27514): '[UI_PRESS_PROBE]', '{"event":"VOIP_PRESENCE_RETRY_SCHEDULED","timestamp":"2026-08-15T21:04:04.361Z","token_ready":true,"user_ready":true,"show_login":false,"show_voip_tester":false,"selected_call_mode":"pstn_assist","voice_id":"nado-000006","token_summary":"len:30:passke...en_331","reason":"close:1006"}'
08-16 06:04:05.056 I/ReactNativeJS(27514): '[VoIPPendingIncoming]', '{"event":"REQUEST_START","source":"pending_call_poll","token_summary":"len:30:passke...en_331","user_id":6,"has_pending_call":false,"has_active_call":false}'
08-16 06:04:05.344 I/ReactNativeJS(27514): '[VoIPPendingIncoming]', '{"event":"REQUEST_RESULT","source":"pending_call_poll","token_summary":"len:30:passke...en_331","user_id":6,"status":401,"ok":false}'
08-16 06:04:05.344 I/ReactNativeJS(27514): '[VoIPPendingIncoming] fetch failed', 401
08-16 06:04:06.111 I/ReactNativeJS(27514): '[UI_PRESS_PROBE]', '{"event":"VOIP_PRESENCE_CONNECT_ATTEMPT","timestamp":"2026-08-15T21:04:06.111Z","token_ready":true,"user_ready":true,"show_login":false,"show_voip_tester":false,"selected_call_mode":"pstn_assist","voice_id":"nado-000006","token_summary":"len:30:passke...en_331","reason":"retry:close:1006","api_base":"https://metanova1004.com"}'
08-16 06:04:06.368 I/ReactNativeJS(27514): '[UI_PRESS_PROBE]', '{"event":"VOIP_PRESENCE_ERROR","timestamp":"2026-08-15T21:04:06.367Z","token_ready":true,"user_ready":true,"show_login":false,"show_voip_tester":false,"selected_call_mode":"pstn_assist","voice_id":"nado-000006","token_summary":"len:30:passke...en_331","reason":"retry:close:1006"}'
08-16 06:04:06.368 I/ReactNativeJS(27514): '[UI_PRESS_PROBE]', '{"event":"VOIP_PRESENCE_CLOSED","timestamp":"2026-08-15T21:04:06.368Z","token_ready":true,"user_ready":true,"show_login":false,"show_voip_tester":false,"selected_call_mode":"pstn_assist","voice_id":"nado-000006","token_summary":"len:30:passke...en_331","reason":"retry:close:1006","code":1006}'
08-16 06:04:06.368 I/ReactNativeJS(27514): '[UI_PRESS_PROBE]', '{"event":"VOIP_PRESENCE_RETRY_SCHEDULED","timestamp":"2026-08-15T21:04:06.368Z","token_ready":true,"user_ready":true,"show_login":false,"show_voip_tester":false,"selected_call_mode":"pstn_assist","voice_id":"nado-000006","token_summary":"len:30:passke...en_331","reason":"close:1006"}'
08-16 06:04:07.549 I/ReactNativeJS(27514): '[VoIPPendingIncoming]', '{"event":"REQUEST_START","source":"pending_call_poll","token_summary":"len:30:passke...en_331","user_id":6,"has_pending_call":false,"has_active_call":false}'
08-16 06:04:07.862 I/ReactNativeJS(27514): '[VoIPPendingIncoming]', '{"event":"REQUEST_RESULT","source":"pending_call_poll","token_summary":"len:30:passke...en_331","user_id":6,"status":401,"ok":false}'
08-16 06:04:07.862 I/ReactNativeJS(27514): '[VoIPPendingIncoming] fetch failed', 401
08-16 06:04:08.134 I/ReactNativeJS(27514): '[UI_PRESS_PROBE]', '{"event":"VOIP_PRESENCE_CONNECT_ATTEMPT","timestamp":"2026-08-15T21:04:08.133Z","token_ready":true,"user_ready":true,"show_login":false,"show_voip_tester":false,"selected_call_mode":"pstn_assist","voice_id":"nado-000006","token_summary":"len:30:passke...en_331","reason":"retry:close:1006","api_base":"https://metanova1004.com"}'
08-16 06:04:08.411 I/ReactNativeJS(27514): '[UI_PRESS_PROBE]', '{"event":"VOIP_PRESENCE_ERROR","timestamp":"2026-08-15T21:04:08.411Z","token_ready":true,"user_ready":true,"show_login":false,"show_voip_tester":false,"selected_call_mode":"pstn_assist","voice_id":"nado-000006","token_summary":"len:30:passke...en_331","reason":"retry:close:1006"}'
08-16 06:04:08.412 I/ReactNativeJS(27514): '[UI_PRESS_PROBE]', '{"event":"VOIP_PRESENCE_CLOSED","timestamp":"2026-08-15T21:04:08.411Z","token_ready":true,"user_ready":true,"show_login":false,"show_voip_tester":false,"selected_call_mode":"pstn_assist","voice_id":"nado-000006","token_summary":"len:30:passke...en_331","reason":"retry:close:1006","code":1006}'
08-16 06:04:08.412 I/ReactNativeJS(27514): '[UI_PRESS_PROBE]', '{"event":"VOIP_PRESENCE_RETRY_SCHEDULED","timestamp":"2026-08-15T21:04:08.412Z","token_ready":true,"user_ready":true,"show_login":false,"show_voip_tester":false,"selected_call_mode":"pstn_assist","voice_id":"nado-000006","token_summary":"len:30:passke...en_331","reason":"close:1006"}'
08-16 06:04:10.041 I/ReactNativeJS(27514): '[VoIPPendingIncoming]', '{"event":"REQUEST_START","source":"pending_call_poll","token_summary":"len:30:passke...en_331","user_id":6,"has_pending_call":false,"has_active_call":false}'
08-16 06:04:10.158 I/ReactNativeJS(27514): '[UI_PRESS_PROBE]', '{"event":"VOIP_PRESENCE_CONNECT_ATTEMPT","timestamp":"2026-08-15T21:04:10.158Z","token_ready":true,"user_ready":true,"show_login":false,"show_voip_tester":false,"selected_call_mode":"pstn_assist","voice_id":"nado-000006","token_summary":"len:30:passke...en_331","reason":"retry:close:1006","api_base":"https://metanova1004.com"}'
08-16 06:04:10.325 I/ReactNativeJS(27514): '[VoIPPendingIncoming]', '{"event":"REQUEST_RESULT","source":"pending_call_poll","token_summary":"len:30:passke...en_331","user_id":6,"status":401,"ok":false}'
08-16 06:04:10.325 I/ReactNativeJS(27514): '[VoIPPendingIncoming] fetch failed', 401
08-16 06:04:10.416 I/ReactNativeJS(27514): '[UI_PRESS_PROBE]', '{"event":"VOIP_PRESENCE_ERROR","timestamp":"2026-08-15T21:04:10.416Z","token_ready":true,"user_ready":true,"show_login":false,"show_voip_tester":false,"selected_call_mode":"pstn_assist","voice_id":"nado-000006","token_summary":"len:30:passke...en_331","reason":"retry:close:1006"}'
08-16 06:04:10.417 I/ReactNativeJS(27514): '[UI_PRESS_PROBE]', '{"event":"VOIP_PRESENCE_CLOSED","timestamp":"2026-08-15T21:04:10.416Z","token_ready":true,"user_ready":true,"show_login":false,"show_voip_tester":false,"selected_call_mode":"pstn_assist","voice_id":"nado-000006","token_summary":"len:30:passke...en_331","reason":"retry:close:1006","code":1006}'
08-16 06:04:10.417 I/ReactNativeJS(27514): '[UI_PRESS_PROBE]', '{"event":"VOIP_PRESENCE_RETRY_SCHEDULED","timestamp":"2026-08-15T21:04:10.417Z","token_ready":true,"user_ready":true,"show_login":false,"show_voip_tester":false,"selected_call_mode":"pstn_assist","voice_id":"nado-000006","token_summary":"len:30:passke...en_331","reason":"close:1006"}'
08-16 06:04:12.170 I/ReactNativeJS(27514): '[UI_PRESS_PROBE]', '{"event":"VOIP_PRESENCE_CONNECT_ATTEMPT","timestamp":"2026-08-15T21:04:12.170Z","token_ready":true,"user_ready":true,"show_login":false,"show_voip_tester":false,"selected_call_mode":"pstn_assist","voice_id":"nado-000006","token_summary":"len:30:passke...en_331","reason":"retry:close:1006","api_base":"https://metanova1004.com"}'
08-16 06:04:12.421 I/ReactNativeJS(27514): '[UI_PRESS_PROBE]', '{"event":"VOIP_PRESENCE_ERROR","timestamp":"2026-08-15T21:04:12.421Z","token_ready":true,"user_ready":true,"show_login":false,"show_voip_tester":false,"selected_call_mode":"pstn_assist","voice_id":"nado-000006","token_summary":"len:30:passke...en_331","reason":"retry:close:1006"}'
08-16 06:04:12.422 I/ReactNativeJS(27514): '[UI_PRESS_PROBE]', '{"event":"VOIP_PRESENCE_CLOSED","timestamp":"2026-08-15T21:04:12.421Z","token_ready":true,"user_ready":true,"show_login":false,"show_voip_tester":false,"selected_call_mode":"pstn_assist","voice_id":"nado-000006","token_summary":"len:30:passke...en_331","reason":"retry:close:1006","code":1006}'
08-16 06:04:12.422 I/ReactNativeJS(27514): '[UI_PRESS_PROBE]', '{"event":"VOIP_PRESENCE_RETRY_SCHEDULED","timestamp":"2026-08-15T21:04:12.422Z","token_ready":true,"user_ready":true,"show_login":false,"show_voip_tester":false,"selected_call_mode":"pstn_assist","voice_id":"nado-000006","token_summary":"len:30:passke...en_331","reason":"close:1006"}'
08-16 06:04:12.547 I/ReactNativeJS(27514): '[VoIPPendingIncoming]', '{"event":"REQUEST_START","source":"pending_call_poll","token_summary":"len:30:passke...en_331","user_id":6,"has_pending_call":false,"has_active_call":false}'
08-16 06:04:12.870 I/ReactNativeJS(27514): '[VoIPPendingIncoming]', '{"event":"REQUEST_RESULT","source":"pending_call_poll","token_summary":"len:30:passke...en_331","user_id":6,"status":401,"ok":false}'
08-16 06:04:12.870 I/ReactNativeJS(27514): '[VoIPPendingIncoming] fetch failed', 401
08-16 06:04:14.169 I/ReactNativeJS(27514): '[UI_PRESS_PROBE]', '{"event":"VOIP_PRESENCE_CONNECT_ATTEMPT","timestamp":"2026-08-15T21:04:14.169Z","token_ready":true,"user_ready":true,"show_login":false,"show_voip_tester":false,"selected_call_mode":"pstn_assist","voice_id":"nado-000006","token_summary":"len:30:passke...en_331","reason":"retry:close:1006","api_base":"https://metanova1004.com"}'
08-16 06:04:14.474 I/ReactNativeJS(27514): '[UI_PRESS_PROBE]', '{"event":"VOIP_PRESENCE_ERROR","timestamp":"2026-08-15T21:04:14.473Z","token_ready":true,"user_ready":true,"show_login":false,"show_voip_tester":false,"selected_call_mode":"pstn_assist","voice_id":"nado-000006","token_summary":"len:30:passke...en_331","reason":"retry:close:1006"}'
08-16 06:04:14.474 I/ReactNativeJS(27514): '[UI_PRESS_PROBE]', '{"event":"VOIP_PRESENCE_CLOSED","timestamp":"2026-08-15T21:04:14.474Z","token_ready":true,"user_ready":true,"show_login":false,"show_voip_tester":false,"selected_call_mode":"pstn_assist","voice_id":"nado-000006","token_summary":"len:30:passke...en_331","reason":"retry:close:1006","code":1006}'
08-16 06:04:14.475 I/ReactNativeJS(27514): '[UI_PRESS_PROBE]', '{"event":"VOIP_PRESENCE_RETRY_SCHEDULED","timestamp":"2026-08-15T21:04:14.474Z","token_ready":true,"user_ready":true,"show_login":false,"show_voip_tester":false,"selected_call_mode":"pstn_assist","voice_id":"nado-000006","token_summary":"len:30:passke...en_331","reason":"close:1006"}'
08-16 06:04:15.044 I/ReactNativeJS(27514): '[VoIPPendingIncoming]', '{"event":"REQUEST_START","source":"pending_call_poll","token_summary":"len:30:passke...en_331","user_id":6,"has_pending_call":false,"has_active_call":false}'
08-16 06:04:15.332 I/ReactNativeJS(27514): '[VoIPPendingIncoming]', '{"event":"REQUEST_RESULT","source":"pending_call_poll","token_summary":"len:30:passke...en_331","user_id":6,"status":401,"ok":false}'
08-16 06:04:15.332 I/ReactNativeJS(27514): '[VoIPPendingIncoming] fetch failed', 401
08-16 06:04:16.205 I/ReactNativeJS(27514): '[UI_PRESS_PROBE]', '{"event":"VOIP_PRESENCE_CONNECT_ATTEMPT","timestamp":"2026-08-15T21:04:16.204Z","token_ready":true,"user_ready":true,"show_login":false,"show_voip_tester":false,"selected_call_mode":"pstn_assist","voice_id":"nado-000006","token_summary":"len:30:passke...en_331","reason":"retry:close:1006","api_base":"https://metanova1004.com"}'
08-16 06:04:16.462 I/ReactNativeJS(27514): '[UI_PRESS_PROBE]', '{"event":"VOIP_PRESENCE_ERROR","timestamp":"2026-08-15T21:04:16.462Z","token_ready":true,"user_ready":true,"show_login":false,"show_voip_tester":false,"selected_call_mode":"pstn_assist","voice_id":"nado-000006","token_summary":"len:30:passke...en_331","reason":"retry:close:1006"}'
08-16 06:04:16.462 I/ReactNativeJS(27514): '[UI_PRESS_PROBE]', '{"event":"VOIP_PRESENCE_CLOSED","timestamp":"2026-08-15T21:04:16.462Z","token_ready":true,"user_ready":true,"show_login":false,"show_voip_tester":false,"selected_call_mode":"pstn_assist","voice_id":"nado-000006","token_summary":"len:30:passke...en_331","reason":"retry:close:1006","code":1006}'
08-16 06:04:16.463 I/ReactNativeJS(27514): '[UI_PRESS_PROBE]', '{"event":"VOIP_PRESENCE_RETRY_SCHEDULED","timestamp":"2026-08-15T21:04:16.462Z","token_ready":true,"user_ready":true,"show_login":false,"show_voip_tester":false,"selected_call_mode":"pstn_assist","voice_id":"nado-000006","token_summary":"len:30:passke...en_331","reason":"close:1006"}'
08-16 06:04:17.576 I/ReactNativeJS(27514): '[VoIPPendingIncoming]', '{"event":"REQUEST_START","source":"pending_call_poll","token_summary":"len:30:passke...en_331","user_id":6,"has_pending_call":false,"has_active_call":false}'
08-16 06:04:17.861 I/ReactNativeJS(27514): '[VoIPPendingIncoming]', '{"event":"REQUEST_RESULT","source":"pending_call_poll","token_summary":"len:30:passke...en_331","user_id":6,"status":401,"ok":false}'
08-16 06:04:17.861 I/ReactNativeJS(27514): '[VoIPPendingIncoming] fetch failed', 401
08-16 06:04:18.206 I/ReactNativeJS(27514): '[UI_PRESS_PROBE]', '{"event":"VOIP_PRESENCE_CONNECT_ATTEMPT","timestamp":"2026-08-15T21:04:18.206Z","token_ready":true,"user_ready":true,"show_login":false,"show_voip_tester":false,"selected_call_mode":"pstn_assist","voice_id":"nado-000006","token_summary":"len:30:passke...en_331","reason":"retry:close:1006","api_base":"https://metanova1004.com"}'
08-16 06:04:18.476 I/ReactNativeJS(27514): '[UI_PRESS_PROBE]', '{"event":"VOIP_PRESENCE_ERROR","timestamp":"2026-08-15T21:04:18.476Z","token_ready":true,"user_ready":true,"show_login":false,"show_voip_tester":false,"selected_call_mode":"pstn_assist","voice_id":"nado-000006","token_summary":"len:30:passke...en_331","reason":"retry:close:1006"}'
08-16 06:04:18.477 I/ReactNativeJS(27514): '[UI_PRESS_PROBE]', '{"event":"VOIP_PRESENCE_CLOSED","timestamp":"2026-08-15T21:04:18.476Z","token_ready":true,"user_ready":true,"show_login":false,"show_voip_tester":false,"selected_call_mode":"pstn_assist","voice_id":"nado-000006","token_summary":"len:30:passke...en_331","reason":"retry:close:1006","code":1006}'
08-16 06:04:18.477 I/ReactNativeJS(27514): '[UI_PRESS_PROBE]', '{"event":"VOIP_PRESENCE_RETRY_SCHEDULED","timestamp":"2026-08-15T21:04:18.477Z","token_ready":true,"user_ready":true,"show_login":false,"show_voip_tester":false,"selected_call_mode":"pstn_assist","voice_id":"nado-000006","token_summary":"len:30:passke...en_331","reason":"close:1006"}'
08-16 06:04:20.102 I/ReactNativeJS(27514): '[VoIPPendingIncoming]', '{"event":"REQUEST_START","source":"pending_call_poll","token_summary":"len:30:passke...en_331","user_id":6,"has_pending_call":false,"has_active_call":false}'
08-16 06:04:20.228 I/ReactNativeJS(27514): '[UI_PRESS_PROBE]', '{"event":"VOIP_PRESENCE_CONNECT_ATTEMPT","timestamp":"2026-08-15T21:04:20.227Z","token_ready":true,"user_ready":true,"show_login":false,"show_voip_tester":false,"selected_call_mode":"pstn_assist","voice_id":"nado-000006","token_summary":"len:30:passke...en_331","reason":"retry:close:1006","api_base":"https://metanova1004.com"}'
08-16 06:04:20.403 I/ReactNativeJS(27514): '[VoIPPendingIncoming]', '{"event":"REQUEST_RESULT","source":"pending_call_poll","token_summary":"len:30:passke...en_331","user_id":6,"status":401,"ok":false}'
08-16 06:04:20.404 I/ReactNativeJS(27514): '[VoIPPendingIncoming] fetch failed', 401
08-16 06:04:20.498 I/ReactNativeJS(27514): '[UI_PRESS_PROBE]', '{"event":"VOIP_PRESENCE_ERROR","timestamp":"2026-08-15T21:04:20.497Z","token_ready":true,"user_ready":true,"show_login":false,"show_voip_tester":false,"selected_call_mode":"pstn_assist","voice_id":"nado-000006","token_summary":"len:30:passke...en_331","reason":"retry:close:1006"}'
08-16 06:04:20.498 I/ReactNativeJS(27514): '[UI_PRESS_PROBE]', '{"event":"VOIP_PRESENCE_CLOSED","timestamp":"2026-08-15T21:04:20.498Z","token_ready":true,"user_ready":true,"show_login":false,"show_voip_tester":false,"selected_call_mode":"pstn_assist","voice_id":"nado-000006","token_summary":"len:30:passke...en_331","reason":"retry:close:1006","code":1006}'
08-16 06:04:20.498 I/ReactNativeJS(27514): '[UI_PRESS_PROBE]', '{"event":"VOIP_PRESENCE_RETRY_SCHEDULED","timestamp":"2026-08-15T21:04:20.498Z","token_ready":true,"user_ready":true,"show_login":false,"show_voip_tester":false,"selected_call_mode":"pstn_assist","voice_id":"nado-000006","token_summary":"len:30:passke...en_331","reason":"close:1006"}'
08-16 06:04:22.242 I/ReactNativeJS(27514): '[UI_PRESS_PROBE]', '{"event":"VOIP_PRESENCE_CONNECT_ATTEMPT","timestamp":"2026-08-15T21:04:22.241Z","token_ready":true,"user_ready":true,"show_login":false,"show_voip_tester":false,"selected_call_mode":"pstn_assist","voice_id":"nado-000006","token_summary":"len:30:passke...en_331","reason":"retry:close:1006","api_base":"https://metanova1004.com"}'
08-16 06:04:22.497 I/ReactNativeJS(27514): '[UI_PRESS_PROBE]', '{"event":"VOIP_PRESENCE_ERROR","timestamp":"2026-08-15T21:04:22.496Z","token_ready":true,"user_ready":true,"show_login":false,"show_voip_tester":false,"selected_call_mode":"pstn_assist","voice_id":"nado-000006","token_summary":"len:30:passke...en_331","reason":"retry:close:1006"}'
08-16 06:04:22.497 I/ReactNativeJS(27514): '[UI_PRESS_PROBE]', '{"event":"VOIP_PRESENCE_CLOSED","timestamp":"2026-08-15T21:04:22.497Z","token_ready":true,"user_ready":true,"show_login":false,"show_voip_tester":false,"selected_call_mode":"pstn_assist","voice_id":"nado-000006","token_summary":"len:30:passke...en_331","reason":"retry:close:1006","code":1006}'
08-16 06:04:22.497 I/ReactNativeJS(27514): '[UI_PRESS_PROBE]', '{"event":"VOIP_PRESENCE_RETRY_SCHEDULED","timestamp":"2026-08-15T21:04:22.497Z","token_ready":true,"user_ready":true,"show_login":false,"show_voip_tester":false,"selected_call_mode":"pstn_assist","voice_id":"nado-000006","token_summary":"len:30:passke...en_331","reason":"close:1006"}'
08-16 06:04:22.605 I/ReactNativeJS(27514): '[VoIPPendingIncoming]', '{"event":"REQUEST_START","source":"pending_call_poll","token_summary":"len:30:passke...en_331","user_id":6,"has_pending_call":false,"has_active_call":false}'
08-16 06:04:22.886 I/ReactNativeJS(27514): '[VoIPPendingIncoming]', '{"event":"REQUEST_RESULT","source":"pending_call_poll","token_summary":"len:30:passke...en_331","user_id":6,"status":401,"ok":false}'
08-16 06:04:22.886 I/ReactNativeJS(27514): '[VoIPPendingIncoming] fetch failed', 401
08-16 06:04:24.249 I/ReactNativeJS(27514): '[UI_PRESS_PROBE]', '{"event":"VOIP_PRESENCE_CONNECT_ATTEMPT","timestamp":"2026-08-15T21:04:24.249Z","token_ready":true,"user_ready":true,"show_login":false,"show_voip_tester":false,"selected_call_mode":"pstn_assist","voice_id":"nado-000006","token_summary":"len:30:passke...en_331","reason":"retry:close:1006","api_base":"https://metanova1004.com"}'
08-16 06:04:24.499 I/ReactNativeJS(27514): '[UI_PRESS_PROBE]', '{"event":"VOIP_PRESENCE_ERROR","timestamp":"2026-08-15T21:04:24.498Z","token_ready":true,"user_ready":true,"show_login":false,"show_voip_tester":false,"selected_call_mode":"pstn_assist","voice_id":"nado-000006","token_summary":"len:30:passke...en_331","reason":"retry:close:1006"}'
08-16 06:04:24.499 I/ReactNativeJS(27514): '[UI_PRESS_PROBE]', '{"event":"VOIP_PRESENCE_CLOSED","timestamp":"2026-08-15T21:04:24.499Z","token_ready":true,"user_ready":true,"show_login":false,"show_voip_tester":false,"selected_call_mode":"pstn_assist","voice_id":"nado-000006","token_summary":"len:30:passke...en_331","reason":"retry:close:1006","code":1006}'
08-16 06:04:24.499 I/ReactNativeJS(27514): '[UI_PRESS_PROBE]', '{"event":"VOIP_PRESENCE_RETRY_SCHEDULED","timestamp":"2026-08-15T21:04:24.499Z","token_ready":true,"user_ready":true,"show_login":false,"show_voip_tester":false,"selected_call_mode":"pstn_assist","voice_id":"nado-000006","token_summary":"len:30:passke...en_331","reason":"close:1006"}'
08-16 06:04:25.091 I/ReactNativeJS(27514): '[VoIPPendingIncoming]', '{"event":"REQUEST_START","source":"pending_call_poll","token_summary":"len:30:passke...en_331","user_id":6,"has_pending_call":false,"has_active_call":false}'
08-16 06:04:25.380 I/ReactNativeJS(27514): '[VoIPPendingIncoming]', '{"event":"REQUEST_RESULT","source":"pending_call_poll","token_summary":"len:30:passke...en_331","user_id":6,"status":401,"ok":false}'
08-16 06:04:25.380 I/ReactNativeJS(27514): '[VoIPPendingIncoming] fetch failed', 401
08-16 06:04:26.279 I/ReactNativeJS(27514): '[UI_PRESS_PROBE]', '{"event":"VOIP_PRESENCE_CONNECT_ATTEMPT","timestamp":"2026-08-15T21:04:26.279Z","token_ready":true,"user_ready":true,"show_login":false,"show_voip_tester":false,"selected_call_mode":"pstn_assist","voice_id":"nado-000006","token_summary":"len:30:passke...en_331","reason":"retry:close:1006","api_base":"https://metanova1004.com"}'
08-16 06:04:26.550 I/ReactNativeJS(27514): '[UI_PRESS_PROBE]', '{"event":"VOIP_PRESENCE_ERROR","timestamp":"2026-08-15T21:04:26.550Z","token_ready":true,"user_ready":true,"show_login":false,"show_voip_tester":false,"selected_call_mode":"pstn_assist","voice_id":"nado-000006","token_summary":"len:30:passke...en_331","reason":"retry:close:1006"}'
08-16 06:04:26.550 I/ReactNativeJS(27514): '[UI_PRESS_PROBE]', '{"event":"VOIP_PRESENCE_CLOSED","timestamp":"2026-08-15T21:04:26.550Z","token_ready":true,"user_ready":true,"show_login":false,"show_voip_tester":false,"selected_call_mode":"pstn_assist","voice_id":"nado-000006","token_summary":"len:30:passke...en_331","reason":"retry:close:1006","code":1006}'
08-16 06:04:26.551 I/ReactNativeJS(27514): '[UI_PRESS_PROBE]', '{"event":"VOIP_PRESENCE_RETRY_SCHEDULED","timestamp":"2026-08-15T21:04:26.550Z","token_ready":true,"user_ready":true,"show_login":false,"show_voip_tester":false,"selected_call_mode":"pstn_assist","voice_id":"nado-000006","token_summary":"len:30:passke...en_331","reason":"close:1006"}'
08-16 06:04:27.618 I/ReactNativeJS(27514): '[VoIPPendingIncoming]', '{"event":"REQUEST_START","source":"pending_call_poll","token_summary":"len:30:passke...en_331","user_id":6,"has_pending_call":false,"has_active_call":false}'
08-16 06:04:27.914 I/ReactNativeJS(27514): '[VoIPPendingIncoming]', '{"event":"REQUEST_RESULT","source":"pending_call_poll","token_summary":"len:30:passke...en_331","user_id":6,"status":401,"ok":false}'
08-16 06:04:27.914 I/ReactNativeJS(27514): '[VoIPPendingIncoming] fetch failed', 401
08-16 06:04:28.279 I/ReactNativeJS(27514): '[UI_PRESS_PROBE]', '{"event":"VOIP_PRESENCE_CONNECT_ATTEMPT","timestamp":"2026-08-15T21:04:28.279Z","token_ready":true,"user_ready":true,"show_login":false,"show_voip_tester":false,"selected_call_mode":"pstn_assist","voice_id":"nado-000006","token_summary":"len:30:passke...en_331","reason":"retry:close:1006","api_base":"https://metanova1004.com"}'
08-16 06:04:28.532 I/ReactNativeJS(27514): '[UI_PRESS_PROBE]', '{"event":"VOIP_PRESENCE_ERROR","timestamp":"2026-08-15T21:04:28.531Z","token_ready":true,"user_ready":true,"show_login":false,"show_voip_tester":false,"selected_call_mode":"pstn_assist","voice_id":"nado-000006","token_summary":"len:30:passke...en_331","reason":"retry:close:1006"}'
08-16 06:04:28.532 I/ReactNativeJS(27514): '[UI_PRESS_PROBE]', '{"event":"VOIP_PRESENCE_CLOSED","timestamp":"2026-08-15T21:04:28.532Z","token_ready":true,"user_ready":true,"show_login":false,"show_voip_tester":false,"selected_call_mode":"pstn_assist","voice_id":"nado-000006","token_summary":"len:30:passke...en_331","reason":"retry:close:1006","code":1006}'
08-16 06:04:28.532 I/ReactNativeJS(27514): '[UI_PRESS_PROBE]', '{"event":"VOIP_PRESENCE_RETRY_SCHEDULED","timestamp":"2026-08-15T21:04:28.532Z","token_ready":true,"user_ready":true,"show_login":false,"show_voip_tester":false,"selected_call_mode":"pstn_assist","voice_id":"nado-000006","token_summary":"len:30:passke...en_331","reason":"close:1006"}'
08-16 06:04:30.135 I/ReactNativeJS(27514): '[VoIPPendingIncoming]', '{"event":"REQUEST_START","source":"pending_call_poll","token_summary":"len:30:passke...en_331","user_id":6,"has_pending_call":false,"has_active_call":false}'
08-16 06:04:30.274 I/ReactNativeJS(27514): '[UI_PRESS_PROBE]', '{"event":"VOIP_PRESENCE_CONNECT_ATTEMPT","timestamp":"2026-08-15T21:04:30.274Z","token_ready":true,"user_ready":true,"show_login":false,"show_voip_tester":false,"selected_call_mode":"pstn_assist","voice_id":"nado-000006","token_summary":"len:30:passke...en_331","reason":"retry:close:1006","api_base":"https://metanova1004.com"}'
08-16 06:04:30.417 I/ReactNativeJS(27514): '[VoIPPendingIncoming]', '{"event":"REQUEST_RESULT","source":"pending_call_poll","token_summary":"len:30:passke...en_331","user_id":6,"status":401,"ok":false}'
08-16 06:04:30.418 I/ReactNativeJS(27514): '[VoIPPendingIncoming] fetch failed', 401
08-16 06:04:30.529 I/ReactNativeJS(27514): '[UI_PRESS_PROBE]', '{"event":"VOIP_PRESENCE_ERROR","timestamp":"2026-08-15T21:04:30.528Z","token_ready":true,"user_ready":true,"show_login":false,"show_voip_tester":false,"selected_call_mode":"pstn_assist","voice_id":"nado-000006","token_summary":"len:30:passke...en_331","reason":"retry:close:1006"}'
08-16 06:04:30.529 I/ReactNativeJS(27514): '[UI_PRESS_PROBE]', '{"event":"VOIP_PRESENCE_CLOSED","timestamp":"2026-08-15T21:04:30.529Z","token_ready":true,"user_ready":true,"show_login":false,"show_voip_tester":false,"selected_call_mode":"pstn_assist","voice_id":"nado-000006","token_summary":"len:30:passke...en_331","reason":"retry:close:1006","code":1006}'
08-16 06:04:30.530 I/ReactNativeJS(27514): '[UI_PRESS_PROBE]', '{"event":"VOIP_PRESENCE_RETRY_SCHEDULED","timestamp":"2026-08-15T21:04:30.529Z","token_ready":true,"user_ready":true,"show_login":false,"show_voip_tester":false,"selected_call_mode":"pstn_assist","voice_id":"nado-000006","token_summary":"len:30:passke...en_331","reason":"close:1006"}'
08-16 06:04:32.276 I/ReactNativeJS(27514): '[UI_PRESS_PROBE]', '{"event":"VOIP_PRESENCE_CONNECT_ATTEMPT","timestamp":"2026-08-15T21:04:32.275Z","token_ready":true,"user_ready":true,"show_login":false,"show_voip_tester":false,"selected_call_mode":"pstn_assist","voice_id":"nado-000006","token_summary":"len:30:passke...en_331","reason":"retry:close:1006","api_base":"https://metanova1004.com"}'
08-16 06:04:32.530 I/ReactNativeJS(27514): '[UI_PRESS_PROBE]', '{"event":"VOIP_PRESENCE_ERROR","timestamp":"2026-08-15T21:04:32.530Z","token_ready":true,"user_ready":true,"show_login":false,"show_voip_tester":false,"selected_call_mode":"pstn_assist","voice_id":"nado-000006","token_summary":"len:30:passke...en_331","reason":"retry:close:1006"}'
08-16 06:04:32.530 I/ReactNativeJS(27514): '[UI_PRESS_PROBE]', '{"event":"VOIP_PRESENCE_CLOSED","timestamp":"2026-08-15T21:04:32.530Z","token_ready":true,"user_ready":true,"show_login":false,"show_voip_tester":false,"selected_call_mode":"pstn_assist","voice_id":"nado-000006","token_summary":"len:30:passke...en_331","reason":"retry:close:1006","code":1006}'
08-16 06:04:32.531 I/ReactNativeJS(27514): '[UI_PRESS_PROBE]', '{"event":"VOIP_PRESENCE_RETRY_SCHEDULED","timestamp":"2026-08-15T21:04:32.530Z","token_ready":true,"user_ready":true,"show_login":false,"show_voip_tester":false,"selected_call_mode":"pstn_assist","voice_id":"nado-000006","token_summary":"len:30:passke...en_331","reason":"close:1006"}'
08-16 06:04:32.638 I/ReactNativeJS(27514): '[VoIPPendingIncoming]', '{"event":"REQUEST_START","source":"pending_call_poll","token_summary":"len:30:passke...en_331","user_id":6,"has_pending_call":false,"has_active_call":false}'
08-16 06:04:32.945 I/ReactNativeJS(27514): '[VoIPPendingIncoming]', '{"event":"REQUEST_RESULT","source":"pending_call_poll","token_summary":"len:30:passke...en_331","user_id":6,"status":401,"ok":false}'
08-16 06:04:32.946 I/ReactNativeJS(27514): '[VoIPPendingIncoming] fetch failed', 401
08-16 06:04:34.274 I/ReactNativeJS(27514): '[UI_PRESS_PROBE]', '{"event":"VOIP_PRESENCE_CONNECT_ATTEMPT","timestamp":"2026-08-15T21:04:34.273Z","token_ready":true,"user_ready":true,"show_login":false,"show_voip_tester":false,"selected_call_mode":"pstn_assist","voice_id":"nado-000006","token_summary":"len:30:passke...en_331","reason":"retry:close:1006","api_base":"https://metanova1004.com"}'
08-16 06:04:34.527 I/ReactNativeJS(27514): '[UI_PRESS_PROBE]', '{"event":"VOIP_PRESENCE_ERROR","timestamp":"2026-08-15T21:04:34.527Z","token_ready":true,"user_ready":true,"show_login":false,"show_voip_tester":false,"selected_call_mode":"pstn_assist","voice_id":"nado-000006","token_summary":"len:30:passke...en_331","reason":"retry:close:1006"}'
08-16 06:04:34.528 I/ReactNativeJS(27514): '[UI_PRESS_PROBE]', '{"event":"VOIP_PRESENCE_CLOSED","timestamp":"2026-08-15T21:04:34.528Z","token_ready":true,"user_ready":true,"show_login":false,"show_voip_tester":false,"selected_call_mode":"pstn_assist","voice_id":"nado-000006","token_summary":"len:30:passke...en_331","reason":"retry:close:1006","code":1006}'
08-16 06:04:34.528 I/ReactNativeJS(27514): '[UI_PRESS_PROBE]', '{"event":"VOIP_PRESENCE_RETRY_SCHEDULED","timestamp":"2026-08-15T21:04:34.528Z","token_ready":true,"user_ready":true,"show_login":false,"show_voip_tester":false,"selected_call_mode":"pstn_assist","voice_id":"nado-000006","token_summary":"len:30:passke...en_331","reason":"close:1006"}'
08-16 06:04:35.173 I/ReactNativeJS(27514): '[VoIPPendingIncoming]', '{"event":"REQUEST_START","source":"pending_call_poll","token_summary":"len:30:passke...en_331","user_id":6,"has_pending_call":false,"has_active_call":false}'
08-16 06:04:35.477 I/ReactNativeJS(27514): '[VoIPPendingIncoming]', '{"event":"REQUEST_RESULT","source":"pending_call_poll","token_summary":"len:30:passke...en_331","user_id":6,"status":401,"ok":false}'
08-16 06:04:35.477 I/ReactNativeJS(27514): '[VoIPPendingIncoming] fetch failed', 401
08-16 06:04:36.276 I/ReactNativeJS(27514): '[UI_PRESS_PROBE]', '{"event":"VOIP_PRESENCE_CONNECT_ATTEMPT","timestamp":"2026-08-15T21:04:36.276Z","token_ready":true,"user_ready":true,"show_login":false,"show_voip_tester":false,"selected_call_mode":"pstn_assist","voice_id":"nado-000006","token_summary":"len:30:passke...en_331","reason":"retry:close:1006","api_base":"https://metanova1004.com"}'
08-16 06:04:36.537 I/ReactNativeJS(27514): '[UI_PRESS_PROBE]', '{"event":"VOIP_PRESENCE_ERROR","timestamp":"2026-08-15T21:04:36.536Z","token_ready":true,"user_ready":true,"show_login":false,"show_voip_tester":false,"selected_call_mode":"pstn_assist","voice_id":"nado-000006","token_summary":"len:30:passke...en_331","reason":"retry:close:1006"}'
08-16 06:04:36.537 I/ReactNativeJS(27514): '[UI_PRESS_PROBE]', '{"event":"VOIP_PRESENCE_CLOSED","timestamp":"2026-08-15T21:04:36.537Z","token_ready":true,"user_ready":true,"show_login":false,"show_voip_tester":false,"selected_call_mode":"pstn_assist","voice_id":"nado-000006","token_summary":"len:30:passke...en_331","reason":"retry:close:1006","code":1006}'
08-16 06:04:36.537 I/ReactNativeJS(27514): '[UI_PRESS_PROBE]', '{"event":"VOIP_PRESENCE_RETRY_SCHEDULED","timestamp":"2026-08-15T21:04:36.537Z","token_ready":true,"user_ready":true,"show_login":false,"show_voip_tester":false,"selected_call_mode":"pstn_assist","voice_id":"nado-000006","token_summary":"len:30:passke...en_331","reason":"close:1006"}'
