--------- beginning of main
08-16 06:04:55.017 I/ReactNativeJS(29573): '[VoIP] WebRTC module loaded', { module: 'react-native-webrtc',
08-16 06:04:55.017 I/ReactNativeJS(29573):   hasPeerConnection: true,
08-16 06:04:55.017 I/ReactNativeJS(29573):   hasMediaDevices: true }
08-16 06:04:55.030 W/ReactNativeJS(29573): This method is deprecated (as well as all React Native Firebase namespaced API) and will be removed in the next major release as part of move to match Firebase Web modular SDK API. Please see migration guide for more details: https://rnfirebase.io/migrating-to-v22 Please use `getApps()` instead.
08-16 06:04:55.031 W/ReactNativeJS(29573): This method is deprecated (as well as all React Native Firebase namespaced API) and will be removed in the next major release as part of move to match Firebase Web modular SDK API. Please see migration guide for more details: https://rnfirebase.io/migrating-to-v22 Please use `initializeApp()` instead.
08-16 06:04:55.036 W/ReactNativeJS(29573): This method is deprecated (as well as all React Native Firebase namespaced API) and will be removed in the next major release as part of move to match Firebase Web modular SDK API. Please see migration guide for more details: https://rnfirebase.io/migrating-to-v22 Please use `getApps()` instead.
08-16 06:04:55.036 W/ReactNativeJS(29573): This method is deprecated (as well as all React Native Firebase namespaced API) and will be removed in the next major release as part of move to match Firebase Web modular SDK API. Please see migration guide for more details: https://rnfirebase.io/migrating-to-v22 Please use `getApp()` instead.
08-16 06:04:55.049 I/ReactNativeJS(29573): Running "main"
08-16 06:04:55.248 I/ReactNativeJS(29573): '[UI_PRESS_PROBE]', '{"event":"NETWORK_TRANSPORT_CHANGED","timestamp":"2026-08-15T21:04:55.248Z","token_ready":false,"user_ready":false,"show_login":false,"show_voip_tester":false,"selected_call_mode":"pstn_assist","transport":"unknown","cellular_generation":null,"label":"알 수 없음","is_connected":false,"is_internet_reachable":null,"carrier":null,"ssid":null,"is_accurate_voip_test_ready":false,"previous_label":null}'
08-16 06:04:55.251 I/ReactNativeJS(29573): '[WORLDLINGCO_API] base_url', 'https://metanova1004.com'
08-16 06:04:55.255 I/ReactNativeJS(29573): [VoIPToneService] AudioContext not available (React Native environment)
08-16 06:04:55.258 I/ReactNativeJS(29573): '[FACE_CONVERSATION]', '{"event":"silero_probe","supported":false}'
08-16 06:04:55.261 I/ReactNativeJS(29573): '[DEEP_LINK_TRACE]', '{"source":"initial_url","outcome":"empty_url"}'
08-16 06:04:55.369 I/ReactNativeJS(29573): '[DEEP_LINK_TRACE]', '{"source":"active_initial_url","outcome":"empty_url"}'
08-16 06:04:55.769 I/ReactNativeJS(29573): '[WORLDLINGCO_TUNING]', '{"event":"remote_loaded","updated_at":"2026-08-14T06:06:31Z","version":6}'
08-16 06:04:55.960 I/ReactNativeJS(29573): '[DEEP_LINK_TRACE]', '{"source":"bootstrap_initial_url_600","outcome":"empty_url"}'
08-16 06:04:56.965 I/ReactNativeJS(29573): '[DEEP_LINK_TRACE]', '{"source":"bootstrap_initial_url_1600","outcome":"empty_url"}'
08-16 06:04:58.556 I/ReactNativeJS(29573): '[DEEP_LINK_TRACE]', '{"source":"bootstrap_initial_url_3200","outcome":"empty_url"}'
08-16 06:05:00.556 I/ReactNativeJS(29573): '[DEEP_LINK_TRACE]', '{"source":"bootstrap_initial_url_5200","outcome":"empty_url"}'
08-16 06:05:09.194 I/ReactNativeJS(29573): '[DEEP_LINK_TRACE]', '{"source":"initial_url","outcome":"empty_url"}'
08-16 06:05:09.352 I/ReactNativeJS(29573): '[AUTH_FLOW]', '{"event":"AUTH_STORAGE_RESTORE_FOUND","user_id":6,"user_email":"119cash@naver.com"}'
08-16 06:05:09.352 I/ReactNativeJS(29573): '[AUTH_FLOW]', '{"event":"AUTH_STORAGE_RESTORE_APPLIED","user_id":6,"user_email":"119cash@naver.com"}'
08-16 06:05:09.509 W/ReactNativeJS(29573): This method is deprecated (as well as all React Native Firebase namespaced API) and will be removed in the next major release as part of move to match Firebase Web modular SDK API. Please see migration guide for more details: https://rnfirebase.io/migrating-to-v22 Please use `getApps()` instead.
08-16 06:05:09.509 W/ReactNativeJS(29573): This method is deprecated (as well as all React Native Firebase namespaced API) and will be removed in the next major release as part of move to match Firebase Web modular SDK API. Please see migration guide for more details: https://rnfirebase.io/migrating-to-v22 Please use `getApps()` instead.
08-16 06:05:09.509 W/ReactNativeJS(29573): This method is deprecated (as well as all React Native Firebase namespaced API) and will be removed in the next major release as part of move to match Firebase Web modular SDK API. Please see migration guide for more details: https://rnfirebase.io/migrating-to-v22 Please use `getApps()` instead.
08-16 06:05:09.511 W/ReactNativeJS(29573): This method is deprecated (as well as all React Native Firebase namespaced API) and will be removed in the next major release as part of move to match Firebase Web modular SDK API. Please see migration guide for more details: https://rnfirebase.io/migrating-to-v22 Please use `getApps()` instead.
08-16 06:05:09.515 I/ReactNativeJS(29573): '[VoIPPendingIncoming]', '{"event":"REQUEST_START","source":"pending_call_initial","token_summary":"len:30:passke...en_331","user_id":6,"has_pending_call":false,"has_active_call":false}'
08-16 06:05:09.517 I/ReactNativeJS(29573): '[UI_PRESS_PROBE]', '{"event":"VOIP_PRESENCE_CONNECT_ATTEMPT","timestamp":"2026-08-15T21:05:09.517Z","token_ready":true,"user_ready":true,"show_login":false,"show_voip_tester":false,"selected_call_mode":"pstn_assist","voice_id":"nado-000006","token_summary":"len:30:passke...en_331","reason":"effect_start","api_base":"https://metanova1004.com"}'
08-16 06:05:09.553 W/ReactNativeJS(29573): This method is deprecated (as well as all React Native Firebase namespaced API) and will be removed in the next major release as part of move to match Firebase Web modular SDK API. Please see migration guide for more details: https://rnfirebase.io/migrating-to-v22 Please use `getApp()` instead.
08-16 06:05:09.553 W/ReactNativeJS(29573): This method is deprecated (as well as all React Native Firebase namespaced API) and will be removed in the next major release as part of move to match Firebase Web modular SDK API. Please see migration guide for more details: https://rnfirebase.io/migrating-to-v22 Please use `getApp()` instead.
08-16 06:05:09.553 W/ReactNativeJS(29573): This method is deprecated (as well as all React Native Firebase namespaced API) and will be removed in the next major release as part of move to match Firebase Web modular SDK API. Please see migration guide for more details: https://rnfirebase.io/migrating-to-v22 Please use `getApp()` instead.
08-16 06:05:09.555 W/ReactNativeJS(29573): This method is deprecated (as well as all React Native Firebase namespaced API) and will be removed in the next major release as part of move to match Firebase Web modular SDK API. Please see migration guide for more details: https://rnfirebase.io/migrating-to-v22 Please use `getApp()` instead.
08-16 06:05:09.557 I/ReactNativeJS(29573): '[UI_PRESS_PROBE]', '{"event":"VOIP_NOTIFICATION_PERMISSION_STATUS","timestamp":"2026-08-15T21:05:09.556Z","token_ready":true,"user_ready":true,"show_login":false,"show_voip_tester":false,"selected_call_mode":"pstn_assist","notifications_enabled":true}'
08-16 06:05:09.737 I/ReactNativeJS(29573): '[DEEP_LINK_TRACE]', '{"source":"initial_url","outcome":"empty_url"}'
08-16 06:05:09.751 I/ReactNativeJS(29573): '[MISSED_CALL]', '{"event":"fetch","count":0}'
08-16 06:05:09.752 I/ReactNativeJS(29573): '[VoIPPendingIncoming]', '{"event":"REQUEST_RESULT","source":"pending_call_initial","token_summary":"len:30:passke...en_331","user_id":6,"status":401,"ok":false}'
08-16 06:05:09.752 I/ReactNativeJS(29573): '[VoIPPendingIncoming] fetch failed', 401
08-16 06:05:09.754 I/ReactNativeJS(29573): '[UI_PRESS_PROBE]', '{"event":"VOIP_PRESENCE_ERROR","timestamp":"2026-08-15T21:05:09.754Z","token_ready":true,"user_ready":true,"show_login":false,"show_voip_tester":false,"selected_call_mode":"pstn_assist","voice_id":"nado-000006","token_summary":"len:30:passke...en_331","reason":"effect_start"}'
08-16 06:05:09.756 I/ReactNativeJS(29573): '[UI_PRESS_PROBE]', '{"event":"VOIP_PRESENCE_CLOSED","timestamp":"2026-08-15T21:05:09.755Z","token_ready":true,"user_ready":true,"show_login":false,"show_voip_tester":false,"selected_call_mode":"pstn_assist","voice_id":"nado-000006","token_summary":"len:30:passke...en_331","reason":"effect_start","code":1006}'
08-16 06:05:09.756 I/ReactNativeJS(29573): '[UI_PRESS_PROBE]', '{"event":"VOIP_PRESENCE_RETRY_SCHEDULED","timestamp":"2026-08-15T21:05:09.756Z","token_ready":true,"user_ready":true,"show_login":false,"show_voip_tester":false,"selected_call_mode":"pstn_assist","voice_id":"nado-000006","token_summary":"len:30:passke...en_331","reason":"close:1006"}'
08-16 06:05:09.783 I/ReactNativeJS(29573): '[UI_PRESS_PROBE]', '{"event":"NETWORK_TRANSPORT_CHANGED","timestamp":"2026-08-15T21:05:09.783Z","token_ready":true,"user_ready":true,"show_login":false,"show_voip_tester":false,"selected_call_mode":"pstn_assist","transport":"wifi","cellular_generation":null,"label":"WiFi","is_connected":true,"is_internet_reachable":true,"carrier":null,"ssid":"KT_WiFi_7_0A7C","is_accurate_voip_test_ready":false,"previous_label":"알 수 없음"}'
08-16 06:05:10.334 W/ReactNativeJS(29573): This method is deprecated (as well as all React Native Firebase namespaced API) and will be removed in the next major release as part of move to match Firebase Web modular SDK API. Please see migration guide for more details: https://rnfirebase.io/migrating-to-v22 Please use `getApp()` instead.
08-16 06:05:10.497 I/ReactNativeJS(29573): '[DEEP_LINK_TRACE]', '{"source":"bootstrap_initial_url_600","outcome":"empty_url"}'
08-16 06:05:10.525 I/ReactNativeJS(29573): '[UI_PRESS_PROBE]', '{"event":"VOIP_ACTIVE_CALL_RESUME_SKIPPED_AUTH","timestamp":"2026-08-15T21:05:10.524Z","token_ready":true,"user_ready":true,"show_login":false,"show_voip_tester":false,"selected_call_mode":"pstn_assist","source":"app_launch_resume","status":401,"last_call_id":null}'
08-16 06:05:11.240 W/ReactNativeJS(29573): This method is deprecated (as well as all React Native Firebase namespaced API) and will be removed in the next major release as part of move to match Firebase Web modular SDK API. Please see migration guide for more details: https://rnfirebase.io/migrating-to-v22 Please use `getApp()` instead.
08-16 06:05:11.452 I/ReactNativeJS(29573): '[UI_PRESS_PROBE]', '{"event":"VOIP_PRESENCE_CONNECT_ATTEMPT","timestamp":"2026-08-15T21:05:11.452Z","token_ready":true,"user_ready":true,"show_login":false,"show_voip_tester":false,"selected_call_mode":"pstn_assist","voice_id":"nado-000006","token_summary":"len:30:passke...en_331","reason":"retry:close:1006","api_base":"https://metanova1004.com"}'
08-16 06:05:11.526 I/ReactNativeJS(29573): '[DEEP_LINK_TRACE]', '{"source":"bootstrap_initial_url_1600","outcome":"empty_url"}'
08-16 06:05:11.809 I/ReactNativeJS(29573): '[UI_PRESS_PROBE]', '{"event":"VOIP_PRESENCE_ERROR","timestamp":"2026-08-15T21:05:11.808Z","token_ready":true,"user_ready":true,"show_login":false,"show_voip_tester":false,"selected_call_mode":"pstn_assist","voice_id":"nado-000006","token_summary":"len:30:passke...en_331","reason":"retry:close:1006"}'
08-16 06:05:11.810 I/ReactNativeJS(29573): '[UI_PRESS_PROBE]', '{"event":"VOIP_PRESENCE_CLOSED","timestamp":"2026-08-15T21:05:11.809Z","token_ready":true,"user_ready":true,"show_login":false,"show_voip_tester":false,"selected_call_mode":"pstn_assist","voice_id":"nado-000006","token_summary":"len:30:passke...en_331","reason":"retry:close:1006","code":1006}'
08-16 06:05:11.810 I/ReactNativeJS(29573): '[UI_PRESS_PROBE]', '{"event":"VOIP_PRESENCE_RETRY_SCHEDULED","timestamp":"2026-08-15T21:05:11.810Z","token_ready":true,"user_ready":true,"show_login":false,"show_voip_tester":false,"selected_call_mode":"pstn_assist","voice_id":"nado-000006","token_summary":"len:30:passke...en_331","reason":"close:1006"}'
08-16 06:05:11.815 I/ReactNativeJS(29573): '[UI_PRESS_PROBE]', '{"event":"VOIP_FCM_TOPIC_READY","timestamp":"2026-08-15T21:05:11.814Z","token_ready":true,"user_ready":true,"show_login":false,"show_voip_tester":false,"selected_call_mode":"pstn_assist","topic":"worldlingo_voip_nado_000006","push_token_present":true}'
08-16 06:05:12.241 W/ReactNativeJS(29573): This method is deprecated (as well as all React Native Firebase namespaced API) and will be removed in the next major release as part of move to match Firebase Web modular SDK API. Please see migration guide for more details: https://rnfirebase.io/migrating-to-v22 Please use `getApps()` instead.
08-16 06:05:12.267 I/ReactNativeJS(29573): '[VoIPPendingIncoming]', '{"event":"REQUEST_START","source":"pending_call_poll","token_summary":"len:30:passke...en_331","user_id":6,"has_pending_call":false,"has_active_call":false}'
08-16 06:05:12.420 W/ReactNativeJS(29573): This method is deprecated (as well as all React Native Firebase namespaced API) and will be removed in the next major release as part of move to match Firebase Web modular SDK API. Please see migration guide for more details: https://rnfirebase.io/migrating-to-v22 Please use `getApp()` instead.
08-16 06:05:12.420 W/ReactNativeJS(29573): This method is deprecated (as well as all React Native Firebase namespaced API) and will be removed in the next major release as part of move to match Firebase Web modular SDK API. Please see migration guide for more details: https://rnfirebase.io/migrating-to-v22 Please use `getApps()` instead.
08-16 06:05:12.421 W/ReactNativeJS(29573): This method is deprecated (as well as all React Native Firebase namespaced API) and will be removed in the next major release as part of move to match Firebase Web modular SDK API. Please see migration guide for more details: https://rnfirebase.io/migrating-to-v22 Please use `getApp()` instead.
08-16 06:05:12.421 W/ReactNativeJS(29573): This method is deprecated (as well as all React Native Firebase namespaced API) and will be removed in the next major release as part of move to match Firebase Web modular SDK API. Please see migration guide for more details: https://rnfirebase.io/migrating-to-v22 Please use `getApp()` instead.
08-16 06:05:12.502 I/ReactNativeJS(29573): '[VoIPPendingIncoming]', '{"event":"REQUEST_RESULT","source":"pending_call_poll","token_summary":"len:30:passke...en_331","user_id":6,"status":401,"ok":false}'
08-16 06:05:12.502 I/ReactNativeJS(29573): '[VoIPPendingIncoming] fetch failed', 401
08-16 06:05:13.075 I/ReactNativeJS(29573): '[DEEP_LINK_TRACE]', '{"source":"bootstrap_initial_url_3200","outcome":"empty_url"}'
08-16 06:05:13.502 I/ReactNativeJS(29573): '[UI_PRESS_PROBE]', '{"event":"VOIP_PRESENCE_CONNECT_ATTEMPT","timestamp":"2026-08-15T21:05:13.501Z","token_ready":true,"user_ready":true,"show_login":false,"show_voip_tester":false,"selected_call_mode":"pstn_assist","voice_id":"nado-000006","token_summary":"len:30:passke...en_331","reason":"retry:close:1006","api_base":"https://metanova1004.com"}'
08-16 06:05:13.696 I/ReactNativeJS(29573): '[UI_PRESS_PROBE]', '{"event":"VOIP_PRESENCE_ERROR","timestamp":"2026-08-15T21:05:13.695Z","token_ready":true,"user_ready":true,"show_login":false,"show_voip_tester":false,"selected_call_mode":"pstn_assist","voice_id":"nado-000006","token_summary":"len:30:passke...en_331","reason":"retry:close:1006"}'
08-16 06:05:13.696 I/ReactNativeJS(29573): '[UI_PRESS_PROBE]', '{"event":"VOIP_PRESENCE_CLOSED","timestamp":"2026-08-15T21:05:13.696Z","token_ready":true,"user_ready":true,"show_login":false,"show_voip_tester":false,"selected_call_mode":"pstn_assist","voice_id":"nado-000006","token_summary":"len:30:passke...en_331","reason":"retry:close:1006","code":1006}'
08-16 06:05:13.696 I/ReactNativeJS(29573): '[UI_PRESS_PROBE]', '{"event":"VOIP_PRESENCE_RETRY_SCHEDULED","timestamp":"2026-08-15T21:05:13.696Z","token_ready":true,"user_ready":true,"show_login":false,"show_voip_tester":false,"selected_call_mode":"pstn_assist","voice_id":"nado-000006","token_summary":"len:30:passke...en_331","reason":"close:1006"}'
08-16 06:05:14.821 I/ReactNativeJS(29573): '[VoIPPendingIncoming]', '{"event":"REQUEST_START","source":"pending_call_poll","token_summary":"len:30:passke...en_331","user_id":6,"has_pending_call":false,"has_active_call":false}'
08-16 06:05:15.181 I/ReactNativeJS(29573): '[VoIPPendingIncoming]', '{"event":"REQUEST_RESULT","source":"pending_call_poll","token_summary":"len:30:passke...en_331","user_id":6,"status":401,"ok":false}'
08-16 06:05:15.181 I/ReactNativeJS(29573): '[VoIPPendingIncoming] fetch failed', 401
08-16 06:05:15.283 I/ReactNativeJS(29573): '[DEEP_LINK_TRACE]', '{"source":"bootstrap_initial_url_5200","outcome":"empty_url"}'
08-16 06:05:15.463 I/ReactNativeJS(29573): '[UI_PRESS_PROBE]', '{"event":"VOIP_PRESENCE_CONNECT_ATTEMPT","timestamp":"2026-08-15T21:05:15.463Z","token_ready":true,"user_ready":true,"show_login":false,"show_voip_tester":false,"selected_call_mode":"pstn_assist","voice_id":"nado-000006","token_summary":"len:30:passke...en_331","reason":"retry:close:1006","api_base":"https://metanova1004.com"}'
08-16 06:05:15.741 I/ReactNativeJS(29573): '[UI_PRESS_PROBE]', '{"event":"VOIP_PRESENCE_ERROR","timestamp":"2026-08-15T21:05:15.741Z","token_ready":true,"user_ready":true,"show_login":false,"show_voip_tester":false,"selected_call_mode":"pstn_assist","voice_id":"nado-000006","token_summary":"len:30:passke...en_331","reason":"retry:close:1006"}'
08-16 06:05:15.742 I/ReactNativeJS(29573): '[UI_PRESS_PROBE]', '{"event":"VOIP_PRESENCE_CLOSED","timestamp":"2026-08-15T21:05:15.742Z","token_ready":true,"user_ready":true,"show_login":false,"show_voip_tester":false,"selected_call_mode":"pstn_assist","voice_id":"nado-000006","token_summary":"len:30:passke...en_331","reason":"retry:close:1006","code":1006}'
08-16 06:05:15.742 I/ReactNativeJS(29573): '[UI_PRESS_PROBE]', '{"event":"VOIP_PRESENCE_RETRY_SCHEDULED","timestamp":"2026-08-15T21:05:15.742Z","token_ready":true,"user_ready":true,"show_login":false,"show_voip_tester":false,"selected_call_mode":"pstn_assist","voice_id":"nado-000006","token_summary":"len:30:passke...en_331","reason":"close:1006"}'
08-16 06:05:17.412 I/ReactNativeJS(29573): '[VoIPPendingIncoming]', '{"event":"REQUEST_START","source":"pending_call_poll","token_summary":"len:30:passke...en_331","user_id":6,"has_pending_call":false,"has_active_call":false}'
08-16 06:05:17.529 I/ReactNativeJS(29573): '[UI_PRESS_PROBE]', '{"event":"VOIP_PRESENCE_CONNECT_ATTEMPT","timestamp":"2026-08-15T21:05:17.528Z","token_ready":true,"user_ready":true,"show_login":false,"show_voip_tester":false,"selected_call_mode":"pstn_assist","voice_id":"nado-000006","token_summary":"len:30:passke...en_331","reason":"retry:close:1006","api_base":"https://metanova1004.com"}'
08-16 06:05:17.723 I/ReactNativeJS(29573): '[VoIPPendingIncoming]', '{"event":"REQUEST_RESULT","source":"pending_call_poll","token_summary":"len:30:passke...en_331","user_id":6,"status":401,"ok":false}'
08-16 06:05:17.723 I/ReactNativeJS(29573): '[VoIPPendingIncoming] fetch failed', 401
08-16 06:05:17.829 I/ReactNativeJS(29573): '[UI_PRESS_PROBE]', '{"event":"VOIP_PRESENCE_ERROR","timestamp":"2026-08-15T21:05:17.829Z","token_ready":true,"user_ready":true,"show_login":false,"show_voip_tester":false,"selected_call_mode":"pstn_assist","voice_id":"nado-000006","token_summary":"len:30:passke...en_331","reason":"retry:close:1006"}'
08-16 06:05:17.830 I/ReactNativeJS(29573): '[UI_PRESS_PROBE]', '{"event":"VOIP_PRESENCE_CLOSED","timestamp":"2026-08-15T21:05:17.829Z","token_ready":true,"user_ready":true,"show_login":false,"show_voip_tester":false,"selected_call_mode":"pstn_assist","voice_id":"nado-000006","token_summary":"len:30:passke...en_331","reason":"retry:close:1006","code":1006}'
08-16 06:05:17.830 I/ReactNativeJS(29573): '[UI_PRESS_PROBE]', '{"event":"VOIP_PRESENCE_RETRY_SCHEDULED","timestamp":"2026-08-15T21:05:17.830Z","token_ready":true,"user_ready":true,"show_login":false,"show_voip_tester":false,"selected_call_mode":"pstn_assist","voice_id":"nado-000006","token_summary":"len:30:passke...en_331","reason":"close:1006"}'
08-16 06:05:18.589 I/ReactNativeJS(29573): '[DEEP_LINK_TRACE]', '{"source":"initial_url","outcome":"empty_url"}'
08-16 06:05:19.444 I/ReactNativeJS(29573): '[DEEP_LINK_TRACE]', '{"source":"bootstrap_initial_url_600","outcome":"empty_url"}'
08-16 06:05:19.613 I/ReactNativeJS(29573): '[UI_PRESS_PROBE]', '{"event":"VOIP_PRESENCE_CONNECT_ATTEMPT","timestamp":"2026-08-15T21:05:19.612Z","token_ready":true,"user_ready":true,"show_login":false,"show_voip_tester":false,"selected_call_mode":"pstn_assist","voice_id":"nado-000006","token_summary":"len:30:passke...en_331","reason":"retry:close:1006","api_base":"https://metanova1004.com"}'
08-16 06:05:19.888 I/ReactNativeJS(29573): '[VoIPPendingIncoming]', '{"event":"REQUEST_START","source":"pending_call_poll","token_summary":"len:30:passke...en_331","user_id":6,"has_pending_call":false,"has_active_call":false}'
08-16 06:05:19.920 I/ReactNativeJS(29573): '[UI_PRESS_PROBE]', '{"event":"VOIP_PRESENCE_ERROR","timestamp":"2026-08-15T21:05:19.920Z","token_ready":true,"user_ready":true,"show_login":false,"show_voip_tester":false,"selected_call_mode":"pstn_assist","voice_id":"nado-000006","token_summary":"len:30:passke...en_331","reason":"retry:close:1006"}'
08-16 06:05:19.920 I/ReactNativeJS(29573): '[UI_PRESS_PROBE]', '{"event":"VOIP_PRESENCE_CLOSED","timestamp":"2026-08-15T21:05:19.920Z","token_ready":true,"user_ready":true,"show_login":false,"show_voip_tester":false,"selected_call_mode":"pstn_assist","voice_id":"nado-000006","token_summary":"len:30:passke...en_331","reason":"retry:close:1006","code":1006}'
08-16 06:05:19.921 I/ReactNativeJS(29573): '[UI_PRESS_PROBE]', '{"event":"VOIP_PRESENCE_RETRY_SCHEDULED","timestamp":"2026-08-15T21:05:19.920Z","token_ready":true,"user_ready":true,"show_login":false,"show_voip_tester":false,"selected_call_mode":"pstn_assist","voice_id":"nado-000006","token_summary":"len:30:passke...en_331","reason":"close:1006"}'
08-16 06:05:20.170 I/ReactNativeJS(29573): '[VoIPPendingIncoming]', '{"event":"REQUEST_RESULT","source":"pending_call_poll","token_summary":"len:30:passke...en_331","user_id":6,"status":401,"ok":false}'
08-16 06:05:20.170 I/ReactNativeJS(29573): '[VoIPPendingIncoming] fetch failed', 401
08-16 06:05:20.387 I/ReactNativeJS(29573): '[DEEP_LINK_TRACE]', '{"source":"bootstrap_initial_url_1600","outcome":"empty_url"}'
08-16 06:05:21.658 I/ReactNativeJS(29573): '[UI_PRESS_PROBE]', '{"event":"VOIP_PRESENCE_CONNECT_ATTEMPT","timestamp":"2026-08-15T21:05:21.657Z","token_ready":true,"user_ready":true,"show_login":false,"show_voip_tester":false,"selected_call_mode":"pstn_assist","voice_id":"nado-000006","token_summary":"len:30:passke...en_331","reason":"retry:close:1006","api_base":"https://metanova1004.com"}'
08-16 06:05:21.906 I/ReactNativeJS(29573): '[UI_PRESS_PROBE]', '{"event":"VOIP_PRESENCE_ERROR","timestamp":"2026-08-15T21:05:21.905Z","token_ready":true,"user_ready":true,"show_login":false,"show_voip_tester":false,"selected_call_mode":"pstn_assist","voice_id":"nado-000006","token_summary":"len:30:passke...en_331","reason":"retry:close:1006"}'
08-16 06:05:21.906 I/ReactNativeJS(29573): '[UI_PRESS_PROBE]', '{"event":"VOIP_PRESENCE_CLOSED","timestamp":"2026-08-15T21:05:21.906Z","token_ready":true,"user_ready":true,"show_login":false,"show_voip_tester":false,"selected_call_mode":"pstn_assist","voice_id":"nado-000006","token_summary":"len:30:passke...en_331","reason":"retry:close:1006","code":1006}'
08-16 06:05:21.906 I/ReactNativeJS(29573): '[UI_PRESS_PROBE]', '{"event":"VOIP_PRESENCE_RETRY_SCHEDULED","timestamp":"2026-08-15T21:05:21.906Z","token_ready":true,"user_ready":true,"show_login":false,"show_voip_tester":false,"selected_call_mode":"pstn_assist","voice_id":"nado-000006","token_summary":"len:30:passke...en_331","reason":"close:1006"}'
08-16 06:05:21.993 I/ReactNativeJS(29573): '[DEEP_LINK_TRACE]', '{"source":"bootstrap_initial_url_3200","outcome":"empty_url"}'
08-16 06:05:22.373 I/ReactNativeJS(29573): '[VoIPPendingIncoming]', '{"event":"REQUEST_START","source":"pending_call_poll","token_summary":"len:30:passke...en_331","user_id":6,"has_pending_call":false,"has_active_call":false}'
08-16 06:05:22.673 I/ReactNativeJS(29573): '[VoIPPendingIncoming]', '{"event":"REQUEST_RESULT","source":"pending_call_poll","token_summary":"len:30:passke...en_331","user_id":6,"status":401,"ok":false}'
08-16 06:05:22.674 I/ReactNativeJS(29573): '[VoIPPendingIncoming] fetch failed', 401
08-16 06:05:23.678 I/ReactNativeJS(29573): '[UI_PRESS_PROBE]', '{"event":"VOIP_PRESENCE_CONNECT_ATTEMPT","timestamp":"2026-08-15T21:05:23.677Z","token_ready":true,"user_ready":true,"show_login":false,"show_voip_tester":false,"selected_call_mode":"pstn_assist","voice_id":"nado-000006","token_summary":"len:30:passke...en_331","reason":"retry:close:1006","api_base":"https://metanova1004.com"}'
08-16 06:05:23.950 I/ReactNativeJS(29573): '[UI_PRESS_PROBE]', '{"event":"VOIP_PRESENCE_ERROR","timestamp":"2026-08-15T21:05:23.949Z","token_ready":true,"user_ready":true,"show_login":false,"show_voip_tester":false,"selected_call_mode":"pstn_assist","voice_id":"nado-000006","token_summary":"len:30:passke...en_331","reason":"retry:close:1006"}'
08-16 06:05:23.950 I/ReactNativeJS(29573): '[UI_PRESS_PROBE]', '{"event":"VOIP_PRESENCE_CLOSED","timestamp":"2026-08-15T21:05:23.950Z","token_ready":true,"user_ready":true,"show_login":false,"show_voip_tester":false,"selected_call_mode":"pstn_assist","voice_id":"nado-000006","token_summary":"len:30:passke...en_331","reason":"retry:close:1006","code":1006}'
08-16 06:05:23.951 I/ReactNativeJS(29573): '[UI_PRESS_PROBE]', '{"event":"VOIP_PRESENCE_RETRY_SCHEDULED","timestamp":"2026-08-15T21:05:23.950Z","token_ready":true,"user_ready":true,"show_login":false,"show_voip_tester":false,"selected_call_mode":"pstn_assist","voice_id":"nado-000006","token_summary":"len:30:passke...en_331","reason":"close:1006"}'
08-16 06:05:24.015 I/ReactNativeJS(29573): '[DEEP_LINK_TRACE]', '{"source":"bootstrap_initial_url_5200","outcome":"empty_url"}'
08-16 06:05:24.881 I/ReactNativeJS(29573): '[VoIPPendingIncoming]', '{"event":"REQUEST_START","source":"pending_call_poll","token_summary":"len:30:passke...en_331","user_id":6,"has_pending_call":false,"has_active_call":false}'
08-16 06:05:25.160 I/ReactNativeJS(29573): '[VoIPPendingIncoming]', '{"event":"REQUEST_RESULT","source":"pending_call_poll","token_summary":"len:30:passke...en_331","user_id":6,"status":401,"ok":false}'
08-16 06:05:25.161 I/ReactNativeJS(29573): '[VoIPPendingIncoming] fetch failed', 401
08-16 06:05:25.715 I/ReactNativeJS(29573): '[UI_PRESS_PROBE]', '{"event":"VOIP_PRESENCE_CONNECT_ATTEMPT","timestamp":"2026-08-15T21:05:25.714Z","token_ready":true,"user_ready":true,"show_login":false,"show_voip_tester":false,"selected_call_mode":"pstn_assist","voice_id":"nado-000006","token_summary":"len:30:passke...en_331","reason":"retry:close:1006","api_base":"https://metanova1004.com"}'
08-16 06:05:26.008 I/ReactNativeJS(29573): '[UI_PRESS_PROBE]', '{"event":"VOIP_PRESENCE_ERROR","timestamp":"2026-08-15T21:05:26.008Z","token_ready":true,"user_ready":true,"show_login":false,"show_voip_tester":false,"selected_call_mode":"pstn_assist","voice_id":"nado-000006","token_summary":"len:30:passke...en_331","reason":"retry:close:1006"}'
08-16 06:05:26.009 I/ReactNativeJS(29573): '[UI_PRESS_PROBE]', '{"event":"VOIP_PRESENCE_CLOSED","timestamp":"2026-08-15T21:05:26.008Z","token_ready":true,"user_ready":true,"show_login":false,"show_voip_tester":false,"selected_call_mode":"pstn_assist","voice_id":"nado-000006","token_summary":"len:30:passke...en_331","reason":"retry:close:1006","code":1006}'
08-16 06:05:26.009 I/ReactNativeJS(29573): '[UI_PRESS_PROBE]', '{"event":"VOIP_PRESENCE_RETRY_SCHEDULED","timestamp":"2026-08-15T21:05:26.009Z","token_ready":true,"user_ready":true,"show_login":false,"show_voip_tester":false,"selected_call_mode":"pstn_assist","voice_id":"nado-000006","token_summary":"len:30:passke...en_331","reason":"close:1006"}'
08-16 06:05:27.402 I/ReactNativeJS(29573): '[VoIPPendingIncoming]', '{"event":"REQUEST_START","source":"pending_call_poll","token_summary":"len:30:passke...en_331","user_id":6,"has_pending_call":false,"has_active_call":false}'
08-16 06:05:27.717 I/ReactNativeJS(29573): '[VoIPPendingIncoming]', '{"event":"REQUEST_RESULT","source":"pending_call_poll","token_summary":"len:30:passke...en_331","user_id":6,"status":401,"ok":false}'
08-16 06:05:27.717 I/ReactNativeJS(29573): '[VoIPPendingIncoming] fetch failed', 401
08-16 06:05:27.753 I/ReactNativeJS(29573): '[UI_PRESS_PROBE]', '{"event":"VOIP_PRESENCE_CONNECT_ATTEMPT","timestamp":"2026-08-15T21:05:27.753Z","token_ready":true,"user_ready":true,"show_login":false,"show_voip_tester":false,"selected_call_mode":"pstn_assist","voice_id":"nado-000006","token_summary":"len:30:passke...en_331","reason":"retry:close:1006","api_base":"https://metanova1004.com"}'
08-16 06:05:28.052 I/ReactNativeJS(29573): '[UI_PRESS_PROBE]', '{"event":"VOIP_PRESENCE_ERROR","timestamp":"2026-08-15T21:05:28.051Z","token_ready":true,"user_ready":true,"show_login":false,"show_voip_tester":false,"selected_call_mode":"pstn_assist","voice_id":"nado-000006","token_summary":"len:30:passke...en_331","reason":"retry:close:1006"}'
08-16 06:05:28.052 I/ReactNativeJS(29573): '[UI_PRESS_PROBE]', '{"event":"VOIP_PRESENCE_CLOSED","timestamp":"2026-08-15T21:05:28.052Z","token_ready":true,"user_ready":true,"show_login":false,"show_voip_tester":false,"selected_call_mode":"pstn_assist","voice_id":"nado-000006","token_summary":"len:30:passke...en_331","reason":"retry:close:1006","code":1006}'
08-16 06:05:28.053 I/ReactNativeJS(29573): '[UI_PRESS_PROBE]', '{"event":"VOIP_PRESENCE_RETRY_SCHEDULED","timestamp":"2026-08-15T21:05:28.052Z","token_ready":true,"user_ready":true,"show_login":false,"show_voip_tester":false,"selected_call_mode":"pstn_assist","voice_id":"nado-000006","token_summary":"len:30:passke...en_331","reason":"close:1006"}'
08-16 06:05:29.813 I/ReactNativeJS(29573): '[UI_PRESS_PROBE]', '{"event":"VOIP_PRESENCE_CONNECT_ATTEMPT","timestamp":"2026-08-15T21:05:29.813Z","token_ready":true,"user_ready":true,"show_login":false,"show_voip_tester":false,"selected_call_mode":"pstn_assist","voice_id":"nado-000006","token_summary":"len:30:passke...en_331","reason":"retry:close:1006","api_base":"https://metanova1004.com"}'
08-16 06:05:29.912 I/ReactNativeJS(29573): '[VoIPPendingIncoming]', '{"event":"REQUEST_START","source":"pending_call_poll","token_summary":"len:30:passke...en_331","user_id":6,"has_pending_call":false,"has_active_call":false}'
08-16 06:05:30.096 I/ReactNativeJS(29573): '[UI_PRESS_PROBE]', '{"event":"VOIP_PRESENCE_ERROR","timestamp":"2026-08-15T21:05:30.095Z","token_ready":true,"user_ready":true,"show_login":false,"show_voip_tester":false,"selected_call_mode":"pstn_assist","voice_id":"nado-000006","token_summary":"len:30:passke...en_331","reason":"retry:close:1006"}'
08-16 06:05:30.096 I/ReactNativeJS(29573): '[UI_PRESS_PROBE]', '{"event":"VOIP_PRESENCE_CLOSED","timestamp":"2026-08-15T21:05:30.096Z","token_ready":true,"user_ready":true,"show_login":false,"show_voip_tester":false,"selected_call_mode":"pstn_assist","voice_id":"nado-000006","token_summary":"len:30:passke...en_331","reason":"retry:close:1006","code":1006}'
08-16 06:05:30.097 I/ReactNativeJS(29573): '[UI_PRESS_PROBE]', '{"event":"VOIP_PRESENCE_RETRY_SCHEDULED","timestamp":"2026-08-15T21:05:30.096Z","token_ready":true,"user_ready":true,"show_login":false,"show_voip_tester":false,"selected_call_mode":"pstn_assist","voice_id":"nado-000006","token_summary":"len:30:passke...en_331","reason":"close:1006"}'
08-16 06:05:30.243 I/ReactNativeJS(29573): '[VoIPPendingIncoming]', '{"event":"REQUEST_RESULT","source":"pending_call_poll","token_summary":"len:30:passke...en_331","user_id":6,"status":401,"ok":false}'
08-16 06:05:30.244 I/ReactNativeJS(29573): '[VoIPPendingIncoming] fetch failed', 401
08-16 06:05:31.842 I/ReactNativeJS(29573): '[UI_PRESS_PROBE]', '{"event":"VOIP_PRESENCE_CONNECT_ATTEMPT","timestamp":"2026-08-15T21:05:31.841Z","token_ready":true,"user_ready":true,"show_login":false,"show_voip_tester":false,"selected_call_mode":"pstn_assist","voice_id":"nado-000006","token_summary":"len:30:passke...en_331","reason":"retry:close:1006","api_base":"https://metanova1004.com"}'
08-16 06:05:32.100 I/ReactNativeJS(29573): '[UI_PRESS_PROBE]', '{"event":"VOIP_PRESENCE_ERROR","timestamp":"2026-08-15T21:05:32.099Z","token_ready":true,"user_ready":true,"show_login":false,"show_voip_tester":false,"selected_call_mode":"pstn_assist","voice_id":"nado-000006","token_summary":"len:30:passke...en_331","reason":"retry:close:1006"}'
08-16 06:05:32.100 I/ReactNativeJS(29573): '[UI_PRESS_PROBE]', '{"event":"VOIP_PRESENCE_CLOSED","timestamp":"2026-08-15T21:05:32.100Z","token_ready":true,"user_ready":true,"show_login":false,"show_voip_tester":false,"selected_call_mode":"pstn_assist","voice_id":"nado-000006","token_summary":"len:30:passke...en_331","reason":"retry:close:1006","code":1006}'
08-16 06:05:32.100 I/ReactNativeJS(29573): '[UI_PRESS_PROBE]', '{"event":"VOIP_PRESENCE_RETRY_SCHEDULED","timestamp":"2026-08-15T21:05:32.100Z","token_ready":true,"user_ready":true,"show_login":false,"show_voip_tester":false,"selected_call_mode":"pstn_assist","voice_id":"nado-000006","token_summary":"len:30:passke...en_331","reason":"close:1006"}'
08-16 06:05:32.411 I/ReactNativeJS(29573): '[VoIPPendingIncoming]', '{"event":"REQUEST_START","source":"pending_call_poll","token_summary":"len:30:passke...en_331","user_id":6,"has_pending_call":false,"has_active_call":false}'
08-16 06:05:32.745 I/ReactNativeJS(29573): '[VoIPPendingIncoming]', '{"event":"REQUEST_RESULT","source":"pending_call_poll","token_summary":"len:30:passke...en_331","user_id":6,"status":401,"ok":false}'
08-16 06:05:32.745 I/ReactNativeJS(29573): '[VoIPPendingIncoming] fetch failed', 401
08-16 06:05:33.853 I/ReactNativeJS(29573): '[UI_PRESS_PROBE]', '{"event":"VOIP_PRESENCE_CONNECT_ATTEMPT","timestamp":"2026-08-15T21:05:33.852Z","token_ready":true,"user_ready":true,"show_login":false,"show_voip_tester":false,"selected_call_mode":"pstn_assist","voice_id":"nado-000006","token_summary":"len:30:passke...en_331","reason":"retry:close:1006","api_base":"https://metanova1004.com"}'
08-16 06:05:34.108 I/ReactNativeJS(29573): '[UI_PRESS_PROBE]', '{"event":"VOIP_PRESENCE_ERROR","timestamp":"2026-08-15T21:05:34.108Z","token_ready":true,"user_ready":true,"show_login":false,"show_voip_tester":false,"selected_call_mode":"pstn_assist","voice_id":"nado-000006","token_summary":"len:30:passke...en_331","reason":"retry:close:1006"}'
08-16 06:05:34.109 I/ReactNativeJS(29573): '[UI_PRESS_PROBE]', '{"event":"VOIP_PRESENCE_CLOSED","timestamp":"2026-08-15T21:05:34.109Z","token_ready":true,"user_ready":true,"show_login":false,"show_voip_tester":false,"selected_call_mode":"pstn_assist","voice_id":"nado-000006","token_summary":"len:30:passke...en_331","reason":"retry:close:1006","code":1006}'
08-16 06:05:34.109 I/ReactNativeJS(29573): '[UI_PRESS_PROBE]', '{"event":"VOIP_PRESENCE_RETRY_SCHEDULED","timestamp":"2026-08-15T21:05:34.109Z","token_ready":true,"user_ready":true,"show_login":false,"show_voip_tester":false,"selected_call_mode":"pstn_assist","voice_id":"nado-000006","token_summary":"len:30:passke...en_331","reason":"close:1006"}'
08-16 06:05:34.925 I/ReactNativeJS(29573): '[VoIPPendingIncoming]', '{"event":"REQUEST_START","source":"pending_call_poll","token_summary":"len:30:passke...en_331","user_id":6,"has_pending_call":false,"has_active_call":false}'
08-16 06:05:35.201 I/ReactNativeJS(29573): '[VoIPPendingIncoming]', '{"event":"REQUEST_RESULT","source":"pending_call_poll","token_summary":"len:30:passke...en_331","user_id":6,"status":401,"ok":false}'
08-16 06:05:35.201 I/ReactNativeJS(29573): '[VoIPPendingIncoming] fetch failed', 401
08-16 06:05:35.849 I/ReactNativeJS(29573): '[UI_PRESS_PROBE]', '{"event":"VOIP_PRESENCE_CONNECT_ATTEMPT","timestamp":"2026-08-15T21:05:35.849Z","token_ready":true,"user_ready":true,"show_login":false,"show_voip_tester":false,"selected_call_mode":"pstn_assist","voice_id":"nado-000006","token_summary":"len:30:passke...en_331","reason":"retry:close:1006","api_base":"https://metanova1004.com"}'
08-16 06:05:36.103 I/ReactNativeJS(29573): '[UI_PRESS_PROBE]', '{"event":"VOIP_PRESENCE_ERROR","timestamp":"2026-08-15T21:05:36.102Z","token_ready":true,"user_ready":true,"show_login":false,"show_voip_tester":false,"selected_call_mode":"pstn_assist","voice_id":"nado-000006","token_summary":"len:30:passke...en_331","reason":"retry:close:1006"}'
08-16 06:05:36.103 I/ReactNativeJS(29573): '[UI_PRESS_PROBE]', '{"event":"VOIP_PRESENCE_CLOSED","timestamp":"2026-08-15T21:05:36.103Z","token_ready":true,"user_ready":true,"show_login":false,"show_voip_tester":false,"selected_call_mode":"pstn_assist","voice_id":"nado-000006","token_summary":"len:30:passke...en_331","reason":"retry:close:1006","code":1006}'
08-16 06:05:36.104 I/ReactNativeJS(29573): '[UI_PRESS_PROBE]', '{"event":"VOIP_PRESENCE_RETRY_SCHEDULED","timestamp":"2026-08-15T21:05:36.103Z","token_ready":true,"user_ready":true,"show_login":false,"show_voip_tester":false,"selected_call_mode":"pstn_assist","voice_id":"nado-000006","token_summary":"len:30:passke...en_331","reason":"close:1006"}'
08-16 06:05:37.440 I/ReactNativeJS(29573): '[VoIPPendingIncoming]', '{"event":"REQUEST_START","source":"pending_call_poll","token_summary":"len:30:passke...en_331","user_id":6,"has_pending_call":false,"has_active_call":false}'
08-16 06:05:37.744 I/ReactNativeJS(29573): '[VoIPPendingIncoming]', '{"event":"REQUEST_RESULT","source":"pending_call_poll","token_summary":"len:30:passke...en_331","user_id":6,"status":401,"ok":false}'
08-16 06:05:37.744 I/ReactNativeJS(29573): '[VoIPPendingIncoming] fetch failed', 401
08-16 06:05:37.843 I/ReactNativeJS(29573): '[UI_PRESS_PROBE]', '{"event":"VOIP_PRESENCE_CONNECT_ATTEMPT","timestamp":"2026-08-15T21:05:37.843Z","token_ready":true,"user_ready":true,"show_login":false,"show_voip_tester":false,"selected_call_mode":"pstn_assist","voice_id":"nado-000006","token_summary":"len:30:passke...en_331","reason":"retry:close:1006","api_base":"https://metanova1004.com"}'
08-16 06:05:38.092 I/ReactNativeJS(29573): '[UI_PRESS_PROBE]', '{"event":"VOIP_PRESENCE_ERROR","timestamp":"2026-08-15T21:05:38.091Z","token_ready":true,"user_ready":true,"show_login":false,"show_voip_tester":false,"selected_call_mode":"pstn_assist","voice_id":"nado-000006","token_summary":"len:30:passke...en_331","reason":"retry:close:1006"}'
08-16 06:05:38.092 I/ReactNativeJS(29573): '[UI_PRESS_PROBE]', '{"event":"VOIP_PRESENCE_CLOSED","timestamp":"2026-08-15T21:05:38.092Z","token_ready":true,"user_ready":true,"show_login":false,"show_voip_tester":false,"selected_call_mode":"pstn_assist","voice_id":"nado-000006","token_summary":"len:30:passke...en_331","reason":"retry:close:1006","code":1006}'
08-16 06:05:38.093 I/ReactNativeJS(29573): '[UI_PRESS_PROBE]', '{"event":"VOIP_PRESENCE_RETRY_SCHEDULED","timestamp":"2026-08-15T21:05:38.092Z","token_ready":true,"user_ready":true,"show_login":false,"show_voip_tester":false,"selected_call_mode":"pstn_assist","voice_id":"nado-000006","token_summary":"len:30:passke...en_331","reason":"close:1006"}'
08-16 06:05:39.825 I/ReactNativeJS(29573): '[UI_PRESS_PROBE]', '{"event":"VOIP_PRESENCE_CONNECT_ATTEMPT","timestamp":"2026-08-15T21:05:39.824Z","token_ready":true,"user_ready":true,"show_login":false,"show_voip_tester":false,"selected_call_mode":"pstn_assist","voice_id":"nado-000006","token_summary":"len:30:passke...en_331","reason":"retry:close:1006","api_base":"https://metanova1004.com"}'
08-16 06:05:39.953 I/ReactNativeJS(29573): '[VoIPPendingIncoming]', '{"event":"REQUEST_START","source":"pending_call_poll","token_summary":"len:30:passke...en_331","user_id":6,"has_pending_call":false,"has_active_call":false}'
08-16 06:05:40.075 I/ReactNativeJS(29573): '[UI_PRESS_PROBE]', '{"event":"VOIP_PRESENCE_ERROR","timestamp":"2026-08-15T21:05:40.074Z","token_ready":true,"user_ready":true,"show_login":false,"show_voip_tester":false,"selected_call_mode":"pstn_assist","voice_id":"nado-000006","token_summary":"len:30:passke...en_331","reason":"retry:close:1006"}'
08-16 06:05:40.075 I/ReactNativeJS(29573): '[UI_PRESS_PROBE]', '{"event":"VOIP_PRESENCE_CLOSED","timestamp":"2026-08-15T21:05:40.075Z","token_ready":true,"user_ready":true,"show_login":false,"show_voip_tester":false,"selected_call_mode":"pstn_assist","voice_id":"nado-000006","token_summary":"len:30:passke...en_331","reason":"retry:close:1006","code":1006}'
08-16 06:05:40.076 I/ReactNativeJS(29573): '[UI_PRESS_PROBE]', '{"event":"VOIP_PRESENCE_RETRY_SCHEDULED","timestamp":"2026-08-15T21:05:40.075Z","token_ready":true,"user_ready":true,"show_login":false,"show_voip_tester":false,"selected_call_mode":"pstn_assist","voice_id":"nado-000006","token_summary":"len:30:passke...en_331","reason":"close:1006"}'
08-16 06:05:40.232 I/ReactNativeJS(29573): '[VoIPPendingIncoming]', '{"event":"REQUEST_RESULT","source":"pending_call_poll","token_summary":"len:30:passke...en_331","user_id":6,"status":401,"ok":false}'
08-16 06:05:40.232 I/ReactNativeJS(29573): '[VoIPPendingIncoming] fetch failed', 401
08-16 06:05:41.819 I/ReactNativeJS(29573): '[UI_PRESS_PROBE]', '{"event":"VOIP_PRESENCE_CONNECT_ATTEMPT","timestamp":"2026-08-15T21:05:41.819Z","token_ready":true,"user_ready":true,"show_login":false,"show_voip_tester":false,"selected_call_mode":"pstn_assist","voice_id":"nado-000006","token_summary":"len:30:passke...en_331","reason":"retry:close:1006","api_base":"https://metanova1004.com"}'
08-16 06:05:42.078 I/ReactNativeJS(29573): '[UI_PRESS_PROBE]', '{"event":"VOIP_PRESENCE_ERROR","timestamp":"2026-08-15T21:05:42.077Z","token_ready":true,"user_ready":true,"show_login":false,"show_voip_tester":false,"selected_call_mode":"pstn_assist","voice_id":"nado-000006","token_summary":"len:30:passke...en_331","reason":"retry:close:1006"}'
08-16 06:05:42.078 I/ReactNativeJS(29573): '[UI_PRESS_PROBE]', '{"event":"VOIP_PRESENCE_CLOSED","timestamp":"2026-08-15T21:05:42.078Z","token_ready":true,"user_ready":true,"show_login":false,"show_voip_tester":false,"selected_call_mode":"pstn_assist","voice_id":"nado-000006","token_summary":"len:30:passke...en_331","reason":"retry:close:1006","code":1006}'
08-16 06:05:42.079 I/ReactNativeJS(29573): '[UI_PRESS_PROBE]', '{"event":"VOIP_PRESENCE_RETRY_SCHEDULED","timestamp":"2026-08-15T21:05:42.078Z","token_ready":true,"user_ready":true,"show_login":false,"show_voip_tester":false,"selected_call_mode":"pstn_assist","voice_id":"nado-000006","token_summary":"len:30:passke...en_331","reason":"close:1006"}'
08-16 06:05:42.474 I/ReactNativeJS(29573): '[VoIPPendingIncoming]', '{"event":"REQUEST_START","source":"pending_call_poll","token_summary":"len:30:passke...en_331","user_id":6,"has_pending_call":false,"has_active_call":false}'
08-16 06:05:42.764 I/ReactNativeJS(29573): '[VoIPPendingIncoming]', '{"event":"REQUEST_RESULT","source":"pending_call_poll","token_summary":"len:30:passke...en_331","user_id":6,"status":401,"ok":false}'
08-16 06:05:42.764 I/ReactNativeJS(29573): '[VoIPPendingIncoming] fetch failed', 401
08-16 06:05:43.814 I/ReactNativeJS(29573): '[UI_PRESS_PROBE]', '{"event":"VOIP_PRESENCE_CONNECT_ATTEMPT","timestamp":"2026-08-15T21:05:43.813Z","token_ready":true,"user_ready":true,"show_login":false,"show_voip_tester":false,"selected_call_mode":"pstn_assist","voice_id":"nado-000006","token_summary":"len:30:passke...en_331","reason":"retry:close:1006","api_base":"https://metanova1004.com"}'
08-16 06:05:44.057 I/ReactNativeJS(29573): '[UI_PRESS_PROBE]', '{"event":"VOIP_PRESENCE_ERROR","timestamp":"2026-08-15T21:05:44.057Z","token_ready":true,"user_ready":true,"show_login":false,"show_voip_tester":false,"selected_call_mode":"pstn_assist","voice_id":"nado-000006","token_summary":"len:30:passke...en_331","reason":"retry:close:1006"}'
08-16 06:05:44.058 I/ReactNativeJS(29573): '[UI_PRESS_PROBE]', '{"event":"VOIP_PRESENCE_CLOSED","timestamp":"2026-08-15T21:05:44.057Z","token_ready":true,"user_ready":true,"show_login":false,"show_voip_tester":false,"selected_call_mode":"pstn_assist","voice_id":"nado-000006","token_summary":"len:30:passke...en_331","reason":"retry:close:1006","code":1006}'
08-16 06:05:44.058 I/ReactNativeJS(29573): '[UI_PRESS_PROBE]', '{"event":"VOIP_PRESENCE_RETRY_SCHEDULED","timestamp":"2026-08-15T21:05:44.058Z","token_ready":true,"user_ready":true,"show_login":false,"show_voip_tester":false,"selected_call_mode":"pstn_assist","voice_id":"nado-000006","token_summary":"len:30:passke...en_331","reason":"close:1006"}'
08-16 06:05:45.094 I/ReactNativeJS(29573): '[VoIPPendingIncoming]', '{"event":"REQUEST_START","source":"pending_call_poll","token_summary":"len:30:passke...en_331","user_id":6,"has_pending_call":false,"has_active_call":false}'
08-16 06:05:45.450 I/ReactNativeJS(29573): '[VoIPPendingIncoming]', '{"event":"REQUEST_RESULT","source":"pending_call_poll","token_summary":"len:30:passke...en_331","user_id":6,"status":401,"ok":false}'
08-16 06:05:45.450 I/ReactNativeJS(29573): '[VoIPPendingIncoming] fetch failed', 401
08-16 06:05:45.847 I/ReactNativeJS(29573): '[UI_PRESS_PROBE]', '{"event":"VOIP_PRESENCE_CONNECT_ATTEMPT","timestamp":"2026-08-15T21:05:45.846Z","token_ready":true,"user_ready":true,"show_login":false,"show_voip_tester":false,"selected_call_mode":"pstn_assist","voice_id":"nado-000006","token_summary":"len:30:passke...en_331","reason":"retry:close:1006","api_base":"https://metanova1004.com"}'
08-16 06:05:46.135 I/ReactNativeJS(29573): '[UI_PRESS_PROBE]', '{"event":"VOIP_PRESENCE_ERROR","timestamp":"2026-08-15T21:05:46.134Z","token_ready":true,"user_ready":true,"show_login":false,"show_voip_tester":false,"selected_call_mode":"pstn_assist","voice_id":"nado-000006","token_summary":"len:30:passke...en_331","reason":"retry:close:1006"}'
08-16 06:05:46.135 I/ReactNativeJS(29573): '[UI_PRESS_PROBE]', '{"event":"VOIP_PRESENCE_CLOSED","timestamp":"2026-08-15T21:05:46.135Z","token_ready":true,"user_ready":true,"show_login":false,"show_voip_tester":false,"selected_call_mode":"pstn_assist","voice_id":"nado-000006","token_summary":"len:30:passke...en_331","reason":"retry:close:1006","code":1006}'
08-16 06:05:46.136 I/ReactNativeJS(29573): '[UI_PRESS_PROBE]', '{"event":"VOIP_PRESENCE_RETRY_SCHEDULED","timestamp":"2026-08-15T21:05:46.135Z","token_ready":true,"user_ready":true,"show_login":false,"show_voip_tester":false,"selected_call_mode":"pstn_assist","voice_id":"nado-000006","token_summary":"len:30:passke...en_331","reason":"close:1006"}'
08-16 06:05:47.633 I/ReactNativeJS(29573): '[VoIPPendingIncoming]', '{"event":"REQUEST_START","source":"pending_call_poll","token_summary":"len:30:passke...en_331","user_id":6,"has_pending_call":false,"has_active_call":false}'
08-16 06:05:47.954 I/ReactNativeJS(29573): '[UI_PRESS_PROBE]', '{"event":"VOIP_PRESENCE_CONNECT_ATTEMPT","timestamp":"2026-08-15T21:05:47.953Z","token_ready":true,"user_ready":true,"show_login":false,"show_voip_tester":false,"selected_call_mode":"pstn_assist","voice_id":"nado-000006","token_summary":"len:30:passke...en_331","reason":"retry:close:1006","api_base":"https://metanova1004.com"}'
08-16 06:05:47.955 I/ReactNativeJS(29573): '[VoIPPendingIncoming]', '{"event":"REQUEST_RESULT","source":"pending_call_poll","token_summary":"len:30:passke...en_331","user_id":6,"status":401,"ok":false}'
08-16 06:05:47.955 I/ReactNativeJS(29573): '[VoIPPendingIncoming] fetch failed', 401
08-16 06:05:48.271 I/ReactNativeJS(29573): '[UI_PRESS_PROBE]', '{"event":"VOIP_PRESENCE_ERROR","timestamp":"2026-08-15T21:05:48.270Z","token_ready":true,"user_ready":true,"show_login":false,"show_voip_tester":false,"selected_call_mode":"pstn_assist","voice_id":"nado-000006","token_summary":"len:30:passke...en_331","reason":"retry:close:1006"}'
08-16 06:05:48.271 I/ReactNativeJS(29573): '[UI_PRESS_PROBE]', '{"event":"VOIP_PRESENCE_CLOSED","timestamp":"2026-08-15T21:05:48.271Z","token_ready":true,"user_ready":true,"show_login":false,"show_voip_tester":false,"selected_call_mode":"pstn_assist","voice_id":"nado-000006","token_summary":"len:30:passke...en_331","reason":"retry:close:1006","code":1006}'
08-16 06:05:48.272 I/ReactNativeJS(29573): '[UI_PRESS_PROBE]', '{"event":"VOIP_PRESENCE_RETRY_SCHEDULED","timestamp":"2026-08-15T21:05:48.272Z","token_ready":true,"user_ready":true,"show_login":false,"show_voip_tester":false,"selected_call_mode":"pstn_assist","voice_id":"nado-000006","token_summary":"len:30:passke...en_331","reason":"close:1006"}'
08-16 06:05:50.070 I/ReactNativeJS(29573): '[UI_PRESS_PROBE]', '{"event":"VOIP_PRESENCE_CONNECT_ATTEMPT","timestamp":"2026-08-15T21:05:50.070Z","token_ready":true,"user_ready":true,"show_login":false,"show_voip_tester":false,"selected_call_mode":"pstn_assist","voice_id":"nado-000006","token_summary":"len:30:passke...en_331","reason":"retry:close:1006","api_base":"https://metanova1004.com"}'
08-16 06:05:50.071 I/ReactNativeJS(29573): '[VoIPPendingIncoming]', '{"event":"REQUEST_START","source":"pending_call_poll","token_summary":"len:30:passke...en_331","user_id":6,"has_pending_call":false,"has_active_call":false}'
08-16 06:05:50.350 I/ReactNativeJS(29573): '[UI_PRESS_PROBE]', '{"event":"VOIP_PRESENCE_ERROR","timestamp":"2026-08-15T21:05:50.349Z","token_ready":true,"user_ready":true,"show_login":false,"show_voip_tester":false,"selected_call_mode":"pstn_assist","voice_id":"nado-000006","token_summary":"len:30:passke...en_331","reason":"retry:close:1006"}'
08-16 06:05:50.350 I/ReactNativeJS(29573): '[UI_PRESS_PROBE]', '{"event":"VOIP_PRESENCE_CLOSED","timestamp":"2026-08-15T21:05:50.350Z","token_ready":true,"user_ready":true,"show_login":false,"show_voip_tester":false,"selected_call_mode":"pstn_assist","voice_id":"nado-000006","token_summary":"len:30:passke...en_331","reason":"retry:close:1006","code":1006}'
08-16 06:05:50.350 I/ReactNativeJS(29573): '[UI_PRESS_PROBE]', '{"event":"VOIP_PRESENCE_RETRY_SCHEDULED","timestamp":"2026-08-15T21:05:50.350Z","token_ready":true,"user_ready":true,"show_login":false,"show_voip_tester":false,"selected_call_mode":"pstn_assist","voice_id":"nado-000006","token_summary":"len:30:passke...en_331","reason":"close:1006"}'
08-16 06:05:50.387 I/ReactNativeJS(29573): '[VoIPPendingIncoming]', '{"event":"REQUEST_RESULT","source":"pending_call_poll","token_summary":"len:30:passke...en_331","user_id":6,"status":401,"ok":false}'
08-16 06:05:50.388 I/ReactNativeJS(29573): '[VoIPPendingIncoming] fetch failed', 401
08-16 06:05:52.236 I/ReactNativeJS(29573): '[UI_PRESS_PROBE]', '{"event":"VOIP_PRESENCE_CONNECT_ATTEMPT","timestamp":"2026-08-15T21:05:52.236Z","token_ready":true,"user_ready":true,"show_login":false,"show_voip_tester":false,"selected_call_mode":"pstn_assist","voice_id":"nado-000006","token_summary":"len:30:passke...en_331","reason":"retry:close:1006","api_base":"https://metanova1004.com"}'
08-16 06:05:52.658 I/ReactNativeJS(29573): '[UI_PRESS_PROBE]', '{"event":"VOIP_PRESENCE_ERROR","timestamp":"2026-08-15T21:05:52.658Z","token_ready":true,"user_ready":true,"show_login":false,"show_voip_tester":false,"selected_call_mode":"pstn_assist","voice_id":"nado-000006","token_summary":"len:30:passke...en_331","reason":"retry:close:1006"}'
08-16 06:05:52.659 I/ReactNativeJS(29573): '[UI_PRESS_PROBE]', '{"event":"VOIP_PRESENCE_CLOSED","timestamp":"2026-08-15T21:05:52.658Z","token_ready":true,"user_ready":true,"show_login":false,"show_voip_tester":false,"selected_call_mode":"pstn_assist","voice_id":"nado-000006","token_summary":"len:30:passke...en_331","reason":"retry:close:1006","code":1006}'
08-16 06:05:52.660 I/ReactNativeJS(29573): '[UI_PRESS_PROBE]', '{"event":"VOIP_PRESENCE_RETRY_SCHEDULED","timestamp":"2026-08-15T21:05:52.659Z","token_ready":true,"user_ready":true,"show_login":false,"show_voip_tester":false,"selected_call_mode":"pstn_assist","voice_id":"nado-000006","token_summary":"len:30:passke...en_331","reason":"close:1006"}'
08-16 06:05:52.662 I/ReactNativeJS(29573): '[VoIPPendingIncoming]', '{"event":"REQUEST_START","source":"pending_call_poll","token_summary":"len:30:passke...en_331","user_id":6,"has_pending_call":false,"has_active_call":false}'
08-16 06:05:53.072 I/ReactNativeJS(29573): '[VoIPPendingIncoming]', '{"event":"REQUEST_RESULT","source":"pending_call_poll","token_summary":"len:30:passke...en_331","user_id":6,"status":401,"ok":false}'
08-16 06:05:53.072 I/ReactNativeJS(29573): '[VoIPPendingIncoming] fetch failed', 401
08-16 06:05:54.471 I/ReactNativeJS(29573): '[UI_PRESS_PROBE]', '{"event":"VOIP_PRESENCE_CONNECT_ATTEMPT","timestamp":"2026-08-15T21:05:54.470Z","token_ready":true,"user_ready":true,"show_login":false,"show_voip_tester":false,"selected_call_mode":"pstn_assist","voice_id":"nado-000006","token_summary":"len:30:passke...en_331","reason":"retry:close:1006","api_base":"https://metanova1004.com"}'
08-16 06:05:54.801 I/ReactNativeJS(29573): '[UI_PRESS_PROBE]', '{"event":"VOIP_PRESENCE_ERROR","timestamp":"2026-08-15T21:05:54.800Z","token_ready":true,"user_ready":true,"show_login":false,"show_voip_tester":false,"selected_call_mode":"pstn_assist","voice_id":"nado-000006","token_summary":"len:30:passke...en_331","reason":"retry:close:1006"}'
08-16 06:05:54.801 I/ReactNativeJS(29573): '[UI_PRESS_PROBE]', '{"event":"VOIP_PRESENCE_CLOSED","timestamp":"2026-08-15T21:05:54.801Z","token_ready":true,"user_ready":true,"show_login":false,"show_voip_tester":false,"selected_call_mode":"pstn_assist","voice_id":"nado-000006","token_summary":"len:30:passke...en_331","reason":"retry:close:1006","code":1006}'
08-16 06:05:54.802 I/ReactNativeJS(29573): '[UI_PRESS_PROBE]', '{"event":"VOIP_PRESENCE_RETRY_SCHEDULED","timestamp":"2026-08-15T21:05:54.801Z","token_ready":true,"user_ready":true,"show_login":false,"show_voip_tester":false,"selected_call_mode":"pstn_assist","voice_id":"nado-000006","token_summary":"len:30:passke...en_331","reason":"close:1006"}'
08-16 06:05:55.073 I/ReactNativeJS(29573): '[VoIPPendingIncoming]', '{"event":"REQUEST_START","source":"pending_call_poll","token_summary":"len:30:passke...en_331","user_id":6,"has_pending_call":false,"has_active_call":false}'
08-16 06:05:55.354 I/ReactNativeJS(29573): '[VoIPPendingIncoming]', '{"event":"REQUEST_RESULT","source":"pending_call_poll","token_summary":"len:30:passke...en_331","user_id":6,"status":401,"ok":false}'
08-16 06:05:55.354 I/ReactNativeJS(29573): '[VoIPPendingIncoming] fetch failed', 401
08-16 06:05:56.588 I/ReactNativeJS(29573): '[UI_PRESS_PROBE]', '{"event":"VOIP_PRESENCE_CONNECT_ATTEMPT","timestamp":"2026-08-15T21:05:56.587Z","token_ready":true,"user_ready":true,"show_login":false,"show_voip_tester":false,"selected_call_mode":"pstn_assist","voice_id":"nado-000006","token_summary":"len:30:passke...en_331","reason":"retry:close:1006","api_base":"https://metanova1004.com"}'
08-16 06:05:56.935 I/ReactNativeJS(29573): '[UI_PRESS_PROBE]', '{"event":"VOIP_PRESENCE_ERROR","timestamp":"2026-08-15T21:05:56.934Z","token_ready":true,"user_ready":true,"show_login":false,"show_voip_tester":false,"selected_call_mode":"pstn_assist","voice_id":"nado-000006","token_summary":"len:30:passke...en_331","reason":"retry:close:1006"}'
08-16 06:05:56.936 I/ReactNativeJS(29573): '[UI_PRESS_PROBE]', '{"event":"VOIP_PRESENCE_CLOSED","timestamp":"2026-08-15T21:05:56.935Z","token_ready":true,"user_ready":true,"show_login":false,"show_voip_tester":false,"selected_call_mode":"pstn_assist","voice_id":"nado-000006","token_summary":"len:30:passke...en_331","reason":"retry:close:1006","code":1006}'
08-16 06:05:56.936 I/ReactNativeJS(29573): '[UI_PRESS_PROBE]', '{"event":"VOIP_PRESENCE_RETRY_SCHEDULED","timestamp":"2026-08-15T21:05:56.936Z","token_ready":true,"user_ready":true,"show_login":false,"show_voip_tester":false,"selected_call_mode":"pstn_assist","voice_id":"nado-000006","token_summary":"len:30:passke...en_331","reason":"close:1006"}'
08-16 06:05:57.690 I/ReactNativeJS(29573): '[VoIPPendingIncoming]', '{"event":"REQUEST_START","source":"pending_call_poll","token_summary":"len:30:passke...en_331","user_id":6,"has_pending_call":false,"has_active_call":false}'
08-16 06:05:58.065 I/ReactNativeJS(29573): '[VoIPPendingIncoming]', '{"event":"REQUEST_RESULT","source":"pending_call_poll","token_summary":"len:30:passke...en_331","user_id":6,"status":401,"ok":false}'
08-16 06:05:58.066 I/ReactNativeJS(29573): '[VoIPPendingIncoming] fetch failed', 401
08-16 06:05:58.775 I/ReactNativeJS(29573): '[UI_PRESS_PROBE]', '{"event":"VOIP_PRESENCE_CONNECT_ATTEMPT","timestamp":"2026-08-15T21:05:58.775Z","token_ready":true,"user_ready":true,"show_login":false,"show_voip_tester":false,"selected_call_mode":"pstn_assist","voice_id":"nado-000006","token_summary":"len:30:passke...en_331","reason":"retry:close:1006","api_base":"https://metanova1004.com"}'
08-16 06:05:59.088 I/ReactNativeJS(29573): '[UI_PRESS_PROBE]', '{"event":"VOIP_PRESENCE_ERROR","timestamp":"2026-08-15T21:05:59.087Z","token_ready":true,"user_ready":true,"show_login":false,"show_voip_tester":false,"selected_call_mode":"pstn_assist","voice_id":"nado-000006","token_summary":"len:30:passke...en_331","reason":"retry:close:1006"}'
08-16 06:05:59.088 I/ReactNativeJS(29573): '[UI_PRESS_PROBE]', '{"event":"VOIP_PRESENCE_CLOSED","timestamp":"2026-08-15T21:05:59.088Z","token_ready":true,"user_ready":true,"show_login":false,"show_voip_tester":false,"selected_call_mode":"pstn_assist","voice_id":"nado-000006","token_summary":"len:30:passke...en_331","reason":"retry:close:1006","code":1006}'
08-16 06:05:59.088 I/ReactNativeJS(29573): '[UI_PRESS_PROBE]', '{"event":"VOIP_PRESENCE_RETRY_SCHEDULED","timestamp":"2026-08-15T21:05:59.088Z","token_ready":true,"user_ready":true,"show_login":false,"show_voip_tester":false,"selected_call_mode":"pstn_assist","voice_id":"nado-000006","token_summary":"len:30:passke...en_331","reason":"close:1006"}'
08-16 06:06:00.097 I/ReactNativeJS(29573): '[VoIPPendingIncoming]', '{"event":"REQUEST_START","source":"pending_call_poll","token_summary":"len:30:passke...en_331","user_id":6,"has_pending_call":false,"has_active_call":false}'
08-16 06:06:00.478 I/ReactNativeJS(29573): '[VoIPPendingIncoming]', '{"event":"REQUEST_RESULT","source":"pending_call_poll","token_summary":"len:30:passke...en_331","user_id":6,"status":401,"ok":false}'
08-16 06:06:00.478 I/ReactNativeJS(29573): '[VoIPPendingIncoming] fetch failed', 401
08-16 06:06:00.916 I/ReactNativeJS(29573): '[UI_PRESS_PROBE]', '{"event":"VOIP_PRESENCE_CONNECT_ATTEMPT","timestamp":"2026-08-15T21:06:00.916Z","token_ready":true,"user_ready":true,"show_login":false,"show_voip_tester":false,"selected_call_mode":"pstn_assist","voice_id":"nado-000006","token_summary":"len:30:passke...en_331","reason":"retry:close:1006","api_base":"https://metanova1004.com"}'
08-16 06:06:01.278 I/ReactNativeJS(29573): '[UI_PRESS_PROBE]', '{"event":"VOIP_PRESENCE_ERROR","timestamp":"2026-08-15T21:06:01.277Z","token_ready":true,"user_ready":true,"show_login":false,"show_voip_tester":false,"selected_call_mode":"pstn_assist","voice_id":"nado-000006","token_summary":"len:30:passke...en_331","reason":"retry:close:1006"}'
08-16 06:06:01.278 I/ReactNativeJS(29573): '[UI_PRESS_PROBE]', '{"event":"VOIP_PRESENCE_CLOSED","timestamp":"2026-08-15T21:06:01.278Z","token_ready":true,"user_ready":true,"show_login":false,"show_voip_tester":false,"selected_call_mode":"pstn_assist","voice_id":"nado-000006","token_summary":"len:30:passke...en_331","reason":"retry:close:1006","code":1006}'
08-16 06:06:01.278 I/ReactNativeJS(29573): '[UI_PRESS_PROBE]', '{"event":"VOIP_PRESENCE_RETRY_SCHEDULED","timestamp":"2026-08-15T21:06:01.278Z","token_ready":true,"user_ready":true,"show_login":false,"show_voip_tester":false,"selected_call_mode":"pstn_assist","voice_id":"nado-000006","token_summary":"len:30:passke...en_331","reason":"close:1006"}'
08-16 06:06:02.589 I/ReactNativeJS(29573): '[VoIPPendingIncoming]', '{"event":"REQUEST_START","source":"pending_call_poll","token_summary":"len:30:passke...en_331","user_id":6,"has_pending_call":false,"has_active_call":false}'
08-16 06:06:02.877 I/ReactNativeJS(29573): '[VoIPPendingIncoming]', '{"event":"REQUEST_RESULT","source":"pending_call_poll","token_summary":"len:30:passke...en_331","user_id":6,"status":401,"ok":false}'
08-16 06:06:02.878 I/ReactNativeJS(29573): '[VoIPPendingIncoming] fetch failed', 401
08-16 06:06:03.052 I/ReactNativeJS(29573): '[UI_PRESS_PROBE]', '{"event":"VOIP_PRESENCE_CONNECT_ATTEMPT","timestamp":"2026-08-15T21:06:03.051Z","token_ready":true,"user_ready":true,"show_login":false,"show_voip_tester":false,"selected_call_mode":"pstn_assist","voice_id":"nado-000006","token_summary":"len:30:passke...en_331","reason":"retry:close:1006","api_base":"https://metanova1004.com"}'
08-16 06:06:03.390 I/ReactNativeJS(29573): '[UI_PRESS_PROBE]', '{"event":"VOIP_PRESENCE_ERROR","timestamp":"2026-08-15T21:06:03.389Z","token_ready":true,"user_ready":true,"show_login":false,"show_voip_tester":false,"selected_call_mode":"pstn_assist","voice_id":"nado-000006","token_summary":"len:30:passke...en_331","reason":"retry:close:1006"}'
08-16 06:06:03.391 I/ReactNativeJS(29573): '[UI_PRESS_PROBE]', '{"event":"VOIP_PRESENCE_CLOSED","timestamp":"2026-08-15T21:06:03.390Z","token_ready":true,"user_ready":true,"show_login":false,"show_voip_tester":false,"selected_call_mode":"pstn_assist","voice_id":"nado-000006","token_summary":"len:30:passke...en_331","reason":"retry:close:1006","code":1006}'
08-16 06:06:03.392 I/ReactNativeJS(29573): '[UI_PRESS_PROBE]', '{"event":"VOIP_PRESENCE_RETRY_SCHEDULED","timestamp":"2026-08-15T21:06:03.391Z","token_ready":true,"user_ready":true,"show_login":false,"show_voip_tester":false,"selected_call_mode":"pstn_assist","voice_id":"nado-000006","token_summary":"len:30:passke...en_331","reason":"close:1006"}'
08-16 06:06:05.256 I/ReactNativeJS(29573): '[VoIPPendingIncoming]', '{"event":"REQUEST_START","source":"pending_call_poll","token_summary":"len:30:passke...en_331","user_id":6,"has_pending_call":false,"has_active_call":false}'
08-16 06:06:05.310 I/ReactNativeJS(29573): '[UI_PRESS_PROBE]', '{"event":"VOIP_PRESENCE_CONNECT_ATTEMPT","timestamp":"2026-08-15T21:06:05.309Z","token_ready":true,"user_ready":true,"show_login":false,"show_voip_tester":false,"selected_call_mode":"pstn_assist","voice_id":"nado-000006","token_summary":"len:30:passke...en_331","reason":"retry:close:1006","api_base":"https://metanova1004.com"}'
08-16 06:06:05.805 I/ReactNativeJS(29573): '[UI_PRESS_PROBE]', '{"event":"VOIP_PRESENCE_ERROR","timestamp":"2026-08-15T21:06:05.804Z","token_ready":true,"user_ready":true,"show_login":false,"show_voip_tester":false,"selected_call_mode":"pstn_assist","voice_id":"nado-000006","token_summary":"len:30:passke...en_331","reason":"retry:close:1006"}'
08-16 06:06:05.806 I/ReactNativeJS(29573): '[UI_PRESS_PROBE]', '{"event":"VOIP_PRESENCE_CLOSED","timestamp":"2026-08-15T21:06:05.805Z","token_ready":true,"user_ready":true,"show_login":false,"show_voip_tester":false,"selected_call_mode":"pstn_assist","voice_id":"nado-000006","token_summary":"len:30:passke...en_331","reason":"retry:close:1006","code":1006}'
08-16 06:06:05.806 I/ReactNativeJS(29573): '[UI_PRESS_PROBE]', '{"event":"VOIP_PRESENCE_RETRY_SCHEDULED","timestamp":"2026-08-15T21:06:05.806Z","token_ready":true,"user_ready":true,"show_login":false,"show_voip_tester":false,"selected_call_mode":"pstn_assist","voice_id":"nado-000006","token_summary":"len:30:passke...en_331","reason":"close:1006"}'
08-16 06:06:05.810 I/ReactNativeJS(29573): '[VoIPPendingIncoming]', '{"event":"REQUEST_RESULT","source":"pending_call_poll","token_summary":"len:30:passke...en_331","user_id":6,"status":401,"ok":false}'
08-16 06:06:05.810 I/ReactNativeJS(29573): '[VoIPPendingIncoming] fetch failed', 401
08-16 06:06:07.668 I/ReactNativeJS(29573): '[UI_PRESS_PROBE]', '{"event":"VOIP_PRESENCE_CONNECT_ATTEMPT","timestamp":"2026-08-15T21:06:07.667Z","token_ready":true,"user_ready":true,"show_login":false,"show_voip_tester":false,"selected_call_mode":"pstn_assist","voice_id":"nado-000006","token_summary":"len:30:passke...en_331","reason":"retry:close:1006","api_base":"https://metanova1004.com"}'
08-16 06:06:07.706 I/ReactNativeJS(29573): '[VoIPPendingIncoming]', '{"event":"REQUEST_START","source":"pending_call_poll","token_summary":"len:30:passke...en_331","user_id":6,"has_pending_call":false,"has_active_call":false}'
08-16 06:06:08.028 I/ReactNativeJS(29573): '[UI_PRESS_PROBE]', '{"event":"VOIP_PRESENCE_ERROR","timestamp":"2026-08-15T21:06:08.027Z","token_ready":true,"user_ready":true,"show_login":false,"show_voip_tester":false,"selected_call_mode":"pstn_assist","voice_id":"nado-000006","token_summary":"len:30:passke...en_331","reason":"retry:close:1006"}'
08-16 06:06:08.028 I/ReactNativeJS(29573): '[UI_PRESS_PROBE]', '{"event":"VOIP_PRESENCE_CLOSED","timestamp":"2026-08-15T21:06:08.028Z","token_ready":true,"user_ready":true,"show_login":false,"show_voip_tester":false,"selected_call_mode":"pstn_assist","voice_id":"nado-000006","token_summary":"len:30:passke...en_331","reason":"retry:close:1006","code":1006}'
08-16 06:06:08.028 I/ReactNativeJS(29573): '[UI_PRESS_PROBE]', '{"event":"VOIP_PRESENCE_RETRY_SCHEDULED","timestamp":"2026-08-15T21:06:08.028Z","token_ready":true,"user_ready":true,"show_login":false,"show_voip_tester":false,"selected_call_mode":"pstn_assist","voice_id":"nado-000006","token_summary":"len:30:passke...en_331","reason":"close:1006"}'
08-16 06:06:08.061 I/ReactNativeJS(29573): '[VoIPPendingIncoming]', '{"event":"REQUEST_RESULT","source":"pending_call_poll","token_summary":"len:30:passke...en_331","user_id":6,"status":401,"ok":false}'
08-16 06:06:08.061 I/ReactNativeJS(29573): '[VoIPPendingIncoming] fetch failed', 401
08-16 06:06:09.849 I/ReactNativeJS(29573): '[UI_PRESS_PROBE]', '{"event":"VOIP_PRESENCE_CONNECT_ATTEMPT","timestamp":"2026-08-15T21:06:09.849Z","token_ready":true,"user_ready":true,"show_login":false,"show_voip_tester":false,"selected_call_mode":"pstn_assist","voice_id":"nado-000006","token_summary":"len:30:passke...en_331","reason":"retry:close:1006","api_base":"https://metanova1004.com"}'
08-16 06:06:10.206 I/ReactNativeJS(29573): '[UI_PRESS_PROBE]', '{"event":"VOIP_PRESENCE_ERROR","timestamp":"2026-08-15T21:06:10.205Z","token_ready":true,"user_ready":true,"show_login":false,"show_voip_tester":false,"selected_call_mode":"pstn_assist","voice_id":"nado-000006","token_summary":"len:30:passke...en_331","reason":"retry:close:1006"}'
08-16 06:06:10.206 I/ReactNativeJS(29573): '[UI_PRESS_PROBE]', '{"event":"VOIP_PRESENCE_CLOSED","timestamp":"2026-08-15T21:06:10.206Z","token_ready":true,"user_ready":true,"show_login":false,"show_voip_tester":false,"selected_call_mode":"pstn_assist","voice_id":"nado-000006","token_summary":"len:30:passke...en_331","reason":"retry:close:1006","code":1006}'
08-16 06:06:10.207 I/ReactNativeJS(29573): '[UI_PRESS_PROBE]', '{"event":"VOIP_PRESENCE_RETRY_SCHEDULED","timestamp":"2026-08-15T21:06:10.207Z","token_ready":true,"user_ready":true,"show_login":false,"show_voip_tester":false,"selected_call_mode":"pstn_assist","voice_id":"nado-000006","token_summary":"len:30:passke...en_331","reason":"close:1006"}'
08-16 06:06:10.209 I/ReactNativeJS(29573): '[VoIPPendingIncoming]', '{"event":"REQUEST_START","source":"pending_call_poll","token_summary":"len:30:passke...en_331","user_id":6,"has_pending_call":false,"has_active_call":false}'
08-16 06:06:10.584 I/ReactNativeJS(29573): '[VoIPPendingIncoming]', '{"event":"REQUEST_RESULT","source":"pending_call_poll","token_summary":"len:30:passke...en_331","user_id":6,"status":401,"ok":false}'
08-16 06:06:10.585 I/ReactNativeJS(29573): '[VoIPPendingIncoming] fetch failed', 401
08-16 06:06:12.075 I/ReactNativeJS(29573): '[UI_PRESS_PROBE]', '{"event":"VOIP_PRESENCE_CONNECT_ATTEMPT","timestamp":"2026-08-15T21:06:12.075Z","token_ready":true,"user_ready":true,"show_login":false,"show_voip_tester":false,"selected_call_mode":"pstn_assist","voice_id":"nado-000006","token_summary":"len:30:passke...en_331","reason":"retry:close:1006","api_base":"https://metanova1004.com"}'
08-16 06:06:12.493 I/ReactNativeJS(29573): '[UI_PRESS_PROBE]', '{"event":"VOIP_PRESENCE_ERROR","timestamp":"2026-08-15T21:06:12.493Z","token_ready":true,"user_ready":true,"show_login":false,"show_voip_tester":false,"selected_call_mode":"pstn_assist","voice_id":"nado-000006","token_summary":"len:30:passke...en_331","reason":"retry:close:1006"}'
08-16 06:06:12.494 I/ReactNativeJS(29573): '[UI_PRESS_PROBE]', '{"event":"VOIP_PRESENCE_CLOSED","timestamp":"2026-08-15T21:06:12.494Z","token_ready":true,"user_ready":true,"show_login":false,"show_voip_tester":false,"selected_call_mode":"pstn_assist","voice_id":"nado-000006","token_summary":"len:30:passke...en_331","reason":"retry:close:1006","code":1006}'
08-16 06:06:12.495 I/ReactNativeJS(29573): '[UI_PRESS_PROBE]', '{"event":"VOIP_PRESENCE_RETRY_SCHEDULED","timestamp":"2026-08-15T21:06:12.494Z","token_ready":true,"user_ready":true,"show_login":false,"show_voip_tester":false,"selected_call_mode":"pstn_assist","voice_id":"nado-000006","token_summary":"len:30:passke...en_331","reason":"close:1006"}'
08-16 06:06:12.806 I/ReactNativeJS(29573): '[VoIPPendingIncoming]', '{"event":"REQUEST_START","source":"pending_call_poll","token_summary":"len:30:passke...en_331","user_id":6,"has_pending_call":false,"has_active_call":false}'
08-16 06:06:13.208 I/ReactNativeJS(29573): '[VoIPPendingIncoming]', '{"event":"REQUEST_RESULT","source":"pending_call_poll","token_summary":"len:30:passke...en_331","user_id":6,"status":401,"ok":false}'
08-16 06:06:13.209 I/ReactNativeJS(29573): '[VoIPPendingIncoming] fetch failed', 401
08-16 06:06:14.390 I/ReactNativeJS(29573): '[UI_PRESS_PROBE]', '{"event":"VOIP_PRESENCE_CONNECT_ATTEMPT","timestamp":"2026-08-15T21:06:14.390Z","token_ready":true,"user_ready":true,"show_login":false,"show_voip_tester":false,"selected_call_mode":"pstn_assist","voice_id":"nado-000006","token_summary":"len:30:passke...en_331","reason":"retry:close:1006","api_base":"https://metanova1004.com"}'
08-16 06:06:14.773 I/ReactNativeJS(29573): '[UI_PRESS_PROBE]', '{"event":"VOIP_PRESENCE_ERROR","timestamp":"2026-08-15T21:06:14.773Z","token_ready":true,"user_ready":true,"show_login":false,"show_voip_tester":false,"selected_call_mode":"pstn_assist","voice_id":"nado-000006","token_summary":"len:30:passke...en_331","reason":"retry:close:1006"}'
08-16 06:06:14.774 I/ReactNativeJS(29573): '[UI_PRESS_PROBE]', '{"event":"VOIP_PRESENCE_CLOSED","timestamp":"2026-08-15T21:06:14.774Z","token_ready":true,"user_ready":true,"show_login":false,"show_voip_tester":false,"selected_call_mode":"pstn_assist","voice_id":"nado-000006","token_summary":"len:30:passke...en_331","reason":"retry:close:1006","code":1006}'
08-16 06:06:14.774 I/ReactNativeJS(29573): '[UI_PRESS_PROBE]', '{"event":"VOIP_PRESENCE_RETRY_SCHEDULED","timestamp":"2026-08-15T21:06:14.774Z","token_ready":true,"user_ready":true,"show_login":false,"show_voip_tester":false,"selected_call_mode":"pstn_assist","voice_id":"nado-000006","token_summary":"len:30:passke...en_331","reason":"close:1006"}'
08-16 06:06:15.280 I/ReactNativeJS(29573): '[VoIPPendingIncoming]', '{"event":"REQUEST_START","source":"pending_call_poll","token_summary":"len:30:passke...en_331","user_id":6,"has_pending_call":false,"has_active_call":false}'
08-16 06:06:15.722 I/ReactNativeJS(29573): '[VoIPPendingIncoming]', '{"event":"REQUEST_RESULT","source":"pending_call_poll","token_summary":"len:30:passke...en_331","user_id":6,"status":401,"ok":false}'
08-16 06:06:15.723 I/ReactNativeJS(29573): '[VoIPPendingIncoming] fetch failed', 401
08-16 06:06:16.589 I/ReactNativeJS(29573): '[UI_PRESS_PROBE]', '{"event":"VOIP_PRESENCE_CONNECT_ATTEMPT","timestamp":"2026-08-15T21:06:16.588Z","token_ready":true,"user_ready":true,"show_login":false,"show_voip_tester":false,"selected_call_mode":"pstn_assist","voice_id":"nado-000006","token_summary":"len:30:passke...en_331","reason":"retry:close:1006","api_base":"https://metanova1004.com"}'
08-16 06:06:16.904 I/ReactNativeJS(29573): '[UI_PRESS_PROBE]', '{"event":"VOIP_PRESENCE_ERROR","timestamp":"2026-08-15T21:06:16.904Z","token_ready":true,"user_ready":true,"show_login":false,"show_voip_tester":false,"selected_call_mode":"pstn_assist","voice_id":"nado-000006","token_summary":"len:30:passke...en_331","reason":"retry:close:1006"}'
08-16 06:06:16.905 I/ReactNativeJS(29573): '[UI_PRESS_PROBE]', '{"event":"VOIP_PRESENCE_CLOSED","timestamp":"2026-08-15T21:06:16.905Z","token_ready":true,"user_ready":true,"show_login":false,"show_voip_tester":false,"selected_call_mode":"pstn_assist","voice_id":"nado-000006","token_summary":"len:30:passke...en_331","reason":"retry:close:1006","code":1006}'
08-16 06:06:16.905 I/ReactNativeJS(29573): '[UI_PRESS_PROBE]', '{"event":"VOIP_PRESENCE_RETRY_SCHEDULED","timestamp":"2026-08-15T21:06:16.905Z","token_ready":true,"user_ready":true,"show_login":false,"show_voip_tester":false,"selected_call_mode":"pstn_assist","voice_id":"nado-000006","token_summary":"len:30:passke...en_331","reason":"close:1006"}'
08-16 06:06:17.745 I/ReactNativeJS(29573): '[VoIPPendingIncoming]', '{"event":"REQUEST_START","source":"pending_call_poll","token_summary":"len:30:passke...en_331","user_id":6,"has_pending_call":false,"has_active_call":false}'
08-16 06:06:18.094 I/ReactNativeJS(29573): '[VoIPPendingIncoming]', '{"event":"REQUEST_RESULT","source":"pending_call_poll","token_summary":"len:30:passke...en_331","user_id":6,"status":401,"ok":false}'
08-16 06:06:18.095 I/ReactNativeJS(29573): '[VoIPPendingIncoming] fetch failed', 401
08-16 06:06:18.709 I/ReactNativeJS(29573): '[UI_PRESS_PROBE]', '{"event":"VOIP_PRESENCE_CONNECT_ATTEMPT","timestamp":"2026-08-15T21:06:18.709Z","token_ready":true,"user_ready":true,"show_login":false,"show_voip_tester":false,"selected_call_mode":"pstn_assist","voice_id":"nado-000006","token_summary":"len:30:passke...en_331","reason":"retry:close:1006","api_base":"https://metanova1004.com"}'
08-16 06:06:19.065 I/ReactNativeJS(29573): '[UI_PRESS_PROBE]', '{"event":"VOIP_PRESENCE_ERROR","timestamp":"2026-08-15T21:06:19.064Z","token_ready":true,"user_ready":true,"show_login":false,"show_voip_tester":false,"selected_call_mode":"pstn_assist","voice_id":"nado-000006","token_summary":"len:30:passke...en_331","reason":"retry:close:1006"}'
08-16 06:06:19.066 I/ReactNativeJS(29573): '[UI_PRESS_PROBE]', '{"event":"VOIP_PRESENCE_CLOSED","timestamp":"2026-08-15T21:06:19.065Z","token_ready":true,"user_ready":true,"show_login":false,"show_voip_tester":false,"selected_call_mode":"pstn_assist","voice_id":"nado-000006","token_summary":"len:30:passke...en_331","reason":"retry:close:1006","code":1006}'
08-16 06:06:19.066 I/ReactNativeJS(29573): '[UI_PRESS_PROBE]', '{"event":"VOIP_PRESENCE_RETRY_SCHEDULED","timestamp":"2026-08-15T21:06:19.066Z","token_ready":true,"user_ready":true,"show_login":false,"show_voip_tester":false,"selected_call_mode":"pstn_assist","voice_id":"nado-000006","token_summary":"len:30:passke...en_331","reason":"close:1006"}'
08-16 06:06:20.192 I/ReactNativeJS(29573): '[VoIPPendingIncoming]', '{"event":"REQUEST_START","source":"pending_call_poll","token_summary":"len:30:passke...en_331","user_id":6,"has_pending_call":false,"has_active_call":false}'
08-16 06:06:20.484 I/ReactNativeJS(29573): '[VoIPPendingIncoming]', '{"event":"REQUEST_RESULT","source":"pending_call_poll","token_summary":"len:30:passke...en_331","user_id":6,"status":401,"ok":false}'
08-16 06:06:20.484 I/ReactNativeJS(29573): '[VoIPPendingIncoming] fetch failed', 401
08-16 06:06:20.811 I/ReactNativeJS(29573): '[UI_PRESS_PROBE]', '{"event":"VOIP_PRESENCE_CONNECT_ATTEMPT","timestamp":"2026-08-15T21:06:20.810Z","token_ready":true,"user_ready":true,"show_login":false,"show_voip_tester":false,"selected_call_mode":"pstn_assist","voice_id":"nado-000006","token_summary":"len:30:passke...en_331","reason":"retry:close:1006","api_base":"https://metanova1004.com"}'
08-16 06:06:21.073 I/ReactNativeJS(29573): '[UI_PRESS_PROBE]', '{"event":"VOIP_PRESENCE_ERROR","timestamp":"2026-08-15T21:06:21.073Z","token_ready":true,"user_ready":true,"show_login":false,"show_voip_tester":false,"selected_call_mode":"pstn_assist","voice_id":"nado-000006","token_summary":"len:30:passke...en_331","reason":"retry:close:1006"}'
08-16 06:06:21.074 I/ReactNativeJS(29573): '[UI_PRESS_PROBE]', '{"event":"VOIP_PRESENCE_CLOSED","timestamp":"2026-08-15T21:06:21.073Z","token_ready":true,"user_ready":true,"show_login":false,"show_voip_tester":false,"selected_call_mode":"pstn_assist","voice_id":"nado-000006","token_summary":"len:30:passke...en_331","reason":"retry:close:1006","code":1006}'
08-16 06:06:21.074 I/ReactNativeJS(29573): '[UI_PRESS_PROBE]', '{"event":"VOIP_PRESENCE_RETRY_SCHEDULED","timestamp":"2026-08-15T21:06:21.074Z","token_ready":true,"user_ready":true,"show_login":false,"show_voip_tester":false,"selected_call_mode":"pstn_assist","voice_id":"nado-000006","token_summary":"len:30:passke...en_331","reason":"close:1006"}'
08-16 06:06:22.697 I/ReactNativeJS(29573): '[VoIPPendingIncoming]', '{"event":"REQUEST_START","source":"pending_call_poll","token_summary":"len:30:passke...en_331","user_id":6,"has_pending_call":false,"has_active_call":false}'
08-16 06:06:22.812 I/ReactNativeJS(29573): '[UI_PRESS_PROBE]', '{"event":"VOIP_PRESENCE_CONNECT_ATTEMPT","timestamp":"2026-08-15T21:06:22.812Z","token_ready":true,"user_ready":true,"show_login":false,"show_voip_tester":false,"selected_call_mode":"pstn_assist","voice_id":"nado-000006","token_summary":"len:30:passke...en_331","reason":"retry:close:1006","api_base":"https://metanova1004.com"}'
08-16 06:06:22.986 I/ReactNativeJS(29573): '[VoIPPendingIncoming]', '{"event":"REQUEST_RESULT","source":"pending_call_poll","token_summary":"len:30:passke...en_331","user_id":6,"status":401,"ok":false}'
08-16 06:06:22.986 I/ReactNativeJS(29573): '[VoIPPendingIncoming] fetch failed', 401
08-16 06:06:23.072 I/ReactNativeJS(29573): '[UI_PRESS_PROBE]', '{"event":"VOIP_PRESENCE_ERROR","timestamp":"2026-08-15T21:06:23.071Z","token_ready":true,"user_ready":true,"show_login":false,"show_voip_tester":false,"selected_call_mode":"pstn_assist","voice_id":"nado-000006","token_summary":"len:30:passke...en_331","reason":"retry:close:1006"}'
08-16 06:06:23.072 I/ReactNativeJS(29573): '[UI_PRESS_PROBE]', '{"event":"VOIP_PRESENCE_CLOSED","timestamp":"2026-08-15T21:06:23.072Z","token_ready":true,"user_ready":true,"show_login":false,"show_voip_tester":false,"selected_call_mode":"pstn_assist","voice_id":"nado-000006","token_summary":"len:30:passke...en_331","reason":"retry:close:1006","code":1006}'
08-16 06:06:23.073 I/ReactNativeJS(29573): '[UI_PRESS_PROBE]', '{"event":"VOIP_PRESENCE_RETRY_SCHEDULED","timestamp":"2026-08-15T21:06:23.072Z","token_ready":true,"user_ready":true,"show_login":false,"show_voip_tester":false,"selected_call_mode":"pstn_assist","voice_id":"nado-000006","token_summary":"len:30:passke...en_331","reason":"close:1006"}'
08-16 06:06:24.891 I/ReactNativeJS(29573): '[UI_PRESS_PROBE]', '{"event":"VOIP_PRESENCE_CONNECT_ATTEMPT","timestamp":"2026-08-15T21:06:24.891Z","token_ready":true,"user_ready":true,"show_login":false,"show_voip_tester":false,"selected_call_mode":"pstn_assist","voice_id":"nado-000006","token_summary":"len:30:passke...en_331","reason":"retry:close:1006","api_base":"https://metanova1004.com"}'
08-16 06:06:25.233 I/ReactNativeJS(29573): '[UI_PRESS_PROBE]', '{"event":"VOIP_PRESENCE_ERROR","timestamp":"2026-08-15T21:06:25.232Z","token_ready":true,"user_ready":true,"show_login":false,"show_voip_tester":false,"selected_call_mode":"pstn_assist","voice_id":"nado-000006","token_summary":"len:30:passke...en_331","reason":"retry:close:1006"}'
08-16 06:06:25.233 I/ReactNativeJS(29573): '[UI_PRESS_PROBE]', '{"event":"VOIP_PRESENCE_CLOSED","timestamp":"2026-08-15T21:06:25.233Z","token_ready":true,"user_ready":true,"show_login":false,"show_voip_tester":false,"selected_call_mode":"pstn_assist","voice_id":"nado-000006","token_summary":"len:30:passke...en_331","reason":"retry:close:1006","code":1006}'
08-16 06:06:25.234 I/ReactNativeJS(29573): '[UI_PRESS_PROBE]', '{"event":"VOIP_PRESENCE_RETRY_SCHEDULED","timestamp":"2026-08-15T21:06:25.234Z","token_ready":true,"user_ready":true,"show_login":false,"show_voip_tester":false,"selected_call_mode":"pstn_assist","voice_id":"nado-000006","token_summary":"len:30:passke...en_331","reason":"close:1006"}'
08-16 06:06:25.270 I/ReactNativeJS(29573): '[VoIPPendingIncoming]', '{"event":"REQUEST_START","source":"pending_call_poll","token_summary":"len:30:passke...en_331","user_id":6,"has_pending_call":false,"has_active_call":false}'
08-16 06:06:25.640 I/ReactNativeJS(29573): '[VoIPPendingIncoming]', '{"event":"REQUEST_RESULT","source":"pending_call_poll","token_summary":"len:30:passke...en_331","user_id":6,"status":401,"ok":false}'
08-16 06:06:25.640 I/ReactNativeJS(29573): '[VoIPPendingIncoming] fetch failed', 401
08-16 06:06:26.971 I/ReactNativeJS(29573): '[UI_PRESS_PROBE]', '{"event":"VOIP_PRESENCE_CONNECT_ATTEMPT","timestamp":"2026-08-15T21:06:26.970Z","token_ready":true,"user_ready":true,"show_login":false,"show_voip_tester":false,"selected_call_mode":"pstn_assist","voice_id":"nado-000006","token_summary":"len:30:passke...en_331","reason":"retry:close:1006","api_base":"https://metanova1004.com"}'
08-16 06:06:27.277 I/ReactNativeJS(29573): '[UI_PRESS_PROBE]', '{"event":"VOIP_PRESENCE_ERROR","timestamp":"2026-08-15T21:06:27.276Z","token_ready":true,"user_ready":true,"show_login":false,"show_voip_tester":false,"selected_call_mode":"pstn_assist","voice_id":"nado-000006","token_summary":"len:30:passke...en_331","reason":"retry:close:1006"}'
08-16 06:06:27.277 I/ReactNativeJS(29573): '[UI_PRESS_PROBE]', '{"event":"VOIP_PRESENCE_CLOSED","timestamp":"2026-08-15T21:06:27.277Z","token_ready":true,"user_ready":true,"show_login":false,"show_voip_tester":false,"selected_call_mode":"pstn_assist","voice_id":"nado-000006","token_summary":"len:30:passke...en_331","reason":"retry:close:1006","code":1006}'
08-16 06:06:27.278 I/ReactNativeJS(29573): '[UI_PRESS_PROBE]', '{"event":"VOIP_PRESENCE_RETRY_SCHEDULED","timestamp":"2026-08-15T21:06:27.277Z","token_ready":true,"user_ready":true,"show_login":false,"show_voip_tester":false,"selected_call_mode":"pstn_assist","voice_id":"nado-000006","token_summary":"len:30:passke...en_331","reason":"close:1006"}'
08-16 06:06:27.785 I/ReactNativeJS(29573): '[VoIPPendingIncoming]', '{"event":"REQUEST_START","source":"pending_call_poll","token_summary":"len:30:passke...en_331","user_id":6,"has_pending_call":false,"has_active_call":false}'
08-16 06:06:28.111 I/ReactNativeJS(29573): '[VoIPPendingIncoming]', '{"event":"REQUEST_RESULT","source":"pending_call_poll","token_summary":"len:30:passke...en_331","user_id":6,"status":401,"ok":false}'
08-16 06:06:28.112 I/ReactNativeJS(29573): '[VoIPPendingIncoming] fetch failed', 401
08-16 06:06:29.097 I/ReactNativeJS(29573): '[UI_PRESS_PROBE]', '{"event":"VOIP_PRESENCE_CONNECT_ATTEMPT","timestamp":"2026-08-15T21:06:29.096Z","token_ready":true,"user_ready":true,"show_login":false,"show_voip_tester":false,"selected_call_mode":"pstn_assist","voice_id":"nado-000006","token_summary":"len:30:passke...en_331","reason":"retry:close:1006","api_base":"https://metanova1004.com"}'
08-16 06:06:29.409 I/ReactNativeJS(29573): '[UI_PRESS_PROBE]', '{"event":"VOIP_PRESENCE_ERROR","timestamp":"2026-08-15T21:06:29.409Z","token_ready":true,"user_ready":true,"show_login":false,"show_voip_tester":false,"selected_call_mode":"pstn_assist","voice_id":"nado-000006","token_summary":"len:30:passke...en_331","reason":"retry:close:1006"}'
08-16 06:06:29.410 I/ReactNativeJS(29573): '[UI_PRESS_PROBE]', '{"event":"VOIP_PRESENCE_CLOSED","timestamp":"2026-08-15T21:06:29.409Z","token_ready":true,"user_ready":true,"show_login":false,"show_voip_tester":false,"selected_call_mode":"pstn_assist","voice_id":"nado-000006","token_summary":"len:30:passke...en_331","reason":"retry:close:1006","code":1006}'
08-16 06:06:29.410 I/ReactNativeJS(29573): '[UI_PRESS_PROBE]', '{"event":"VOIP_PRESENCE_RETRY_SCHEDULED","timestamp":"2026-08-15T21:06:29.410Z","token_ready":true,"user_ready":true,"show_login":false,"show_voip_tester":false,"selected_call_mode":"pstn_assist","voice_id":"nado-000006","token_summary":"len:30:passke...en_331","reason":"close:1006"}'
08-16 06:06:30.325 I/ReactNativeJS(29573): '[VoIPPendingIncoming]', '{"event":"REQUEST_START","source":"pending_call_poll","token_summary":"len:30:passke...en_331","user_id":6,"has_pending_call":false,"has_active_call":false}'
08-16 06:06:30.671 I/ReactNativeJS(29573): '[VoIPPendingIncoming]', '{"event":"REQUEST_RESULT","source":"pending_call_poll","token_summary":"len:30:passke...en_331","user_id":6,"status":401,"ok":false}'
08-16 06:06:30.671 I/ReactNativeJS(29573): '[VoIPPendingIncoming] fetch failed', 401
08-16 06:06:31.206 I/ReactNativeJS(29573): '[UI_PRESS_PROBE]', '{"event":"VOIP_PRESENCE_CONNECT_ATTEMPT","timestamp":"2026-08-15T21:06:31.206Z","token_ready":true,"user_ready":true,"show_login":false,"show_voip_tester":false,"selected_call_mode":"pstn_assist","voice_id":"nado-000006","token_summary":"len:30:passke...en_331","reason":"retry:close:1006","api_base":"https://metanova1004.com"}'
08-16 06:06:31.492 I/ReactNativeJS(29573): '[UI_PRESS_PROBE]', '{"event":"VOIP_PRESENCE_ERROR","timestamp":"2026-08-15T21:06:31.491Z","token_ready":true,"user_ready":true,"show_login":false,"show_voip_tester":false,"selected_call_mode":"pstn_assist","voice_id":"nado-000006","token_summary":"len:30:passke...en_331","reason":"retry:close:1006"}'
08-16 06:06:31.493 I/ReactNativeJS(29573): '[UI_PRESS_PROBE]', '{"event":"VOIP_PRESENCE_CLOSED","timestamp":"2026-08-15T21:06:31.492Z","token_ready":true,"user_ready":true,"show_login":false,"show_voip_tester":false,"selected_call_mode":"pstn_assist","voice_id":"nado-000006","token_summary":"len:30:passke...en_331","reason":"retry:close:1006","code":1006}'
08-16 06:06:31.493 I/ReactNativeJS(29573): '[UI_PRESS_PROBE]', '{"event":"VOIP_PRESENCE_RETRY_SCHEDULED","timestamp":"2026-08-15T21:06:31.493Z","token_ready":true,"user_ready":true,"show_login":false,"show_voip_tester":false,"selected_call_mode":"pstn_assist","voice_id":"nado-000006","token_summary":"len:30:passke...en_331","reason":"close:1006"}'
08-16 06:06:32.760 I/ReactNativeJS(29573): '[VoIPPendingIncoming]', '{"event":"REQUEST_START","source":"pending_call_poll","token_summary":"len:30:passke...en_331","user_id":6,"has_pending_call":false,"has_active_call":false}'
08-16 06:06:33.050 I/ReactNativeJS(29573): '[VoIPPendingIncoming]', '{"event":"REQUEST_RESULT","source":"pending_call_poll","token_summary":"len:30:passke...en_331","user_id":6,"status":401,"ok":false}'
08-16 06:06:33.050 I/ReactNativeJS(29573): '[VoIPPendingIncoming] fetch failed', 401
08-16 06:06:33.252 I/ReactNativeJS(29573): '[UI_PRESS_PROBE]', '{"event":"VOIP_PRESENCE_CONNECT_ATTEMPT","timestamp":"2026-08-15T21:06:33.252Z","token_ready":true,"user_ready":true,"show_login":false,"show_voip_tester":false,"selected_call_mode":"pstn_assist","voice_id":"nado-000006","token_summary":"len:30:passke...en_331","reason":"retry:close:1006","api_base":"https://metanova1004.com"}'
08-16 06:06:33.547 I/ReactNativeJS(29573): '[UI_PRESS_PROBE]', '{"event":"VOIP_PRESENCE_ERROR","timestamp":"2026-08-15T21:06:33.547Z","token_ready":true,"user_ready":true,"show_login":false,"show_voip_tester":false,"selected_call_mode":"pstn_assist","voice_id":"nado-000006","token_summary":"len:30:passke...en_331","reason":"retry:close:1006"}'
08-16 06:06:33.548 I/ReactNativeJS(29573): '[UI_PRESS_PROBE]', '{"event":"VOIP_PRESENCE_CLOSED","timestamp":"2026-08-15T21:06:33.547Z","token_ready":true,"user_ready":true,"show_login":false,"show_voip_tester":false,"selected_call_mode":"pstn_assist","voice_id":"nado-000006","token_summary":"len:30:passke...en_331","reason":"retry:close:1006","code":1006}'
08-16 06:06:33.548 I/ReactNativeJS(29573): '[UI_PRESS_PROBE]', '{"event":"VOIP_PRESENCE_RETRY_SCHEDULED","timestamp":"2026-08-15T21:06:33.548Z","token_ready":true,"user_ready":true,"show_login":false,"show_voip_tester":false,"selected_call_mode":"pstn_assist","voice_id":"nado-000006","token_summary":"len:30:passke...en_331","reason":"close:1006"}'
08-16 06:06:35.330 I/ReactNativeJS(29573): '[VoIPPendingIncoming]', '{"event":"REQUEST_START","source":"pending_call_poll","token_summary":"len:30:passke...en_331","user_id":6,"has_pending_call":false,"has_active_call":false}'
08-16 06:06:35.366 I/ReactNativeJS(29573): '[UI_PRESS_PROBE]', '{"event":"VOIP_PRESENCE_CONNECT_ATTEMPT","timestamp":"2026-08-15T21:06:35.366Z","token_ready":true,"user_ready":true,"show_login":false,"show_voip_tester":false,"selected_call_mode":"pstn_assist","voice_id":"nado-000006","token_summary":"len:30:passke...en_331","reason":"retry:close:1006","api_base":"https://metanova1004.com"}'
08-16 06:06:35.619 I/ReactNativeJS(29573): '[VoIPPendingIncoming]', '{"event":"REQUEST_RESULT","source":"pending_call_poll","token_summary":"len:30:passke...en_331","user_id":6,"status":401,"ok":false}'
08-16 06:06:35.619 I/ReactNativeJS(29573): '[VoIPPendingIncoming] fetch failed', 401
08-16 06:06:35.660 I/ReactNativeJS(29573): '[UI_PRESS_PROBE]', '{"event":"VOIP_PRESENCE_ERROR","timestamp":"2026-08-15T21:06:35.660Z","token_ready":true,"user_ready":true,"show_login":false,"show_voip_tester":false,"selected_call_mode":"pstn_assist","voice_id":"nado-000006","token_summary":"len:30:passke...en_331","reason":"retry:close:1006"}'
08-16 06:06:35.661 I/ReactNativeJS(29573): '[UI_PRESS_PROBE]', '{"event":"VOIP_PRESENCE_CLOSED","timestamp":"2026-08-15T21:06:35.660Z","token_ready":true,"user_ready":true,"show_login":false,"show_voip_tester":false,"selected_call_mode":"pstn_assist","voice_id":"nado-000006","token_summary":"len:30:passke...en_331","reason":"retry:close:1006","code":1006}'
08-16 06:06:35.661 I/ReactNativeJS(29573): '[UI_PRESS_PROBE]', '{"event":"VOIP_PRESENCE_RETRY_SCHEDULED","timestamp":"2026-08-15T21:06:35.661Z","token_ready":true,"user_ready":true,"show_login":false,"show_voip_tester":false,"selected_call_mode":"pstn_assist","voice_id":"nado-000006","token_summary":"len:30:passke...en_331","reason":"close:1006"}'
08-16 06:06:37.436 I/ReactNativeJS(29573): '[UI_PRESS_PROBE]', '{"event":"VOIP_PRESENCE_CONNECT_ATTEMPT","timestamp":"2026-08-15T21:06:37.436Z","token_ready":true,"user_ready":true,"show_login":false,"show_voip_tester":false,"selected_call_mode":"pstn_assist","voice_id":"nado-000006","token_summary":"len:30:passke...en_331","reason":"retry:close:1006","api_base":"https://metanova1004.com"}'
08-16 06:06:37.713 I/ReactNativeJS(29573): '[UI_PRESS_PROBE]', '{"event":"VOIP_PRESENCE_ERROR","timestamp":"2026-08-15T21:06:37.713Z","token_ready":true,"user_ready":true,"show_login":false,"show_voip_tester":false,"selected_call_mode":"pstn_assist","voice_id":"nado-000006","token_summary":"len:30:passke...en_331","reason":"retry:close:1006"}'
08-16 06:06:37.713 I/ReactNativeJS(29573): '[UI_PRESS_PROBE]', '{"event":"VOIP_PRESENCE_CLOSED","timestamp":"2026-08-15T21:06:37.713Z","token_ready":true,"user_ready":true,"show_login":false,"show_voip_tester":false,"selected_call_mode":"pstn_assist","voice_id":"nado-000006","token_summary":"len:30:passke...en_331","reason":"retry:close:1006","code":1006}'
08-16 06:06:37.714 I/ReactNativeJS(29573): '[UI_PRESS_PROBE]', '{"event":"VOIP_PRESENCE_RETRY_SCHEDULED","timestamp":"2026-08-15T21:06:37.713Z","token_ready":true,"user_ready":true,"show_login":false,"show_voip_tester":false,"selected_call_mode":"pstn_assist","voice_id":"nado-000006","token_summary":"len:30:passke...en_331","reason":"close:1006"}'
08-16 06:06:37.772 I/ReactNativeJS(29573): '[VoIPPendingIncoming]', '{"event":"REQUEST_START","source":"pending_call_poll","token_summary":"len:30:passke...en_331","user_id":6,"has_pending_call":false,"has_active_call":false}'
08-16 06:06:38.091 I/ReactNativeJS(29573): '[VoIPPendingIncoming]', '{"event":"REQUEST_RESULT","source":"pending_call_poll","token_summary":"len:30:passke...en_331","user_id":6,"status":401,"ok":false}'
08-16 06:06:38.091 I/ReactNativeJS(29573): '[VoIPPendingIncoming] fetch failed', 401
08-16 06:06:39.472 I/ReactNativeJS(29573): '[UI_PRESS_PROBE]', '{"event":"VOIP_PRESENCE_CONNECT_ATTEMPT","timestamp":"2026-08-15T21:06:39.472Z","token_ready":true,"user_ready":true,"show_login":false,"show_voip_tester":false,"selected_call_mode":"pstn_assist","voice_id":"nado-000006","token_summary":"len:30:passke...en_331","reason":"retry:close:1006","api_base":"https://metanova1004.com"}'
08-16 06:06:39.727 I/ReactNativeJS(29573): '[UI_PRESS_PROBE]', '{"event":"VOIP_PRESENCE_ERROR","timestamp":"2026-08-15T21:06:39.726Z","token_ready":true,"user_ready":true,"show_login":false,"show_voip_tester":false,"selected_call_mode":"pstn_assist","voice_id":"nado-000006","token_summary":"len:30:passke...en_331","reason":"retry:close:1006"}'
08-16 06:06:39.727 I/ReactNativeJS(29573): '[UI_PRESS_PROBE]', '{"event":"VOIP_PRESENCE_CLOSED","timestamp":"2026-08-15T21:06:39.727Z","token_ready":true,"user_ready":true,"show_login":false,"show_voip_tester":false,"selected_call_mode":"pstn_assist","voice_id":"nado-000006","token_summary":"len:30:passke...en_331","reason":"retry:close:1006","code":1006}'
08-16 06:06:39.727 I/ReactNativeJS(29573): '[UI_PRESS_PROBE]', '{"event":"VOIP_PRESENCE_RETRY_SCHEDULED","timestamp":"2026-08-15T21:06:39.727Z","token_ready":true,"user_ready":true,"show_login":false,"show_voip_tester":false,"selected_call_mode":"pstn_assist","voice_id":"nado-000006","token_summary":"len:30:passke...en_331","reason":"close:1006"}'
08-16 06:06:40.296 I/ReactNativeJS(29573): '[VoIPPendingIncoming]', '{"event":"REQUEST_START","source":"pending_call_poll","token_summary":"len:30:passke...en_331","user_id":6,"has_pending_call":false,"has_active_call":false}'
08-16 06:06:40.600 I/ReactNativeJS(29573): '[VoIPPendingIncoming]', '{"event":"REQUEST_RESULT","source":"pending_call_poll","token_summary":"len:30:passke...en_331","user_id":6,"status":401,"ok":false}'
08-16 06:06:40.600 I/ReactNativeJS(29573): '[VoIPPendingIncoming] fetch failed', 401
08-16 06:06:41.475 I/ReactNativeJS(29573): '[UI_PRESS_PROBE]', '{"event":"VOIP_PRESENCE_CONNECT_ATTEMPT","timestamp":"2026-08-15T21:06:41.474Z","token_ready":true,"user_ready":true,"show_login":false,"show_voip_tester":false,"selected_call_mode":"pstn_assist","voice_id":"nado-000006","token_summary":"len:30:passke...en_331","reason":"retry:close:1006","api_base":"https://metanova1004.com"}'
08-16 06:06:41.734 I/ReactNativeJS(29573): '[UI_PRESS_PROBE]', '{"event":"VOIP_PRESENCE_ERROR","timestamp":"2026-08-15T21:06:41.734Z","token_ready":true,"user_ready":true,"show_login":false,"show_voip_tester":false,"selected_call_mode":"pstn_assist","voice_id":"nado-000006","token_summary":"len:30:passke...en_331","reason":"retry:close:1006"}'
08-16 06:06:41.735 I/ReactNativeJS(29573): '[UI_PRESS_PROBE]', '{"event":"VOIP_PRESENCE_CLOSED","timestamp":"2026-08-15T21:06:41.735Z","token_ready":true,"user_ready":true,"show_login":false,"show_voip_tester":false,"selected_call_mode":"pstn_assist","voice_id":"nado-000006","token_summary":"len:30:passke...en_331","reason":"retry:close:1006","code":1006}'
08-16 06:06:41.735 I/ReactNativeJS(29573): '[UI_PRESS_PROBE]', '{"event":"VOIP_PRESENCE_RETRY_SCHEDULED","timestamp":"2026-08-15T21:06:41.735Z","token_ready":true,"user_ready":true,"show_login":false,"show_voip_tester":false,"selected_call_mode":"pstn_assist","voice_id":"nado-000006","token_summary":"len:30:passke...en_331","reason":"close:1006"}'
08-16 06:06:42.827 I/ReactNativeJS(29573): '[VoIPPendingIncoming]', '{"event":"REQUEST_START","source":"pending_call_poll","token_summary":"len:30:passke...en_331","user_id":6,"has_pending_call":false,"has_active_call":false}'
08-16 06:06:43.116 I/ReactNativeJS(29573): '[VoIPPendingIncoming]', '{"event":"REQUEST_RESULT","source":"pending_call_poll","token_summary":"len:30:passke...en_331","user_id":6,"status":401,"ok":false}'
08-16 06:06:43.116 I/ReactNativeJS(29573): '[VoIPPendingIncoming] fetch failed', 401
08-16 06:06:43.505 I/ReactNativeJS(29573): '[UI_PRESS_PROBE]', '{"event":"VOIP_PRESENCE_CONNECT_ATTEMPT","timestamp":"2026-08-15T21:06:43.504Z","token_ready":true,"user_ready":true,"show_login":false,"show_voip_tester":false,"selected_call_mode":"pstn_assist","voice_id":"nado-000006","token_summary":"len:30:passke...en_331","reason":"retry:close:1006","api_base":"https://metanova1004.com"}'
08-16 06:06:43.787 I/ReactNativeJS(29573): '[UI_PRESS_PROBE]', '{"event":"VOIP_PRESENCE_ERROR","timestamp":"2026-08-15T21:06:43.787Z","token_ready":true,"user_ready":true,"show_login":false,"show_voip_tester":false,"selected_call_mode":"pstn_assist","voice_id":"nado-000006","token_summary":"len:30:passke...en_331","reason":"retry:close:1006"}'
08-16 06:06:43.788 I/ReactNativeJS(29573): '[UI_PRESS_PROBE]', '{"event":"VOIP_PRESENCE_CLOSED","timestamp":"2026-08-15T21:06:43.788Z","token_ready":true,"user_ready":true,"show_login":false,"show_voip_tester":false,"selected_call_mode":"pstn_assist","voice_id":"nado-000006","token_summary":"len:30:passke...en_331","reason":"retry:close:1006","code":1006}'
08-16 06:06:43.788 I/ReactNativeJS(29573): '[UI_PRESS_PROBE]', '{"event":"VOIP_PRESENCE_RETRY_SCHEDULED","timestamp":"2026-08-15T21:06:43.788Z","token_ready":true,"user_ready":true,"show_login":false,"show_voip_tester":false,"selected_call_mode":"pstn_assist","voice_id":"nado-000006","token_summary":"len:30:passke...en_331","reason":"close:1006"}'
08-16 06:06:45.313 I/ReactNativeJS(29573): '[VoIPPendingIncoming]', '{"event":"REQUEST_START","source":"pending_call_poll","token_summary":"len:30:passke...en_331","user_id":6,"has_pending_call":false,"has_active_call":false}'
08-16 06:06:45.539 I/ReactNativeJS(29573): '[UI_PRESS_PROBE]', '{"event":"VOIP_PRESENCE_CONNECT_ATTEMPT","timestamp":"2026-08-15T21:06:45.539Z","token_ready":true,"user_ready":true,"show_login":false,"show_voip_tester":false,"selected_call_mode":"pstn_assist","voice_id":"nado-000006","token_summary":"len:30:passke...en_331","reason":"retry:close:1006","api_base":"https://metanova1004.com"}'
08-16 06:06:45.602 I/ReactNativeJS(29573): '[VoIPPendingIncoming]', '{"event":"REQUEST_RESULT","source":"pending_call_poll","token_summary":"len:30:passke...en_331","user_id":6,"status":401,"ok":false}'
08-16 06:06:45.602 I/ReactNativeJS(29573): '[VoIPPendingIncoming] fetch failed', 401
08-16 06:06:45.798 I/ReactNativeJS(29573): '[UI_PRESS_PROBE]', '{"event":"VOIP_PRESENCE_ERROR","timestamp":"2026-08-15T21:06:45.797Z","token_ready":true,"user_ready":true,"show_login":false,"show_voip_tester":false,"selected_call_mode":"pstn_assist","voice_id":"nado-000006","token_summary":"len:30:passke...en_331","reason":"retry:close:1006"}'
08-16 06:06:45.798 I/ReactNativeJS(29573): '[UI_PRESS_PROBE]', '{"event":"VOIP_PRESENCE_CLOSED","timestamp":"2026-08-15T21:06:45.798Z","token_ready":true,"user_ready":true,"show_login":false,"show_voip_tester":false,"selected_call_mode":"pstn_assist","voice_id":"nado-000006","token_summary":"len:30:passke...en_331","reason":"retry:close:1006","code":1006}'
08-16 06:06:45.799 I/ReactNativeJS(29573): '[UI_PRESS_PROBE]', '{"event":"VOIP_PRESENCE_RETRY_SCHEDULED","timestamp":"2026-08-15T21:06:45.798Z","token_ready":true,"user_ready":true,"show_login":false,"show_voip_tester":false,"selected_call_mode":"pstn_assist","voice_id":"nado-000006","token_summary":"len:30:passke...en_331","reason":"close:1006"}'
08-16 06:06:47.570 I/ReactNativeJS(29573): '[UI_PRESS_PROBE]', '{"event":"VOIP_PRESENCE_CONNECT_ATTEMPT","timestamp":"2026-08-15T21:06:47.570Z","token_ready":true,"user_ready":true,"show_login":false,"show_voip_tester":false,"selected_call_mode":"pstn_assist","voice_id":"nado-000006","token_summary":"len:30:passke...en_331","reason":"retry:close:1006","api_base":"https://metanova1004.com"}'
08-16 06:06:47.845 I/ReactNativeJS(29573): '[UI_PRESS_PROBE]', '{"event":"VOIP_PRESENCE_ERROR","timestamp":"2026-08-15T21:06:47.844Z","token_ready":true,"user_ready":true,"show_login":false,"show_voip_tester":false,"selected_call_mode":"pstn_assist","voice_id":"nado-000006","token_summary":"len:30:passke...en_331","reason":"retry:close:1006"}'
08-16 06:06:47.845 I/ReactNativeJS(29573): '[UI_PRESS_PROBE]', '{"event":"VOIP_PRESENCE_CLOSED","timestamp":"2026-08-15T21:06:47.845Z","token_ready":true,"user_ready":true,"show_login":false,"show_voip_tester":false,"selected_call_mode":"pstn_assist","voice_id":"nado-000006","token_summary":"len:30:passke...en_331","reason":"retry:close:1006","code":1006}'
08-16 06:06:47.845 I/ReactNativeJS(29573): '[UI_PRESS_PROBE]', '{"event":"VOIP_PRESENCE_RETRY_SCHEDULED","timestamp":"2026-08-15T21:06:47.845Z","token_ready":true,"user_ready":true,"show_login":false,"show_voip_tester":false,"selected_call_mode":"pstn_assist","voice_id":"nado-000006","token_summary":"len:30:passke...en_331","reason":"close:1006"}'
08-16 06:06:47.846 I/ReactNativeJS(29573): '[VoIPPendingIncoming]', '{"event":"REQUEST_START","source":"pending_call_poll","token_summary":"len:30:passke...en_331","user_id":6,"has_pending_call":false,"has_active_call":false}'
08-16 06:06:48.139 I/ReactNativeJS(29573): '[VoIPPendingIncoming]', '{"event":"REQUEST_RESULT","source":"pending_call_poll","token_summary":"len:30:passke...en_331","user_id":6,"status":401,"ok":false}'
08-16 06:06:48.139 I/ReactNativeJS(29573): '[VoIPPendingIncoming] fetch failed', 401
08-16 06:06:49.591 I/ReactNativeJS(29573): '[UI_PRESS_PROBE]', '{"event":"VOIP_PRESENCE_CONNECT_ATTEMPT","timestamp":"2026-08-15T21:06:49.590Z","token_ready":true,"user_ready":true,"show_login":false,"show_voip_tester":false,"selected_call_mode":"pstn_assist","voice_id":"nado-000006","token_summary":"len:30:passke...en_331","reason":"retry:close:1006","api_base":"https://metanova1004.com"}'
08-16 06:06:49.873 I/ReactNativeJS(29573): '[UI_PRESS_PROBE]', '{"event":"VOIP_PRESENCE_ERROR","timestamp":"2026-08-15T21:06:49.873Z","token_ready":true,"user_ready":true,"show_login":false,"show_voip_tester":false,"selected_call_mode":"pstn_assist","voice_id":"nado-000006","token_summary":"len:30:passke...en_331","reason":"retry:close:1006"}'
08-16 06:06:49.874 I/ReactNativeJS(29573): '[UI_PRESS_PROBE]', '{"event":"VOIP_PRESENCE_CLOSED","timestamp":"2026-08-15T21:06:49.874Z","token_ready":true,"user_ready":true,"show_login":false,"show_voip_tester":false,"selected_call_mode":"pstn_assist","voice_id":"nado-000006","token_summary":"len:30:passke...en_331","reason":"retry:close:1006","code":1006}'
08-16 06:06:49.874 I/ReactNativeJS(29573): '[UI_PRESS_PROBE]', '{"event":"VOIP_PRESENCE_RETRY_SCHEDULED","timestamp":"2026-08-15T21:06:49.874Z","token_ready":true,"user_ready":true,"show_login":false,"show_voip_tester":false,"selected_call_mode":"pstn_assist","voice_id":"nado-000006","token_summary":"len:30:passke...en_331","reason":"close:1006"}'
08-16 06:06:50.370 I/ReactNativeJS(29573): '[VoIPPendingIncoming]', '{"event":"REQUEST_START","source":"pending_call_poll","token_summary":"len:30:passke...en_331","user_id":6,"has_pending_call":false,"has_active_call":false}'
08-16 06:06:50.662 I/ReactNativeJS(29573): '[VoIPPendingIncoming]', '{"event":"REQUEST_RESULT","source":"pending_call_poll","token_summary":"len:30:passke...en_331","user_id":6,"status":401,"ok":false}'
08-16 06:06:50.662 I/ReactNativeJS(29573): '[VoIPPendingIncoming] fetch failed', 401
08-16 06:06:51.757 I/ReactNativeJS(29573): '[UI_PRESS_PROBE]', '{"event":"VOIP_PRESENCE_CONNECT_ATTEMPT","timestamp":"2026-08-15T21:06:51.756Z","token_ready":true,"user_ready":true,"show_login":false,"show_voip_tester":false,"selected_call_mode":"pstn_assist","voice_id":"nado-000006","token_summary":"len:30:passke...en_331","reason":"retry:close:1006","api_base":"https://metanova1004.com"}'
08-16 06:06:52.138 I/ReactNativeJS(29573): '[UI_PRESS_PROBE]', '{"event":"VOIP_PRESENCE_ERROR","timestamp":"2026-08-15T21:06:52.138Z","token_ready":true,"user_ready":true,"show_login":false,"show_voip_tester":false,"selected_call_mode":"pstn_assist","voice_id":"nado-000006","token_summary":"len:30:passke...en_331","reason":"retry:close:1006"}'
08-16 06:06:52.139 I/ReactNativeJS(29573): '[UI_PRESS_PROBE]', '{"event":"VOIP_PRESENCE_CLOSED","timestamp":"2026-08-15T21:06:52.139Z","token_ready":true,"user_ready":true,"show_login":false,"show_voip_tester":false,"selected_call_mode":"pstn_assist","voice_id":"nado-000006","token_summary":"len:30:passke...en_331","reason":"retry:close:1006","code":1006}'
08-16 06:06:52.139 I/ReactNativeJS(29573): '[UI_PRESS_PROBE]', '{"event":"VOIP_PRESENCE_RETRY_SCHEDULED","timestamp":"2026-08-15T21:06:52.139Z","token_ready":true,"user_ready":true,"show_login":false,"show_voip_tester":false,"selected_call_mode":"pstn_assist","voice_id":"nado-000006","token_summary":"len:30:passke...en_331","reason":"close:1006"}'
08-16 06:06:52.872 I/ReactNativeJS(29573): '[VoIPPendingIncoming]', '{"event":"REQUEST_START","source":"pending_call_poll","token_summary":"len:30:passke...en_331","user_id":6,"has_pending_call":false,"has_active_call":false}'
08-16 06:06:53.206 I/ReactNativeJS(29573): '[VoIPPendingIncoming]', '{"event":"REQUEST_RESULT","source":"pending_call_poll","token_summary":"len:30:passke...en_331","user_id":6,"status":401,"ok":false}'
08-16 06:06:53.206 I/ReactNativeJS(29573): '[VoIPPendingIncoming] fetch failed', 401
08-16 06:06:53.882 I/ReactNativeJS(29573): '[UI_PRESS_PROBE]', '{"event":"VOIP_PRESENCE_CONNECT_ATTEMPT","timestamp":"2026-08-15T21:06:53.882Z","token_ready":true,"user_ready":true,"show_login":false,"show_voip_tester":false,"selected_call_mode":"pstn_assist","voice_id":"nado-000006","token_summary":"len:30:passke...en_331","reason":"retry:close:1006","api_base":"https://metanova1004.com"}'
08-16 06:06:54.152 I/ReactNativeJS(29573): '[UI_PRESS_PROBE]', '{"event":"VOIP_PRESENCE_ERROR","timestamp":"2026-08-15T21:06:54.152Z","token_ready":true,"user_ready":true,"show_login":false,"show_voip_tester":false,"selected_call_mode":"pstn_assist","voice_id":"nado-000006","token_summary":"len:30:passke...en_331","reason":"retry:close:1006"}'
08-16 06:06:54.153 I/ReactNativeJS(29573): '[UI_PRESS_PROBE]', '{"event":"VOIP_PRESENCE_CLOSED","timestamp":"2026-08-15T21:06:54.152Z","token_ready":true,"user_ready":true,"show_login":false,"show_voip_tester":false,"selected_call_mode":"pstn_assist","voice_id":"nado-000006","token_summary":"len:30:passke...en_331","reason":"retry:close:1006","code":1006}'
08-16 06:06:54.153 I/ReactNativeJS(29573): '[UI_PRESS_PROBE]', '{"event":"VOIP_PRESENCE_RETRY_SCHEDULED","timestamp":"2026-08-15T21:06:54.153Z","token_ready":true,"user_ready":true,"show_login":false,"show_voip_tester":false,"selected_call_mode":"pstn_assist","voice_id":"nado-000006","token_summary":"len:30:passke...en_331","reason":"close:1006"}'
08-16 06:06:55.400 I/ReactNativeJS(29573): '[VoIPPendingIncoming]', '{"event":"REQUEST_START","source":"pending_call_poll","token_summary":"len:30:passke...en_331","user_id":6,"has_pending_call":false,"has_active_call":false}'
08-16 06:06:55.687 I/ReactNativeJS(29573): '[VoIPPendingIncoming]', '{"event":"REQUEST_RESULT","source":"pending_call_poll","token_summary":"len:30:passke...en_331","user_id":6,"status":401,"ok":false}'
08-16 06:06:55.688 I/ReactNativeJS(29573): '[VoIPPendingIncoming] fetch failed', 401
08-16 06:06:55.892 I/ReactNativeJS(29573): '[UI_PRESS_PROBE]', '{"event":"VOIP_PRESENCE_CONNECT_ATTEMPT","timestamp":"2026-08-15T21:06:55.891Z","token_ready":true,"user_ready":true,"show_login":false,"show_voip_tester":false,"selected_call_mode":"pstn_assist","voice_id":"nado-000006","token_summary":"len:30:passke...en_331","reason":"retry:close:1006","api_base":"https://metanova1004.com"}'
08-16 06:06:56.163 I/ReactNativeJS(29573): '[UI_PRESS_PROBE]', '{"event":"VOIP_PRESENCE_ERROR","timestamp":"2026-08-15T21:06:56.162Z","token_ready":true,"user_ready":true,"show_login":false,"show_voip_tester":false,"selected_call_mode":"pstn_assist","voice_id":"nado-000006","token_summary":"len:30:passke...en_331","reason":"retry:close:1006"}'
08-16 06:06:56.163 I/ReactNativeJS(29573): '[UI_PRESS_PROBE]', '{"event":"VOIP_PRESENCE_CLOSED","timestamp":"2026-08-15T21:06:56.163Z","token_ready":true,"user_ready":true,"show_login":false,"show_voip_tester":false,"selected_call_mode":"pstn_assist","voice_id":"nado-000006","token_summary":"len:30:passke...en_331","reason":"retry:close:1006","code":1006}'
08-16 06:06:56.164 I/ReactNativeJS(29573): '[UI_PRESS_PROBE]', '{"event":"VOIP_PRESENCE_RETRY_SCHEDULED","timestamp":"2026-08-15T21:06:56.163Z","token_ready":true,"user_ready":true,"show_login":false,"show_voip_tester":false,"selected_call_mode":"pstn_assist","voice_id":"nado-000006","token_summary":"len:30:passke...en_331","reason":"close:1006"}'
08-16 06:06:57.926 I/ReactNativeJS(29573): '[VoIPPendingIncoming]', '{"event":"REQUEST_START","source":"pending_call_poll","token_summary":"len:30:passke...en_331","user_id":6,"has_pending_call":false,"has_active_call":false}'
08-16 06:06:57.962 I/ReactNativeJS(29573): '[UI_PRESS_PROBE]', '{"event":"VOIP_PRESENCE_CONNECT_ATTEMPT","timestamp":"2026-08-15T21:06:57.961Z","token_ready":true,"user_ready":true,"show_login":false,"show_voip_tester":false,"selected_call_mode":"pstn_assist","voice_id":"nado-000006","token_summary":"len:30:passke...en_331","reason":"retry:close:1006","api_base":"https://metanova1004.com"}'
